corpus,layer,feature_id,coef,direction,mean_act,pct_active,selection_rate,mean_cv_coef,sign_agreement
natural_stories,1,24185,0.005411308684097795,positive,0.000673391914460808,0.5855943782939684,1.0,0.005244969022538388,1.0
natural_stories,1,3157,0.0047928734549514285,positive,0.00019277224782854319,0.2732773765371852,0.8,0.004263972620108414,1.0
natural_stories,1,9895,-0.004735583267003825,negative,0.11269097030162811,26.595744680851062,1.0,-0.004246868833152873,1.0
natural_stories,1,13303,0.004579551348195194,positive,0.00197867420502007,0.35135662697638104,1.0,0.004270578004065291,1.0
natural_stories,1,2171,0.004256443936510678,positive,0.008072436787188053,0.4294358774155768,1.0,0.003447605471963018,1.0
natural_stories,1,20530,0.004232009242339475,positive,0.003700769506394863,1.6787038844427096,1.0,0.00383461327985736,1.0
natural_stories,1,13190,-0.004185989275294988,negative,0.0754455104470253,28.977161819246533,1.0,-0.003422828606527769,1.0
natural_stories,1,23581,0.004072272201202524,positive,0.0032050188165158033,1.4151864142104236,1.0,0.004491400417670903,1.0
natural_stories,1,13112,0.003975975257545537,positive,9.277654316974804e-05,0.23423775131758734,0.8,0.003787895607325818,1.0
natural_stories,1,13725,-0.003904249872999598,negative,0.10570670664310455,37.96603552605895,1.0,-0.0036262524405795923,1.0
natural_stories,1,11866,0.0039008735332770267,positive,0.006195975001901388,0.3220769080616826,1.0,0.004060026296042603,1.0
natural_stories,1,22875,0.0038371652027168104,positive,0.013653932139277458,0.722233066562561,1.0,0.0033846276881976806,1.0
natural_stories,1,10480,0.0035010423483541457,positive,0.00014598244160879403,0.2635174702322858,0.8,0.003379762379428743,1.0
natural_stories,1,16148,0.0033526444060510553,positive,0.0004063129599671811,0.6539137224282646,1.0,0.0031360395594826366,1.0
natural_stories,1,15603,0.0031307209576102845,positive,0.004389917477965355,1.2687878196369315,1.0,0.00287909695360017,1.0
natural_stories,1,13013,-0.002983673020275231,negative,0.053835783153772354,25.8637517079836,1.0,-0.00260148756095043,1.0
natural_stories,1,19462,0.00277382360589233,positive,0.08981770277023315,7.261370290845208,1.0,0.0025975783196708338,1.0
natural_stories,1,8656,0.0027224834700345026,positive,0.0014077224768698215,0.2732773765371852,1.0,0.0022351743542825173,1.0
natural_stories,1,6683,0.002644793692969313,positive,0.0028078523464500904,1.5615850087839156,1.0,0.0030000783316371884,1.0
natural_stories,1,18330,0.0026204086225835263,positive,0.005508007016032934,3.3378879562756194,1.0,0.001992737117803797,1.0
natural_stories,1,18458,0.002467858012235577,positive,0.004750045482069254,1.5518251024790162,1.0,0.0022998446097704734,1.0
natural_stories,1,23376,0.002467827797662465,positive,0.006722805555909872,0.2927971891469842,1.0,0.0015897343664255902,1.0
natural_stories,1,23830,-0.0023825687432018562,negative,0.008364319801330566,10.121022838180753,1.0,-0.0018164886800841596,1.0
natural_stories,1,13203,0.002286606669006376,positive,0.0016247028252109885,0.5660745656841694,1.0,0.001833924472791744,1.0
natural_stories,1,15033,0.0022493927974647303,positive,0.0035774086136370897,0.5563146593792699,1.0,0.002001301552370288,1.0
natural_stories,1,5610,0.002124799762268467,positive,0.005990222096443176,1.629904352918212,0.8,0.0019244693072358395,1.0
natural_stories,1,4953,-0.0020799477991774017,negative,0.02352379821240902,20.886199492484874,1.0,-0.0019584387413759123,1.0
natural_stories,1,11197,0.0018901580325068792,positive,0.0032586301676928997,1.4542260394300215,0.6,0.0021821341913695366,1.0
natural_stories,1,23457,0.001849825723326938,positive,0.000393964844988659,0.40015615850087843,1.0,0.0014502243469709498,1.0
natural_stories,1,19064,0.0017053672051145783,positive,0.0016361998859792948,0.6148740972086668,1.0,0.0013775824305453789,1.0
natural_stories,1,7661,0.0016558249522468543,positive,0.01835549622774124,2.7327737653718525,1.0,0.0011201350614483043,1.0
natural_stories,1,12708,0.0015597265810014121,positive,0.01607012376189232,11.30197150107359,1.0,0.0007543331755216964,1.0
natural_stories,1,7261,0.001542999721524282,positive,0.002323087537661195,0.24399765762248682,0.8,0.0014494373948218601,1.0
natural_stories,1,2996,-0.0014970340507706671,negative,0.04556673765182495,19.178215889127465,0.4,-0.0017897239653395553,1.0
natural_stories,1,10337,0.0014785056562822084,positive,0.0010100981453433633,0.34159672067148156,0.8,0.0012970448578492452,1.0
natural_stories,1,2073,0.0013955554922766827,positive,0.012753359042108059,1.8836619168455984,0.6,0.001423276383251704,1.0
natural_stories,1,20376,0.0012053028107839208,positive,0.011257410980761051,0.6734335350380636,0.2,0.001894979968370364,1.0
natural_stories,1,3655,-0.0011169907902236324,negative,0.0517478883266449,30.938902986531332,0.8,-0.0011578249295463154,1.0
natural_stories,1,5656,0.0011099450724058942,positive,0.00029405008535832167,0.22447784501268786,0.8,0.0013413879478473758,1.0
natural_stories,1,8941,0.001080741550190636,positive,0.0017255566781386733,0.7807925043919578,0.8,0.0007769062475897404,1.0
natural_stories,1,8392,0.0010146914715381526,positive,0.001935277134180069,0.2635174702322858,0.8,0.0009356600834035866,1.0
natural_stories,1,13178,0.0009459237079553432,positive,0.013936586678028107,2.449736482529768,0.8,0.0005987699775440562,1.0
natural_stories,1,14477,0.0008712840928962861,positive,0.047931574285030365,2.8010931095061484,0.4,0.001139968336131691,1.0
natural_stories,1,18610,0.0008638755203784127,positive,0.0023197291884571314,0.3123170017567832,0.6,0.0007454504055378875,1.0
natural_stories,1,12047,-0.0008342594950743251,negative,0.07400050014257431,22.97481944173336,0.4,-0.0014736121104716937,1.0
natural_stories,1,11233,0.000770233388038415,positive,0.0021279198117554188,0.3806363458910794,0.6,0.0011281389333359809,1.0
natural_stories,1,11525,-0.0007430374470747135,negative,0.0005453235353343189,0.2830372828420847,0.4,-6.0644525712532294e-05,1.0
natural_stories,1,17252,0.000696622257499266,positive,0.0027056653052568436,0.2635174702322858,0.6,0.0008922233283570596,1.0
natural_stories,1,14326,0.0006825354696303606,positive,0.0025910823605954647,1.1028694124536405,0.8,0.0008358836009958666,1.0
natural_stories,1,16016,-0.000680796135610797,negative,0.004458574578166008,7.271130197150108,0.6,-0.0003879406175511589,1.0
natural_stories,1,22351,0.0005640032315845135,positive,0.0031539981719106436,0.4684755026351747,0.6,0.0013508163913955858,1.0
natural_stories,1,15654,-0.0005491455342125374,negative,0.011465374380350113,11.86804606675776,0.4,-0.00043853865712510903,1.0
natural_stories,1,22548,0.0005206377503345457,positive,0.003126351861283183,0.48799531524497364,0.4,0.00015886770290870315,1.0
natural_stories,1,19548,0.0004997590008171669,positive,9.467245399719104e-05,0.2147179387077884,0.6,0.00032345944767017844,1.0
natural_stories,1,9783,-0.0004763684442960129,negative,0.003211288247257471,0.1463985945734921,0.4,-0.00037267171388840383,1.0
natural_stories,1,3507,-0.00045295580747600105,negative,0.004814786836504936,0.16591840718329104,0.2,-0.0006313885916135786,1.0
natural_stories,1,13297,0.00045235347799066415,positive,0.0063204700127244,0.8393519422213548,0.6,0.0004219384776294103,1.0
natural_stories,1,23397,-0.00042862446364745193,negative,0.004474956542253494,0.23423775131758734,0.4,-0.00017649269846575988,1.0
natural_stories,1,16490,0.00041330458002347415,positive,0.0006521190516650677,0.20495803240288893,0.4,0.00015226363394762769,1.0
natural_stories,1,916,-0.0004048847435568794,negative,0.010492588393390179,0.7027132539527621,0.4,-0.0002979444683201598,1.0
natural_stories,1,5634,0.00039329726560574803,positive,0.006623813416808844,0.3025570954518837,0.2,0.00037052328653555444,1.0
natural_stories,1,2122,0.00038931430718304076,positive,0.00031323955045081675,0.3903962521959789,0.6,0.0005801388779267157,1.0
natural_stories,1,10114,-0.00038181478569907125,negative,0.002252773614600301,0.2147179387077884,0.4,-0.0001868602192629649,1.0
natural_stories,1,10442,0.0003650033247585842,positive,0.0021858038380742073,0.2635174702322858,0.2,0.0002758698601211894,1.0
natural_stories,1,14465,0.000346857074500348,positive,0.0003280106757301837,0.45871559633027525,0.2,0.0006201578246954123,1.0
natural_stories,1,6303,0.00034602949695284116,positive,0.003110641147941351,0.17567831348819052,0.4,0.0001306796685666538,1.0
natural_stories,1,11722,0.0003430895867185549,positive,0.0004521109804045409,0.5855943782939684,0.8,0.0003121053666709954,1.0
natural_stories,1,17229,0.00028743404454532504,positive,0.006251894868910313,0.4391957837204763,0.4,0.00029229186962806067,1.0
natural_stories,1,1165,0.000270247864850515,positive,0.024737268686294556,1.6787038844427096,0.4,7.225276891041503e-05,1.0
natural_stories,1,22275,0.00023157423485134526,positive,0.00035272768582217395,0.5660745656841694,0.4,0.0009739745995710046,1.0
natural_stories,1,17038,-0.00020725376246577212,negative,0.008442670106887817,9.486628928362288,0.2,-0.0008427448872940158,1.0
natural_stories,1,20201,0.0002021749637096366,positive,0.017102112993597984,2.0593402303337887,0.2,0.00046657767982644284,1.0
natural_stories,1,4068,0.00019225886496193297,positive,9.296811913372949e-05,0.20495803240288893,0.2,2.9885011293198174e-05,1.0
natural_stories,1,8339,-0.00019218810549613297,negative,0.0052795810624957085,0.22447784501268786,0.0,0.0,0.0
natural_stories,1,24406,0.00018814198359500402,positive,0.00685556884855032,0.18543821979309,0.2,0.0004509954993286866,1.0
natural_stories,1,15674,0.00017647728528812494,positive,1.7362461221637204e-05,0.22447784501268786,0.2,0.00019093276722926793,1.0
natural_stories,1,9555,0.00014111619703726234,positive,0.010456190444529057,0.536794846769471,0.2,6.547755467337366e-05,1.0
natural_stories,1,12113,8.741351259593652e-05,positive,0.00821454357355833,1.054069880929143,0.0,0.0,0.0
natural_stories,1,1704,-7.885627649246356e-05,negative,0.006440500728785992,9.2816708959594,0.2,-0.00026723742227824734,1.0
natural_stories,1,23640,5.552050147354364e-05,positive,0.004394151270389557,0.48799531524497364,0.2,0.00010236810455540533,1.0
natural_stories,1,6964,-2.0643854552193153e-05,negative,0.008526591584086418,8.891274643763419,0.0,0.0,0.0
natural_stories,1,21044,1.9406842885016497e-05,positive,0.012331154197454453,7.056412258442318,0.0,0.0,0.0
natural_stories,1,21110,7.629004586471068e-06,positive,0.0004919791826978326,0.17567831348819052,0.0,0.0,0.0
natural_stories,2,11919,-0.009147294706839136,negative,0.19606509804725647,22.80890103455007,1.0,-0.008866104758638083,1.0
natural_stories,2,23604,0.008712929194870657,positive,0.004071816802024841,0.6636736287331642,1.0,0.007944692093229618,1.0
natural_stories,2,8576,0.007857323257767047,positive,0.0444306880235672,0.3123170017567832,1.0,0.00599296724441341,1.0
natural_stories,2,20687,0.007273389915129486,positive,0.004516024608165026,0.8295920359164553,1.0,0.006190855284866446,1.0
natural_stories,2,6008,-0.0069927271536507525,negative,0.21094167232513428,16.79679875073199,1.0,-0.006363936731784163,1.0
natural_stories,2,11114,0.004922150256821376,positive,0.01640602946281433,2.254538356431778,1.0,0.005313981337348365,1.0
natural_stories,2,12641,0.004696710205426406,positive,0.009507142007350922,2.7913332032012494,1.0,0.0038684149025866267,1.0
natural_stories,2,19865,0.0046911427171530745,positive,0.1156308576464653,15.908647276986141,1.0,0.0029682134956903346,1.0
natural_stories,2,1286,0.004064349339407623,positive,0.08493323624134064,3.5721257075932074,1.0,0.0032308148151427634,1.0
natural_stories,2,21300,-0.004055074414536367,negative,0.10141249001026154,11.848526254147961,1.0,-0.002765303185513858,1.0
natural_stories,2,13830,-0.00362130766479199,negative,0.16676075756549835,21.618192465352333,1.0,-0.002823655068129842,1.0
natural_stories,2,8840,0.0033083125456872414,positive,0.08165352046489716,0.4489556900253757,1.0,0.0022100307813658114,1.0
natural_stories,2,14544,0.003149496928330318,positive,0.029933832585811615,0.8295920359164553,1.0,0.001954906314726324,1.0
natural_stories,2,3971,-0.003142730391854493,negative,0.3950943052768707,37.33164161624048,1.0,-0.0028180943891473235,1.0
natural_stories,2,20904,0.0031422610638513963,positive,0.01687587797641754,2.03982041772399,0.8,0.0027613003471757985,1.0
natural_stories,2,9487,0.003141487167167107,positive,0.007180206011980772,0.9564708178801484,1.0,0.0031291451463027046,1.0
natural_stories,2,10226,0.0030509820240242737,positive,0.00571536086499691,0.24399765762248682,1.0,0.002817274193397861,1.0
natural_stories,2,18288,0.0029972523360755096,positive,0.07839933782815933,1.054069880929143,1.0,0.0021088532907293698,1.0
natural_stories,2,12926,-0.002956720088107312,negative,0.042982373386621475,3.630685145422604,1.0,-0.0024509970774111737,1.0
natural_stories,2,11554,-0.002953306516851487,negative,0.07226920872926712,11.585008783915676,1.0,-0.002191518716271742,1.0
natural_stories,2,10652,0.0029222174627840233,positive,0.0077603841200470924,1.073589693538942,1.0,0.0025045632838534386,1.0
natural_stories,2,4736,-0.002842284308451154,negative,0.11766331642866135,13.32227210618778,1.0,-0.0017274595653752963,1.0
natural_stories,2,9988,0.0028131755903880867,positive,0.0026455360930413008,0.23423775131758734,1.0,0.0021418189580033613,1.0
natural_stories,2,9680,0.002796691344895372,positive,0.013162868097424507,1.1419090376732384,1.0,0.002203869381398179,1.0
natural_stories,2,10759,-0.002734456852146347,negative,0.2967013120651245,32.41264883857115,1.0,-0.0018584063837764077,1.0
natural_stories,2,16413,0.0025883216144183346,positive,0.017210889607667923,2.7620534842865507,0.8,0.0019744191332469892,1.0
natural_stories,2,19830,-0.0025005599540969758,negative,0.10581254959106445,13.107554167479993,1.0,-0.0015602250423227691,1.0
natural_stories,2,19009,0.0024960732867013373,positive,0.009252335876226425,1.2102283818075348,1.0,0.001919931239794823,1.0
natural_stories,2,9456,-0.0024915847550479667,negative,0.10478942841291428,14.503220769080617,1.0,-0.002874507377688626,1.0
natural_stories,2,16139,0.0024814984606145772,positive,0.036662522703409195,1.6494241655280109,1.0,0.0016485720140305593,1.0
natural_stories,2,23634,-0.0024639726592442126,negative,0.043709930032491684,5.465547530743705,1.0,-0.00130400987813087,1.0
natural_stories,2,11434,-0.002438661685787468,negative,0.09876319766044617,8.169041577200858,1.0,-0.0015675172485727488,1.0
natural_stories,2,683,0.0023756735655850263,positive,0.011085046455264091,3.0255709545188365,1.0,0.002939994098870315,1.0
natural_stories,2,20029,-0.0023706201675745813,negative,0.14113092422485352,11.86804606675776,1.0,-0.0012133439343279255,1.0
natural_stories,2,19491,-0.0023652509967063565,negative,0.013695240952074528,2.137419480772985,0.8,-0.0020052559071680144,1.0
natural_stories,2,11154,0.0022913008168919213,positive,0.0059534162282943726,0.7124731602576615,0.8,0.0014007709221651472,1.0
natural_stories,2,16790,-0.002126455372232894,negative,0.06930168718099594,10.34550068319344,0.8,-0.0013114042400597292,1.0
natural_stories,2,12024,0.0020881655833728937,positive,0.052116185426712036,1.6884637907476088,1.0,0.001502051585084884,1.0
natural_stories,2,24391,0.00208440713777364,positive,0.0482507050037384,1.2492680070271327,1.0,0.000996120851519815,1.0
natural_stories,2,4928,0.002031363648904319,positive,0.017209786921739578,4.616435682217451,0.8,0.0016575265456004393,1.0
natural_stories,2,21845,0.0019414549539771076,positive,0.0021253617014735937,0.7027132539527621,0.8,0.0016360416842905521,1.0
natural_stories,2,12180,-0.001699013365733877,negative,0.046100884675979614,4.840913527230139,0.6,-0.0006272527993868656,1.0
natural_stories,2,18076,0.0016937260789054356,positive,0.013534721918404102,3.0841303923482335,1.0,0.0006652992116713537,1.0
natural_stories,2,17742,0.0016879698141128515,positive,0.012789985164999962,0.9564708178801484,1.0,0.0009605629956821498,1.0
natural_stories,2,13283,0.0016838849186588466,positive,0.07089859992265701,1.8251024790162014,1.0,0.0006707263297009745,1.0
natural_stories,2,20284,0.0016481559908862935,positive,0.006382863502949476,0.907671286355651,0.8,0.0012626182761260425,1.0
natural_stories,2,16203,0.0015869288049076959,positive,0.2290627360343933,5.114190903767324,0.6,0.0009937741182796855,1.0
natural_stories,2,10315,0.0015480921166579058,positive,0.018214967101812363,1.8251024790162014,0.8,0.0015582900531529026,1.0
natural_stories,2,8467,0.0015457411203327615,positive,0.009737158194184303,1.054069880929143,0.6,0.0008260314921813039,1.0
natural_stories,2,3730,0.0015271893719472247,positive,0.009277933277189732,1.6787038844427096,0.8,0.0010728107992716903,1.0
natural_stories,2,19226,0.0015219454542733618,positive,0.01296223420649767,0.74175287917236,0.8,0.0010885367748831208,1.0
natural_stories,2,4581,0.0014159204261433508,positive,0.004883148241788149,0.8003123170017569,1.0,0.0010760304808227425,1.0
natural_stories,2,5601,0.0013865829627846475,positive,0.011158636771142483,1.259027913332032,1.0,0.0011930504291146967,1.0
natural_stories,2,4329,-0.0013521182155763437,negative,0.024714583531022072,1.6396642592231114,0.6,-0.0006418327739020172,1.0
natural_stories,2,12915,0.0013254712385594113,positive,0.0052093202248215675,1.1711887565879369,0.6,0.0008097972129609026,1.0
natural_stories,2,138,0.001310111892042749,positive,0.008595580235123634,0.4782354089400742,0.8,0.0008447662467518496,1.0
natural_stories,2,17359,0.001295747287667828,positive,0.026734715327620506,0.7515127854772594,0.6,0.0011223076164181402,1.0
natural_stories,2,10838,0.0012902851384921446,positive,0.00508555443957448,1.0052703494046458,1.0,0.0007122834470342255,1.0
natural_stories,2,6906,-0.001280913879327778,negative,0.11154311150312424,14.981456178020691,0.6,-0.001137349399330236,1.0
natural_stories,2,23571,0.0012710208793502505,positive,0.15603266656398773,12.551239508100723,0.6,0.0004021407862719625,1.0
natural_stories,2,23930,-0.0012491739642283527,negative,0.010732491500675678,0.8393519422213548,0.6,-0.0005984335050079756,1.0
natural_stories,2,5214,-0.001245851277949452,negative,0.011046109721064568,0.3318368143665821,0.8,-0.0002374071537835424,1.0
natural_stories,2,15610,-0.0011465267494170806,negative,0.06903734803199768,12.004684755026352,0.6,-0.00028817633976769614,1.0
natural_stories,2,16483,-0.00113909321952841,negative,0.0025209959130734205,0.48799531524497364,0.6,-0.0010190955857002227,1.0
natural_stories,2,11116,0.0010574228437288385,positive,0.07861717790365219,16.025766152644934,0.8,0.0011714773175280073,1.0
natural_stories,2,6831,-0.0010523615633326834,negative,0.3149940073490143,20.75932071052118,0.6,-0.0009481090742739004,1.0
natural_stories,2,23295,0.0009961770983595772,positive,0.0014992885990068316,0.6051141909037674,0.4,0.0006309508882809434,1.0
natural_stories,2,18761,-0.000993243362330779,negative,0.04170692712068558,8.100722233066563,0.8,-0.0007641651792047284,1.0
natural_stories,2,19637,-0.0009884115424603499,negative,0.040855102241039276,4.421237556119461,0.4,-0.0004962670337353871,1.0
natural_stories,2,9267,0.0009707954705141671,positive,0.002553745172917843,0.45871559633027525,0.8,0.0006170980793993312,1.0
natural_stories,2,12163,0.0009601482327082477,positive,0.07675381004810333,16.621120437243803,0.4,0.00019854802518779065,1.0
natural_stories,2,10034,0.0009356308307808026,positive,0.0019540649373084307,0.3025570954518837,0.4,0.0002000042790304785,1.0
natural_stories,2,3624,0.0009239468887283116,positive,0.02626214735209942,0.3123170017567832,0.8,0.00042413114051483627,1.0
natural_stories,2,12126,0.0008788362721865901,positive,0.012442054226994514,0.9564708178801484,0.6,0.00039479886869655634,1.0
natural_stories,2,6134,-0.0008761136118109045,negative,0.041839636862277985,5.36794846769471,0.6,-0.00015862978380514866,1.0
natural_stories,2,3159,0.0008435364200987458,positive,0.051912277936935425,7.124731602576616,0.2,6.309300148510727e-05,1.0
natural_stories,2,17353,-0.0008008837277868185,negative,0.12545770406723022,15.391372242826467,0.4,-0.0012907716861948644,1.0
natural_stories,2,2363,0.0007507689419738494,positive,0.012703337706625462,2.9962912356041382,0.4,0.001296392001694633,1.0
natural_stories,2,6511,-0.0007425683658560727,negative,0.03650990128517151,2.77181339059145,0.4,-0.0014658102403786908,1.0
natural_stories,2,23177,0.0007252142040384738,positive,0.004306338261812925,0.7124731602576615,0.6,0.0006659807996236988,1.0
natural_stories,2,15802,0.0007230110020228635,positive,0.311567485332489,2.020300605114191,0.4,7.60034162123107e-05,1.0
natural_stories,2,3626,0.0007149087445313613,positive,0.007731808349490166,0.7807925043919578,1.0,0.00039658988533375626,1.0
natural_stories,2,19620,0.0007139596113693075,positive,0.013230697251856327,0.3903962521959789,0.4,0.0001406013203501734,1.0
natural_stories,2,18620,0.0007058091732168862,positive,0.008859213441610336,0.6441538161233652,0.2,0.000802401930619726,1.0
natural_stories,2,13828,-0.0006878035964071777,negative,0.08381115645170212,12.112043724380246,0.4,-0.0005393879548600209,1.0
natural_stories,2,2354,0.0006775880518928984,positive,0.001707942457869649,0.22447784501268786,0.6,0.00020591943944652313,1.0
natural_stories,2,15141,0.000651826326347978,positive,0.009474101476371288,0.3025570954518837,0.4,0.0005745862985241648,1.0
natural_stories,2,9978,0.0006450551158994256,positive,0.02177826687693596,3.982041772398985,0.4,0.0003610881488053933,1.0
natural_stories,2,10875,0.000616120256500979,positive,0.002875030040740967,1.0638297872340425,0.4,0.0008265765338449979,1.0
natural_stories,2,4073,0.0005933844562517009,positive,0.005560773424804211,0.7710325980870584,0.6,0.0005717899437436939,1.0
natural_stories,2,22864,0.0005690703875934011,positive,0.019195104017853737,2.78157329689635,0.2,0.00015184392628535636,1.0
natural_stories,2,13033,-0.0005651903261177703,negative,0.03934552147984505,6.548897130587545,0.2,-0.00042497007902059366,1.0
natural_stories,2,4777,0.0005462579335788425,positive,0.052498310804367065,0.536794846769471,0.2,2.8350406063643954e-05,1.0
natural_stories,2,15981,0.00053824432951957,positive,0.0019871422555297613,0.2635174702322858,0.6,0.0008170176994404471,1.0
natural_stories,2,11565,0.0005139196134225702,positive,0.06695254147052765,1.0052703494046458,0.2,0.00025532779372020243,1.0
natural_stories,2,10388,-0.0005055692829042973,negative,0.05133549124002457,0.2927971891469842,0.2,-5.563633183109866e-05,1.0
natural_stories,2,2244,-0.00047018656175438795,negative,0.002512307371944189,0.34159672067148156,0.0,0.0,0.0
natural_stories,2,4099,0.00046642224379723156,positive,0.0018554487032815814,0.2830372828420847,0.2,0.00014811787269850102,1.0
natural_stories,2,22558,-0.00046000316742942385,negative,0.08762076497077942,3.601405426507905,0.0,0.0,0.0
natural_stories,2,22975,-0.00044549452370870455,negative,0.0024149087257683277,0.35135662697638104,0.2,-0.00013614331187470095,1.0
natural_stories,2,9574,0.00043759971742750255,positive,0.009319678880274296,2.9182119851649424,0.2,0.00032580015549887604,1.0
natural_stories,2,20020,-0.0004122245828006659,negative,0.07767705619335175,12.41460081983213,0.4,-0.0005234540524730843,1.0
natural_stories,2,20446,0.00041193043866771074,positive,0.01970824785530567,3.250048799531525,0.2,7.255649076888217e-05,1.0
natural_stories,2,6429,0.00037530023606833064,positive,0.00801821704953909,0.6148740972086668,0.2,0.00046791156207598086,1.0
natural_stories,2,14980,0.00035781250528890674,positive,0.0021820194087922573,0.45871559633027525,0.2,0.0011453237943274356,1.0
natural_stories,2,19678,0.00034725660605628095,positive,0.058777570724487305,0.2830372828420847,0.2,0.00035991644907147695,1.0
natural_stories,2,1380,0.0003336841611320251,positive,0.0024892431683838367,0.48799531524497364,0.8,0.000406598521123066,1.0
natural_stories,2,3306,-0.0003177561226652314,negative,0.06416758894920349,7.1832910404060115,0.0,0.0,0.0
natural_stories,2,8254,-0.0002968763690917937,negative,0.003689751960337162,0.48799531524497364,0.2,-3.476892276173414e-05,1.0
natural_stories,2,16815,0.00029613992555864265,positive,0.004477733746170998,0.34159672067148156,0.4,1.9186635361010097e-05,1.0
natural_stories,2,5054,0.0002928667689653949,positive,0.08734626322984695,11.85828616045286,0.4,0.0006719970782682276,1.0
natural_stories,2,113,0.00027821635719317203,positive,0.050331272184848785,3.6209252391177045,0.2,0.0005558073374330186,1.0
natural_stories,2,3469,0.00026191454302115937,positive,0.03631109371781349,5.016591840718329,0.0,0.0,0.0
natural_stories,2,1168,0.0002523026794730423,positive,0.00541648967191577,1.054069880929143,0.4,0.00042094936364820497,1.0
natural_stories,2,15435,-0.00024703174720538317,negative,0.06402696669101715,13.985945734920946,0.4,-0.000921735008485994,1.0
natural_stories,2,11704,0.0002446043985151528,positive,0.013808714225888252,1.5030255709545188,0.0,0.0,0.0
natural_stories,2,17846,-0.00024450830708409236,negative,0.017097236588597298,1.463985945734921,0.0,0.0,0.0
natural_stories,2,11847,0.00022982613164947675,positive,0.06830328702926636,5.885223501854382,0.2,0.0003037389636451701,1.0
natural_stories,2,3223,-0.00021719375073647162,negative,0.02345466800034046,2.7620534842865507,0.2,-0.00019405352028313558,1.0
natural_stories,2,23860,-0.0002168506667605728,negative,0.0729135200381279,0.3806363458910794,0.0,0.0,0.0
natural_stories,2,16030,0.0002162812980702035,positive,0.0021042388398200274,0.48799531524497364,0.2,0.0003529879834532728,1.0
natural_stories,2,9620,0.00020184445276423362,positive,0.008134173229336739,1.1419090376732384,0.4,0.0009090746415537075,1.0
natural_stories,2,2738,0.00018202112290724548,positive,0.027893051505088806,0.48799531524497364,0.0,0.0,0.0
natural_stories,2,14275,8.666227216207907e-05,positive,0.012670383788645267,1.2883076322467304,0.0,0.0,0.0
natural_stories,2,24189,-7.838293543937652e-05,negative,0.07533550262451172,12.970915479211401,0.4,-0.00011543319950557142,1.0
natural_stories,2,16955,7.724157070345849e-05,positive,0.00547660980373621,1.385906695295725,0.2,0.00029063513953818236,1.0
natural_stories,2,6025,6.830389379127984e-05,positive,0.16264568269252777,3.0353308608237364,0.0,0.0,0.0
natural_stories,2,12092,-6.312973169935489e-05,negative,0.002239529276266694,0.37087643958618,0.0,0.0,0.0
natural_stories,2,19676,-5.845242632984873e-05,negative,0.03754080832004547,0.22447784501268786,0.0,0.0,0.0
natural_stories,2,1637,4.559066127890241e-05,positive,0.017683450132608414,0.4684755026351747,0.0,0.0,0.0
natural_stories,2,6923,-4.5008280918709186e-05,negative,0.0031842009630054235,0.3123170017567832,0.0,0.0,0.0
natural_stories,2,18381,-3.2892855691423286e-05,negative,0.037054747343063354,7.027132539527621,0.2,-0.00029988107821468467,1.0
natural_stories,2,11062,-3.216346638384658e-05,negative,0.06723445653915405,7.446808510638298,0.2,-0.0007525132910968379,1.0
natural_stories,2,4645,3.0292220955421034e-05,positive,0.003327908692881465,0.3903962521959789,0.0,0.0,0.0
natural_stories,2,24037,-3.540898458272213e-06,negative,0.03472214192152023,5.621706031622097,0.0,0.0,0.0
natural_stories,2,13862,8.979991444215456e-07,positive,0.011776884086430073,0.6051141909037674,0.0,0.0,0.0
natural_stories,3,24573,-0.009184420373120759,negative,0.4715808033943176,42.87526839742338,1.0,-0.009429408998056684,1.0
natural_stories,3,12935,-0.008808825601060945,negative,0.7442548274993896,54.069880929143075,1.0,-0.008143657620092623,1.0
natural_stories,3,2765,0.007571895729041833,positive,0.02050517313182354,2.8108530158110483,1.0,0.007292239312573672,1.0
natural_stories,3,18381,0.006649109811216087,positive,0.057892683893442154,10.40406012102284,1.0,0.006775551371517953,1.0
natural_stories,3,9923,-0.006235040251150149,negative,0.08840078115463257,16.767519031817294,1.0,-0.005642163842901619,1.0
natural_stories,3,16579,0.004714682228418984,positive,0.0024869570042937994,0.5563146593792699,1.0,0.004011298239912388,1.0
natural_stories,3,9407,-0.004574161928805311,negative,0.17173275351524353,13.673628733164161,1.0,-0.0040599568389176515,1.0
natural_stories,3,19303,0.004256969447848192,positive,0.009140515699982643,1.6689439781378097,1.0,0.004199984161461813,1.0
natural_stories,3,9067,-0.004226314951913056,negative,0.4348122179508209,33.3203201249268,1.0,-0.0037783722398870836,1.0
natural_stories,3,12353,0.003987629696224019,positive,0.009285308420658112,1.239508100722233,1.0,0.003599854895488771,1.0
natural_stories,3,18307,-0.003953955882173798,negative,0.1800873875617981,19.168455982822564,1.0,-0.0039045103502617024,1.0
natural_stories,3,20966,0.003937931547338604,positive,0.7728239893913269,39.156744095256684,0.8,0.003303350969270128,1.0
natural_stories,3,4139,0.0038470544560345933,positive,0.007427663076668978,0.6148740972086668,1.0,0.0031136920828416276,1.0
natural_stories,3,7769,0.0035864225943875103,positive,0.0069836704060435295,1.727503415967207,1.0,0.0034637266852384054,1.0
natural_stories,3,13411,-0.003402062520733437,negative,0.1804104447364807,21.627952371657233,1.0,-0.0026662222565633146,1.0
natural_stories,3,22272,0.003390152649991937,positive,0.005477984435856342,0.6246340035135663,1.0,0.0026233230156848045,1.0
natural_stories,3,15643,0.003310201739648329,positive,0.004121015779674053,0.536794846769471,1.0,0.002776642938689592,1.0
natural_stories,3,9028,0.0031081355440486084,positive,0.013025432825088501,2.0495803240288892,1.0,0.002758661560743103,1.0
natural_stories,3,18894,-0.0030911616820285515,negative,0.1318734586238861,19.549092328713645,0.8,-0.0024047964803762673,1.0
natural_stories,3,9053,0.0030135673229637707,positive,0.012600738555192947,0.9271910989654498,0.8,0.002548729204830237,1.0
natural_stories,3,5517,-0.0029820271826855,negative,0.3435622453689575,21.393714620339647,1.0,-0.002655926557616079,1.0
natural_stories,3,19994,0.0029578928744435073,positive,0.12220471352338791,0.9759906304899473,1.0,0.0019943947772693353,1.0
natural_stories,3,22964,0.0028952475357738768,positive,0.005223031155765057,0.5270349404645716,0.8,0.002563196928949045,1.0
natural_stories,3,14472,0.0028208963251198345,positive,0.005264671053737402,0.5953542845988679,1.0,0.0019380141270427267,1.0
natural_stories,3,4767,0.0027534054497984936,positive,0.03876578435301781,5.5045871559633035,1.0,0.00129598551315174,1.0
natural_stories,3,2946,-0.0025664765621369124,negative,0.014299375005066395,0.722233066562561,1.0,-0.0015692701610462826,1.0
natural_stories,3,9457,0.0025034117088808586,positive,0.005228688009083271,0.7319929728674605,1.0,0.0017783475969200175,1.0
natural_stories,3,21257,0.0025014292298118574,positive,0.00648837024345994,1.1614288502830372,0.8,0.0028032609630362177,1.0
natural_stories,3,11586,0.002429528295346377,positive,0.007982462644577026,0.8100722233066562,1.0,0.0016992834220980687,1.0
natural_stories,3,11289,-0.0024024736138335257,negative,0.04505818709731102,2.5473355455787625,1.0,-0.0017293930396063272,1.0
natural_stories,3,7491,-0.0023706451173667485,negative,0.21626818180084229,20.515323052898694,1.0,-0.0018842274201230197,1.0
natural_stories,3,1526,-0.0023150540079472635,negative,0.02299925498664379,3.4062073004099163,1.0,-0.0015670376384437981,1.0
natural_stories,3,11666,0.002270227948600224,positive,0.0007734409882687032,0.5075151278547726,0.8,0.002052720115774749,1.0
natural_stories,3,13836,0.0022094219095225008,positive,0.015302489511668682,4.909232871364435,0.8,0.0022664261025395487,1.0
natural_stories,3,14370,0.0021974268401055066,positive,0.0029587247408926487,0.5660745656841694,0.8,0.0021601637782631914,1.0
natural_stories,3,15583,0.002185125473730357,positive,0.005648512858897448,1.4932656646496194,1.0,0.0012527174383828838,1.0
natural_stories,3,11692,0.002165674526656183,positive,0.006670028902590275,0.536794846769471,1.0,0.0015361479478658015,1.0
natural_stories,3,15805,-0.0020947640400804475,negative,0.045055538415908813,2.0691001366386885,0.8,-0.0008201604146404052,1.0
natural_stories,3,710,-0.002029678685580627,negative,0.1467667520046234,21.78411087253562,1.0,-0.0018039667629017417,1.0
natural_stories,3,6246,0.001992436323233084,positive,0.004109964240342379,0.4977552215498731,0.8,0.0016808665068609354,1.0
natural_stories,3,9715,0.001965789212573662,positive,0.013859624043107033,0.6831934413429631,1.0,0.001292909117779627,1.0
natural_stories,3,2332,0.0019046424478526597,positive,0.09306154400110245,0.4489556900253757,1.0,0.0010530316794818942,1.0
natural_stories,3,738,-0.001880426683254261,negative,0.02792983315885067,2.5278157329689637,1.0,-0.0008550559490453323,1.0
natural_stories,3,4761,-0.0018058468232599355,negative,0.16361075639724731,10.40406012102284,0.8,-0.0012128432449510396,1.0
natural_stories,3,14580,-0.0017258761815428423,negative,0.04359271749854088,5.075151278547726,0.4,-0.0018432876246599712,1.0
natural_stories,3,20841,0.0016962220764167558,positive,0.04283958300948143,2.137419480772985,0.8,0.0015077641697917848,1.0
natural_stories,3,10596,0.001681230910382792,positive,0.01404488179832697,1.9129416357602969,0.6,0.0014226975300436304,1.0
natural_stories,3,13856,-0.001597389183749143,negative,0.08861944824457169,5.319148936170213,0.8,-0.0009845969712323115,1.0
natural_stories,3,18028,0.0015589137540710928,positive,0.0200948603451252,1.1028694124536405,0.6,0.0008733390191648691,1.0
natural_stories,3,14050,-0.0015498786425765445,negative,0.09425002336502075,9.467109115752487,0.8,-0.0010797416059503257,1.0
natural_stories,3,23993,-0.0015366304268497357,negative,0.036660004407167435,3.835643177825493,0.6,-0.0008997099131407999,1.0
natural_stories,3,5643,0.001530939592943378,positive,0.06918641924858093,3.054850673433535,0.6,0.0015385146076356303,1.0
natural_stories,3,21688,0.0015186467146853435,positive,0.053268156945705414,6.939293382783525,0.6,0.0015223964737288154,1.0
natural_stories,3,19010,-0.0014906180470879496,negative,0.041241277009248734,5.553386687487801,0.8,-0.0006805757249548661,1.0
natural_stories,3,6267,0.0014895835500056127,positive,0.012782290577888489,0.536794846769471,0.8,0.0009358864536683897,1.0
natural_stories,3,16346,0.0014863915045251767,positive,0.020452609285712242,1.424946320515323,0.8,0.0009567870685717793,1.0
natural_stories,3,10939,0.0014749130235695192,positive,0.008943766355514526,1.3761467889908259,0.6,0.0010430405213958727,1.0
natural_stories,3,12054,-0.0013946473516666742,negative,0.059270646423101425,9.193831739215304,1.0,-0.001038594146114584,1.0
natural_stories,3,2655,-0.0013885302048367346,negative,0.07683651894330978,7.456568416943197,1.0,-0.0006470152405620486,1.0
natural_stories,3,6930,-0.0013644419821490783,negative,0.0387742854654789,4.840913527230139,0.8,-0.0009721796771000079,1.0
natural_stories,3,15983,0.0013420813565538446,positive,0.028298962861299515,1.2492680070271327,0.8,0.000980433422742966,1.0
natural_stories,3,7862,-0.0012126122874410127,negative,0.0069675627164542675,2.0495803240288892,0.6,-0.001439527612292651,1.0
natural_stories,3,22931,0.0011397937110188797,positive,0.008471923880279064,2.7327737653718525,0.6,0.0011897912924188872,1.0
natural_stories,3,2699,0.0011392404523479754,positive,0.017404766753315926,1.3175873511614289,0.4,0.002748864560156341,1.0
natural_stories,3,9955,0.0011300058118169614,positive,0.011316638439893723,2.7132539527620536,0.4,0.0006624888224649587,1.0
natural_stories,3,8442,0.0011236588715609328,positive,0.4532562494277954,40.88424751122389,0.4,0.0009996608236106008,1.0
natural_stories,3,15842,-0.0010723853065096845,negative,0.005604615435004234,1.629904352918212,0.6,-0.0008470930096097432,1.0
natural_stories,3,16600,0.0010228155510049926,positive,0.01707514189183712,3.1914893617021276,0.6,0.0007258934660245977,1.0
natural_stories,3,946,0.0010068663710319687,positive,0.22159793972969055,15.323052898692172,0.4,0.0006577105311147345,1.0
natural_stories,3,14776,-0.0009867566612837783,negative,0.01704435423016548,2.4692562951395667,0.4,-0.0005418733207305862,1.0
natural_stories,3,20273,0.0009865809062804644,positive,0.015623578801751137,0.7612726917821588,0.4,0.001691347372336794,1.0
natural_stories,3,9170,0.0009853511969654422,positive,0.02483273111283779,1.0150302557095452,0.4,0.0008602496777725536,1.0
natural_stories,3,3138,0.0009739121625553055,positive,0.07689710706472397,11.292211594768691,0.8,0.0010767192246263501,1.0
natural_stories,3,23165,0.0009553323685481917,positive,0.06058331951498985,1.4932656646496194,0.4,0.0009375061215723688,1.0
natural_stories,3,2111,0.0009529079110027183,positive,0.052651286125183105,0.9955104430997462,0.4,0.0006122760082883184,1.0
natural_stories,3,10941,-0.000942159261767049,negative,0.13702739775180817,11.262931875853992,0.6,-0.0009799212158286567,1.0
natural_stories,3,22405,0.0009411821569100148,positive,0.00725857587531209,1.903181729455397,0.6,0.0009283135336746179,1.0
natural_stories,3,750,0.0009221419894143928,positive,0.011937994509935379,1.1028694124536405,1.0,0.00045332056400481356,1.0
natural_stories,3,2067,0.0008915989881634155,positive,0.00470334105193615,0.7027132539527621,0.4,0.0012150659624255368,1.0
natural_stories,3,22283,-0.000876428943335944,negative,0.009375471621751785,0.8783915674409526,0.4,-0.0005836888803801234,1.0
natural_stories,3,3022,-0.0008710794052189615,negative,0.009969661012291908,0.8491118485262541,0.6,-0.0007366593155991051,1.0
natural_stories,3,18701,0.0008303322002724588,positive,0.020584767684340477,1.776302947491704,0.6,0.000610408936221274,1.0
natural_stories,3,18231,0.0008209405915045715,positive,0.043896935880184174,1.1907085691977357,0.6,0.0005783519801022681,1.0
natural_stories,3,5667,0.0007572134787078491,positive,0.00801443587988615,1.0638297872340425,0.8,0.0005587702285360333,1.0
natural_stories,3,309,-0.000751876493404151,negative,0.05069415271282196,8.783915674409526,0.6,-0.0002066944167231036,1.0
natural_stories,3,11907,0.0007416334928379407,positive,0.0705583468079567,12.863556509857505,0.2,0.0029565703922639053,1.0
natural_stories,3,24214,0.0007355349463052361,positive,0.009047077968716621,0.5953542845988679,0.4,0.0006087027882554136,1.0
natural_stories,3,8168,-0.0007055720193449408,negative,0.015476319938898087,2.098379855553387,0.4,-0.0008556124535176663,1.0
natural_stories,3,22491,-0.0007036488920543986,negative,0.014519993215799332,1.6982236970525082,0.4,-0.0006217692386000058,1.0
natural_stories,3,1317,-0.0006941148443375052,negative,0.16961902379989624,5.280109310950615,0.4,-0.0015110770810967138,1.0
natural_stories,3,12537,-0.0006554914672196594,negative,0.042510949075222015,1.278547725941831,0.2,-0.0004716197968280449,1.0
natural_stories,3,16986,0.0005883276361917456,positive,0.010340011678636074,0.7612726917821588,0.2,0.0004812003762745486,1.0
natural_stories,3,24518,0.000586117640117949,positive,0.005554294679313898,0.8198321296115557,0.4,0.0009630100812830216,1.0
natural_stories,3,23089,-0.0005734415569089092,negative,0.012613371014595032,2.3033378879562756,0.6,-0.0007132516882458178,1.0
natural_stories,3,6328,0.0005501647828919495,positive,0.015538020990788937,0.6051141909037674,0.4,0.0007279060976066704,1.0
natural_stories,3,12020,0.0005299999295879736,positive,0.0124260438606143,0.8295920359164553,0.0,0.0,0.0
natural_stories,3,16707,0.000517183513295748,positive,0.0037634524051100016,0.8979113800507514,0.6,0.0004238135123379602,1.0
natural_stories,3,15526,0.000508657198010136,positive,0.019000263884663582,1.6201444466133124,0.0,0.0,0.0
natural_stories,3,24148,0.0005011942677615972,positive,0.007910792715847492,1.1711887565879369,0.6,0.00037085477370513517,1.0
natural_stories,3,14509,0.00046861119147596086,positive,0.05921757593750954,1.727503415967207,0.6,0.0005616599932315625,1.0
natural_stories,3,113,0.00045993227818212916,positive,0.008916230872273445,2.449736482529768,0.6,0.00046250988223517695,1.0
natural_stories,3,11157,0.00041556381047948266,positive,0.006932377815246582,0.7905524106968573,0.2,0.0006956014822725206,1.0
natural_stories,3,18737,-0.0004063981668221921,negative,0.04696023091673851,5.699785282061292,0.4,-0.00040206766633620527,1.0
natural_stories,3,12439,-0.0004047901158487482,negative,0.030506683513522148,0.40991606480577786,0.4,-0.0002970275116398504,1.0
natural_stories,3,14110,0.00037166501216505144,positive,0.0021747646387666464,0.5172750341596721,0.4,0.0004689877099719749,1.0
natural_stories,3,5957,0.00036643984675007677,positive,0.01005043275654316,0.8491118485262541,0.4,0.0005569093732761313,1.0
natural_stories,3,5253,-0.0003473169973538485,negative,0.044710446149110794,8.861994924848721,0.4,-0.0007955104189850652,1.0
natural_stories,3,1977,0.00034726796242877595,positive,0.1636887639760971,3.6209252391177045,0.8,0.00023019275931582682,1.0
natural_stories,3,6415,-0.0003428148099652553,negative,0.03962833806872368,3.5721257075932074,0.4,-0.0006106897173189542,1.0
natural_stories,3,11570,0.0003319736204361994,positive,0.024862928315997124,2.4106968573101697,0.2,0.0005059890261112234,1.0
natural_stories,3,5,-0.000331653005674008,negative,0.026865726336836815,4.909232871364435,0.4,-0.0006167650631846157,1.0
natural_stories,3,15184,0.0003296066911649072,positive,0.01471509039402008,0.9662307241850479,0.4,0.00037557956521624763,1.0
natural_stories,3,10367,0.00032752340730681054,positive,0.02502981759607792,2.3423775131758737,0.2,0.000509833457972373,1.0
natural_stories,3,8570,0.00029101778222785716,positive,0.030674979090690613,3.806363458910794,0.2,0.00014849655956540348,1.0
natural_stories,3,6932,-0.00023294957218283058,negative,0.04039786383509636,5.748584813585789,0.2,-0.0003899407493446419,1.0
natural_stories,3,6168,0.00019740337442641969,positive,0.11035261303186417,12.990435291821198,0.0,0.0,0.0
natural_stories,3,9154,-0.0001874895694992628,negative,0.11068353056907654,18.992777669334373,0.2,-0.001236330280109676,1.0
natural_stories,3,3927,-0.0001830256794180244,negative,0.008367716334760189,0.5172750341596721,0.2,-0.0005144601561673068,1.0
natural_stories,3,20386,-0.0001668577610204099,negative,0.01006716676056385,0.7612726917821588,0.2,-2.870393883139894e-05,1.0
natural_stories,3,5521,0.0001422528429345937,positive,0.0052335225045681,0.7027132539527621,0.0,0.0,0.0
natural_stories,3,21865,-0.00013388820745436925,negative,0.02184082195162773,5.36794846769471,0.0,0.0,0.0
natural_stories,3,11885,-0.00013180601684888214,negative,0.009425928816199303,0.8686316611360532,0.0,0.0,0.0
natural_stories,3,24051,0.00010881340065849168,positive,0.06368985772132874,0.6246340035135663,0.2,7.000134124060341e-05,1.0
natural_stories,3,15843,-0.00010714756374342321,negative,0.013597162440419197,0.4489556900253757,0.2,-0.00039664276582282725,1.0
natural_stories,3,7604,-0.00010140830112861212,negative,0.12302219122648239,13.956666016006247,0.2,-0.0006067446584977922,1.0
natural_stories,3,18492,9.159828631620448e-05,positive,0.003567273961380124,0.7124731602576615,0.2,0.0013003920943908678,1.0
natural_stories,3,12638,-3.4093818512360856e-05,negative,0.011978521011769772,0.7124731602576615,0.0,0.0,0.0
natural_stories,3,10816,2.5075521617831278e-05,positive,0.004200272262096405,0.4782354089400742,0.4,0.00114380279951122,1.0
natural_stories,3,17009,1.0200706951604045e-05,positive,0.009608901105821133,0.536794846769471,0.2,2.7279877273239703e-05,1.0
natural_stories,4,20789,-0.006904129769394956,negative,0.3486500680446625,19.549092328713645,1.0,-0.006545366852557954,1.0
natural_stories,4,24398,-0.006840443378411555,negative,0.23237116634845734,23.72633222721062,1.0,-0.0062673708983719875,1.0
natural_stories,4,6838,-0.006445980669917661,negative,0.24923978745937347,22.106187780597306,1.0,-0.006556054187676108,1.0
natural_stories,4,127,0.005839173232710435,positive,0.025933075696229935,2.391177044700371,1.0,0.005823502426509456,1.0
natural_stories,4,17360,0.005422201635088287,positive,1.0030162334442139,42.08471598672653,0.8,0.005312665141408825,1.0
natural_stories,4,18870,0.005241705106443502,positive,0.011389194056391716,1.6201444466133124,1.0,0.005064841875079307,1.0
natural_stories,4,10035,0.005166274036856114,positive,0.1197882890701294,14.688658988873707,1.0,0.0049423190750563645,1.0
natural_stories,4,14452,0.0047266515455717485,positive,0.01586652360856533,1.337107163771228,1.0,0.0040248103755832374,1.0
natural_stories,4,11159,-0.0046301389502719234,negative,0.0625920370221138,6.8807339449541285,1.0,-0.004050038842133826,1.0
natural_stories,4,18679,-0.004610657348695295,negative,0.5485215187072754,32.900644153816124,1.0,-0.004087261755699352,1.0
natural_stories,4,23678,-0.0045493589653966895,negative,0.13884934782981873,5.5045871559633035,1.0,-0.004147498331016483,1.0
natural_stories,4,4114,0.004407987083450243,positive,0.010831085965037346,1.1028694124536405,1.0,0.0038794829199701912,1.0
natural_stories,4,4406,-0.0043480404453536126,negative,0.37458834052085876,42.85574858481358,1.0,-0.004289242822966966,1.0
natural_stories,4,3245,0.004113263495483254,positive,0.0297114085406065,1.0443099746242437,1.0,0.0032857656718561926,1.0
natural_stories,4,2431,-0.0038950205427025313,negative,0.07895831763744354,1.7470232285770055,1.0,-0.0031661723365090863,1.0
natural_stories,4,7806,0.0036735894475021422,positive,0.02531585842370987,3.845403084130392,1.0,0.0032705854338797883,1.0
natural_stories,4,20185,-0.0035580513261325012,negative,0.12063396722078323,4.4993168065586575,1.0,-0.0028583335260272485,1.0
natural_stories,4,15356,0.003502724675477358,positive,0.13259221613407135,1.1126293187585399,1.0,0.0028260000747228455,1.0
natural_stories,4,14363,0.0034856165711082514,positive,0.01277168095111847,1.815342572711302,1.0,0.0033251552444463215,1.0
natural_stories,4,21533,0.003467436523308508,positive,0.01838541403412819,1.5323052898692173,1.0,0.003187836820456231,1.0
natural_stories,4,1352,-0.0034052488288489314,negative,0.12835833430290222,11.731407378489166,1.0,-0.003055189926009966,1.0
natural_stories,4,2986,-0.003248458319713446,negative,0.5619652271270752,40.36697247706422,1.0,-0.0018284714566924123,1.0
natural_stories,4,18441,0.0032055410904796356,positive,0.030722765251994133,5.885223501854382,1.0,0.002673101958497839,1.0
natural_stories,4,22962,0.003196630218793485,positive,0.014969546347856522,2.2154987312121803,1.0,0.0027901201821273597,1.0
natural_stories,4,18108,-0.003027643712417931,negative,0.09927492588758469,11.526449346086277,0.8,-0.002917213437636572,1.0
natural_stories,4,7854,0.0030181458623702315,positive,0.010830886662006378,0.9857505367948468,1.0,0.0024058065856296944,1.0
natural_stories,4,13630,0.0025706971625063997,positive,0.030760321766138077,1.3566269763810268,1.0,0.002018329758897255,1.0
natural_stories,4,15338,0.002520818151272061,positive,0.010349557735025883,1.8543821979308996,0.8,0.002886137335069116,1.0
natural_stories,4,21828,0.002424539082884351,positive,0.012385236099362373,1.073589693538942,1.0,0.001447018067204273,1.0
natural_stories,4,1542,-0.002411505971678728,negative,0.15254032611846924,10.023423775131759,1.0,-0.0021055395740063416,1.0
natural_stories,4,3906,-0.0023833042666570395,negative,0.0693027600646019,4.840913527230139,1.0,-0.001789283044106866,1.0
natural_stories,4,10879,0.002255092524295165,positive,0.048855315893888474,1.1419090376732384,0.8,0.0021966968792634326,1.0
natural_stories,4,13675,-0.0022027246045784508,negative,0.04704011231660843,4.674995120046847,0.8,-0.0019394818732747295,1.0
natural_stories,4,9086,-0.0021952121732775345,negative,0.013322410173714161,0.9564708178801484,1.0,-0.0016671696457295087,1.0
natural_stories,4,13153,0.002136765369148147,positive,0.02935914322733879,3.015811048213937,1.0,0.0013131230148483654,1.0
natural_stories,4,15923,0.002103238231032069,positive,0.011782330460846424,1.7665430411868046,1.0,0.001781671180082673,1.0
natural_stories,4,17399,0.002086977973663105,positive,0.02133912593126297,2.0007807925043917,1.0,0.0012315281365513722,1.0
natural_stories,4,11201,0.0019903279005172993,positive,0.01849328726530075,2.674214327542456,1.0,0.0015076846882768203,1.0
natural_stories,4,14360,-0.001957064827358352,negative,0.07472242414951324,6.822174507124731,1.0,-0.0014409463476700748,1.0
natural_stories,4,24508,0.0019507116822611247,positive,0.015780435875058174,1.0052703494046458,1.0,0.0016504268486192796,1.0
natural_stories,4,13271,0.0019441584033127715,positive,0.04229731112718582,2.9962912356041382,1.0,0.0017692928733895445,1.0
natural_stories,4,22575,0.0019255434086540965,positive,0.01078782882541418,1.0247901620144446,0.8,0.0017186363906669115,1.0
natural_stories,4,6571,-0.0017510694794508127,negative,0.050028346478939056,10.423579933632638,1.0,-0.0011707599373745523,1.0
natural_stories,4,19553,-0.0016769921153770104,negative,0.02031254954636097,3.8649228967401914,1.0,-0.0011946217043296882,1.0
natural_stories,4,17173,0.0016758176695835685,positive,0.06842485070228577,10.081983212961156,0.8,0.0012719431642210298,1.0
natural_stories,4,24467,-0.0016472941260088814,negative,0.07400748878717422,3.8844427093499903,1.0,-0.001260365595378892,1.0
natural_stories,4,7222,-0.0016166089290114804,negative,0.002809023717418313,0.9564708178801484,0.8,-0.0016845690256766838,1.0
natural_stories,4,5117,-0.0015927642533848047,negative,0.08917325735092163,8.979113800507516,0.8,-0.001072780281944098,1.0
natural_stories,4,19188,-0.0015904902723666058,negative,0.183940589427948,22.80890103455007,1.0,-0.0012758612190733596,1.0
natural_stories,4,14768,-0.0015668989796151426,negative,0.018448175862431526,1.385906695295725,0.6,-0.0014551516699080694,1.0
natural_stories,4,6710,0.0015114765372025998,positive,0.017227213829755783,1.1419090376732384,0.8,0.001131875694514707,1.0
natural_stories,4,10183,-0.0014763116591555744,negative,0.04473439231514931,2.313097794261175,1.0,-0.0009882973548833297,1.0
natural_stories,4,11365,-0.0014312413616143682,negative,0.029085896909236908,2.8791723599453447,0.8,-0.0008996524599782546,1.0
natural_stories,4,16257,0.001421168871021132,positive,0.011964740231633186,1.8055826664064027,0.8,0.0013486046582673087,1.0
natural_stories,4,4372,-0.001332294103516774,negative,0.03038172982633114,2.888932266250244,1.0,-0.0007519259796880898,1.0
natural_stories,4,10344,-0.0013208465181934817,negative,0.11744050681591034,15.918407183291041,0.8,-0.0018955280410980974,1.0
natural_stories,4,15143,-0.0013140650116347814,negative,0.003499058773741126,1.2102283818075348,0.6,-0.0010979080466073275,1.0
natural_stories,4,1837,-0.001225832574686735,negative,0.08078555017709732,10.17958227601015,1.0,-0.0009614375539957829,1.0
natural_stories,4,24126,-0.0012200367839533966,negative,0.07661769539117813,2.976771422994339,0.6,-0.0009546251998443846,1.0
natural_stories,4,18863,-0.0011856679853765953,negative,0.041790157556533813,1.5030255709545188,1.0,-0.0004531949887375588,1.0
natural_stories,4,2100,0.0011662475561929925,positive,0.018848521634936333,1.8836619168455984,0.8,0.0010076679824230573,1.0
natural_stories,4,13037,-0.0011553544157234612,negative,0.030660510063171387,1.571344915088815,0.8,-0.0005279689838313346,1.0
natural_stories,4,6538,-0.001139794016389879,negative,0.09996224194765091,13.839547140347452,0.6,-0.0012382588400667734,1.0
natural_stories,4,18271,-0.0011340129207546143,negative,0.13539110124111176,14.649619363654109,0.8,-0.0007019154435739321,1.0
natural_stories,4,17338,-0.0011290977922271369,negative,0.03157202899456024,1.337107163771228,0.6,-0.0010320682807075147,1.0
natural_stories,4,15773,-0.0011021343772108325,negative,0.05680055916309357,2.742533671676752,0.8,-0.0006867005411104788,1.0
natural_stories,4,24349,-0.0010846988909574205,negative,0.04412711411714554,2.4985360140542654,0.8,-0.0005627812432481372,1.0
natural_stories,4,7755,-0.0010578152203031112,negative,0.028677593916654587,1.2883076322467304,0.6,-0.0006098382389259324,1.0
natural_stories,4,12868,-0.001033314328517636,negative,0.03215644136071205,4.8701932461448365,0.8,-0.0010993455087962708,1.0
natural_stories,4,17301,0.001025213338847662,positive,0.006153872702270746,0.9564708178801484,0.8,0.00086791462787968,1.0
natural_stories,4,5108,0.0010005081289792587,positive,0.01492299884557724,3.972281866094086,0.6,0.0007595810733567419,1.0
natural_stories,4,4433,0.0009926114564412143,positive,0.019857916980981827,2.2838180753464767,0.8,0.0006895156105050449,1.0
natural_stories,4,22071,-0.0009499513250736676,negative,0.1282133311033249,20.076127269178215,0.6,-0.0011908639889334587,1.0
natural_stories,4,9932,-0.000948369979754571,negative,0.04359468072652817,2.293577981651376,0.6,-0.0008249190981876284,1.0
natural_stories,4,15358,-0.0009463318064696755,negative,0.03570365905761719,4.421237556119461,0.6,-0.0005982535670653456,1.0
natural_stories,4,10544,-0.0009459819748768668,negative,0.076566182076931,12.160843255904744,1.0,-0.0007039058239838848,1.0
natural_stories,4,3738,-0.0009321859229850187,negative,0.01065506786108017,0.9467109115752489,0.8,-0.0004339481989655881,1.0
natural_stories,4,18170,0.00092987147771451,positive,0.019913844764232635,1.629904352918212,1.0,0.000597630163438578,1.0
natural_stories,4,2864,-0.0009219615559556495,negative,0.043660689145326614,6.187780597306266,0.6,-0.0006771718263334263,1.0
natural_stories,4,17245,0.0009150350885634498,positive,0.01839206926524639,2.137419480772985,0.6,0.0012243023746451968,1.0
natural_stories,4,21827,0.0009119173362349785,positive,0.012820392847061157,1.1516689439781378,0.6,0.0007096136432558764,1.0
natural_stories,4,12321,0.0009049064749449716,positive,0.014428893104195595,2.127659574468085,0.6,0.0007155086605026697,1.0
natural_stories,4,13778,-0.0008934423487937947,negative,0.10546461492776871,3.7282842084715986,0.8,-0.000584198391401387,1.0
natural_stories,4,4970,-0.0007596486080452242,negative,0.01685923896729946,2.7522935779816518,0.2,-0.0008688788063815926,1.0
natural_stories,4,829,0.000751785856174134,positive,0.045458707958459854,2.869412453640445,0.4,0.0015095118323828437,1.0
natural_stories,4,7073,0.000717181801220136,positive,0.008378629572689533,1.3175873511614289,0.6,0.0004876335631054366,1.0
natural_stories,4,1914,-0.0006507327040355306,negative,0.052648164331912994,3.074370486043334,0.6,-0.00035868844941204514,1.0
natural_stories,4,16243,0.0006217285088228592,positive,0.0270394254475832,2.7230138590669526,0.6,0.0003395997564198436,1.0
natural_stories,4,9198,0.0005963728035061543,positive,0.028067391365766525,1.239508100722233,0.6,0.0009197232474860197,1.0
natural_stories,4,19349,0.0005929476526793407,positive,0.011785492300987244,1.571344915088815,0.4,0.0006914727439826845,1.0
natural_stories,4,6534,-0.0005622840290674791,negative,0.061627328395843506,9.662307241850478,0.6,-0.0009476237215138688,1.0
natural_stories,4,19143,-0.0005168244295633176,negative,0.02955922856926918,3.796603552605895,0.6,-0.00026095198004891224,1.0
natural_stories,4,15409,0.0005148773249033639,positive,0.007028475869446993,0.9369510052703494,0.6,0.0004352460703956112,1.0
natural_stories,4,18530,-0.000512863860956957,negative,0.08806870132684708,4.216279523716572,0.2,-7.14147035057959e-05,1.0
natural_stories,4,19495,-0.00048308927450121594,negative,0.051746267825365067,7.085691977357017,0.4,-0.0004845977371653456,1.0
natural_stories,4,1161,0.00046597037771107115,positive,0.03137155622243881,1.7372633222721063,0.4,0.0007267541104923917,1.0
natural_stories,4,19575,0.00045700490711752964,positive,0.012504713609814644,2.137419480772985,0.4,0.0004558135751302358,1.0
natural_stories,4,16360,0.00045311053771124565,positive,0.02242157980799675,0.9955104430997462,0.4,0.00012779943415656354,1.0
natural_stories,4,18020,-0.0004390839073771733,negative,0.03352191299200058,5.006831934413429,0.2,-0.00030058103960453375,1.0
natural_stories,4,23064,0.0004173950739251979,positive,0.046383537352085114,2.6058949834081595,0.2,0.001234595274721017,1.0
natural_stories,4,18674,-0.0003601059530611382,negative,0.05545235052704811,2.1862190122974816,0.4,-0.00030146817360969546,1.0
natural_stories,4,6753,0.00035757105022167724,positive,0.055251576006412506,7.505367948467695,0.4,0.0005550430064491257,1.0
natural_stories,4,1022,-0.0003549902276163695,negative,0.012319962494075298,2.479016201444466,0.6,-0.00033496346513071365,1.0
natural_stories,4,3018,0.00033194918210464983,positive,0.01977980136871338,3.7868436463009956,0.6,0.0003762010042324961,1.0
natural_stories,4,16918,-0.00032726784706242385,negative,0.08255250006914139,6.129221159476869,0.4,-0.00034659760517398496,1.0
natural_stories,4,9179,0.0003112318704377983,positive,0.044896386563777924,8.754635955494827,0.4,0.00046827926803709577,1.0
natural_stories,4,20438,-0.00030545475787533327,negative,0.030254479497671127,1.6982236970525082,0.2,-6.148326273220385e-05,1.0
natural_stories,4,12615,-0.00030153206367685407,negative,0.018942849710583687,2.9572516103845405,0.4,-0.00014708187689469146,1.0
natural_stories,4,24550,-0.0002867465518563551,negative,0.048600681126117706,7.4077688854187,0.4,-0.0009659742018419682,1.0
natural_stories,4,8056,0.0002857544564827001,positive,0.01852015219628811,1.3078274448565292,0.4,0.0006996981461283306,1.0
natural_stories,4,7080,0.0002789056926646931,positive,0.024086618795990944,2.361897325785672,0.2,0.0007065821143727297,1.0
natural_stories,4,12676,0.000270189119306171,positive,0.03938069939613342,2.4985360140542654,0.2,0.0015219391164063747,1.0
natural_stories,4,8564,0.00026463516219929446,positive,0.009319275617599487,1.278547725941831,0.4,7.202188299959547e-05,1.0
natural_stories,4,17840,-0.0002626003300055779,negative,0.008154509589076042,1.1516689439781378,0.4,-0.0004887696221995003,1.0
natural_stories,4,3638,-0.00025708617981548803,negative,0.019667651504278183,4.177239898496975,0.2,-0.0009775471569373523,1.0
natural_stories,4,12959,-0.0002520913458341557,negative,0.01692466251552105,2.849892641030646,0.4,-0.0006828461297621494,1.0
natural_stories,4,1296,-0.00024492782072735704,negative,0.12891240417957306,2.5082959203591644,0.4,-0.00042924572542847063,1.0
natural_stories,4,9350,0.00022594303305341205,positive,0.03607552498579025,3.3378879562756194,0.2,0.00048687558996721826,1.0
natural_stories,4,15770,-0.00021364754634731187,negative,0.10923260450363159,5.162990435291821,0.2,-0.0009544519048461667,1.0
natural_stories,4,7538,0.0002047276759923003,positive,0.00950617901980877,1.054069880929143,0.2,0.0006028207683379583,1.0
natural_stories,4,15582,-0.00017421320458165378,negative,0.05244310200214386,3.4354870193246145,0.4,-0.0005100776538824157,1.0
natural_stories,4,13035,-0.0001379797724956105,negative,0.014360153116285801,1.054069880929143,0.2,-0.0004065668827017354,1.0
natural_stories,4,21178,0.00011713948156874453,positive,0.04101972654461861,1.463985945734921,0.2,0.0006400356404849787,1.0
natural_stories,4,24313,-0.00010591015630320728,negative,0.03141511604189873,1.1028694124536405,0.2,-0.0002131766052669619,1.0
natural_stories,4,21354,-0.00010303920838166009,negative,0.009214692749083042,1.9324614483700957,0.2,-0.0001629663262100286,1.0
natural_stories,4,15214,9.654833544397208e-05,positive,0.014092675410211086,2.108139761858286,0.0,0.0,0.0
natural_stories,4,14886,-9.469384396879472e-05,negative,0.06637657433748245,2.683974233847355,0.0,0.0,0.0
natural_stories,4,24095,8.886876135204662e-05,positive,0.034648772329092026,1.6103845403084132,0.2,0.00032531641654394883,1.0
natural_stories,4,11397,8.22050151696971e-05,positive,0.011948446743190289,2.0788600429435875,0.2,0.00011709125501144879,1.0
natural_stories,4,1960,7.543579835904588e-05,positive,0.009330195374786854,1.6103845403084132,0.2,0.0012635951840738572,1.0
natural_stories,4,4569,-7.117832840966997e-05,negative,0.035966094583272934,3.074370486043334,0.0,0.0,0.0
natural_stories,4,12761,6.956642683399895e-05,positive,0.036815095692873,1.2492680070271327,0.4,0.00027406210898205227,1.0
natural_stories,4,21024,6.479030003785908e-05,positive,0.013564232736825943,1.8836619168455984,0.4,0.0005858100009513671,1.0
natural_stories,4,2799,-6.117202027029548e-05,negative,0.02853509783744812,5.426507905524107,0.2,-0.0032046325710198375,1.0
natural_stories,4,8905,-4.949568705852422e-05,negative,0.03300735354423523,1.1419090376732384,0.2,-0.00039688569837233417,1.0
natural_stories,4,2283,-4.321359648512397e-05,negative,0.03004283644258976,1.0247901620144446,0.2,-0.00013614209444369956,1.0
natural_stories,4,7311,3.654402991825244e-05,positive,0.009457392618060112,1.0150302557095452,0.4,0.00042988981847169984,1.0
natural_stories,4,24437,-3.0324195961471903e-05,negative,0.08502425998449326,9.301190708569198,0.2,-0.00010989522433383802,1.0
natural_stories,4,11889,2.781706384678225e-05,positive,0.02605733461678028,1.073589693538942,0.0,0.0,0.0
natural_stories,4,3961,1.4135836042832657e-06,positive,0.18757222592830658,3.3769275814952175,0.2,0.0008720344057406019,1.0
natural_stories,5,11378,-0.00808469022809737,negative,0.41595739126205444,37.829396837790355,1.0,-0.008482173196077202,1.0
natural_stories,5,9771,-0.007314021736761251,negative,0.7418537735939026,50.49775522154988,1.0,-0.0061429178257348,1.0
natural_stories,5,14378,0.007008912896047322,positive,0.017572760581970215,2.557095451883662,1.0,0.0067371506288516556,1.0
natural_stories,5,14190,-0.006453933370788113,negative,0.1690104752779007,13.673628733164161,1.0,-0.006144851074564058,1.0
natural_stories,5,21279,0.005834728228882349,positive,0.017889393493533134,2.986531329299239,1.0,0.00529847105394034,1.0
natural_stories,5,7067,0.0055486158877359965,positive,0.045890651643276215,4.577396056997853,1.0,0.0050658605573839,1.0
natural_stories,5,244,-0.0052682607993985555,negative,0.17390580475330353,21.178996681631858,1.0,-0.003998750225162503,1.0
natural_stories,5,9432,0.0051342426718197,positive,0.8455100059509277,38.883466718719504,0.8,0.0054628109484072705,1.0
natural_stories,5,5442,-0.005104704962858407,negative,0.1895403116941452,11.702127659574469,1.0,-0.00420761281057853,1.0
natural_stories,5,9589,0.004301717850144574,positive,0.00993819534778595,1.7958227601015029,1.0,0.0037133063379627463,1.0
natural_stories,5,9471,0.004056687261835045,positive,0.016774917021393776,1.4054265079055241,1.0,0.0033546959082756643,1.0
natural_stories,5,10871,-0.004016278863964927,negative,0.556885302066803,33.28128049970721,0.8,-0.004942765160573224,1.0
natural_stories,5,12187,-0.003355874714963599,negative,0.04634188488125801,7.993363263712669,0.8,-0.002768014061861933,1.0
natural_stories,5,10833,0.0032225516292743953,positive,0.027545519173145294,3.7478040210813974,1.0,0.0028781835230927886,1.0
natural_stories,5,12450,-0.0031742665158527635,negative,0.06302230805158615,1.4542260394300215,1.0,-0.0025642211918219682,1.0
natural_stories,5,9756,-0.0030670590849396265,negative,0.02880348265171051,3.250048799531525,1.0,-0.00274171999085433,1.0
natural_stories,5,4408,0.003047907108683612,positive,0.045812785625457764,3.2402888932266247,1.0,0.0022833285903300867,1.0
natural_stories,5,5745,0.0029729008564240893,positive,0.01320964377373457,1.2297481944173336,1.0,0.0027673248575091664,1.0
natural_stories,5,10677,-0.0028374422045785463,negative,0.022499898448586464,2.0886199492484874,1.0,-0.0018656444588785368,1.0
natural_stories,5,14603,-0.0027126083513917044,negative,0.05156605690717697,5.4557876244388055,1.0,-0.002357502428101641,1.0
natural_stories,5,12110,-0.0023368587788105627,negative,0.07382874935865402,3.3769275814952175,1.0,-0.0017651085707060838,1.0
natural_stories,5,10248,0.0022856956984730423,positive,0.013789373449981213,1.922701542065196,1.0,0.0018573311394364622,1.0
natural_stories,5,6106,0.0022848248495805426,positive,0.1824294477701187,22.750341596720673,1.0,0.0018387857645710277,1.0
natural_stories,5,18212,0.0022555227246040107,positive,0.013814573176205158,1.3273472574663283,1.0,0.0014332086576649816,1.0
natural_stories,5,7201,-0.0022307423389187424,negative,0.059362735599279404,4.909232871364435,1.0,-0.001460851560269074,1.0
natural_stories,5,8949,0.0021353076296239315,positive,0.04557463526725769,2.576615264493461,0.6,0.0021523835387315393,1.0
natural_stories,5,13573,0.002103258780794042,positive,0.03794439136981964,2.3814171383954714,0.6,0.0024726170852615572,1.0
natural_stories,5,12472,-0.002099747314207353,negative,0.0905296802520752,3.4354870193246145,1.0,-0.0013370330866518398,1.0
natural_stories,5,1359,0.0019913853397943524,positive,0.014371408149600029,2.6254147960179584,1.0,0.0021414050607505577,1.0
natural_stories,5,24122,0.0019701947219739275,positive,0.012806668877601624,1.3761467889908259,1.0,0.0014844087779713577,1.0
natural_stories,5,15171,0.0019387291624489494,positive,0.02166716381907463,1.727503415967207,0.8,0.001727302074370711,1.0
natural_stories,5,10761,0.001927123200756963,positive,0.2181435376405716,5.494827249658403,1.0,0.0018216711189924552,1.0
natural_stories,5,17789,0.0018622608450963602,positive,0.1568932831287384,6.246340035135662,0.8,0.0016239954354242546,1.0
natural_stories,5,12647,-0.0018113557285846338,negative,0.08501531183719635,4.323638493070466,1.0,-0.0013169401744694683,1.0
natural_stories,5,8567,-0.0018061702329890254,negative,0.1582091897726059,16.338083154401716,0.8,-0.0017470845531887271,1.0
natural_stories,5,20531,-0.0017532991571829286,negative,0.04295836016535759,4.958032402888932,1.0,-0.0010469370121265324,1.0
natural_stories,5,2561,-0.0016677588787946554,negative,0.2209072858095169,23.90201054069881,1.0,-0.0010623487281335635,1.0
natural_stories,5,4547,0.001658006644917234,positive,0.010009916499257088,1.922701542065196,0.8,0.0016167432601802885,1.0
natural_stories,5,24265,-0.0016433932744900888,negative,0.22381681203842163,4.089400741752879,1.0,-0.0008498096964506069,1.0
natural_stories,5,20476,0.00162741007997684,positive,0.012269559316337109,1.7860628537966037,0.8,0.0016866378128577275,1.0
natural_stories,5,1309,-0.0016189017362638592,negative,0.12797239422798157,4.372438024594963,0.8,-0.0016173861433486597,1.0
natural_stories,5,17602,0.0015687507268622358,positive,0.011929106898605824,1.4151864142104236,1.0,0.0012186627184392178,1.0
natural_stories,5,19030,0.0015432054723784744,positive,0.033660758286714554,2.4204567636150696,0.6,0.0017665497680788627,1.0
natural_stories,5,9383,-0.001512607649062915,negative,0.07090913504362106,6.197540503611165,1.0,-0.0012611196315592764,1.0
natural_stories,5,1491,0.001496851112875211,positive,0.028799986466765404,4.25531914893617,0.8,0.0012364239150398672,1.0
natural_stories,5,8119,-0.0014845350560364257,negative,0.0505555160343647,4.8506734335350385,1.0,-0.0010997110498729625,1.0
natural_stories,5,18801,0.0014473076575019423,positive,0.03319057822227478,1.5420651961741167,1.0,0.00124330299954992,1.0
natural_stories,5,6772,-0.001440670971946627,negative,0.04425177350640297,2.3814171383954714,1.0,-0.000877640162772565,1.0
natural_stories,5,2230,0.0014338187823787199,positive,0.04609045758843422,1.7079836033574078,0.6,0.0017832060111844898,1.0
natural_stories,5,21969,0.001415265435137533,positive,0.006615621969103813,1.2883076322467304,0.8,0.0013112740622760034,1.0
natural_stories,5,22808,-0.001369826233858637,negative,0.015646960586309433,3.1914893617021276,1.0,-0.0008426167906788575,1.0
natural_stories,5,8224,-0.001345923522736957,negative,0.0527048222720623,1.834862385321101,0.6,-0.001042939252423307,1.0
natural_stories,5,21515,0.0013407439006471223,positive,0.06375699490308762,3.211009174311927,0.6,0.0010799953934245144,1.0
natural_stories,5,7079,0.0013175245236740417,positive,0.031447287648916245,1.5323052898692173,1.0,0.0006493600664010546,1.0
natural_stories,5,11166,0.0013106378997961618,positive,0.010432325303554535,1.3956666016006247,0.8,0.0009202024063463269,1.0
natural_stories,5,10454,0.0012955510872041205,positive,0.010515001602470875,1.5225453835643177,0.8,0.0009456628937294505,1.0
natural_stories,5,1860,-0.0012938723910869464,negative,0.056906748563051224,2.5668553581885614,0.8,-0.0011249248776573342,1.0
natural_stories,5,9329,-0.0012605566790219451,negative,0.02237825095653534,3.5916455202030058,0.8,-0.0010894540290020652,1.0
natural_stories,5,20406,0.0012555758959471662,positive,0.01356953289359808,1.3956666016006247,0.6,0.0012929246000211046,1.0
natural_stories,5,24574,0.0012493507205552552,positive,0.00987258180975914,1.48350575834472,1.0,0.0009001242146233594,1.0
natural_stories,5,5817,-0.0012438912599930384,negative,0.0508991964161396,2.03982041772399,0.8,-0.0006670437408762112,1.0
natural_stories,5,6122,-0.0012389245343224313,negative,0.14908990263938904,10.218621901229747,0.8,-0.0014342327456273146,1.0
natural_stories,5,6693,-0.0012375093685555727,negative,0.05015994980931282,5.943782939683779,0.8,-0.001124982786016206,1.0
natural_stories,5,1647,0.0012057071245893773,positive,0.01321664173156023,1.629904352918212,0.8,0.0009626700690105544,1.0
natural_stories,5,7942,0.001199361955303034,positive,0.11441235989332199,8.842475112238922,0.6,0.0016291043171360157,1.0
natural_stories,5,10746,-0.0011682463024859046,negative,0.015521332621574402,3.2305289869217253,0.4,-0.0009057563340721935,1.0
natural_stories,5,9692,0.0011537970327008618,positive,0.022541917860507965,4.226039430021472,0.8,0.0007830289305018965,1.0
natural_stories,5,24324,-0.0011198432556724885,negative,0.03399015590548515,1.3273472574663283,0.8,-0.00040294820832076475,1.0
natural_stories,5,19842,0.0011053992927786325,positive,0.01210479810833931,2.537575639273863,0.8,0.0007545944102825464,1.0
natural_stories,5,9497,-0.0010964925328671687,negative,0.0343850702047348,2.332617606870974,0.6,-0.0009370298095616446,1.0
natural_stories,5,10310,-0.0010781939587467919,negative,0.03219185024499893,1.9812609798945928,0.6,-0.0007652510578506394,1.0
natural_stories,5,11284,-0.0010700072375215786,negative,0.09294160455465317,12.687878196369315,0.8,-0.0007248501806066273,1.0
natural_stories,5,8732,-0.001050263787655545,negative,0.02035692147910595,3.689244583252001,1.0,-0.0004617625659018609,1.0
natural_stories,5,12260,0.0010313675681875183,positive,0.0666196197271347,10.853015811048214,0.6,0.0004745620613498468,1.0
natural_stories,5,17883,0.001014296454043608,positive,0.008058599196374416,1.219988288112434,0.8,0.0006737949418994769,1.0
natural_stories,5,20879,0.0009450404939361133,positive,0.018611537292599678,1.5127854772594183,0.8,0.0008434670447141073,1.0
natural_stories,5,22268,-0.0009091843952180327,negative,0.05155085399746895,8.647276986140932,0.6,-0.00046601177239793235,1.0
natural_stories,5,7288,-0.0009091113601328942,negative,0.019079627469182014,1.6396642592231114,0.4,-0.000356510208965913,1.0
natural_stories,5,10002,0.0009072352560581862,positive,0.016246994957327843,2.4106968573101697,0.8,0.0007060571756894059,1.0
natural_stories,5,424,-0.0009045330115410257,negative,0.04130003601312637,7.515127854772594,0.8,-0.0009298558647626566,1.0
natural_stories,5,14864,0.0008765728090958174,positive,0.022881196811795235,3.074370486043334,1.0,0.0006193368787591394,1.0
natural_stories,5,12991,-0.0008647372186813528,negative,0.022907407954335213,5.055631465937927,0.8,-0.000428358277618503,1.0
natural_stories,5,2195,-0.0008396376706900466,negative,0.006728712003678083,1.3175873511614289,0.6,-0.00038203269087000766,1.0
natural_stories,5,14152,-0.0008180781067492547,negative,0.012452223338186741,2.2838180753464767,0.4,-0.00048266866449982204,1.0
natural_stories,5,12554,-0.0008147108379922014,negative,0.008741113357245922,1.727503415967207,0.6,-0.00033629222447855925,1.0
natural_stories,5,13000,0.0008097601935138981,positive,0.032402969896793365,1.3468670700761272,0.8,0.0002690572102897371,1.0
natural_stories,5,779,0.0008029870453716501,positive,0.10232306271791458,2.9962912356041382,1.0,0.0003602791624650878,1.0
natural_stories,5,2007,-0.0007987474319629693,negative,0.07051517069339752,7.222330665625611,0.2,-0.0005922170122832957,1.0
natural_stories,5,14614,-0.0007525762496029646,negative,0.037407759577035904,1.463985945734921,0.6,-0.0006293770325208058,1.0
natural_stories,5,9552,-0.000740732632236036,negative,0.022206272929906845,1.2492680070271327,0.8,-0.000350240374762829,1.0
natural_stories,5,12077,-0.0007343608202768653,negative,0.10038571059703827,11.106773374975601,0.8,-0.0010797507320157518,1.0
natural_stories,5,23138,-0.0007161483366331085,negative,0.02997848391532898,1.7860628537966037,0.4,-0.000693732629685969,1.0
natural_stories,5,12353,0.0007014508487372613,positive,0.00840175524353981,1.463985945734921,0.6,0.0006598841600479378,1.0
natural_stories,5,1987,-0.000699575551317996,negative,0.03467288240790367,1.7177435096623073,0.4,-0.00030594417258496465,1.0
natural_stories,5,19745,-0.0006874205493926401,negative,0.04102220758795738,2.0691001366386885,0.8,-0.0003669178283240051,1.0
natural_stories,5,3015,0.000682417060467676,positive,0.025733960792422295,2.0788600429435875,0.4,0.0004993383987404484,1.0
natural_stories,5,13393,0.000681938719599899,positive,0.019418848678469658,1.5127854772594183,0.6,0.0005951043091412849,1.0
natural_stories,5,13221,-0.0006441714188469299,negative,0.22445881366729736,13.546749951200468,0.8,-0.0010986717044784787,1.0
natural_stories,5,15885,0.0006152156795243251,positive,0.018457232043147087,2.2740581690415773,0.6,0.00042566996722223145,1.0
natural_stories,5,21272,-0.0005728228961921611,negative,0.016846880316734314,2.8791723599453447,0.6,-0.0006105962298549736,1.0
natural_stories,5,14131,-0.0005510167030855463,negative,0.21899059414863586,16.81631856334179,0.4,-0.002162288081007089,1.0
natural_stories,5,18086,0.000545463292809548,positive,0.010038590990006924,1.2883076322467304,0.6,0.0008924442931120629,1.0
natural_stories,5,1994,-0.0005107077449907213,negative,0.017093485221266747,1.1907085691977357,0.4,-0.0005570339824463584,1.0
natural_stories,5,2876,0.0005069202461767232,positive,0.015206472016870975,1.9910208861994925,0.2,0.0006189522348548698,1.0
natural_stories,5,12381,0.0005004227084115073,positive,0.03932187706232071,1.629904352918212,0.4,0.0006000020366650571,1.0
natural_stories,5,5631,-0.0004967999066207342,negative,0.04319305345416069,2.7327737653718525,0.4,-0.00036561640630443967,1.0
natural_stories,5,22873,-0.0004923025535769534,negative,0.016780251637101173,1.8446222916260004,0.4,-0.00040825070223707554,1.0
natural_stories,5,10683,-0.0004683780304942361,negative,0.032595179975032806,2.0495803240288892,0.4,-0.00025558782747463367,1.0
natural_stories,5,8991,-0.00046682074023529093,negative,0.05362503230571747,1.9617411672847942,0.2,-0.00041081459745507826,1.0
natural_stories,5,23667,-0.0004570038932446234,negative,0.035805411636829376,4.81163380831544,0.4,-0.0007647750936736922,1.0
natural_stories,5,12562,0.00045083369135036296,positive,0.007999114692211151,1.2492680070271327,0.6,0.0002855028948830979,1.0
natural_stories,5,8580,0.0004506589899814452,positive,0.011015139520168304,1.6884637907476088,0.8,0.0005307578041117431,1.0
natural_stories,5,20294,-0.0004449549574433336,negative,0.04072052240371704,2.1569392933827833,0.4,-0.0002188955532694604,1.0
natural_stories,5,22134,-0.0004428427924376447,negative,0.09155925363302231,13.53699004489557,0.2,-0.001218422331528382,1.0
natural_stories,5,7523,-0.00044208916751670125,negative,0.011631619185209274,1.922701542065196,0.2,-0.0008057250690264396,1.0
natural_stories,5,20074,0.00043850909934219095,positive,0.020305493846535683,1.8739020105406987,0.6,0.0002478815138284598,1.0
natural_stories,5,8339,0.00042497546502779596,positive,0.11379073560237885,1.903181729455397,0.2,3.4990832711161034e-05,1.0
natural_stories,5,8102,0.00037817754828600866,positive,0.03333035111427307,1.8739020105406987,0.6,0.0005171188956248936,1.0
natural_stories,5,10003,-0.0003741497490557147,negative,0.03045794367790222,2.352137419480773,0.2,-0.00019173530831241467,1.0
natural_stories,5,6393,-0.00036223997605834644,negative,0.016281409189105034,2.3423775131758737,0.2,-0.0017167446636647018,1.0
natural_stories,5,2869,-0.0003473487902963974,negative,0.06671206653118134,3.8942026156548897,0.2,-0.00027273175006415316,1.0
natural_stories,5,4371,-0.00034012861569684565,negative,0.02449656091630459,1.3175873511614289,0.2,-0.000134671243853771,1.0
natural_stories,5,23193,-0.00033897329456712553,negative,0.057533808052539825,4.8701932461448365,0.4,-0.0009004393914467273,1.0
natural_stories,5,24380,-0.00033807301687839564,negative,0.020340081304311752,3.279328518446223,0.4,-0.0006345263990188591,1.0
natural_stories,5,7332,-0.00033736482818699814,negative,0.054577961564064026,6.353699004489558,0.2,-0.00041020732276889006,1.0
natural_stories,5,21233,0.00033531238044961603,positive,0.06769917905330658,9.06695295725161,0.8,0.0003042526586040397,1.0
natural_stories,5,8296,-0.0003271272081265029,negative,0.013157717883586884,1.7958227601015029,0.4,-0.00019884636145792194,1.0
natural_stories,5,22637,0.0002780894661184944,positive,0.028297962620854378,1.815342572711302,0.4,0.0003401562825658183,1.0
natural_stories,5,18757,-0.00025648161196440246,negative,0.03969019278883934,4.548116338083155,0.6,-0.00021988697226625717,1.0
natural_stories,5,15591,0.0002342186381349398,positive,0.021489882841706276,2.557095451883662,0.2,0.00046286244644101683,1.0
natural_stories,5,1266,-0.00020574314971302183,negative,0.08625757694244385,8.686316611360532,0.0,0.0,0.0
natural_stories,5,3133,0.00020245757368056832,positive,0.046151190996170044,4.674995120046847,0.2,0.0005053769017266382,1.0
natural_stories,5,3793,-0.00019561761770867876,negative,0.028248155489563942,1.2004684755026351,0.4,-0.00043339876014330744,1.0
natural_stories,5,8753,0.00018631544607078122,positive,0.014484971761703491,2.4692562951395667,0.4,0.0006912913599669795,1.0
natural_stories,5,8419,-0.00018204856498416717,negative,0.010009766556322575,1.571344915088815,0.2,-6.96821249050371e-05,1.0
natural_stories,5,14918,0.00014805636976824283,positive,0.01856844127178192,3.0255709545188365,0.4,7.765640878097427e-05,1.0
natural_stories,5,8384,-0.00014394563408152443,negative,0.1244417354464531,5.611946125317197,0.2,-0.0007891997749083858,1.0
natural_stories,5,22811,0.00013650645630002462,positive,0.007274037227034569,1.3468670700761272,0.0,0.0,0.0
natural_stories,5,8635,-0.00013525955987044437,negative,0.08393334597349167,13.048994729650595,0.2,-0.001067906885743315,1.0
natural_stories,5,13058,0.00012115893643719353,positive,0.03481115400791168,1.629904352918212,0.4,0.00019319354483494,1.0
natural_stories,5,6179,0.00011900304264055396,positive,0.07189428806304932,2.6351747023228578,0.4,0.0004209504916809815,1.0
natural_stories,5,19430,-0.00010498662012138537,negative,0.07869233191013336,13.312512199882882,0.2,-0.00030265602572243844,1.0
natural_stories,5,22259,-0.00010123472617116958,negative,0.018638910725712776,2.479016201444466,0.2,-0.0003406674026748808,1.0
natural_stories,5,1337,-9.803721929642117e-05,negative,0.2106233835220337,24.594963888346673,0.2,-0.00012945891528064077,1.0
natural_stories,5,1635,-9.696175115272793e-05,negative,0.03600841760635376,2.7132539527620536,0.0,0.0,0.0
natural_stories,5,20551,9.365739980946841e-05,positive,0.014897488057613373,1.5225453835643177,0.2,6.666435637724069e-05,1.0
natural_stories,5,14245,8.797632099724511e-05,positive,0.029898397624492645,5.943782939683779,0.2,0.0002661891143118028,1.0
natural_stories,5,23385,-6.857999854313316e-05,negative,0.041577666997909546,2.8401327347257466,0.2,-0.000421159914794467,1.0
natural_stories,5,16312,-5.281916689340283e-05,negative,0.03156730532646179,4.948272496584033,0.0,0.0,0.0
natural_stories,5,13869,5.195166664005951e-05,positive,0.008185692131519318,1.5030255709545188,0.2,0.0004952969033982543,1.0
natural_stories,5,6987,4.6230590933382444e-05,positive,0.015496841631829739,1.776302947491704,0.2,6.166900813944506e-05,1.0
natural_stories,5,7247,4.238398897634809e-05,positive,0.040631309151649475,5.758344719890689,0.4,0.0011095865126799465,1.0
natural_stories,5,3379,-4.1329576255126e-05,negative,0.051327452063560486,1.8836619168455984,0.0,0.0,0.0
natural_stories,5,16104,4.2431865427755645e-06,positive,0.024288170039653778,4.694514932656647,0.2,0.00011774758258353058,1.0
natural_stories,5,12289,-2.2067609188128286e-06,negative,0.036033619195222855,2.127659574468085,0.4,-0.0002831777674132346,1.0
natural_stories,6,14833,-0.009230783000935893,negative,0.23285864293575287,19.597891860238143,1.0,-0.008958634224653912,1.0
natural_stories,6,1653,0.008322516199508478,positive,0.019632598385214806,2.644934608627757,1.0,0.008132550292084137,1.0
natural_stories,6,22924,-0.006366027223885586,negative,0.6934296488761902,38.414991216084324,1.0,-0.006280014567262936,1.0
natural_stories,6,14481,-0.005792154085458232,negative,0.0977526307106018,14.756978333008004,0.8,-0.007187265052949653,1.0
natural_stories,6,22230,0.0043193126871796566,positive,0.01747865602374077,2.674214327542456,1.0,0.004127124296779147,1.0
natural_stories,6,12489,0.004012479868379738,positive,0.7564911842346191,36.22877220378684,1.0,0.0044801036647257346,1.0
natural_stories,6,22338,-0.0035505730989755895,negative,0.26345983147621155,30.753464766738237,1.0,-0.003692574655597254,1.0
natural_stories,6,8974,-0.003421911654301311,negative,0.1508348435163498,5.894983408159281,1.0,-0.003004967366247697,1.0
natural_stories,6,24347,0.0033076467519302854,positive,0.012148013338446617,1.7470232285770055,1.0,0.0033234805704071614,1.0
natural_stories,6,13622,-0.003199662160408659,negative,0.09896223247051239,12.297481944173336,1.0,-0.003181027368850045,1.0
natural_stories,6,12431,-0.003192217868460777,negative,0.1477251946926117,14.932656646496193,1.0,-0.0032111389893639277,1.0
natural_stories,6,14759,0.0031100179774933086,positive,0.02433435618877411,3.806363458910794,0.8,0.0037570205152467166,1.0
natural_stories,6,140,-0.003064441984154136,negative,0.2379654049873352,3.7673238336911967,1.0,-0.003070924727982606,1.0
natural_stories,6,18231,0.003057643128136217,positive,0.03965778648853302,8.481358578957641,1.0,0.002890652758175011,1.0
natural_stories,6,8657,0.0030346634648170685,positive,0.19704826176166534,5.280109310950615,1.0,0.0030046694279962528,1.0
natural_stories,6,16636,-0.0027555654060774436,negative,0.13115137815475464,14.220183486238533,1.0,-0.002684817747159249,1.0
natural_stories,6,19390,-0.0027076723336161026,negative,0.2188326120376587,25.853991801678706,0.8,-0.0035502176292349493,1.0
natural_stories,6,10533,-0.0026880471164119676,negative,0.11491577327251434,14.532500487995314,1.0,-0.0026154502839817904,1.0
natural_stories,6,15640,-0.002669071300922512,negative,0.023008989170193672,3.2402888932266247,1.0,-0.0027727069708156295,1.0
natural_stories,6,8065,-0.0026223548806281363,negative,0.09709619730710983,10.413820027327738,1.0,-0.002469365403202965,1.0
natural_stories,6,2539,0.0024733984001568286,positive,0.015636058524250984,2.8986921725551436,1.0,0.002309722758093966,1.0
natural_stories,6,19181,0.0022273769580883618,positive,0.02485622651875019,2.0691001366386885,0.8,0.002938940489963637,1.0
natural_stories,6,5286,0.0021412332237096313,positive,0.022696765139698982,4.401717743509662,1.0,0.001965480702098718,1.0
natural_stories,6,8318,0.002078042656854292,positive,0.06928315758705139,9.2523911770447,1.0,0.002131894884658171,1.0
natural_stories,6,7331,-0.002021815895476172,negative,0.025709155946969986,3.7185243021666996,1.0,-0.0019909471408732734,1.0
natural_stories,6,12410,-0.001998783456713567,negative,0.14954708516597748,15.976966621120436,1.0,-0.001963588246890723,1.0
natural_stories,6,19161,0.0018946903600342339,positive,0.01270935870707035,2.254538356431778,1.0,0.0019636865944118232,1.0
natural_stories,6,22470,-0.0018509903560832814,negative,0.039412543177604675,1.9617411672847942,1.0,-0.001882663081159643,1.0
natural_stories,6,10905,0.0018471035191251837,positive,0.0215508583933115,2.108139761858286,1.0,0.001894084284429705,1.0
natural_stories,6,6305,-0.0018353321920292754,negative,0.026243247091770172,2.137419480772985,0.8,-0.0023828440693698045,1.0
natural_stories,6,16512,-0.0018320767461799461,negative,0.05746401101350784,8.803435487019325,1.0,-0.001657898755773202,1.0
natural_stories,6,14886,-0.0018115382266950537,negative,0.25710785388946533,14.971696271715793,1.0,-0.0018428143419690652,1.0
natural_stories,6,6580,-0.0016673221904469004,negative,0.027586422860622406,5.006831934413429,1.0,-0.001655361604466845,1.0
natural_stories,6,12493,-0.0015754249329969245,negative,0.0819106474518776,4.0308413039234825,1.0,-0.001477483650721167,1.0
natural_stories,6,1091,-0.0015677964623886998,negative,0.07331579178571701,3.2305289869217253,1.0,-0.0015255599027964107,1.0
natural_stories,6,20519,-0.0015072593048182027,negative,0.04151139408349991,2.869412453640445,1.0,-0.0014718688710627982,1.0
natural_stories,6,3166,-0.0014034581670404071,negative,0.033068861812353134,1.834862385321101,1.0,-0.0013806445922614427,1.0
natural_stories,6,18941,0.0013690352404333165,positive,0.06081660836935043,5.162990435291821,0.8,0.001731386059412701,1.0
natural_stories,6,6244,-0.0013536761591885296,negative,0.07399284094572067,5.690025375756393,1.0,-0.0012863988911143653,1.0
natural_stories,6,12660,0.001328352505576647,positive,0.01648193784058094,2.7132539527620536,0.8,0.0018620033579497752,1.0
natural_stories,6,3485,-0.001313963989018247,negative,0.05655486881732941,4.645715401132149,1.0,-0.0012062091993603468,1.0
natural_stories,6,16640,-0.0012773758960284286,negative,0.05041162669658661,2.352137419480773,1.0,-0.001254008559682163,1.0
natural_stories,6,21554,-0.0012532924382280763,negative,0.036207377910614014,2.1862190122974816,1.0,-0.0012708319181321706,1.0
natural_stories,6,2289,-0.0012325633469153043,negative,0.03532124310731888,3.9918016787038844,0.8,-0.0013320973641812583,1.0
natural_stories,6,22130,0.0012109049739989315,positive,0.035479336977005005,2.0886199492484874,1.0,0.001225686165232194,1.0
natural_stories,6,24310,0.0012082044273035008,positive,0.01746455766260624,3.054850673433535,0.8,0.0014393278229046574,1.0
natural_stories,6,5638,-0.0012014770764060333,negative,0.043617475777864456,2.8791723599453447,1.0,-0.0011418843087874944,1.0
natural_stories,6,14365,-0.0011708677492681114,negative,0.03720368817448616,6.168260784696467,1.0,-0.0011540598362140772,1.0
natural_stories,6,23603,-0.0011513506001989582,negative,0.06097983568906784,2.7132539527620536,1.0,-0.0011161786365455296,1.0
natural_stories,6,5028,0.00111048846846286,positive,0.03320936858654022,2.1178996681631856,1.0,0.0013481494243221923,1.0
natural_stories,6,15189,-0.0011009758341064368,negative,0.08805583417415619,15.684169431973451,0.8,-0.0014047511066077097,1.0
natural_stories,6,2204,-0.0010769527675398556,negative,0.0361059308052063,3.4647667382393132,0.8,-0.0014576955036393186,1.0
natural_stories,6,15624,0.0010642680078638018,positive,0.018750157207250595,3.074370486043334,1.0,0.0010602410866074534,1.0
natural_stories,6,22631,-0.0010521837344309992,negative,0.05482148379087448,6.4122584423189535,1.0,-0.0010345834928501608,1.0
natural_stories,6,13905,-0.0010315002810155518,negative,0.061967555433511734,2.927971891469842,1.0,-0.0010654529361564594,1.0
natural_stories,6,21626,0.0009990205260314304,positive,0.08366537094116211,4.138200273277377,0.8,0.001185013839135429,1.0
natural_stories,6,15227,0.0009922908439092464,positive,0.013838536106050014,1.8446222916260004,0.8,0.0014015344469616988,1.0
natural_stories,6,20616,-0.000912372920582593,negative,0.06967071443796158,5.855943782939684,0.8,-0.0012231257814127796,1.0
natural_stories,6,1540,-0.0009002668916733732,negative,0.02603241801261902,2.7230138590669526,1.0,-0.0009262860353410207,1.0
natural_stories,6,10107,-0.0008876736167144133,negative,0.04888889566063881,2.6546945149326566,1.0,-0.0008136318676065282,1.0
natural_stories,6,12464,0.0008218602551097068,positive,0.13989174365997314,15.74272886980285,0.8,0.0008634789652301984,1.0
natural_stories,6,4815,-0.0008072547346785891,negative,0.09080880135297775,13.419871169236774,1.0,-0.0008625785786616624,1.0
natural_stories,6,1087,0.0008050742041162883,positive,0.018765179440379143,2.3814171383954714,0.6,0.001444391428945763,1.0
natural_stories,6,1545,0.0007999118005683152,positive,0.02850574441254139,4.655475307437048,1.0,0.0007409061619149942,1.0
natural_stories,6,13839,-0.0007463387054953234,negative,0.08261142671108246,5.309389029865313,0.8,-0.0008924976392929499,1.0
natural_stories,6,15911,0.0007367988127915762,positive,0.013786817900836468,3.0646105797384346,0.8,0.001194372616094059,1.0
natural_stories,6,11618,0.0006920045034002694,positive,0.024726277217268944,3.562365801288308,0.8,0.0009923130253308775,1.0
natural_stories,6,22849,0.0006377129041195862,positive,0.018514251336455345,2.03982041772399,1.0,0.0006722498006013969,1.0
natural_stories,6,11708,-0.0006348040093827394,negative,0.01954536885023117,2.5473355455787625,0.8,-0.0007664513363194082,1.0
natural_stories,6,12662,0.0006217663132418969,positive,0.018300306051969528,2.9182119851649424,1.0,0.0006708683534506512,1.0
natural_stories,6,6267,-0.0006128519339555732,negative,0.08275394886732101,11.799726722623463,0.6,-0.0008657833821928379,1.0
natural_stories,6,15856,-0.0006062926072943034,negative,0.03374655172228813,5.787624438805388,0.8,-0.0013833486721667241,1.0
natural_stories,6,13955,-0.0005959900450186701,negative,0.25887927412986755,13.780987702518054,0.8,-0.0008691937233758088,1.0
natural_stories,6,4463,-0.0005851266005199353,negative,0.056319139897823334,4.616435682217451,0.8,-0.0008048284992394252,1.0
natural_stories,6,21163,0.0005817104503594668,positive,0.01823969930410385,3.347647862580519,0.6,0.0013022867465700718,1.0
natural_stories,6,6332,-0.0005692877368007302,negative,0.172190859913826,11.692367753269568,1.0,-0.0007298554161240267,1.0
natural_stories,6,16990,-0.0005590429513640411,negative,0.012778624892234802,3.52332617606871,1.0,-0.0005956977729027885,1.0
natural_stories,6,5369,0.0005181292566931717,positive,0.1081344336271286,5.553386687487801,0.8,0.0007996179530772905,1.0
natural_stories,6,4377,0.0005049225906641127,positive,0.011922311037778854,2.0886199492484874,1.0,0.000491532183915281,1.0
natural_stories,6,12718,-0.0005000017093886514,negative,0.05541921406984329,8.842475112238922,0.8,-0.0007374174356710929,1.0
natural_stories,6,8776,-0.00048251376043135727,negative,0.010667677968740463,2.313097794261175,1.0,-0.0006672860584030131,1.0
natural_stories,6,9169,-0.00048133152122887326,negative,0.06406804174184799,10.950614874097209,0.8,-0.0006181979009179017,1.0
natural_stories,6,14468,-0.0003770613008021094,negative,0.3759816288948059,27.122779621315633,0.4,-0.0016769967653054696,1.0
natural_stories,6,18850,-0.0003408505729290122,negative,0.026217389851808548,1.8543821979308996,0.6,-0.000990058056750968,1.0
natural_stories,6,13971,0.00033310247627021185,positive,0.016698475927114487,2.4985360140542654,0.8,0.0007587141286033911,1.0
natural_stories,6,4796,-0.00030639532205915755,negative,0.024720797315239906,2.1862190122974816,0.8,-0.0005754593689478102,1.0
natural_stories,6,15127,-0.0002934852130269585,negative,0.012683792039752007,2.576615264493461,0.6,-0.0008493629176282079,1.0
natural_stories,6,5431,0.00029046139364222444,positive,0.015473761595785618,1.8641421042357993,0.8,0.0009072665179172036,1.0
natural_stories,6,21179,-0.0002856146856976381,negative,0.01905144192278385,2.976771422994339,0.8,-0.0009271677733223038,1.0
natural_stories,6,8506,-0.00028516945114669335,negative,0.022054461762309074,2.5473355455787625,1.0,-0.00040843359323934435,1.0
natural_stories,6,4218,-0.00026943845297366513,negative,0.04020389914512634,3.279328518446223,0.6,-0.0004992287499544241,1.0
natural_stories,6,13576,0.0002637492796923194,positive,0.019902851432561874,3.2890884247511223,0.8,0.0007453335251835432,1.0
natural_stories,6,4576,-0.00018708221041949558,negative,0.035803187638521194,1.8543821979308996,0.8,-0.00046268911867642135,1.0
natural_stories,6,16022,0.0001765891253532885,positive,0.024430621415376663,3.347647862580519,0.6,0.0005561763306902004,1.0
natural_stories,6,19849,0.00017184709557952477,positive,0.04722199961543083,2.5278157329689637,0.6,0.0006628630226814175,1.0
natural_stories,6,22182,-0.0001616344628844824,negative,0.03535879775881767,5.465547530743705,0.6,-0.0006995215204662134,1.0
natural_stories,6,13483,-0.00015603940757019506,negative,0.031601425260305405,2.518055826664064,0.4,-0.00048091614256555166,1.0
natural_stories,6,24393,0.00014766525106395218,positive,0.19707168638706207,22.53562365801288,0.6,0.0009704023977297622,1.0
natural_stories,6,14031,0.00014392960020362315,positive,0.08095776289701462,5.836423970329885,0.4,0.003311534703561648,1.0
natural_stories,6,17863,-0.00013687025817278297,negative,0.010877166874706745,1.9812609798945928,0.4,-0.0008417728223648972,1.0
natural_stories,6,20835,-0.00010397271467768637,negative,0.032088860869407654,6.031622096427874,0.4,-0.0006071970554903872,1.0
natural_stories,6,17124,9.963895318308843e-05,positive,0.254895955324173,4.753074370486043,0.6,0.0006271641728493884,1.0
natural_stories,6,9504,-8.308191353425803e-05,negative,0.012799574062228203,2.0105406988092915,0.6,-0.0006291184246412026,1.0
natural_stories,6,9410,-4.5605880315882854e-05,negative,0.02127617597579956,1.8251024790162014,0.4,-0.0005860800148080173,1.0
natural_stories,6,24034,-4.40406934528512e-05,negative,0.07657206803560257,3.835643177825493,0.6,-0.00036416420601212976,1.0
natural_stories,6,2251,-2.3656339225276824e-05,negative,0.03152870759367943,4.840913527230139,0.4,-0.0005430214608987618,1.0
natural_stories,6,1756,-9.270612145478273e-06,negative,0.03644919395446777,3.552605894983408,0.4,-0.0007680592508529777,1.0
natural_stories,7,15087,0.007176252183781563,positive,0.014603158459067345,1.8446222916260004,1.0,0.00689647657909704,1.0
natural_stories,7,11480,-0.006890688101860747,negative,0.3911946713924408,24.60472379465157,1.0,-0.006335449577586104,1.0
natural_stories,7,11347,-0.0058538624678960765,negative,0.5986576080322266,34.14015225453836,1.0,-0.005709331365967732,1.0
natural_stories,7,13168,-0.005577113695321686,negative,0.2666254937648773,25.239117704470036,1.0,-0.005493060330795808,1.0
natural_stories,7,12089,0.005220604524528333,positive,0.6757330894470215,30.694905328908845,1.0,0.0049554887710324385,1.0
natural_stories,7,14709,-0.005061643374088755,negative,0.102228082716465,9.2816708959594,1.0,-0.004711059223839779,1.0
natural_stories,7,1494,0.0049823415811647365,positive,0.03342857584357262,2.4204567636150696,1.0,0.004234336828934581,1.0
natural_stories,7,16053,0.00476371541573622,positive,0.01565977931022644,2.1178996681631856,1.0,0.00443650686995109,1.0
natural_stories,7,8693,0.0038912161066615362,positive,0.20535333454608917,5.114190903767324,1.0,0.0035302989635384438,1.0
natural_stories,7,21856,-0.0038337711903023313,negative,0.10072244703769684,8.247120827640055,1.0,-0.0033828858782695556,1.0
natural_stories,7,12977,-0.00370379952655185,negative,0.2218487709760666,19.63693148545774,1.0,-0.0033829552181963212,1.0
natural_stories,7,6547,0.003502269374518335,positive,0.011240540072321892,1.903181729455397,1.0,0.003335354106170711,1.0
natural_stories,7,16611,-0.003472709018028386,negative,0.033821798861026764,4.879953152449736,0.8,-0.003973147203499583,1.0
natural_stories,7,1392,-0.0033513226229708003,negative,0.18549974262714386,5.621706031622097,0.8,-0.0026356603717003473,1.0
natural_stories,7,249,-0.003342647099089868,negative,0.061122335493564606,7.1832910404060115,0.8,-0.0037288440680189544,1.0
natural_stories,7,21420,0.0032609442797026577,positive,0.10886114835739136,4.674995120046847,0.8,0.0033035023392503807,1.0
natural_stories,7,14957,0.0032541761145096913,positive,0.07197267562150955,7.856724575444075,1.0,0.0027153819786756394,1.0
natural_stories,7,15290,-0.0031411887826096304,negative,0.276207834482193,26.29318758539918,1.0,-0.00264522723230324,1.0
natural_stories,7,19316,-0.0030973001388410514,negative,0.20842322707176208,3.6502049580324027,1.0,-0.0028639684933137646,1.0
natural_stories,7,4943,0.002879022369272323,positive,0.03433537483215332,2.0886199492484874,0.8,0.002739387658634706,1.0
natural_stories,7,14023,0.002840955822856625,positive,0.021342869848012924,2.1178996681631856,1.0,0.0023440554115451524,1.0
natural_stories,7,9881,0.0027842014540614616,positive,0.018656300380825996,2.9572516103845405,1.0,0.0020835536105174037,1.0
natural_stories,7,17095,-0.0027493285233749555,negative,0.15946713089942932,17.157915284013274,1.0,-0.0022319133866060444,1.0
natural_stories,7,12834,-0.002693358321685125,negative,0.22413015365600586,17.96798750731993,1.0,-0.002875042443126216,1.0
natural_stories,7,12585,-0.0026047457913861752,negative,0.03577684611082077,3.6502049580324027,0.8,-0.002640640150149891,1.0
natural_stories,7,11373,-0.0025459188520448955,negative,0.030871856957674026,2.235018543821979,1.0,-0.001883584406315406,1.0
natural_stories,7,9111,-0.00240242820622239,negative,0.020734069868922234,2.137419480772985,1.0,-0.0019146073497351202,1.0
natural_stories,7,9763,-0.0022255661166524785,negative,0.05311231687664986,3.5038063634589105,1.0,-0.002098366806835241,1.0
natural_stories,7,17270,0.0021759129169148855,positive,0.1551160365343094,4.304118680460667,0.8,0.0020405871372390937,1.0
natural_stories,7,5199,-0.002148620496077218,negative,0.13013359904289246,2.8010931095061484,1.0,-0.001534294991573299,1.0
natural_stories,7,20549,-0.0020796387553812137,negative,0.041282039135694504,2.888932266250244,1.0,-0.001483803419873132,1.0
natural_stories,7,10914,0.0020642664281385896,positive,0.014774984680116177,1.8739020105406987,1.0,0.0015943710915037438,1.0
natural_stories,7,2721,0.0020469932596425397,positive,0.019359489902853966,4.391957837204763,1.0,0.0016071604405753109,1.0
natural_stories,7,21406,0.0019259748674109055,positive,0.02073773369193077,2.147179387077884,0.8,0.0018274603130512394,1.0
natural_stories,7,7046,0.0018713207373507795,positive,0.016814792528748512,1.8836619168455984,0.8,0.0019411999701408336,1.0
natural_stories,7,14731,0.0017895729150824585,positive,0.1053944081068039,4.25531914893617,1.0,0.0013416070411711902,1.0
natural_stories,7,6777,0.0016737590821621576,positive,0.10187535732984543,3.250048799531525,1.0,0.0012188615565871161,1.0
natural_stories,7,5961,-0.0016714296128466203,negative,0.029061932116746902,5.719305094671092,0.8,-0.0015970530943068791,1.0
natural_stories,7,19005,-0.001671370424720894,negative,0.28228726983070374,20.93499902400937,0.8,-0.0008361355359118021,1.0
natural_stories,7,19392,-0.0015599727958756225,negative,0.1353731006383896,9.515908647276985,0.8,-0.0012580565663165384,1.0
natural_stories,7,12969,-0.0015597250692056847,negative,0.013856740668416023,3.093890298653133,1.0,-0.0009528151763537118,1.0
natural_stories,7,13541,-0.0015322349265185975,negative,0.03446613624691963,2.830372828420847,1.0,-0.0010691704361762,1.0
natural_stories,7,12850,0.0015295619842634275,positive,0.027626613155007362,2.0886199492484874,0.8,0.0012853883116212335,1.0
natural_stories,7,8336,-0.0015276754652588137,negative,0.09453412890434265,16.42592231114581,1.0,-0.0014169314189234395,1.0
natural_stories,7,8615,0.0014754308944937165,positive,0.027927057817578316,3.2012492680070275,1.0,0.001100643834925616,1.0
natural_stories,7,3860,-0.0014669183190348812,negative,0.1358281522989273,5.904743314464181,1.0,-0.0013957278344337316,1.0
natural_stories,7,22695,-0.0014422071563259021,negative,0.08661944419145584,6.080421627952372,1.0,-0.001009159944834117,1.0
natural_stories,7,13593,0.001393225787577108,positive,0.14325754344463348,5.846183876634784,1.0,0.001289523530753552,1.0
natural_stories,7,2317,-0.001372649107603066,negative,0.05337381362915039,9.408549677923093,0.8,-0.0012694821800017448,1.0
natural_stories,7,14102,-0.0013726218351641012,negative,0.05201959237456322,3.279328518446223,0.8,-0.0009065304422117975,1.0
natural_stories,7,17227,0.001351845927157321,positive,0.016364138573408127,2.6351747023228578,0.8,0.001934010965835795,1.0
natural_stories,7,21561,-0.0013455871153933493,negative,0.08013501763343811,7.729845793480383,1.0,-0.0014903652369007954,1.0
natural_stories,7,10940,-0.0013125200622202207,negative,0.011702403426170349,2.1959789186023815,0.8,-0.0009740174806597801,1.0
natural_stories,7,19293,-0.0013047028711839547,negative,0.015817677602171898,1.8739020105406987,0.8,-0.0010626158795602777,1.0
natural_stories,7,13453,-0.0012815435714734794,negative,0.024811871349811554,2.166699199687683,1.0,-0.0007737662232240896,1.0
natural_stories,7,12325,-0.001227159565971349,negative,0.016150258481502533,3.0353308608237364,0.8,-0.0011102494504438285,1.0
natural_stories,7,16603,0.0012258827338523805,positive,0.010060503147542477,2.020300605114191,0.6,0.0015427655454434315,1.0
natural_stories,7,2696,0.0012095205333171929,positive,0.14288173615932465,16.621120437243803,1.0,0.0007870861957382294,1.0
natural_stories,7,8763,0.0011965273052048692,positive,0.025175146758556366,2.479016201444466,0.8,0.0006576847639293813,1.0
natural_stories,7,11371,-0.0011874610319514704,negative,0.025830518454313278,3.903962521959789,0.8,-0.0011405400197625694,1.0
natural_stories,7,19709,-0.001166105696363273,negative,0.017898935824632645,2.352137419480773,1.0,-0.0007733542570749687,1.0
natural_stories,7,6047,-0.0011364517014426955,negative,0.1245211809873581,8.627757173531133,0.4,-0.0013232252221761203,1.0
natural_stories,7,13573,-0.001135435482632423,negative,0.015290619805455208,2.137419480772985,0.8,-0.0009055582080860461,1.0
natural_stories,7,14571,0.0010721151288666441,positive,0.0305178165435791,3.1329299238727306,0.8,0.0010320671756878165,1.0
natural_stories,7,4477,0.0010500124448451272,positive,0.018711723387241364,2.888932266250244,0.8,0.0009463989440252827,1.0
natural_stories,7,22678,-0.0010213929991206578,negative,0.04026363417506218,3.1914893617021276,0.6,-0.0012652198119088292,1.0
natural_stories,7,8973,0.0010103214711899198,positive,0.03075629286468029,3.757563927386297,0.6,0.0012856605000051329,1.0
natural_stories,7,4754,-0.0009867019029491616,negative,0.29562509059906006,14.005465547530743,0.8,-0.0012892584124253492,1.0
natural_stories,7,1253,-0.0009866539369816558,negative,0.01820073090493679,2.7327737653718525,0.4,-0.0020820782536744497,1.0
natural_stories,7,15456,-0.0009769631240429903,negative,0.09046200662851334,4.538356431778255,0.8,-0.001087331113209895,1.0
natural_stories,7,320,-0.0009737461251833093,negative,0.03151246905326843,2.0300605114190904,0.6,-0.0013024236995782918,1.0
natural_stories,7,20046,-0.0009665072801810801,negative,0.057207413017749786,4.840913527230139,0.8,-0.0008132944744333402,1.0
natural_stories,7,23792,-0.0009540311437534381,negative,0.015569796785712242,2.5082959203591644,1.0,-0.0006105651005256197,1.0
natural_stories,7,19272,-0.0009516865427634821,negative,0.031840309500694275,3.6502049580324027,0.6,-0.0008416184358748026,1.0
natural_stories,7,2988,-0.0009089456455555583,negative,0.07502232491970062,5.514347062268202,0.6,-0.0008438989109861135,1.0
natural_stories,7,21108,-0.0009038952869767741,negative,0.025124549865722656,3.279328518446223,0.6,-0.0008000016887662426,1.0
natural_stories,7,21672,-0.0008797661315903577,negative,0.09740529209375381,4.206519617411673,0.8,-0.000890564469386581,1.0
natural_stories,7,23384,-0.0008688016212715448,negative,0.05153147876262665,2.244778450126879,0.8,-0.0004726590428208575,1.0
natural_stories,7,16725,-0.0008608022248816063,negative,0.04344537481665611,2.96701151668944,0.8,-0.0010505831258565568,1.0
natural_stories,7,7867,-0.0008562840918486377,negative,0.03429381176829338,3.494046457154011,0.8,-0.0005571945577000136,1.0
natural_stories,7,456,-0.0008466833561961297,negative,0.1390691101551056,20.19324614483701,0.8,-0.0006159059199697551,1.0
natural_stories,7,12824,-0.0008446502942883898,negative,0.02631985954940319,4.753074370486043,0.6,-0.0009975578125423423,1.0
natural_stories,7,17371,-0.0008192832581030308,negative,0.17205007374286652,8.266640640249854,0.8,-0.001010167592919688,1.0
natural_stories,7,21520,-0.0008145883377855867,negative,0.023715535178780556,3.1914893617021276,0.8,-0.00029741776649522435,1.0
natural_stories,7,21554,-0.0008064703927229883,negative,0.06022591143846512,2.7522935779816518,0.4,-0.0014469960566030424,1.0
natural_stories,7,14947,-0.0008029832726642258,negative,0.010950203984975815,2.3228577005660744,0.8,-0.0006368512339525326,1.0
natural_stories,7,1667,-0.0007894305071662008,negative,0.017908701673150063,1.9715010735896936,0.4,-0.0013898516200071681,1.0
natural_stories,7,11421,0.0007672255622916508,positive,0.017409421503543854,1.922701542065196,0.6,0.0008999979217513697,1.0
natural_stories,7,3315,-0.0007577362382373885,negative,0.05820152908563614,4.323638493070466,0.6,-0.0007891217005030608,1.0
natural_stories,7,2109,-0.0007533765936147775,negative,0.033767279237508774,3.845403084130392,0.8,-0.0004982812674136652,1.0
natural_stories,7,16204,-0.0007482677113628244,negative,0.02805287390947342,2.166699199687683,0.6,-0.0006780898003170024,1.0
natural_stories,7,23393,-0.0007427802539127147,negative,0.07492425292730331,13.009955104430999,0.8,-0.0007472398080180258,1.0
natural_stories,7,11322,-0.0007353255109592311,negative,0.03006475232541561,2.8791723599453447,0.8,-0.000584610589982094,1.0
natural_stories,7,8064,0.0007192600836398159,positive,0.03232528269290924,3.9625219597891856,0.6,0.0011778784377741195,1.0
natural_stories,7,9480,-0.0006994962692901104,negative,0.044199734926223755,2.1764591059925826,0.4,-0.0007891705817919381,1.0
natural_stories,7,4972,0.000689083193965401,positive,0.019581006839871407,2.4106968573101697,0.4,0.001130850242195247,1.0
natural_stories,7,9635,-0.0006709337406424507,negative,0.07297483831644058,10.062463400351357,0.4,-0.0009356055989482308,1.0
natural_stories,7,10033,0.0006451646657101599,positive,0.017150670289993286,2.7522935779816518,0.6,0.0005091529534024511,1.0
natural_stories,7,9700,-0.0006264921242175999,negative,0.042848825454711914,5.836423970329885,0.4,-0.0007292682655979942,1.0
natural_stories,7,3323,-0.000617824996267113,negative,0.09915243834257126,8.217841108725356,0.4,-0.0010376146786688553,1.0
natural_stories,7,23191,-0.0006052898516875997,negative,0.01646222174167633,2.4985360140542654,0.6,-0.000458986254174081,1.0
natural_stories,7,1771,-0.0006051310611632504,negative,0.04692167416214943,3.8649228967401914,0.6,-0.0005735625021505538,1.0
natural_stories,7,5620,-0.0006045780931730572,negative,0.05803428962826729,5.446027718133905,0.6,-0.0007430123807520443,1.0
natural_stories,7,14260,-0.0006020198187723135,negative,0.034190595149993896,3.6502049580324027,0.4,-0.0003439158143779839,1.0
natural_stories,7,23769,0.0005904651141667996,positive,0.011512275785207748,2.0691001366386885,0.8,0.0004649361311934851,1.0
natural_stories,7,11804,-0.0005901126459797427,negative,0.017121560871601105,2.0495803240288892,0.4,-0.0010575790162163207,1.0
natural_stories,7,6785,-0.0005826458898888103,negative,0.08757827430963516,6.783134881905134,0.6,-0.0005003440963964438,1.0
natural_stories,7,19282,-0.0005767434317376532,negative,0.055883441120386124,11.214132344329494,1.0,-0.0003212315109196736,1.0
natural_stories,7,3997,0.0005743339927175063,positive,0.04656778275966644,7.622486824126488,0.4,0.0007823073187971085,1.0
natural_stories,7,6761,-0.0005603596636491138,negative,0.021876350045204163,2.7620534842865507,0.6,-0.0005775281151194769,1.0
natural_stories,7,441,-0.000557356986771988,negative,0.025025339797139168,2.518055826664064,0.6,-0.0004955507188404338,1.0
natural_stories,7,16445,0.0005526817395990425,positive,0.011983110569417477,2.6058949834081595,0.4,0.00028643780613601624,1.0
natural_stories,7,18961,-0.0005374631950357996,negative,0.012802207842469215,2.0105406988092915,0.8,-0.00030102626822588554,1.0
natural_stories,7,6642,0.0005053155552633973,positive,0.03478880599141121,2.449736482529768,0.4,0.0007615888238342803,1.0
natural_stories,7,5143,-0.000495351177364466,negative,0.022467970848083496,4.821393714620339,0.6,-0.0007048125186104827,1.0
natural_stories,7,692,-0.0004875341530566164,negative,0.017475364729762077,2.03982041772399,0.4,-0.0004565993017116092,1.0
natural_stories,7,20012,0.00047498739313789546,positive,0.01597079075872898,2.537575639273863,0.4,0.0008001600865579178,1.0
natural_stories,7,19450,0.000455594646772851,positive,0.023263974115252495,3.357407768885419,0.4,0.0008197376722531239,1.0
natural_stories,7,2176,-0.00042783738765838085,negative,0.1064755767583847,11.68260784696467,0.4,-0.001051144553097693,1.0
natural_stories,7,2701,0.0004238473201976794,positive,0.024977009743452072,2.5473355455787625,0.4,0.0007734910698487431,1.0
natural_stories,7,17728,0.0004226515272967336,positive,0.09814894199371338,13.117314073784891,0.6,0.0011379287581907618,1.0
natural_stories,7,24515,-0.00041650341131582643,negative,0.03801002353429794,5.153230528986922,0.6,-0.0002572732195637117,1.0
natural_stories,7,968,-0.0004114021400938849,negative,0.13780394196510315,13.449150888151474,0.8,-0.0006532780320135396,1.0
natural_stories,7,8212,-0.0004100361344742338,negative,0.020540740340948105,2.6058949834081595,0.2,-0.0014757849117545178,1.0
natural_stories,7,2372,0.00037824664670839555,positive,0.028957849368453026,4.372438024594963,0.4,0.000342398977430917,1.0
natural_stories,7,17486,0.00030036587597762955,positive,0.009180277585983276,1.8446222916260004,0.2,0.00012274346228820202,1.0
natural_stories,7,23784,-0.0002860556512084281,negative,0.06462918221950531,6.070661721647473,0.6,-0.0004227665160752587,1.0
natural_stories,7,21131,0.0002766279154403958,positive,0.05322368070483208,2.576615264493461,0.2,0.0004166248733173309,1.0
natural_stories,7,10424,-0.000260273564285466,negative,0.012042560614645481,2.518055826664064,0.2,-0.00029149121777677936,1.0
natural_stories,7,3495,-0.0002547197223886428,negative,0.06901192665100098,2.4887761077493655,0.4,-0.0008061879324606936,1.0
natural_stories,7,18880,-0.00023918083871625533,negative,0.07608455419540405,11.165332812804998,0.4,-0.0004334112686682922,1.0
natural_stories,7,18957,-0.00023435051225821014,negative,0.020030181854963303,1.8934218231504978,0.2,-0.0004702817938150441,1.0
natural_stories,7,17524,-0.00023218850797393934,negative,0.030989864841103554,4.616435682217451,0.6,-0.00030726395027334184,1.0
natural_stories,7,4063,-0.0002286855641463286,negative,0.04329858720302582,2.127659574468085,0.4,-0.0005949715542346359,1.0
natural_stories,7,10240,-0.00021990485644375726,negative,0.03381827101111412,2.0788600429435875,0.2,-0.0005712735971697006,1.0
natural_stories,7,6836,-0.00021727861143191592,negative,0.03460816666483879,4.967792309193832,0.6,-0.0006187904052182394,1.0
natural_stories,7,14555,-0.00021661632135427898,negative,0.03055475652217865,1.903181729455397,0.2,-0.0010530050429110743,1.0
natural_stories,7,9520,-0.0002067014060798023,negative,0.02520919032394886,1.8739020105406987,0.4,-0.0002666737252887272,1.0
natural_stories,7,21470,-0.0001833356873423976,negative,0.15006324648857117,16.49424165528011,0.4,-0.00020705537629824334,1.0
natural_stories,7,21950,0.00017773680900160275,positive,0.05117596685886383,6.685535818856139,0.4,0.00047514786385277776,1.0
natural_stories,7,9088,-0.00016344988143648164,negative,0.0039172302931547165,2.888932266250244,0.6,-0.0002671755674181462,1.0
natural_stories,7,7737,-0.00014401101900153658,negative,0.024094372987747192,3.874682803045091,0.4,-0.0008637935606139125,1.0
natural_stories,7,21240,-0.00014169778223189648,negative,0.04304211586713791,5.231309779426117,0.2,-0.0007909125337662514,1.0
natural_stories,7,940,-0.00013764177603792948,negative,0.019928954541683197,2.9572516103845405,0.6,-0.0003773650578480345,1.0
natural_stories,7,4893,0.00013177387945196296,positive,0.024015992879867554,3.279328518446223,0.2,0.0011380634123343385,1.0
natural_stories,7,22367,0.00012697956426098675,positive,0.03362754359841347,2.986531329299239,0.2,0.001037638406477723,1.0
natural_stories,7,17347,0.0001215563346466459,positive,0.040749527513980865,3.2402888932266247,0.6,0.000618051006228583,1.0
natural_stories,7,6885,-0.00012085773782171217,negative,0.04724988341331482,5.387468280304509,0.4,-0.0002873365646633961,1.0
natural_stories,7,14669,-0.00011576707761846304,negative,0.026936424896121025,2.147179387077884,0.0,0.0,0.0
natural_stories,7,1775,-0.00011168544368112397,negative,0.030934283509850502,4.196759711106774,0.4,-0.0002244512439078375,1.0
natural_stories,7,19087,-0.00010439275715528981,negative,0.018683554604649544,2.6546945149326566,0.4,-0.0003359839918162677,1.0
natural_stories,7,9325,-8.83928171690133e-05,negative,0.02483443170785904,4.655475307437048,0.4,-0.00037919952685922404,1.0
natural_stories,7,11884,-8.704667855237529e-05,negative,0.035264551639556885,2.313097794261175,0.2,-0.0006643729106214604,1.0
natural_stories,7,21372,6.0648003513295414e-05,positive,0.03491558879613876,4.8701932461448365,0.2,0.0004873396780098106,1.0
natural_stories,7,24348,4.3776372259281e-05,positive,0.04245028644800186,2.0495803240288892,0.4,0.00022839625419603056,1.0
natural_stories,7,9924,3.15666322007235e-05,positive,0.01750052161514759,2.830372828420847,0.4,0.00021822143963730572,1.0
natural_stories,7,23730,-3.106283266753054e-05,negative,0.012597320601344109,2.244778450126879,0.4,-0.0011433043874233483,1.0
natural_stories,7,13691,2.3366625063763227e-05,positive,0.012572966516017914,2.2642982627366774,0.4,0.00038933987048830583,1.0
natural_stories,7,493,8.103643007207341e-06,positive,0.020845500752329826,3.5135662697638104,0.2,4.6924814290822915e-05,1.0
natural_stories,7,6216,3.4190769585286355e-06,positive,0.013981527648866177,2.4106968573101697,0.4,0.0005773479737385799,1.0
natural_stories,8,16071,-0.007235109852254362,negative,0.09830422699451447,9.330470427483895,1.0,-0.006367868469018358,1.0
natural_stories,8,22654,0.006337985478090159,positive,0.022859124466776848,3.259808705836424,1.0,0.005762120442698698,1.0
natural_stories,8,351,-0.006269355417474484,negative,0.6390212178230286,27.61077493656061,1.0,-0.005878074896854889,1.0
natural_stories,8,18641,-0.0058825887388422714,negative,0.6286879777908325,32.197930899863366,1.0,-0.0058171636847364604,1.0
natural_stories,8,419,-0.0048570878491617205,negative,0.1224646046757698,10.111262931875855,1.0,-0.004013624627935909,1.0
natural_stories,8,812,-0.004439695357916143,negative,0.41139358282089233,24.78040210813976,1.0,-0.004350881532251076,1.0
natural_stories,8,21262,0.0040789105407949555,positive,0.11524944752454758,7.446808510638298,0.8,0.0050136583877896344,1.0
natural_stories,8,18453,-0.004024575921315307,negative,0.2414560765028,15.51825102479016,1.0,-0.0044255306184586285,1.0
natural_stories,8,20580,-0.004012243745390507,negative,0.24023184180259705,8.051922701542065,1.0,-0.002950439414216205,1.0
natural_stories,8,19912,0.003922500952702951,positive,0.033837269991636276,3.0450907671286354,1.0,0.0034802074597928105,1.0
natural_stories,8,5119,-0.003891099744240455,negative,0.04677687585353851,4.206519617411673,1.0,-0.003111784465408925,1.0
natural_stories,8,19711,-0.0038762520771510787,negative,0.25847381353378296,3.777083739996096,1.0,-0.0031943732332909043,1.0
natural_stories,8,16373,-0.003798728915543355,negative,0.04485020041465759,4.0991606480577785,1.0,-0.003259727120788575,1.0
natural_stories,8,24197,-0.0037862596160609893,negative,0.030973060056567192,3.835643177825493,0.8,-0.003288644044415932,1.0
natural_stories,8,17522,-0.0031582513059230633,negative,0.024208536371588707,2.3814171383954714,0.8,-0.003245825763053772,1.0
natural_stories,8,23152,-0.003113597915489174,negative,0.02812066487967968,2.986531329299239,0.8,-0.0034785810257877314,1.0
natural_stories,8,717,-0.003098950672780274,negative,0.061741773039102554,6.587936755807144,1.0,-0.0022989432537803872,1.0
natural_stories,8,4119,-0.0030645134858987505,negative,0.19091276824474335,15.74272886980285,1.0,-0.003115633040864056,1.0
natural_stories,8,18693,-0.0029203337256290844,negative,0.06213731691241264,7.729845793480383,1.0,-0.001939002212008796,1.0
natural_stories,8,9066,-0.0028467719951621013,negative,0.1376594454050064,13.956666016006247,0.8,-0.0029919582053911783,1.0
natural_stories,8,2718,0.002634380285359033,positive,0.0786472037434578,3.1719695490923288,0.8,0.0025544576330463436,1.0
natural_stories,8,14812,0.0026291862113373156,positive,0.1039995476603508,3.386687487800117,1.0,0.0016848949351266878,1.0
natural_stories,8,2710,0.0025661956347423852,positive,0.11263024806976318,12.473160257661526,1.0,0.0022231241517969417,1.0
natural_stories,8,2019,0.0024911298370194003,positive,0.015306596644222736,2.166699199687683,1.0,0.001801595451055472,1.0
natural_stories,8,7365,-0.0024702486916346215,negative,0.06519895046949387,3.8258832715205937,1.0,-0.002217089315167014,1.0
natural_stories,8,24125,-0.0024467556875057243,negative,0.023259107023477554,3.211009174311927,1.0,-0.001822629728661262,1.0
natural_stories,8,17990,0.0023252865940459567,positive,0.01612428016960621,2.1569392933827833,1.0,0.0019183247167373397,1.0
natural_stories,8,15977,-0.0022294264873484173,negative,0.08360368758440018,7.9543236384930704,0.8,-0.001764521004563304,1.0
natural_stories,8,12327,-0.002227778439768308,negative,0.04438367486000061,6.353699004489558,1.0,-0.0015659990040871278,1.0
natural_stories,8,17831,-0.0021804037021142756,negative,0.08249472826719284,6.84169431973453,0.8,-0.0018633654396963068,1.0
natural_stories,8,11770,-0.00216249594867374,negative,0.03562342748045921,2.098379855553387,1.0,-0.0014295059982795029,1.0
natural_stories,8,12837,-0.00215351514884889,negative,0.07889755070209503,6.226820222525864,1.0,-0.0012479315046526021,1.0
natural_stories,8,18005,0.0019417619285687002,positive,0.2114686667919159,4.909232871364435,1.0,0.0016003632167685372,1.0
natural_stories,8,23940,-0.0018489586618008072,negative,0.03778669610619545,3.0646105797384346,0.8,-0.001289190715176724,1.0
natural_stories,8,11701,0.0017647721457050578,positive,0.03680482134222984,2.2642982627366774,1.0,0.0009798125996717437,1.0
natural_stories,8,353,-0.0017184830297325025,negative,0.1016576960682869,11.770447003708764,1.0,-0.0016991149105444233,1.0
natural_stories,8,12129,-0.001707131288564647,negative,0.048776596784591675,4.001561585008783,0.8,-0.001389647050644973,1.0
natural_stories,8,7222,-0.0016430235445122703,negative,0.08642355352640152,7.056412258442318,1.0,-0.001276536016014622,1.0
natural_stories,8,4991,-0.001626404910150216,negative,0.037699054926633835,6.207300409916065,1.0,-0.0007566547511496476,1.0
natural_stories,8,13982,-0.0015675076949749085,negative,0.02597632072865963,2.2154987312121803,0.8,-0.0010810518987116988,1.0
natural_stories,8,11606,0.0015603303228025997,positive,0.1302410066127777,5.719305094671092,0.8,0.001504074169444862,1.0
natural_stories,8,19772,-0.0015229942967379079,negative,0.024000687524676323,4.723794651571344,1.0,-0.001115472280811438,1.0
natural_stories,8,17964,-0.001483887549226531,negative,0.1053328812122345,3.777083739996096,0.8,-0.0011205252696601707,1.0
natural_stories,8,21292,0.001459699678469635,positive,0.0529974102973938,2.908452078860043,0.8,0.001171964230320134,1.0
natural_stories,8,13963,0.0014460458899424704,positive,0.03942439705133438,4.226039430021472,1.0,0.0007600469836789341,1.0
natural_stories,8,4157,0.0014250873779386355,positive,0.04002946615219116,4.538356431778255,1.0,0.0010912879475789227,1.0
natural_stories,8,9860,-0.0013944922642320228,negative,0.09628456085920334,9.232871364434901,0.8,-0.0010437163569261294,1.0
natural_stories,8,7218,0.0013630688433727003,positive,0.03866014629602432,2.293577981651376,0.8,0.0014532278513417645,1.0
natural_stories,8,15894,0.0013443133385744929,positive,0.04748477414250374,2.644934608627757,0.8,0.0010715931066271958,1.0
natural_stories,8,20085,0.0013193799242097817,positive,0.024376047775149345,3.806363458910794,0.8,0.0010886795682225735,1.0
natural_stories,8,9453,-0.0012886262650683889,negative,0.04692451283335686,2.6058949834081595,0.8,-0.0010523258605454069,1.0
natural_stories,8,1172,0.0012819049800848388,positive,0.03424502909183502,4.177239898496975,0.8,0.0007470200293581411,1.0
natural_stories,8,11001,0.0012785119891046326,positive,0.034555114805698395,2.869412453640445,0.6,0.0012268312844643185,1.0
natural_stories,8,2698,0.0012733435279336227,positive,0.019333358854055405,2.2740581690415773,0.8,0.0010092097128332033,1.0
natural_stories,8,15099,-0.001268224608823449,negative,0.05679604783654213,4.343158305680266,0.8,-0.0006305475322408647,1.0
natural_stories,8,9688,-0.001261741625745574,negative,0.018630092963576317,2.6058949834081595,1.0,-0.0008144599805217121,1.0
natural_stories,8,21008,0.0012550770313503282,positive,0.03275467827916145,2.2642982627366774,0.8,0.0006638792687055854,1.0
natural_stories,8,12595,-0.0011893385952933793,negative,0.022630460560321808,2.439976576224868,0.8,-0.0006354694853486858,1.0
natural_stories,8,10370,-0.0011753013555058662,negative,0.01787538453936577,2.8108530158110483,0.8,-0.0007909700575179852,1.0
natural_stories,8,19653,-0.0011647485604616655,negative,0.028059914708137512,3.347647862580519,1.0,-0.0006832769579401099,1.0
natural_stories,8,10674,-0.0011553276412775845,negative,0.02910594269633293,3.455006831934414,1.0,-0.00037787440758053046,1.0
natural_stories,8,18923,-0.0011417140397573975,negative,0.08593382686376572,5.533866874878001,0.8,-0.001155205132107892,1.0
natural_stories,8,15088,-0.0011314948611354327,negative,0.022838929668068886,2.4106968573101697,0.8,-0.0003722301969488011,1.0
natural_stories,8,6347,-0.0011273722471649068,negative,0.028671180829405785,2.1569392933827833,0.6,-0.0007827865731359574,1.0
natural_stories,8,12622,0.0010948031501754952,positive,0.018324680626392365,2.244778450126879,0.8,0.0013268244922298867,1.0
natural_stories,8,17039,-0.0010911315679511277,negative,0.06802203506231308,3.1329299238727306,1.0,-0.0007256624092155088,1.0
natural_stories,8,20668,0.001087018868048506,positive,0.03952740877866745,2.664454421237556,0.8,0.0008443870214654707,1.0
natural_stories,8,12003,0.0010845119060806953,positive,0.00598366791382432,2.7522935779816518,0.8,0.0008412163060710938,1.0
natural_stories,8,1967,-0.0010450548048193695,negative,0.05850028619170189,3.552605894983408,0.6,-0.0005570259192426722,1.0
natural_stories,8,7250,-0.0010438668538390813,negative,0.015989886596798897,2.244778450126879,0.6,-0.0006544689486470442,1.0
natural_stories,8,8715,0.0010329785091516407,positive,0.043221887201070786,2.8791723599453447,0.8,0.001236335557808671,1.0
natural_stories,8,18365,-0.0010247241050051431,negative,0.01489771157503128,2.9572516103845405,0.8,-0.0006311205510604247,1.0
natural_stories,8,6468,-0.0010218762100834451,negative,0.06837065517902374,6.734335350380636,0.8,-0.0006598449192036028,1.0
natural_stories,8,10947,-0.0010167750333620051,negative,0.07171670347452164,2.518055826664064,0.4,-0.0004988611391663277,1.0
natural_stories,8,24526,0.0010098922059460014,positive,0.03045564331114292,3.259808705836424,0.8,0.0009267240912812834,1.0
natural_stories,8,23525,0.0009617798008165843,positive,0.025543594732880592,3.6502049580324027,0.8,0.0011242712271095669,1.0
natural_stories,8,1084,-0.0009569711360042589,negative,0.03322628140449524,3.6990044895569,0.8,-0.0007175103521012927,1.0
natural_stories,8,17572,-0.0009120165603480648,negative,0.08435903489589691,2.254538356431778,0.6,-0.00036322656798126117,1.0
natural_stories,8,4866,-0.0008979791461318852,negative,0.056178752332925797,6.246340035135662,0.4,-0.0008128788366583885,1.0
natural_stories,8,7150,-0.000897228743478256,negative,0.038081396371126175,3.3281280499707204,0.6,-0.0006486751711398605,1.0
natural_stories,8,5226,-0.0008851990454713356,negative,0.029900990426540375,2.674214327542456,0.4,-0.0005516537901543825,1.0
natural_stories,8,2094,-0.0008353190090128371,negative,0.07344034314155579,4.860433339839938,0.8,-0.0007805742673186794,1.0
natural_stories,8,20743,0.0008310234027693137,positive,0.021361438557505608,3.2012492680070275,0.6,0.0008605932051896294,1.0
natural_stories,8,9343,-0.0008300186231683112,negative,0.1436139941215515,9.2719109896545,0.2,-0.0009622807457904699,1.0
natural_stories,8,3731,-0.0008239635740025201,negative,0.16406875848770142,18.465742728869802,1.0,-0.0005461610944143905,1.0
natural_stories,8,21809,-0.0007915400486784398,negative,0.04279870167374611,4.284598867850868,0.6,-0.0008012519878545426,1.0
natural_stories,8,10001,-0.0007724476152845602,negative,0.025174997746944427,3.669724770642202,0.8,-0.00025656328594505633,1.0
natural_stories,8,7357,-0.0007710715980464033,negative,0.04151900112628937,3.455006831934414,0.6,-0.0005293552995812002,1.0
natural_stories,8,7585,0.0007622185953383887,positive,0.016920406371355057,2.371657232090572,0.6,0.00047089722620971753,1.0
natural_stories,8,2837,-0.0007540473893192781,negative,0.0801786258816719,6.422018348623854,0.6,-0.0010878789716503353,1.0
natural_stories,8,5125,0.0007529131796664293,positive,0.10978841036558151,5.045871559633028,0.4,0.0006062001595116447,1.0
natural_stories,8,1884,-0.0007477350694024509,negative,0.03505980595946312,2.313097794261175,1.0,-0.0003267662924825089,1.0
natural_stories,8,3140,-0.0007206175933035989,negative,0.02571841888129711,2.479016201444466,0.8,-0.0001588721327636884,1.0
natural_stories,8,22609,0.0007094185035768537,positive,0.041874323040246964,3.14268983017763,0.8,0.0007073278661986105,1.0
natural_stories,8,16556,-0.0007092818288489727,negative,0.0488768108189106,6.705055631465938,0.4,-0.0011386833664289808,1.0
natural_stories,8,23288,0.0007057248138863473,positive,0.028151540085673332,2.6254147960179584,0.6,0.0004639512961981394,1.0
natural_stories,8,15454,-0.0007050455659360327,negative,0.03324129804968834,2.313097794261175,0.6,-0.0005989864110408919,1.0
natural_stories,8,19681,-0.0006968469215123918,negative,0.15184859931468964,14.561780206910013,0.4,-0.0014253639996474419,1.0
natural_stories,8,9181,-0.0006870308060539271,negative,0.041589681059122086,6.051141909037673,0.4,-0.00040251969553063076,1.0
natural_stories,8,15402,-0.0006413582139045874,negative,0.06029476225376129,4.372438024594963,0.4,-0.0006657744796026327,1.0
natural_stories,8,23734,0.0006384323402177563,positive,0.021205361932516098,2.205738824907281,0.4,0.0007442735252757389,1.0
natural_stories,8,9399,-0.0006212776901748603,negative,0.053600698709487915,3.15244973648253,0.6,-0.0004696699232005701,1.0
natural_stories,8,23670,-0.0005914437042403216,negative,0.024911129847168922,4.489556900253758,0.6,-0.00039350015123272515,1.0
natural_stories,8,5065,-0.0005603409748872949,negative,0.06117821857333183,2.479016201444466,0.6,-0.0008962600160260306,1.0
natural_stories,8,20317,-0.0005578792319514406,negative,0.041102610528469086,3.2402888932266247,0.4,-0.0005290488660169718,1.0
natural_stories,8,16453,-0.0005329961432655101,negative,0.04688715189695358,3.0450907671286354,0.4,-0.0005928796510224855,1.0
natural_stories,8,15825,-0.0005017522423055955,negative,0.01697295904159546,2.2740581690415773,0.6,-0.0007177408180036975,1.0
natural_stories,8,14782,-0.0005000687244716287,negative,0.07134617120027542,2.927971891469842,0.4,-0.00016692882437176603,1.0
natural_stories,8,13662,0.0004911070095819347,positive,0.05612120032310486,4.5188366191684555,0.4,0.0004447494485623456,1.0
natural_stories,8,13155,0.0004771284896167239,positive,0.02959967404603958,2.127659574468085,0.2,1.5953974825319802e-05,1.0
natural_stories,8,8441,0.0004700451075447444,positive,0.03226291760802269,4.001561585008783,0.6,0.00032730961039622463,1.0
natural_stories,8,15133,-0.0004642363586190426,negative,0.06480609625577927,2.644934608627757,0.2,-0.0007649111845902214,1.0
natural_stories,8,21928,-0.00044661127485742,negative,0.15549609065055847,12.551239508100723,0.2,-0.0008476073468741513,1.0
natural_stories,8,19352,0.00042711163101447075,positive,0.013312344439327717,2.2838180753464767,0.0,0.0,0.0
natural_stories,8,18763,-0.0004137018229465443,negative,0.020900920033454895,2.518055826664064,0.4,-0.00025748122518419263,1.0
natural_stories,8,16976,0.0003964962626316752,positive,0.026748189702630043,3.562365801288308,0.4,0.0006863279049377461,1.0
natural_stories,8,14153,-0.00038922662881362156,negative,0.1871023178100586,18.534062073004097,0.4,-0.0006712192140033589,1.0
natural_stories,8,16063,-0.00036346755606942035,negative,0.02100658044219017,2.127659574468085,0.4,-0.000388411882016728,1.0
natural_stories,8,23608,-0.0003502480094263847,negative,0.01788513734936714,3.7868436463009956,0.4,-0.00032420846863933387,1.0
natural_stories,8,10809,0.00031786032941870563,positive,0.02885444089770317,2.849892641030646,0.4,0.0002463642206712698,1.0
natural_stories,8,12451,-0.00029835179250797236,negative,0.047242820262908936,3.806363458910794,0.2,-0.0004582176953579171,1.0
natural_stories,8,10836,0.00029805893221677044,positive,0.0172441266477108,2.8206129221159477,0.4,0.00040983584156287917,1.0
natural_stories,8,5166,-0.00029745619262550645,negative,0.09149150550365448,6.578176849502245,0.6,-0.00018627600545414156,1.0
natural_stories,8,14024,-0.00029680988367365073,negative,0.1303698569536209,14.142104235799335,0.6,-0.0008660149625421103,1.0
natural_stories,8,11107,0.00028965401665415866,positive,0.19289477169513702,4.167479992192074,0.2,0.0002802693948669198,1.0
natural_stories,8,23273,0.00028934365021602676,positive,0.015510939992964268,2.1959789186023815,0.2,0.0001425710618718998,1.0
natural_stories,8,2323,-0.000281377696640164,negative,0.02219393290579319,2.518055826664064,0.4,-0.0001725117183741019,1.0
natural_stories,8,8583,-0.00025763877524843275,negative,0.042921923100948334,3.318368143665821,0.2,-0.0003453773106863318,1.0
natural_stories,8,1189,-0.0002488366154022864,negative,0.04694228246808052,2.244778450126879,0.4,-0.0002356130821316201,1.0
natural_stories,8,1477,-0.0002404523055308943,negative,0.05461668223142624,6.724575444075737,0.2,-0.0014749457377876665,1.0
natural_stories,8,17855,-0.00021880147704218366,negative,0.04510711506009102,4.528596525473355,0.4,-0.0005276982099286758,1.0
natural_stories,8,5879,-0.00021388468470940987,negative,0.2042933702468872,10.150302557095452,0.2,-0.0021276914002624227,1.0
natural_stories,8,22588,-0.00020959903130469366,negative,0.06569083034992218,4.840913527230139,0.4,-0.00033712533058531755,1.0
natural_stories,8,19195,-0.00019723139692307012,negative,0.02221372351050377,2.430216669919969,0.2,-0.00021431053487430812,1.0
natural_stories,8,18710,-0.00018278456061810694,negative,0.04175647348165512,2.9962912356041382,0.0,0.0,0.0
natural_stories,8,13005,-0.00014747208679778573,negative,0.11148107796907425,12.853796603552606,0.0,0.0,0.0
natural_stories,8,9204,0.0001324494275467569,positive,0.11507930606603622,13.185633417919188,0.2,0.0005176453215630694,1.0
natural_stories,8,14457,-0.0001289414595411473,negative,0.10213898867368698,8.861994924848721,0.2,-0.0003736004707535777,1.0
natural_stories,8,175,-0.00011506989252206673,negative,0.036257028579711914,2.449736482529768,0.2,-2.1307572840197414e-05,1.0
natural_stories,8,5259,9.607421967438082e-05,positive,0.02256678231060505,2.2642982627366774,0.2,0.00034405048290767895,1.0
natural_stories,8,17894,8.400414527701593e-05,positive,0.029493559151887894,2.352137419480773,0.2,0.0001621912718223963,1.0
natural_stories,8,2839,-8.330296318053153e-05,negative,0.012477683834731579,2.254538356431778,0.2,-0.00040816435902079213,1.0
natural_stories,8,24090,-8.24840396193558e-05,negative,0.01362296100705862,2.137419480772985,0.2,-1.6896162290473946e-05,1.0
natural_stories,8,10724,-7.514419218231463e-05,negative,0.041684940457344055,4.27483896154597,0.2,-0.0005591766009370809,1.0
natural_stories,8,17924,-7.366155672055755e-05,negative,0.03311353921890259,3.0646105797384346,0.0,0.0,0.0
natural_stories,8,13630,-7.077768217577442e-05,negative,0.01605856977403164,2.449736482529768,0.0,0.0,0.0
natural_stories,8,13285,6.465006623730211e-05,positive,0.03174929320812225,2.8206129221159477,0.2,7.373239143410789e-06,1.0
natural_stories,8,2731,-6.0988298993953795e-05,negative,0.09466172009706497,6.080421627952372,0.0,0.0,0.0
natural_stories,8,21954,-3.464944574149506e-05,negative,0.020593633875250816,2.4204567636150696,0.0,0.0,0.0
natural_stories,8,11779,2.889612040961369e-05,positive,0.01692778989672661,2.664454421237556,0.0,0.0,0.0
natural_stories,8,14681,-2.467287223638684e-05,negative,0.029715508222579956,2.1862190122974816,0.0,0.0,0.0
natural_stories,8,8914,-9.935673736619177e-06,negative,0.04019465297460556,3.9625219597891856,0.0,0.0,0.0
natural_stories,9,13000,-0.008093548502915167,negative,0.24183289706707,17.60687097403865,1.0,-0.007621793250983884,1.0
natural_stories,9,4079,0.006034663760103967,positive,0.026891764253377914,2.4985360140542654,1.0,0.005772169672913508,1.0
natural_stories,9,20711,0.005691437239631409,positive,0.10825647413730621,5.9242631270739805,0.8,0.006149408461930387,1.0
natural_stories,9,1238,0.004761659904271585,positive,0.06007324159145355,7.788405231309779,1.0,0.00428268338859495,1.0
natural_stories,9,19995,-0.004487696806658499,negative,0.4058088958263397,20.3786843646301,1.0,-0.0037504595685209944,1.0
natural_stories,9,7121,-0.004275394882135858,negative,0.12025264650583267,10.960374780402109,1.0,-0.0037732127696255267,1.0
natural_stories,9,5820,-0.004233414260784242,negative,0.6494653820991516,31.27073980089791,1.0,-0.003938500754213507,1.0
natural_stories,9,7274,0.004231974671528481,positive,0.01426362618803978,2.430216669919969,1.0,0.0035744838585339985,1.0
natural_stories,9,13699,-0.004135041466710948,negative,0.17580753564834595,8.940074175287917,1.0,-0.003902279205099017,1.0
natural_stories,9,13785,-0.0035381038470129883,negative,0.27525874972343445,9.398789771618192,1.0,-0.002422569293107537,1.0
natural_stories,9,8879,-0.0034405223085781102,negative,0.2594095766544342,17.79230919383174,1.0,-0.00309853604918233,1.0
natural_stories,9,15536,-0.003148020259142738,negative,0.1268601417541504,6.587936755807144,1.0,-0.0029957802893629806,1.0
natural_stories,9,10080,0.0031388215968379376,positive,0.04156404361128807,2.6937341401522543,1.0,0.0021840198079561275,1.0
natural_stories,9,1922,-0.0031113189857307536,negative,0.06390706449747086,5.397228186609408,0.8,-0.004261414821867735,1.0
natural_stories,9,11809,-0.003072775007625158,negative,0.41044795513153076,3.425727113019715,1.0,-0.0025318797604173713,1.0
natural_stories,9,7880,0.0029782068222278585,positive,0.025484655052423477,2.7132539527620536,0.8,0.0030149090678585214,1.0
natural_stories,9,4760,-0.002835655241849521,negative,0.16322706639766693,17.733749756002343,1.0,-0.002324782569762288,1.0
natural_stories,9,18820,-0.002822598480362718,negative,0.02722790837287903,3.2305289869217253,1.0,-0.0023119224322734155,1.0
natural_stories,9,19501,0.00280208327014376,positive,0.02668391354382038,3.5916455202030058,1.0,0.0021286900839731157,1.0
natural_stories,9,20748,-0.002760496128458548,negative,0.09075623005628586,7.59320710521179,1.0,-0.0025234675914243333,1.0
natural_stories,9,24105,-0.002593715298189491,negative,0.07011669129133224,4.977552215498731,1.0,-0.002061468829904872,1.0
natural_stories,9,14535,0.0025359155299835056,positive,0.08641530573368073,9.486628928362288,1.0,0.0023210102746978236,1.0
natural_stories,9,19979,-0.0024850028489873505,negative,0.19198161363601685,8.70583642397033,1.0,-0.0019573360091236767,1.0
natural_stories,9,21934,0.0024697496395817845,positive,0.6584808230400085,24.448565293773182,1.0,0.002146242475488084,1.0
natural_stories,9,5283,0.002386358751473551,positive,0.15788614749908447,3.9234823345695884,0.8,0.002064723219465754,1.0
natural_stories,9,10683,-0.00232910862039108,negative,0.044507116079330444,4.9873121218036305,1.0,-0.0017009590450412844,1.0
natural_stories,9,8110,-0.002316638555217749,negative,0.09418146312236786,9.750146398594573,1.0,-0.0021805659308235244,1.0
natural_stories,9,4447,-0.002218462458947291,negative,0.0204571895301342,2.7327737653718525,0.8,-0.0018753961495892807,1.0
natural_stories,9,14614,0.0022116029804981484,positive,0.045559514313936234,5.436267811829007,0.8,0.0029350290753801175,1.0
natural_stories,9,3645,-0.002109107523536577,negative,0.05127514898777008,3.0353308608237364,1.0,-0.001393994284042309,1.0
natural_stories,9,11768,-0.0019868910944391537,negative,0.06101406738162041,5.20203006051142,1.0,-0.0013444914672436714,1.0
natural_stories,9,9787,-0.0019768871624128662,negative,0.07386072725057602,9.82822564903377,1.0,-0.0013606077722241512,1.0
natural_stories,9,171,-0.001935547665695504,negative,0.1601025015115738,11.214132344329494,1.0,-0.0013430714555276698,1.0
natural_stories,9,19451,0.001930558900434533,positive,0.1511976569890976,4.743314464181144,0.8,0.0023363038545030444,1.0
natural_stories,9,3706,-0.0019178895885325154,negative,0.08995002508163452,6.49033769275815,1.0,-0.0018137829605655708,1.0
natural_stories,9,8915,-0.0018773481496542985,negative,0.02182059921324253,2.5082959203591644,1.0,-0.0013436187025648674,1.0
natural_stories,9,4671,-0.0018207493712798404,negative,0.15417471528053284,12.57075932071052,0.6,-0.0019384772831346868,1.0
natural_stories,9,12593,-0.0018113775946769109,negative,0.12637221813201904,5.826664064024985,1.0,-0.0013539581476533827,1.0
natural_stories,9,20993,0.0017351596785654551,positive,0.07849513739347458,6.548897130587545,0.8,0.0010041743665961033,1.0
natural_stories,9,12198,-0.0017146919586625861,negative,0.08848841488361359,4.333398399375366,1.0,-0.0013381043184650138,1.0
natural_stories,9,15973,-0.0016953773094577637,negative,0.04826872795820236,3.8649228967401914,0.8,-0.0016503875721575669,1.0
natural_stories,9,15707,0.0016190230902399468,positive,0.21422667801380157,6.802654694514933,0.6,0.0015847826390848136,1.0
natural_stories,9,1792,0.001610081368595891,positive,0.02282804436981678,2.644934608627757,0.6,0.0021408991270898035,1.0
natural_stories,9,23688,0.0016072833740737895,positive,0.023744406178593636,2.6351747023228578,0.8,0.00156121124423896,1.0
natural_stories,9,13126,-0.001605239865801279,negative,0.022123420611023903,2.6351747023228578,0.8,-0.0012301450720017993,1.0
natural_stories,9,4757,-0.0015972329166118826,negative,0.045579299330711365,5.436267811829007,1.0,-0.0012308406896236763,1.0
natural_stories,9,18995,-0.0015612855487255404,negative,0.027552874758839607,3.054850673433535,1.0,-0.0010921784107908628,1.0
natural_stories,9,10636,-0.001541798607983873,negative,0.11986930668354034,12.639078664844817,1.0,-0.0007789256481431219,1.0
natural_stories,9,7251,-0.001526988604444026,negative,0.12887276709079742,5.231309779426117,1.0,-0.001033138540769693,1.0
natural_stories,9,11009,-0.0015198619199408006,negative,0.024208184331655502,2.9474917040796407,0.8,-0.0010762065944205084,1.0
natural_stories,9,20087,0.0015189987079528488,positive,0.2401152402162552,4.909232871364435,1.0,0.0013573484793925551,1.0
natural_stories,9,14904,-0.0015070849459955012,negative,0.12449327856302261,11.311731407378488,0.8,-0.0012987863086380022,1.0
natural_stories,9,4854,0.0015058531105209137,positive,0.022708050906658173,3.123170017567831,1.0,0.0007254841362832003,1.0
natural_stories,9,6246,-0.0014407962329978723,negative,0.03440505638718605,2.869412453640445,0.8,-0.0013338707958058314,1.0
natural_stories,9,3717,0.0014149608766548145,positive,0.07811392843723297,4.899472965059536,1.0,0.0008588460464968995,1.0
natural_stories,9,15208,-0.0013971661562706815,negative,0.1068919450044632,3.2988483310560217,1.0,-0.001120733282456103,1.0
natural_stories,9,19679,-0.0013663208405896305,negative,0.13568292558193207,7.017372633222721,0.4,-0.002988291371325761,1.0
natural_stories,9,6495,-0.0013224576718373897,negative,0.09758772701025009,3.835643177825493,0.8,-0.0009167089875034172,1.0
natural_stories,9,16710,-0.0012878547955258543,negative,0.09366994351148605,2.4204567636150696,1.0,-0.0008582076775147912,1.0
natural_stories,9,16949,0.0012848433506685623,positive,0.05600729584693909,4.040601210228382,0.8,0.0007933955186140051,1.0
natural_stories,9,11348,-0.0012320008901429856,negative,0.037357114255428314,3.181729455397228,0.4,-0.0014733762138307328,1.0
natural_stories,9,8871,-0.0011907254979491033,negative,0.028888104483485222,2.518055826664064,0.8,-0.001007893042452384,1.0
natural_stories,9,11859,0.0011815221172874594,positive,0.05480191111564636,4.704274838961546,0.6,0.0014601808095593618,1.0
natural_stories,9,2513,-0.0011788299371639232,negative,0.026470273733139038,3.357407768885419,1.0,-0.0005389536400984354,1.0
natural_stories,9,8944,-0.0011426192342600962,negative,0.3991055190563202,28.079250439195786,0.8,-0.000702538645781894,1.0
natural_stories,9,20184,-0.0011423686224078565,negative,0.04987545683979988,5.5631465937927,0.6,-0.001145975528840959,1.0
natural_stories,9,5451,0.0011042232421866111,positive,0.04770785570144653,3.1622096427874293,0.8,0.001117395700080234,1.0
natural_stories,9,19871,-0.001068706872825538,negative,0.08832015842199326,4.421237556119461,0.8,-0.0006567429121212786,1.0
natural_stories,9,14139,-0.0010655729916367925,negative,0.041477154940366745,4.25531914893617,1.0,-0.0009257158684465299,1.0
natural_stories,9,6598,-0.001054137997228191,negative,0.5603863596916199,16.6894397813781,0.8,-0.001495366774580667,1.0
natural_stories,9,8524,-0.0010346480237407984,negative,0.057911355048418045,6.4805777864532494,1.0,-0.0006561392980890268,1.0
natural_stories,9,3297,-0.0009871115036808253,negative,0.05415283888578415,6.392738629709155,0.6,-0.0005001020918845604,1.0
natural_stories,9,8246,-0.0009811957882549826,negative,0.01784706674516201,3.211009174311927,0.8,-0.0006831585164032076,1.0
natural_stories,9,11082,-0.0009549576616860207,negative,0.054454874247312546,3.3378879562756194,0.8,-0.0006599521055044902,1.0
natural_stories,9,5614,-0.0009512705947536376,negative,0.02033369056880474,2.5961350771032596,0.6,-0.0005815289409787993,1.0
natural_stories,9,3609,-0.0009429929811007635,negative,0.043803755193948746,2.888932266250244,0.8,-0.0007685810033567879,1.0
natural_stories,9,18475,-0.0009212822570007263,negative,0.08562089502811432,5.446027718133905,0.6,-0.0007325813572282262,1.0
natural_stories,9,9580,0.000910235807987538,positive,0.04634864255785942,3.533086082373609,0.6,0.0010692548537529695,1.0
natural_stories,9,952,0.0008891280985877904,positive,0.1859847605228424,17.655670505563144,0.4,0.0005819077362109713,1.0
natural_stories,9,1007,-0.0008836129544554998,negative,0.04878876358270645,2.5961350771032596,0.6,-0.0007318399805428477,1.0
natural_stories,9,8401,0.0008764986878780564,positive,0.02463512495160103,3.4159672067148157,0.8,0.0005855482888758526,1.0
natural_stories,9,130,-0.0008751060923190818,negative,0.21057912707328796,13.946906109701345,0.8,-0.0009769119486946315,1.0
natural_stories,9,22495,-0.0008724741775082615,negative,0.020846113562583923,2.859652547335546,0.6,-0.0006819555917255579,1.0
natural_stories,9,20722,0.0008446279836675551,positive,0.07360323518514633,7.846964669139177,0.8,0.0005471774012744786,1.0
natural_stories,9,243,0.0008436245077174637,positive,0.1597708761692047,4.860433339839938,0.6,0.0010368645668878756,1.0
natural_stories,9,13836,-0.0008374106600764041,negative,0.12242291867733002,7.9543236384930704,0.4,-0.0007876091275485259,1.0
natural_stories,9,12560,0.0007977377294845225,positive,0.03130338340997696,3.1622096427874293,0.6,0.0007334446355141264,1.0
natural_stories,9,21677,0.0007915715787403241,positive,0.05825785920023918,3.669724770642202,0.8,0.0011919333122112612,1.0
natural_stories,9,19596,0.0007907749567799541,positive,0.019424716010689735,2.4887761077493655,0.8,0.0005011995155336084,1.0
natural_stories,9,14831,-0.0007860962012832745,negative,0.027796830981969833,2.518055826664064,0.6,-0.0009852421168858913,1.0
natural_stories,9,2216,0.000770114369431787,positive,0.01824755221605301,2.703494046457154,0.8,0.0008942236768947575,1.0
natural_stories,9,856,0.0007608281296909848,positive,0.020671384409070015,3.669724770642202,0.6,0.00044439069951395367,1.0
natural_stories,9,19948,0.000760752744885764,positive,0.14541685581207275,15.381612336521568,0.6,0.0008275697838246105,1.0
natural_stories,9,10328,0.0007397522991415239,positive,0.02123798243701458,2.58637517079836,0.4,0.0006969307144408725,1.0
natural_stories,9,8195,0.0007318211343883248,positive,0.023299595341086388,3.386687487800117,0.6,0.0004104992241238798,1.0
natural_stories,9,22759,-0.0007138230075022003,negative,0.039952777326107025,2.439976576224868,0.4,-0.001224262294894534,1.0
natural_stories,9,23812,-0.0006873018118884013,negative,0.030113421380519867,3.181729455397228,0.8,-0.0003990286466861194,1.0
natural_stories,9,2481,-0.0006784246637787931,negative,0.08299032598733902,10.062463400351357,0.4,-0.0006060301640325575,1.0
natural_stories,9,21427,-0.000659795775101443,negative,0.05592045560479164,3.1719695490923288,0.4,-0.0007579024782233896,1.0
natural_stories,9,4935,-0.0006440863127701436,negative,0.026362702250480652,2.9962912356041382,0.4,-0.0009842956448718107,1.0
natural_stories,9,20447,-0.0006424062086968233,negative,0.1699286848306656,15.703689244583252,0.6,-0.001179604959034035,1.0
natural_stories,9,3560,-0.0006312627386161203,negative,0.03040434420108795,4.050361116533281,0.6,-0.00042833817031910664,1.0
natural_stories,9,18563,0.0005982751703104481,positive,0.014419062994420528,2.537575639273863,0.4,0.0004165360328466116,1.0
natural_stories,9,339,-0.0005727679183443104,negative,0.18546438217163086,14.054265079055241,0.8,-0.0007769581965576117,1.0
natural_stories,9,17873,-0.0005694377010591281,negative,0.04943513497710228,2.557095451883662,0.4,-0.00021064393330904013,1.0
natural_stories,9,1566,-0.0005684013424188287,negative,0.09984615445137024,3.6209252391177045,0.2,-0.0010608635663035394,1.0
natural_stories,9,21151,-0.0005628571526034736,negative,0.1131506860256195,8.383759515908647,0.4,-0.0010136005873626352,1.0
natural_stories,9,22624,-0.0005612130438388567,negative,0.07119377702474594,5.670505563146594,0.6,-0.0003379813901740242,0.6666666666666666
natural_stories,9,4637,-0.0005598758668580538,negative,0.09667541086673737,6.265859847745461,0.6,-0.0010391083549537283,1.0
natural_stories,9,22198,0.0005586003443295213,positive,0.026314394548535347,3.1622096427874293,0.4,0.0010469670173601359,1.0
natural_stories,9,6019,-0.000537893289469564,negative,0.03410704806447029,3.738044114776498,0.4,-0.0006090067749065422,1.0
natural_stories,9,7847,-0.0005376341059925577,negative,0.03261928632855415,4.040601210228382,0.4,-0.0007654374132649885,1.0
natural_stories,9,23351,0.0005055344480736659,positive,0.05775899812579155,4.021081397618583,0.8,0.0006537559372331958,1.0
natural_stories,9,7994,-0.0004998310180271134,negative,0.04242677986621857,4.938512590279133,0.4,-0.0007648424601310489,1.0
natural_stories,9,14097,-0.0004915970407602743,negative,0.06277791410684586,5.250829592035917,0.6,-0.00013780091114944362,1.0
natural_stories,9,11972,-0.0004833718508343428,negative,0.042559292167425156,3.8161233652156943,0.6,-0.0005816181561601965,1.0
natural_stories,9,6267,-0.00047561778572034123,negative,0.04690401628613472,5.611946125317197,0.2,-0.00033120523394311683,1.0
natural_stories,9,16595,-0.00047483244276186874,negative,0.07422224432229996,4.6847550263517475,0.4,-0.0003528595997622263,1.0
natural_stories,9,14126,-0.0004675066207325231,negative,0.03953297436237335,3.757563927386297,0.4,-0.0005263754601623454,1.0
natural_stories,9,12784,-0.0004512669161028877,negative,0.058273639529943466,2.3814171383954714,1.0,-0.0002723412664475674,1.0
natural_stories,9,23479,0.00043664087999617095,positive,0.09966181218624115,3.6599648643373026,0.6,0.0006486857262241187,1.0
natural_stories,9,4758,-0.0004260249976233686,negative,0.051025766879320145,3.6990044895569,0.4,-0.0006000706695107424,1.0
natural_stories,9,14306,0.0004227539663033545,positive,0.04084073379635811,4.616435682217451,0.4,0.00036588111381535935,1.0
natural_stories,9,11216,-0.0004074792732587795,negative,0.2825985252857208,23.941050165918405,0.8,-0.0011502304531891977,1.0
natural_stories,9,16014,-0.00040030502440680464,negative,0.022325905039906502,3.015811048213937,0.2,-0.0005019086342970023,1.0
natural_stories,9,21537,-0.0003927773789730239,negative,0.034488335251808167,2.430216669919969,0.4,-0.0011354823456145827,1.0
natural_stories,9,3362,-0.0003590304187732039,negative,0.05014079064130783,5.914503220769081,0.6,-0.00016780640836082912,1.0
natural_stories,9,22888,-0.0003566372130381273,negative,0.025388045236468315,2.449736482529768,0.4,-0.00033953395950095215,1.0
natural_stories,9,17413,0.00035495576149091466,positive,0.04825979471206665,2.8010931095061484,0.4,0.0006471039094822989,1.0
natural_stories,9,200,-0.00032359937045375544,negative,0.05784472078084946,4.938512590279133,0.4,-0.0003205820051987731,1.0
natural_stories,9,8550,-0.0003223026269943777,negative,0.04095722734928131,5.670505563146594,0.4,-0.0006069786029308324,1.0
natural_stories,9,5896,0.00032177174459666286,positive,0.021108781918883324,2.742533671676752,0.2,0.00025824405192114265,1.0
natural_stories,9,14875,0.0003057316272049762,positive,0.01913601905107498,2.58637517079836,0.4,0.00016757171322532018,1.0
natural_stories,9,11883,0.00029858767532767297,positive,0.026033615693449974,2.4985360140542654,0.2,0.0013816827906809586,1.0
natural_stories,9,8497,-0.0002845110620256655,negative,0.1734972447156906,13.283232480968183,0.2,-0.004305529662724311,1.0
natural_stories,9,11072,-0.00027668155055627145,negative,0.03740479424595833,3.5038063634589105,0.2,-0.00011492804345888511,1.0
natural_stories,9,3911,0.00027277893362627064,positive,0.06310176104307175,4.596915869607652,0.2,0.001382326049361073,1.0
natural_stories,9,6410,-0.00026138203382187764,negative,0.10965929180383682,12.922115947686901,0.4,-0.00038422894638068125,1.0
natural_stories,9,2259,-0.0002594885633083012,negative,0.03351987153291702,5.162990435291821,0.2,-0.000549492443279865,1.0
natural_stories,9,2279,-0.00024225079231821994,negative,0.030752362683415413,3.835643177825493,0.4,-0.00026954420932300796,1.0
natural_stories,9,9373,0.00023944160839437593,positive,0.0419558510184288,5.816904157720086,0.6,0.0004971367628539973,1.0
natural_stories,9,15739,-0.00022627413016891327,negative,0.06201648339629173,4.899472965059536,0.2,-0.0003125411611634035,1.0
natural_stories,9,7148,0.00022301864989998112,positive,0.11272688210010529,15.127854772594182,0.4,0.00035441623719123153,1.0
natural_stories,9,4505,-0.00021820050331043894,negative,0.05431489273905754,3.562365801288308,0.4,-0.00048050059636599426,1.0
natural_stories,9,16029,-0.00020944966971807077,negative,0.10565513372421265,7.944563732188172,0.6,-0.0008046002400455672,1.0
natural_stories,9,12644,0.00019591673501809283,positive,0.02945770137012005,2.391177044700371,0.2,0.0008783929250626567,1.0
natural_stories,9,24321,-0.0001858377314069883,negative,0.04855537414550781,3.367167675190318,0.4,-0.0003226186954623887,1.0
natural_stories,9,13704,0.000184419980094792,positive,0.08168183267116547,4.8018739020105405,0.4,0.0009270254005418642,1.0
natural_stories,9,14133,-0.00017662818331496462,negative,0.016772091388702393,2.5473355455787625,0.2,-0.00010434461215982136,1.0
natural_stories,9,11023,0.00017599256019775004,positive,0.05420026555657387,3.1719695490923288,0.2,0.0007208809599398677,1.0
natural_stories,9,6452,-0.0001538796089923209,negative,0.019381286576390266,2.908452078860043,0.4,-0.0001947572265463869,1.0
natural_stories,9,9720,0.00015112704267647233,positive,0.06922054290771484,7.690806168260784,0.2,0.0003529930153753495,1.0
natural_stories,9,1119,-0.0001381973291418005,negative,0.08822226524353027,3.982041772398985,0.6,-0.0004410316730706119,1.0
natural_stories,9,13370,-0.0001378011194482598,negative,0.03404036536812782,3.4745266445442127,0.2,-0.00047946222725175853,1.0
natural_stories,9,8189,-0.00013728679131693478,negative,0.04672100767493248,6.587936755807144,0.2,-0.0002470207441637964,1.0
natural_stories,9,16473,-0.00013006880691752661,negative,0.024681456387043,3.347647862580519,0.2,-0.0003401211860739096,1.0
natural_stories,9,16416,-0.00012878382497224087,negative,0.04348846524953842,3.2695686121413234,0.4,-0.00031303431850306215,1.0
natural_stories,9,10597,0.00012860709765016146,positive,0.06885477155447006,5.680265469451493,0.6,0.0002887988990097989,1.0
natural_stories,9,1846,0.00011884197532947132,positive,0.05327337235212326,2.518055826664064,0.2,0.0008514369542463077,1.0
natural_stories,9,16670,8.366006915424899e-05,positive,0.03244578093290329,2.7230138590669526,0.6,0.0004600667054025594,1.0
natural_stories,9,16435,-7.266324741191606e-05,negative,0.05507754907011986,2.849892641030646,0.2,-0.0006855368652708593,1.0
natural_stories,9,8397,6.704028955249982e-05,positive,0.041886623948812485,6.519617411672848,0.2,0.0003109443428878172,1.0
natural_stories,9,9555,-4.8718823648798074e-05,negative,0.058183152228593826,4.958032402888932,0.4,-0.0003643471343711893,1.0
natural_stories,9,12618,2.383681621965953e-05,positive,0.307618647813797,5.299629123560414,0.0,0.0,0.0
natural_stories,10,9618,-0.011692049893531512,negative,0.22382548451423645,13.917626390786648,1.0,-0.010967400875411043,1.0
natural_stories,10,23824,0.006712550269776416,positive,0.2830367982387543,15.235213741948078,1.0,0.006478387298096855,1.0
natural_stories,10,20737,0.005538441816195075,positive,0.024626651778817177,2.77181339059145,1.0,0.004892939636107591,1.0
natural_stories,10,2550,0.00545287200599461,positive,0.09465205669403076,3.5721257075932074,0.8,0.005854166900432209,1.0
natural_stories,10,14031,0.004419523713968825,positive,0.10909872502088547,3.845403084130392,1.0,0.0041930140602448145,1.0
natural_stories,10,3505,-0.00411814462957072,negative,0.15058699250221252,11.750927191098965,1.0,-0.0037886071153968954,1.0
natural_stories,10,24539,-0.0036960786295991833,negative,0.05440253019332886,3.1036502049580323,0.8,-0.003943720539437763,1.0
natural_stories,10,7747,-0.003618839702560566,negative,0.16385477781295776,7.388249072808901,1.0,-0.0027778356581077647,1.0
natural_stories,10,6378,0.003617012811981801,positive,0.1456504613161087,3.279328518446223,0.8,0.003738741021533815,1.0
natural_stories,10,23655,-0.003541044177887808,negative,0.5328834652900696,13.761467889908257,1.0,-0.004016869794786172,1.0
natural_stories,10,15348,0.003460929936846758,positive,0.14968788623809814,10.267421432754245,1.0,0.0028969339512356597,1.0
natural_stories,10,21285,0.0033714372554369165,positive,0.15078826248645782,3.835643177825493,0.8,0.0033985149005046553,1.0
natural_stories,10,15669,0.003309805559455333,positive,0.06840608268976212,3.630685145422604,1.0,0.002797700748362189,1.0
natural_stories,10,7155,-0.0031528180841635103,negative,0.19714251160621643,17.958227601015032,1.0,-0.0029898301057633306,1.0
natural_stories,10,13631,-0.003077137792253808,negative,0.35904064774513245,9.564708178801483,1.0,-0.002145416787288596,1.0
natural_stories,10,23692,-0.0029380260183215494,negative,0.08897386491298676,5.4557876244388055,0.8,-0.002950904396885,1.0
natural_stories,10,10544,0.00274381450658877,positive,0.06388938426971436,4.0991606480577785,1.0,0.0020209485642738298,1.0
natural_stories,10,10136,-0.002618447903240504,negative,1.7677967548370361,41.450322076908066,0.8,-0.0030218910213302315,1.0
natural_stories,10,11919,-0.00256503644524514,negative,0.15427158772945404,9.008393519422214,0.8,-0.002703370489907816,1.0
natural_stories,10,15134,-0.0025624537167578116,negative,0.23981928825378418,20.476283427679096,1.0,-0.0019678694767494096,1.0
natural_stories,10,10983,0.002537921155759185,positive,0.3206041753292084,4.284598867850868,1.0,0.0020526102597004624,1.0
natural_stories,10,5810,0.0025079223231863584,positive,0.1378014236688614,8.452078860042944,0.8,0.002017295449449596,1.0
natural_stories,10,10010,-0.002383941342130699,negative,0.17180682718753815,6.070661721647473,0.8,-0.0025619392283775387,1.0
natural_stories,10,7409,0.002347370922278771,positive,0.0491025447845459,4.8018739020105405,0.8,0.0021746368308357103,1.0
natural_stories,10,5226,-0.002312436069607925,negative,0.06956402957439423,4.674995120046847,1.0,-0.0019361412718831472,1.0
natural_stories,10,19372,-0.0023094115615483472,negative,0.45366930961608887,17.479992192074956,1.0,-0.0015567171260505394,1.0
natural_stories,10,21391,0.002252932496344367,positive,0.0844217836856842,8.34471989068905,0.8,0.001539667348264191,1.0
natural_stories,10,23517,-0.002197243593914214,negative,0.08058237284421921,5.943782939683779,1.0,-0.0022252293543607296,0.8
natural_stories,10,12071,-0.0021777289976601566,negative,0.07248067110776901,4.899472965059536,0.8,-0.0013500120918024533,1.0
natural_stories,10,1077,0.0021703083139656093,positive,0.16979002952575684,4.0308413039234825,0.8,0.0017075648138668784,1.0
natural_stories,10,1555,0.0021293131249453443,positive,0.05870861932635307,5.114190903767324,1.0,0.0013149551837857761,1.0
natural_stories,10,1769,-0.0020249246144114033,negative,0.060169465839862823,4.177239898496975,0.8,-0.0023148644238411478,1.0
natural_stories,10,11294,-0.002007437326963046,negative,0.04296034947037697,3.8258832715205937,0.8,-0.0017666587251806538,1.0
natural_stories,10,8218,-0.001994628137423072,negative,0.12018707394599915,5.036111653328128,0.8,-0.0016907385631131184,1.0
natural_stories,10,23839,-0.0018780780679103204,negative,0.1115165576338768,4.997072028108531,0.8,-0.0016956950822095977,1.0
natural_stories,10,7451,-0.0018446591862404087,negative,0.03142434358596802,3.14268983017763,1.0,-0.0013295929646767457,1.0
natural_stories,10,12642,0.0018366291558096313,positive,0.03788137063384056,3.279328518446223,1.0,0.0011758193867103454,1.0
natural_stories,10,4695,-0.0018148220001837968,negative,0.1291782408952713,5.8071442514151865,1.0,-0.0013309961159455213,1.0
natural_stories,10,5556,-0.001809925337126974,negative,0.0718931257724762,7.456568416943197,1.0,-0.0010789974102276717,1.0
natural_stories,10,3577,-0.0017564853898043677,negative,0.053529951721429825,4.762834276790943,0.8,-0.0020271897404921233,1.0
natural_stories,10,10945,-0.0017451962801246492,negative,0.0701294094324112,3.533086082373609,0.8,-0.0009033833507970621,1.0
natural_stories,10,2425,0.0017385968683282633,positive,0.12404227256774902,11.155572906500097,1.0,0.0012540679066555635,1.0
natural_stories,10,21238,-0.0017359042343403346,negative,0.22964535653591156,9.232871364434901,1.0,-0.001535350968118683,1.0
natural_stories,10,9017,-0.0016803265742137803,negative,0.02705490216612816,4.021081397618583,1.0,-0.0013698238702983066,1.0
natural_stories,10,11940,-0.0016284255576535264,negative,0.04604893550276756,2.7913332032012494,0.8,-0.0012488656789094359,1.0
natural_stories,10,15610,-0.0015935853808405728,negative,0.04064043238759041,5.026351747023228,1.0,-0.0009120932485848953,1.0
natural_stories,10,7004,0.0015855292216262298,positive,0.06730367988348007,5.162990435291821,0.6,0.0017611374816592206,1.0
natural_stories,10,12385,-0.0014830659253347452,negative,0.4312730133533478,3.123170017567831,0.8,-0.0017933346037585722,1.0
natural_stories,10,21750,-0.0014781159640999916,negative,0.03225734084844589,4.430997462424361,0.6,-0.0017463499326579458,1.0
natural_stories,10,19591,-0.0014631734787078857,negative,0.1556621938943863,7.085691977357017,1.0,-0.0010824411194259075,1.0
natural_stories,10,15650,-0.0014204183621337183,negative,0.07561879605054855,4.821393714620339,0.8,-0.0009671000910289539,1.0
natural_stories,10,2868,-0.001386822012914256,negative,0.18895772099494934,8.998633613117315,0.8,-0.0015863550291478454,1.0
natural_stories,10,22126,0.0013576773347393923,positive,0.444901704788208,11.85828616045286,0.8,0.0009582317764808631,1.0
natural_stories,10,18402,-0.0013378938639189272,negative,0.2696729898452759,3.8844427093499903,0.6,-0.001509837775899475,1.0
natural_stories,10,20773,-0.001309722236921294,negative,0.30897414684295654,16.943197345305485,1.0,-0.001033415651631885,1.0
natural_stories,10,12978,-0.0012767640917193488,negative,0.08894795924425125,4.352918211985165,1.0,-0.0009195366190435852,1.0
natural_stories,10,20517,0.0012400398515412462,positive,0.07235665619373322,8.061682607846965,0.6,0.0012570069335624712,1.0
natural_stories,10,5435,0.0012296515147766215,positive,0.030074162408709526,3.3378879562756194,1.0,0.0008456687974651913,1.0
natural_stories,10,3112,0.0012274962770625931,positive,0.03956369683146477,5.426507905524107,0.6,0.0013760589131105161,1.0
natural_stories,10,24386,-0.0012192430895745844,negative,0.0759570449590683,6.2756197540503615,0.8,-0.001417130248166475,1.0
natural_stories,10,18982,-0.0011565489482763453,negative,0.05483773350715637,6.080421627952372,0.8,-0.0009093985321639999,1.0
natural_stories,10,2647,-0.001145971743782941,negative,0.05334007367491722,5.436267811829007,0.6,-0.0011914822490387124,1.0
natural_stories,10,20520,-0.0011108632013417214,negative,0.05701890587806702,4.118680460667577,0.6,-0.0009130185592859221,1.0
natural_stories,10,21016,-0.0011103592487462042,negative,0.11259579658508301,5.221549873121218,0.8,-0.0010007137049252328,1.0
natural_stories,10,21487,-0.0011051462759487667,negative,0.04313409700989723,5.123950810072223,0.6,-0.0008142587368674828,1.0
natural_stories,10,9665,0.0010953618713062535,positive,0.05828631669282913,3.4062073004099163,0.8,0.0010240090468450532,1.0
natural_stories,10,18181,-0.0010821632685384577,negative,0.03929236903786659,3.689244583252001,0.6,-0.0013194677778488198,1.0
natural_stories,10,16471,-0.0010716405973543377,negative,0.06681162118911743,4.021081397618583,0.6,-0.0010156482016683884,1.0
natural_stories,10,7726,0.0010635355073191476,positive,0.1095414012670517,7.134491508881514,0.8,0.001152778269303284,1.0
natural_stories,10,2871,-0.0010539699362468442,negative,0.03184470161795616,2.7327737653718525,0.8,-0.0010107898308242592,1.0
natural_stories,10,7748,-0.0010438979578049632,negative,0.051588140428066254,4.421237556119461,0.6,-0.0009134848701677656,1.0
natural_stories,10,3560,-0.001043451526565215,negative,0.11975245177745819,3.5428459886785086,0.6,-0.0004964114211881913,1.0
natural_stories,10,20003,0.0010308997965678918,positive,0.1382954716682434,2.6937341401522543,0.6,0.0012030090797955394,1.0
natural_stories,10,3004,-0.0010080747206027301,negative,0.0632663294672966,2.9962912356041382,0.8,-0.0009177811356493352,1.0
natural_stories,10,10885,-0.0009860759314307235,negative,0.04413335770368576,3.3964473941050164,0.6,-0.001015003886202681,1.0
natural_stories,10,17748,0.0009733943483800708,positive,0.06264683604240417,4.840913527230139,0.8,0.0009195240608852445,1.0
natural_stories,10,12857,-0.000969272747569297,negative,0.055439531803131104,7.310169822369705,0.8,-0.0006842045097394279,1.0
natural_stories,10,1639,0.0009483133287714576,positive,0.08907122910022736,3.6990044895569,0.6,0.001032156456483303,1.0
natural_stories,10,5083,-0.0009086602734604813,negative,0.19826368987560272,12.922115947686901,0.8,-0.0012128570776731382,1.0
natural_stories,10,8034,-0.0008923568249744516,negative,0.13221491873264313,9.672067148155378,0.6,-0.001350165917950439,1.0
natural_stories,10,13231,-0.0008904345941572592,negative,0.14001719653606415,9.418309584227993,0.4,-0.0015468202995573164,1.0
natural_stories,10,10482,-0.000882159479285585,negative,0.07001720368862152,7.144251415186415,0.4,-0.0014430732281858739,1.0
natural_stories,10,15331,-0.0008749717265184615,negative,0.09861312806606293,8.500878391567442,0.6,-0.0009426659583475085,1.0
natural_stories,10,4949,-0.0008708132355210201,negative,0.10880102217197418,10.618778059730626,0.6,-0.0010720157069808427,1.0
natural_stories,10,15765,-0.0008243916530063344,negative,0.18674762547016144,11.204372438024594,0.8,-0.00087649610055669,1.0
natural_stories,10,16798,-0.0007946808525934235,negative,0.04362211003899574,5.309389029865313,0.4,-0.0010018795591543305,1.0
natural_stories,10,24301,0.0007921797727887855,positive,0.11817199736833572,8.120242045676362,0.8,0.0005871145015757543,1.0
natural_stories,10,14451,-0.0007662885937417893,negative,0.026394184678792953,3.14268983017763,0.6,-0.0008704189705885274,1.0
natural_stories,10,15383,-0.000758035961214182,negative,0.033368609845638275,2.859652547335546,0.4,-0.0010590131649909243,1.0
natural_stories,10,6768,-0.0007521193749831466,negative,0.08652685582637787,3.0060511419090377,0.6,-0.000969161646006153,1.0
natural_stories,10,5781,0.0007375143422290899,positive,0.20855948328971863,2.96701151668944,0.8,0.00033130610478544184,1.0
natural_stories,10,9634,-0.0007256059415609999,negative,0.07264583557844162,4.782354089400742,0.8,-0.0006608729668196938,1.0
natural_stories,10,8085,-0.0007241897965737076,negative,0.04206504300236702,5.641225844231895,0.6,-0.00033672646537563134,1.0
natural_stories,10,13634,-0.0007040504141036938,negative,0.07903652638196945,5.5729065000975995,0.4,-0.001053906676387179,1.0
natural_stories,10,11897,0.0006927823178324292,positive,0.3959909975528717,18.211985164942416,0.6,0.0013214436434250971,1.0
natural_stories,10,9985,-0.0006858715260346575,negative,0.22988782823085785,13.780987702518054,0.4,-0.0014265934500769747,1.0
natural_stories,10,403,0.0006849010386429542,positive,0.07025506347417831,4.645715401132149,0.6,0.0008556299286768483,1.0
natural_stories,10,8592,-0.0006772295463353627,negative,0.057639073580503464,2.9962912356041382,0.6,-0.0006473528435982646,1.0
natural_stories,10,2148,0.0006758125974340638,positive,0.10267598927021027,6.392738629709155,0.4,0.0005171603885988244,1.0
natural_stories,10,23857,0.0006630446692454588,positive,0.04988706856966019,5.026351747023228,0.6,0.0011006476430711896,1.0
natural_stories,10,4497,-0.0006569383655811617,negative,0.08626582473516464,3.8161233652156943,0.6,-0.0004256017271816194,1.0
natural_stories,10,2074,-0.0006508914608813322,negative,0.05489214509725571,3.0450907671286354,0.6,-0.0005097566648077816,1.0
natural_stories,10,19944,-0.0006438880203814598,negative,0.08817736804485321,5.20203006051142,0.8,-0.0006096828540940435,1.0
natural_stories,10,1012,-0.0006347970246177282,negative,0.061959851533174515,3.874682803045091,0.4,-0.000753457771811405,1.0
natural_stories,10,2246,-0.0006264243782387266,negative,0.1728600114583969,5.289869217255514,0.4,-0.001408772756264723,1.0
natural_stories,10,17007,0.0006231020624194669,positive,0.022885361686348915,3.0646105797384346,0.4,0.0010200293534664933,1.0
natural_stories,10,20268,-0.0006075218380287573,negative,0.17250415682792664,4.0991606480577785,0.4,-0.0010105065448321948,1.0
natural_stories,10,24098,-0.0006002075255504033,negative,0.058713510632514954,4.733554557876244,0.8,-0.0004797703832477916,1.0
natural_stories,10,13725,-0.0005894534258684656,negative,0.11069725453853607,6.8124146008198325,0.8,-0.0005681360268318554,1.0
natural_stories,10,5582,-0.0005399470600561317,negative,0.08407637476921082,2.664454421237556,0.4,-0.0008606739417429367,1.0
natural_stories,10,22619,-0.0005240956353402544,negative,0.17480430006980896,11.311731407378488,0.4,-0.0015572076134303331,1.0
natural_stories,10,24399,-0.000520722954600927,negative,0.0963406041264534,5.494827249658403,0.4,-0.0005093115187097594,1.0
natural_stories,10,16291,0.0005111147604398382,positive,0.07428748160600662,4.5676361506929535,0.6,0.0005797852324701807,1.0
natural_stories,10,19485,-0.0005067721180734468,negative,0.2985003590583801,20.876439586179973,0.6,-0.0006715672272906112,1.0
natural_stories,10,17185,-0.0004963564963876239,negative,0.06025161221623421,5.162990435291821,0.4,-0.0014610353651512147,1.0
natural_stories,10,15824,-0.0004908965880967919,negative,0.10794705152511597,11.789966816318563,0.2,-0.0004959154495291743,1.0
natural_stories,10,14586,-0.00048290245641801575,negative,0.04718159884214401,2.7230138590669526,0.4,-0.00010010920319452468,1.0
natural_stories,10,10838,-0.0004807598065668636,negative,0.06552743911743164,5.18251024790162,0.6,-0.0005942369888782734,1.0
natural_stories,10,12845,-0.00047957364055150876,negative,0.04461244121193886,3.52332617606871,0.6,-0.00034848861095181533,1.0
natural_stories,10,17767,-0.0004718097317689306,negative,0.023121817037463188,2.77181339059145,0.6,-0.0002546286658315891,1.0
natural_stories,10,9670,0.0004604164376161554,positive,1.4843699932098389,39.53738044114776,0.4,0.0023174439929045487,1.0
natural_stories,10,21835,-0.00045953329336369844,negative,0.07308772206306458,4.5676361506929535,0.4,-0.0010061839837965708,1.0
natural_stories,10,13223,0.00045242427051195685,positive,0.056189943104982376,3.9137224282646885,0.2,0.0011865572124251517,1.0
natural_stories,10,50,0.0004318340404301468,positive,0.026848100125789642,3.0060511419090377,0.4,0.00033999237186486714,1.0
natural_stories,10,6911,-0.0004073662406334102,negative,0.2504836916923523,12.736677727893811,0.6,-0.0006401613748737556,1.0
natural_stories,10,12368,-0.0003969804752531501,negative,0.09915420413017273,4.4993168065586575,0.4,-0.0002917208714295859,1.0
natural_stories,10,4736,-0.00039474955612473384,negative,0.03883366659283638,3.806363458910794,0.4,-0.0010730426739197995,1.0
natural_stories,10,4039,-0.0003885323322512042,negative,0.02517826482653618,3.054850673433535,0.6,-0.0006510149453362533,1.0
natural_stories,10,17643,-0.0003780579384158794,negative,0.02862987294793129,3.8551629904352915,0.6,-0.0003499182253444413,1.0
natural_stories,10,5616,-0.0003729758588860969,negative,0.050923775881528854,4.596915869607652,0.6,-0.0004946241444869569,1.0
natural_stories,10,10059,0.00036454677627496617,positive,0.07171457260847092,5.846183876634784,0.2,0.0023345317010112186,1.0
natural_stories,10,1134,0.00031952317485917504,positive,0.10923036187887192,4.460277181339059,0.2,0.001956782249211665,1.0
natural_stories,10,9294,0.0003127899913571133,positive,0.04182366654276848,3.8942026156548897,0.6,0.0005619850004861784,1.0
natural_stories,10,4956,0.0003069203678026321,positive,0.025654003024101257,2.8986921725551436,0.6,0.00035202920589131416,1.0
natural_stories,10,20599,-0.0003044858526954705,negative,0.03418703377246857,2.849892641030646,0.4,-0.00040083542056625,1.0
natural_stories,10,17979,-0.00029330518405152445,negative,0.3842708170413971,14.62033964473941,0.4,-0.0022959370638588783,1.0
natural_stories,10,7725,-0.00028540086433880663,negative,0.08677168190479279,7.017372633222721,0.6,-0.0003266127359901716,1.0
natural_stories,10,23731,0.00025725381145293234,positive,0.0171470046043396,2.8791723599453447,0.2,0.00011949049087194916,1.0
natural_stories,10,14233,0.0002570226213858657,positive,0.03405504301190376,3.972281866094086,0.2,0.001872153910839736,1.0
natural_stories,10,21566,-0.000242277010422515,negative,0.018781842663884163,2.7230138590669526,0.4,-9.992836953171355e-05,1.0
natural_stories,10,22956,-0.00019008252348975578,negative,0.17739421129226685,6.422018348623854,0.4,-0.00040744075617287065,1.0
natural_stories,10,18600,-0.00017503721940048984,negative,0.06126797944307327,4.27483896154597,0.4,-0.0005291835033034624,1.0
natural_stories,10,17565,-0.00017134336708143712,negative,0.4071943461894989,22.584423189537382,0.2,-0.0014610330576592765,1.0
natural_stories,10,4972,-0.0001389635733574208,negative,0.040532436221838,3.2402888932266247,0.2,-0.0004630590959051033,1.0
natural_stories,10,5885,-0.00013677351855891052,negative,0.07113399356603622,5.816904157720086,0.2,-2.013280987011733e-05,1.0
natural_stories,10,8639,-0.00013393088141193399,negative,0.05420004203915596,3.8161233652156943,0.2,-0.00042775181782552055,1.0
natural_stories,10,2035,-0.00010446991507064939,negative,0.09652090072631836,5.611946125317197,0.0,0.0,0.0
natural_stories,10,3909,-9.47289000891413e-05,negative,0.04103585332632065,5.17275034159672,0.2,-0.0008878353058025428,1.0
natural_stories,10,10916,-8.513219934907719e-05,negative,0.01736234314739704,2.6937341401522543,0.2,-6.460224925966792e-05,1.0
natural_stories,10,5490,-8.388068799745227e-05,negative,0.08156421035528183,4.860433339839938,0.0,0.0,0.0
natural_stories,10,4883,-8.073353276020135e-05,negative,0.024567412212491035,3.5916455202030058,0.4,-0.0002618833153300662,1.0
natural_stories,10,14475,-8.045521603718828e-05,negative,0.08229131996631622,5.065391372242827,0.4,-0.0003908820364240226,1.0
natural_stories,10,20585,-7.779182593098895e-05,negative,0.044921573251485825,2.7620534842865507,0.2,-0.0006068912707540647,1.0
natural_stories,10,3179,-7.181934948686794e-05,negative,0.03656239062547684,2.976771422994339,0.2,-0.0008956564567379205,1.0
natural_stories,10,8840,4.341185809388419e-05,positive,0.03774530440568924,4.304118680460667,0.4,0.0006814415493125271,1.0
natural_stories,10,9651,1.1943329331820033e-05,positive,0.10609946399927139,5.250829592035917,0.2,0.0013704614369783978,1.0
natural_stories,10,22140,-1.1634308512783421e-05,negative,0.05677727982401848,3.6404450517275033,0.2,-0.00010011055469661433,1.0
natural_stories,11,6339,0.005885648179146021,positive,0.053477637469768524,3.2402888932266247,1.0,0.005181321118299343,1.0
natural_stories,11,23047,0.005415228260579812,positive,0.20965346693992615,8.822955299629124,1.0,0.004833899277778724,1.0
natural_stories,11,15018,0.004929804535727843,positive,0.26646849513053894,4.216279523716572,0.8,0.004749279228051151,1.0
natural_stories,11,22990,-0.004860420674956596,negative,0.0657491460442543,2.908452078860043,1.0,-0.003790256581405595,1.0
natural_stories,11,7491,-0.004623289482682877,negative,0.5198535919189453,15.791528401327348,1.0,-0.004521794799772423,1.0
natural_stories,11,2396,0.004288673825295686,positive,0.14200524985790253,4.753074370486043,1.0,0.0034631818150276375,1.0
natural_stories,11,5186,0.0034640373756771106,positive,0.3652321994304657,5.5045871559633035,0.8,0.0033652964141362533,1.0
natural_stories,11,20593,0.003342862061448151,positive,0.1010909304022789,3.425727113019715,1.0,0.00222180410147964,1.0
natural_stories,11,17660,-0.0033392010808626343,negative,0.14536337554454803,3.2305289869217253,0.8,-0.00327115651336447,1.0
natural_stories,11,11493,0.003254910930321131,positive,0.031189898028969765,2.352137419480773,0.8,0.003163460160870904,1.0
natural_stories,11,5875,-0.0032353003075728027,negative,0.2873769998550415,7.671286355650986,0.8,-0.0032178621927973386,1.0
natural_stories,11,3647,-0.0032190784288353446,negative,0.19222064316272736,11.194612531719695,1.0,-0.0027691864462660973,1.0
natural_stories,11,15634,0.0031868055953398096,positive,0.13087622821331024,5.641225844231895,0.8,0.002936347659835435,1.0
natural_stories,11,13172,-0.003184742901205267,negative,0.25364184379577637,9.408549677923093,1.0,-0.002362154797533248,1.0
natural_stories,11,12999,0.003128543813252663,positive,0.044803377240896225,2.352137419480773,0.8,0.003009696134299594,1.0
natural_stories,11,16590,0.002977582161130607,positive,0.1412641406059265,3.347647862580519,0.8,0.002874633562037466,1.0
natural_stories,11,10222,-0.002898818180555027,negative,0.4855756461620331,14.425141518641421,1.0,-0.0020138022389514284,1.0
natural_stories,11,15316,-0.0028819283817818,negative,0.13054928183555603,5.426507905524107,0.8,-0.0037130757921916965,1.0
natural_stories,11,17295,-0.002837858226083832,negative,0.4984287917613983,14.06402498536014,0.8,-0.002079382302945201,1.0
natural_stories,11,1649,-0.0027407598278313696,negative,0.7367711067199707,3.5428459886785086,1.0,-0.002045472805742568,1.0
natural_stories,11,1617,0.0027134671330916738,positive,0.404659241437912,3.972281866094086,1.0,0.0018841850182736493,1.0
natural_stories,11,5640,0.0026759509217934765,positive,1.9656883478164673,39.146984188951784,0.8,0.0019237904923902513,1.0
natural_stories,11,10327,-0.0026569342529952434,negative,0.04978513717651367,2.8108530158110483,0.8,-0.002964178503342248,1.0
natural_stories,11,8475,-0.002509253472939256,negative,0.12388299405574799,4.694514932656647,0.8,-0.002327840264134875,1.0
natural_stories,11,18030,-0.002440624396412124,negative,0.24597890675067902,7.876244388053874,0.6,-0.0021304864571909357,1.0
natural_stories,11,740,-0.002426736429506258,negative,1.5294255018234253,34.05231309779426,0.8,-0.003167820536273501,1.0
natural_stories,11,6430,-0.0024059022925171903,negative,0.07681889832019806,3.6111653328128055,0.8,-0.002253532386371429,1.0
natural_stories,11,5760,-0.002321040764177966,negative,0.07668311893939972,4.245559242631271,0.8,-0.001892818948954484,1.0
natural_stories,11,4481,-0.0022960855648840846,negative,0.038144923746585846,1.9324614483700957,0.8,-0.0014806377091872523,1.0
natural_stories,11,18616,-0.0022682977688946,negative,0.3330031931400299,6.822174507124731,0.8,-0.0016914608439208513,1.0
natural_stories,11,3244,-0.0021054763810177124,negative,0.19955694675445557,10.40406012102284,0.8,-0.0017755239338853453,1.0
natural_stories,11,18592,-0.0020904441606297863,negative,0.07931114733219147,3.6599648643373026,0.8,-0.0014511897186916538,1.0
natural_stories,11,10722,0.002037331596687124,positive,0.09488355368375778,2.166699199687683,0.8,0.001578851512089004,1.0
natural_stories,11,12986,-0.002032353470761207,negative,0.05638018622994423,3.425727113019715,0.8,-0.0019041975991761614,1.0
natural_stories,11,9034,0.002016905248949869,positive,0.21082627773284912,6.431778254928752,0.8,0.001274728643078902,1.0
natural_stories,11,22193,-0.0020010061371325983,negative,0.08026985824108124,2.293577981651376,1.0,-0.0011459155175567923,1.0
natural_stories,11,1511,-0.0019886674042629976,negative,0.10751397162675858,5.641225844231895,1.0,-0.0013312341923996077,1.0
natural_stories,11,8350,-0.0019861411625965346,negative,0.05294155329465866,3.250048799531525,1.0,-0.0011834874639628343,1.0
natural_stories,11,21132,-0.0019491826716361382,negative,0.09669583290815353,3.2695686121413234,1.0,-0.0017252577601528968,1.0
natural_stories,11,12412,-0.001926733894059949,negative,0.0554344467818737,2.576615264493461,0.8,-0.0012655207095427323,1.0
natural_stories,11,12781,0.0019083905214646996,positive,0.047595713287591934,2.5961350771032596,0.8,0.0014402352750867177,1.0
natural_stories,11,11473,-0.0019043885295822612,negative,0.036133140325546265,4.4505172750341595,1.0,-0.0010488118869466598,1.0
natural_stories,11,3289,0.0019040745681802545,positive,0.10458355396986008,4.0991606480577785,0.4,0.0021946655599215143,1.0
natural_stories,11,24106,-0.0018017315957528349,negative,0.220309779047966,15.51825102479016,1.0,-0.001242420425208826,1.0
natural_stories,11,14013,0.001797838792412635,positive,0.0801406279206276,3.1914893617021276,1.0,0.0009715439327203279,1.0
natural_stories,11,20271,-0.0017584512328946646,negative,0.07448393106460571,4.138200273277377,0.8,-0.0013499028886143868,1.0
natural_stories,11,21106,-0.0017495953040587485,negative,0.07927718758583069,2.137419480772985,0.8,-0.001029914083393819,1.0
natural_stories,11,11322,0.0017433665316615571,positive,0.4082961976528168,10.462619558852234,0.6,0.002211745274248953,1.0
natural_stories,11,6174,-0.0017426860229887728,negative,0.1448715180158615,5.114190903767324,0.4,-0.0009857645775342332,1.0
natural_stories,11,5307,-0.0017170703606571762,negative,0.05596994608640671,3.5135662697638104,0.8,-0.0017018558720610158,1.0
natural_stories,11,11260,-0.0017156782856748974,negative,0.5458850264549255,14.298262736677728,0.6,-0.0009948907488777118,1.0
natural_stories,11,5068,0.0016943325309021664,positive,0.07217348366975784,1.9519812609798946,0.6,0.00163976129133092,1.0
natural_stories,11,17303,0.0016018453482050884,positive,0.20907020568847656,3.6599648643373026,0.8,0.001681722025776413,1.0
natural_stories,11,15204,-0.0015972886615594657,negative,0.028146523982286453,3.2402888932266247,0.8,-0.0013721531027445528,1.0
natural_stories,11,13699,0.0015702157774640279,positive,0.04642250016331673,3.113410111262932,0.6,0.0004379162598452475,1.0
natural_stories,11,15226,0.0014907926431100987,positive,0.1656123399734497,5.777864532500488,0.8,0.0016724348595288795,1.0
natural_stories,11,11160,-0.0014154875062420374,negative,0.10098138451576233,7.612726917821588,0.4,-0.0018327023841417213,1.0
natural_stories,11,15001,-0.0014133881970097304,negative,0.04163789376616478,3.2988483310560217,0.8,-0.0010907036982880497,1.0
natural_stories,11,18819,0.0014036918802135306,positive,0.7962651252746582,24.926800702713255,0.6,0.0033010847096265144,1.0
natural_stories,11,9190,-0.0013433005486251394,negative,0.05593442544341087,1.9422213546749951,0.8,-0.0009862370512184675,1.0
natural_stories,11,12871,-0.001303713885920152,negative,0.043118882924318314,3.669724770642202,0.8,-0.0007305158234242835,1.0
natural_stories,11,14856,-0.0012906411100881824,negative,0.31172704696655273,6.578176849502245,0.8,-0.0012370972314000549,1.0
natural_stories,11,11792,-0.0012611273439014088,negative,0.1853179633617401,12.76595744680851,0.8,-0.0011473715954549975,1.0
natural_stories,11,4531,0.001200771035958734,positive,0.062455739825963974,2.644934608627757,0.6,0.0013835320962950499,1.0
natural_stories,11,1939,-0.0011702152764140102,negative,0.08154609054327011,3.0353308608237364,0.4,-0.001014598798108779,1.0
natural_stories,11,2229,0.0011633317235817764,positive,0.0598425567150116,1.9715010735896936,0.6,0.001115430588045502,1.0
natural_stories,11,3539,-0.0011341625180916687,negative,0.061879463493824005,5.260589498340816,0.6,-0.0007952122640642992,1.0
natural_stories,11,742,-0.0011306045161503442,negative,0.12685081362724304,5.865703689244583,0.8,-0.0008479681678872349,1.0
natural_stories,11,1108,0.0011240013848726022,positive,0.09804674983024597,3.8551629904352915,0.8,0.0007689034719340503,1.0
natural_stories,11,4988,-0.0011152406390246795,negative,0.08380654454231262,2.927971891469842,0.6,-0.000347729879838599,1.0
natural_stories,11,12882,-0.0010978759982766362,negative,0.04014672711491585,2.674214327542456,0.4,-0.0008270183922130084,1.0
natural_stories,11,15906,0.0010406779501382056,positive,0.42351579666137695,3.8258832715205937,0.2,0.0009143513735810507,1.0
natural_stories,11,6937,-0.0010222024971449407,negative,0.027714496478438377,2.3228577005660744,0.6,-0.0006758936568720983,1.0
natural_stories,11,18688,-0.0010085369371020535,negative,0.166869655251503,9.84774546164357,0.6,-0.001220945528492087,1.0
natural_stories,11,17225,0.0009990588819779743,positive,0.04729565232992172,2.1569392933827833,0.8,0.0013365725668985267,1.0
natural_stories,11,20293,-0.0009527637528626739,negative,0.11195036768913269,4.577396056997853,0.4,-0.0005153894913777887,1.0
natural_stories,11,9477,0.000949708207070849,positive,0.24962957203388214,4.0991606480577785,0.2,0.0027077323123936505,1.0
natural_stories,11,20049,0.0009478942767409563,positive,0.06845492869615555,2.2642982627366774,0.4,0.0013216472497300969,1.0
natural_stories,11,22775,-0.0009389353765192627,negative,0.0403982549905777,1.9422213546749951,0.4,-0.0014136233664066365,1.0
natural_stories,11,23309,-0.0009281191364536161,negative,0.09008386731147766,7.329689634979504,0.8,-0.0006306214356487453,1.0
natural_stories,11,19886,-0.0009234301214953593,negative,0.11033467203378677,7.417528791723599,0.6,-0.0005463263577465928,1.0
natural_stories,11,21982,-0.0008969743236781183,negative,0.05488063767552376,3.1914893617021276,0.8,-0.0005323329004132176,1.0
natural_stories,11,21810,0.0008878788958879302,positive,0.04288845136761665,2.391177044700371,0.6,0.000534193851712068,1.0
natural_stories,11,17317,-0.0008875960670281152,negative,0.09358672052621841,3.15244973648253,0.4,-0.0005128626802635152,1.0
natural_stories,11,21823,-0.000838009674252142,negative,0.09765955060720444,3.455006831934414,0.6,-0.0006369195323012545,1.0
natural_stories,11,1381,-0.0008327649840189234,negative,0.07107799500226974,3.5428459886785086,0.2,-0.0011333540362051407,1.0
natural_stories,11,23180,0.0008110057895786782,positive,0.27410754561424255,13.0001951981261,0.6,0.0003733291433578567,1.0
natural_stories,11,24329,-0.0008049117971638641,negative,0.12402765452861786,5.465547530743705,0.4,-0.0011324091403272982,1.0
natural_stories,11,5931,-0.0008000281017300723,negative,0.03807952255010605,3.7673238336911967,0.2,-0.0006650028755626105,1.0
natural_stories,11,9790,-0.0007800566854322223,negative,0.24613253772258759,3.9625219597891856,0.6,-0.0010366684148298572,1.0
natural_stories,11,9928,-0.0007698208212494317,negative,0.08470667153596878,5.963302752293578,0.6,-0.0012767500915012505,1.0
natural_stories,11,11583,0.000763864857685018,positive,0.10192572325468063,5.328908842475112,0.6,0.0002975663481955411,1.0
natural_stories,11,6836,-0.0007627264257395841,negative,0.042821817100048065,2.4204567636150696,0.6,-0.0002653056197273958,1.0
natural_stories,11,9302,-0.0007510158265471242,negative,0.04247613623738289,2.557095451883662,0.4,-0.0007769642415843667,1.0
natural_stories,11,21594,-0.0007410774090874342,negative,0.10007261484861374,3.15244973648253,0.4,-0.00012705322886798212,1.0
natural_stories,11,14230,-0.0007395782058615934,negative,0.09852145612239838,3.054850673433535,0.8,-0.0005284036098040671,1.0
natural_stories,11,21073,-0.0007359185816916878,negative,0.23661306500434875,15.820808120242047,0.4,-0.0009144181090980875,1.0
natural_stories,11,4297,-0.0007141292259878281,negative,0.14817586541175842,3.054850673433535,0.6,-0.0004598761512672464,1.0
natural_stories,11,15944,0.000707401487412811,positive,0.0604592002928257,2.449736482529768,0.2,0.0005119633989826304,1.0
natural_stories,11,24414,-0.0007062276724160817,negative,0.06420633941888809,2.557095451883662,0.6,-0.00032208492451077283,1.0
natural_stories,11,23815,-0.0006979803956960085,negative,0.08043098449707031,5.768104626195589,0.8,-0.00030383216304520307,1.0
natural_stories,11,15878,0.0006934843102009736,positive,0.028612729161977768,2.137419480772985,0.2,0.0012022238664793103,1.0
natural_stories,11,19594,0.0006799606539989665,positive,0.1154000535607338,2.0593402303337887,0.4,0.0003262797699624169,1.0
natural_stories,11,7301,0.0006612234767254306,positive,0.1303860992193222,2.2252586375170798,0.4,0.001388665624755597,1.0
natural_stories,11,20860,-0.000654632213689758,negative,0.08737200498580933,4.001561585008783,0.4,-0.000994407955762781,1.0
natural_stories,11,15921,-0.0006532715057270905,negative,0.07826224714517593,3.6111653328128055,0.2,-0.0003373159405342058,1.0
natural_stories,11,945,-0.0006532433324673583,negative,0.08865700662136078,2.3423775131758737,0.6,-0.00034864263682157234,1.0
natural_stories,11,21749,-0.0006288928466387356,negative,0.10607481002807617,5.211789966816319,0.6,-0.0005296754503659743,1.0
natural_stories,11,6139,0.0006166759355192331,positive,0.021647678688168526,1.9910208861994925,0.6,0.0007095785808811998,1.0
natural_stories,11,11538,-0.0005861074252396714,negative,0.043189555406570435,3.806363458910794,0.6,-0.0007424705650492122,1.0
natural_stories,11,9824,0.0005428340665023479,positive,0.054060887545347214,2.4887761077493655,0.4,0.0007799857241978786,1.0
natural_stories,11,15710,-0.0005299180766513762,negative,0.07723404467105865,4.167479992192074,0.6,-0.00042276360292263054,1.0
natural_stories,11,7969,-0.000524733584061237,negative,0.10211624950170517,3.1036502049580323,0.4,-0.0002662562495580802,1.0
natural_stories,11,22181,-0.0005008641265044138,negative,0.3770458996295929,12.326761663088034,0.4,-0.0004415540906197818,1.0
natural_stories,11,15571,-0.0004604540493471903,negative,0.06248392164707184,2.849892641030646,0.2,-0.0021293441918898708,1.0
natural_stories,11,19442,-0.0004541237028947643,negative,0.07751511037349701,2.742533671676752,0.6,-0.0001296306082441079,1.0
natural_stories,11,22563,-0.0004281676853608345,negative,0.06618309020996094,4.6847550263517475,0.2,-0.00018361553580545156,1.0
natural_stories,11,11437,-0.0003950457794091643,negative,0.06724197417497635,3.4647667382393132,0.2,-4.459671058113717e-05,1.0
natural_stories,11,1447,0.0003913254279203514,positive,0.07036598026752472,2.8986921725551436,0.2,0.0010622680026759154,1.0
natural_stories,11,16648,-0.0003496526667104689,negative,0.07970502227544785,5.748584813585789,0.4,-0.0005422218623284086,1.0
natural_stories,11,3730,0.00031613094906450176,positive,0.04509701207280159,4.011321491313683,0.2,0.00028408095481793227,1.0
natural_stories,11,17828,-0.00030966507593511083,negative,0.07329783588647842,2.5082959203591644,0.2,-0.00026456265940912873,1.0
natural_stories,11,8637,-0.00030954735388535095,negative,0.06004570797085762,4.4993168065586575,0.2,-0.0008371326560387878,1.0
natural_stories,11,10480,0.0003073004738194008,positive,0.3324192762374878,11.360530938902986,0.4,8.289554230566016e-05,1.0
natural_stories,11,9254,0.00029782709161998755,positive,0.1253822296857834,2.244778450126879,0.2,0.00034583789074161473,1.0
natural_stories,11,2874,-0.00029072683503027886,negative,0.04417109489440918,2.293577981651376,0.6,-0.0001527377083022545,1.0
natural_stories,11,11056,-0.00028038637387151234,negative,0.03934865444898605,3.3086082373609216,0.2,-0.0004106304083017523,1.0
natural_stories,11,24019,-0.00027138433347893224,negative,0.041866328567266464,3.113410111262932,0.2,-0.00013386754577995711,1.0
natural_stories,11,17347,0.00026910183325360646,positive,0.1500340700149536,5.114190903767324,0.4,0.00027507856114498166,1.0
natural_stories,11,6170,-0.00023402316990862808,negative,0.0554656945168972,2.205738824907281,0.2,-0.0008553605202109843,1.0
natural_stories,11,1149,0.00023322321983264434,positive,0.10046776384115219,3.1622096427874293,0.2,0.0008464428614132328,1.0
natural_stories,11,18442,0.0002317321070555658,positive,0.04745498299598694,3.347647862580519,0.0,0.0,0.0
natural_stories,11,14194,-0.00022516179151326366,negative,0.031310539692640305,2.674214327542456,0.4,-0.00024577091454985043,1.0
natural_stories,11,24441,-0.00022110011621122237,negative,0.08991649001836777,3.601405426507905,0.2,-0.000670411461460342,1.0
natural_stories,11,1030,-0.0001822748639831696,negative,0.09845258295536041,7.9543236384930704,0.6,-0.00037806847383807995,1.0
natural_stories,11,5653,-0.0001787064641033993,negative,0.3205079138278961,7.271130197150108,0.2,-0.0008206841707458425,1.0
natural_stories,11,13715,-0.00017085658917261092,negative,0.252727210521698,3.14268983017763,0.6,-0.000324972352085629,1.0
natural_stories,11,254,-0.0001626268853859513,negative,0.05145300552248955,2.664454421237556,0.2,-0.00016247107749827708,1.0
natural_stories,11,4213,0.00014924450503289914,positive,0.39263540506362915,6.402498536014055,0.4,5.931732477962955e-05,1.0
natural_stories,11,9557,-0.00014756730525997217,negative,0.09912952035665512,3.074370486043334,0.2,-0.0003773968937572841,1.0
natural_stories,11,18509,-0.00013367097291906252,negative,0.07126851379871368,2.0691001366386885,0.2,-0.0005568755977864678,1.0
natural_stories,11,423,-0.00013153566469629446,negative,0.08317729830741882,6.3439390981846575,0.4,-0.00038525764377685606,1.0
natural_stories,11,22964,0.00013102534901564267,positive,0.12706635892391205,3.952762053484286,0.2,0.00047849197283269537,1.0
natural_stories,11,909,0.00011817254670646513,positive,0.1227361336350441,4.4993168065586575,0.2,0.0003070357249435693,1.0
natural_stories,11,11536,-0.00010970091419127212,negative,0.01949322037398815,2.0788600429435875,0.2,-9.274216320373137e-05,1.0
natural_stories,11,22924,-8.998247172396563e-05,negative,0.05812563747167587,3.8551629904352915,0.2,-0.0005979215632888524,1.0
natural_stories,11,16375,7.829797589104052e-05,positive,0.3035726845264435,5.192270154206519,0.4,0.0007773832555954545,1.0
natural_stories,11,23974,-2.2917585643428227e-05,negative,0.02302645705640316,2.479016201444466,0.2,-0.0001829090592558078,1.0
natural_stories,11,20597,-1.9844299778425602e-05,negative,0.05448431894183159,2.742533671676752,0.2,-4.470464327755371e-05,1.0
natural_stories,11,3784,-1.8926949239245537e-05,negative,0.07997247576713562,2.1862190122974816,0.0,0.0,0.0
natural_stories,11,1280,-1.1075013077651963e-05,negative,0.04528507590293884,3.1036502049580323,0.2,-0.000162360201596438,1.0
natural_stories,11,14827,1.0284116834372306e-05,positive,0.021160215139389038,2.0105406988092915,0.2,0.0004376544738356662,1.0
natural_stories,11,9435,5.820240989940033e-06,positive,0.05689802020788193,3.8844427093499903,0.2,0.0009364011350805231,1.0
natural_stories,12,7785,0.004974982305819131,positive,0.44006016850471497,4.723794651571344,0.8,0.005838056373709247,1.0
natural_stories,12,21864,-0.004053229739454708,negative,1.5007603168487549,27.59125512395081,1.0,-0.004219478366272345,1.0
natural_stories,12,6809,0.004044126347862294,positive,0.17681270837783813,2.352137419480773,0.8,0.005088242112917925,1.0
natural_stories,12,15790,-0.0038479159834529397,negative,0.1809847056865692,4.967792309193832,1.0,-0.004246481042903572,1.0
natural_stories,12,13603,-0.0035416091986261245,negative,0.16279761493206024,5.963302752293578,0.8,-0.005663589356329692,1.0
natural_stories,12,7055,0.003515311402860353,positive,0.12473233789205551,4.372438024594963,1.0,0.004049143936768031,1.0
natural_stories,12,20154,0.0034192438024554976,positive,0.08887002617120743,2.537575639273863,1.0,0.003934534412837384,1.0
natural_stories,12,16981,-0.0033604450676190333,negative,0.7403926253318787,11.155572906500097,1.0,-0.0031295014174878193,1.0
natural_stories,12,20129,-0.0031043383188331204,negative,0.22544054687023163,7.5834471989068915,1.0,-0.0029511520963990882,1.0
natural_stories,12,7803,-0.002524617394070946,negative,0.18519076704978943,6.041382002732774,1.0,-0.0024017427279429907,1.0
natural_stories,12,6069,0.0023040827286734985,positive,0.14531934261322021,5.045871559633028,1.0,0.0027648972565705895,1.0
natural_stories,12,6937,0.002300019193415133,positive,0.8407487273216248,8.569197735701737,0.8,0.004108830628733762,1.0
natural_stories,12,5026,-0.0021963335776119417,negative,0.10727802664041519,2.352137419480773,1.0,-0.0022818496878220683,1.0
natural_stories,12,971,0.0017581842258917457,positive,0.18868385255336761,3.6209252391177045,0.8,0.0025720895220448844,1.0
natural_stories,12,2214,-0.0017154381887598174,negative,0.2489248812198639,4.674995120046847,1.0,-0.0017344801886008654,1.0
natural_stories,12,2595,0.0016296009192889357,positive,0.11152719706296921,3.4354870193246145,1.0,0.0019182073116238538,1.0
natural_stories,12,15605,0.0015397928459551624,positive,0.15584856271743774,4.44075736872926,0.8,0.0016673331740794048,1.0
natural_stories,12,4432,-0.0014516910084794124,negative,0.7692939639091492,3.3378879562756194,0.8,-0.0026313840779489807,1.0
natural_stories,12,3075,-0.0011044244221488438,negative,0.10526269674301147,3.796603552605895,0.8,-0.002050492252543305,1.0
natural_stories,12,22120,-0.0011025927095588664,negative,0.29028716683387756,5.260589498340816,0.8,-0.0015039468312324264,1.0
natural_stories,12,12217,-0.0010908626707964815,negative,0.16623827815055847,8.70583642397033,1.0,-0.0010063585040739444,1.0
natural_stories,12,8299,-0.001073647896104832,negative,0.25247830152511597,8.70583642397033,0.8,-0.001354197022957489,1.0
natural_stories,12,22830,-0.0009242380831713541,negative,0.4031335115432739,6.617216474721843,0.6,-0.002650194431323007,1.0
natural_stories,12,3364,-0.0008381592379194722,negative,0.22966258227825165,9.086472769861409,0.8,-0.001425597776860002,1.0
natural_stories,12,9364,0.0007759399216012054,positive,0.07743362337350845,2.166699199687683,0.8,0.001917684658145841,1.0
natural_stories,12,22393,0.0006895682670374647,positive,0.9623727798461914,19.305094671091158,0.6,0.0025944915941954576,1.0
natural_stories,12,5510,-0.0006734760629993334,negative,0.08536659926176071,2.9474917040796407,0.6,-0.002774599836295539,1.0
natural_stories,12,11360,-0.0006576313154117954,negative,0.07113400101661682,2.2838180753464767,0.6,-0.0013224490304116884,1.0
natural_stories,12,14305,-0.000620740489038452,negative,0.1414356678724289,3.4354870193246145,0.6,-0.0015556884281525817,1.0
natural_stories,12,8540,-0.0005995423720995914,negative,0.252653032541275,2.908452078860043,0.8,-0.0009915548707608594,1.0
natural_stories,12,14521,-0.00048404235720543083,negative,0.09490914642810822,3.5038063634589105,0.6,-0.002005135087484362,1.0
natural_stories,12,15119,0.00045679108466388843,positive,0.061104804277420044,3.0450907671286354,1.0,0.001468009825159103,1.0
natural_stories,12,1531,-0.00044693527028587693,negative,0.632297694683075,13.89810657817685,0.8,-0.0006751317638028015,1.0
natural_stories,12,6748,0.00038506343364179635,positive,0.3224959373474121,6.451298067538552,0.6,0.00108737934927882,1.0
natural_stories,12,1403,-0.00034279820444282287,negative,0.11207548528909683,6.373218817099356,0.6,-0.000886821458025287,1.0
natural_stories,12,6946,-0.0003375247609610926,negative,0.11905191093683243,5.328908842475112,0.8,-0.0009674529397160978,1.0
natural_stories,12,9539,-0.0003023377669035138,negative,0.05353203043341637,2.908452078860043,0.6,-0.0014089825986189108,1.0
natural_stories,12,6993,0.0003022304653013689,positive,0.08843447268009186,3.669724770642202,0.6,0.002473701017201832,1.0
natural_stories,12,5301,0.0002651498633920489,positive,0.4759722352027893,3.494046457154011,0.6,0.0016948585485571518,1.0
natural_stories,12,1828,-0.00024981346320726767,negative,0.24284148216247559,3.5721257075932074,0.6,-0.002491458827785665,1.0
natural_stories,12,2491,-0.0001442337198192489,negative,0.05390332266688347,2.537575639273863,0.6,-0.001977216706155495,1.0
natural_stories,12,15596,0.0001436153297818608,positive,0.13312144577503204,4.118680460667577,0.6,0.0018431629074891858,1.0
natural_stories,12,23204,-0.00010590102364638508,negative,0.2024073451757431,3.054850673433535,0.6,-0.0021309397225363342,1.0
