hidden_row_idx,row_uid,text_id,word_position,word,word_clean,primary_RT,log_primary_RT,surprisal,surprisal_z,zipf_freq,zipf_freq_z,word_length,word_length_z,is_sentence_final,is_sentence_final_z,start_token_idx,end_token_idx,hidden_token_idx,n_tokens,RT_prime,RT_resid_controls_oof,controls_oof_pred,controls_surprisal_oof_pred
1,provo:1:3,1,3,now,now,182.76666666666668,5.208210293741893,9.602639198303224,0.7129459029407655,6.18,0.3331024572555055,3,-0.6912821334247348,0,-0.2088879996334169,1,1,1,1,5.224694479440398,-0.10693942318715166,5.315149716929045,5.325850492045771
2,provo:1:4,1,4,rumblings,rumblings,193.53333333333333,5.26544976292242,21.732053756713867,3.2806225671012217,2.59,-2.2946953024026873,9,1.6811476328741586,0,-0.2088879996334169,2,4,4,3,5.173412176252037,-0.15989699683439706,5.425346759756817,5.446437688773925
3,provo:1:5,1,5,that,that,209.7962962962963,5.3461370423092145,1.4818065166473389,-1.0061537675194763,7.01,0.9406434434717452,4,-0.2958771723749192,0,-0.2088879996334169,5,5,5,1,5.382037100071654,0.0488595520654167,5.297277490243798,5.292271666446771
4,provo:1:6,1,6,Apple,apple,198.56521739130432,5.291117597255849,8.228249549865723,0.42200125670393335,4.76,-0.706305013138543,5,0.0995277886748964,0,-0.2088879996334169,6,6,6,1,5.265563938443052,-0.06643068159475529,5.357548278850604,5.357293076491564
5,provo:1:7,1,7,might,might,223.8904109589041,5.411156695349067,4.204497814178467,-0.4297870455546626,5.66,-0.047525630494427436,5,0.0995277886748964,0,-0.2088879996334169,7,7,7,1,5.409233760489275,0.07644241447341305,5.334714280875654,5.329266182516375
6,provo:1:8,1,8,soon,soon,204.0,5.318119993844216,4.537541389465332,-0.3592850264922765,5.32,-0.2963978417155375,4,-0.2958771723749192,0,-0.2088879996334169,8,8,8,1,5.309646803294903,-0.022034670374766918,5.340154664218983,5.333882903473962
7,provo:1:9,1,9,invade,invade,216.35064935064935,5.376900468056033,14.264548301696776,1.6998257855250836,3.61,-1.5480786687393568,6,0.49493274972471196,0,-0.2088879996334169,9,9,9,1,5.318775088610563,-0.013010379654216031,5.389910847710249,5.398361053202067
8,provo:1:10,1,10,the,the,199.79310344827587,5.297282348342821,1.1605758666992188,-1.0741551075439995,7.73,1.4676669495870378,3,-0.6912821334247348,0,-0.2088879996334169,10,10,10,1,5.354463891960388,0.021457850148413726,5.275824498194408,5.273879549489954
9,provo:1:11,1,11,smart,smart,241.3,5.4860409726309864,9.46038818359375,0.6828327751254257,4.83,-0.6550666167106671,5,0.0995277886748964,0,-0.2088879996334169,11,11,11,1,5.462325259014535,0.130268671400656,5.35577230123033,5.3588959818946895
10,provo:1:12,1,12,watch,watch,243.9857142857143,5.497109675569833,6.052783012390137,-0.03852341536811665,5.34,-0.28175829987900197,5,0.0995277886748964,0,-0.2088879996334169,12,12,12,1,5.48678470552675,0.15427663985864104,5.342833035711192,5.340253730988284
11,provo:1:13,1,13,"space,",space,235.49333333333337,5.461682604492437,8.489280700683594,0.47725896030919457,5.23,-0.362275779979949,5,0.0995277886748964,0,-0.2088879996334169,13,14,14,2,5.448469434855099,0.11605874680652839,5.345623857685909,5.348440354864947
12,provo:1:14,1,14,though,though,238.17910447761193,5.47302293047726,6.064347743988037,-0.03607527648159327,5.5,-0.1646419651867147,6,0.49493274972471196,0,-0.2088879996334169,15,15,15,1,5.464522071333098,0.13106347851440692,5.341959451962853,5.340115848769533
13,provo:1:15,1,15,the,the,190.9189189189189,5.251848829639571,3.118356466293335,-0.6597123877477544,7.73,1.4676669495870378,3,-0.6912821334247348,0,-0.2088879996334169,16,16,16,1,5.309030373257138,-0.02397566855483646,5.275824498194408,5.278672674381317
14,provo:1:16,1,16,company,company,201.21052631578948,5.304351754529972,2.0776045322418213,-0.8800292415724039,5.6,-0.09144425600403548,7,0.8903377107745275,0,-0.2088879996334169,17,17,17,1,5.296099624687863,-0.03825638021620481,5.342608134746177,5.331400850359096
15,provo:1:17,1,17,is,is,139.05263157894737,4.93485250591583,3.3922338485717773,-0.6017352644553459,7.07,0.9845620689813532,2,-1.0866870944745504,0,-0.2088879996334169,18,18,18,1,4.977081758660586,-0.35453113045744455,5.289383636373275,5.289607037109206
16,provo:1:18,1,18,maintaining,maintaining,173.04819277108433,5.153570126635225,10.76820182800293,0.9596839421499376,4.25,-1.079613329970208,11,2.4719575549737898,0,-0.2088879996334169,19,19,19,1,5.10036428409271,-0.23603217975109825,5.389602306386323,5.3922014134188565
17,provo:1:19,1,19,its,its,180.8048780487805,5.197418427952412,3.440037250518799,-0.5916157587647981,6.14,0.30382337358243366,3,-0.6912821334247348,0,-0.2088879996334169,20,20,20,1,5.212852359253006,-0.11874613333107487,5.316164561283487,5.311570749787321
18,provo:1:20,1,20,customary,customary,212.47560975609755,5.358827204158652,14.033546447753906,1.6509249859942754,3.53,-1.6066368360855003,9,1.6811476328741586,0,-0.2088879996334169,21,21,21,1,5.2914705958391846,-0.042670713268771365,5.401497917427424,5.408606284097896
19,provo:1:21,1,21,silence.,silence,213.48,5.363543151465744,5.338743209838867,-0.18967855393342545,4.46,-0.9258981406865813,7,0.8903377107745275,1,4.7854341734200965,22,23,23,2,5.316270320610307,-0.012846008852236857,5.376389160317981,5.370139788519481
20,provo:1:22,1,22,The,the,190.8125,5.251291270495097,3.951192617416382,-0.4834092413749531,7.73,1.4676669495870378,3,-0.6912821334247348,0,-0.2088879996334169,24,24,24,1,5.308472814112664,-0.024533227699310878,5.275824498194408,5.280711660612565
21,provo:1:23,1,23,watch,watch,237.72972972972977,5.471134439030427,8.03944206237793,0.382032585725909,5.34,-0.28175829987900197,5,0.0995277886748964,0,-0.2088879996334169,25,25,25,1,5.460809468987344,0.12830140331923534,5.342833035711192,5.345117557376758
22,provo:1:24,1,24,doesn't,doesn't,201.9078947368421,5.3078116267675055,7.980283260345459,0.369509254552177,5.53,-0.14268265243191067,7,0.8903377107745275,0,-0.2088879996334169,26,27,27,2,5.297721551729052,-0.03657248559894555,5.344384112366451,5.347265719792137
23,provo:1:25,1,25,have,have,203.59615384615384,5.316138393761952,3.1285831928253174,-0.6575474912525057,6.71,0.7210503159237068,4,-0.2958771723749192,0,-0.2088879996334169,28,28,28,1,5.344161543540056,0.011249570859837021,5.304888822902115,5.302361966918322
24,provo:1:26,1,26,a,a,178.52173913043478,5.1847103816497295,1.4793815612792969,-1.0066671065005266,7.36,1.1968354256111238,1,-1.482092055524366,0,-0.2088879996334169,29,29,29,1,5.236930885472067,-0.09412983948440878,5.278840221134138,5.276002219528156
25,provo:1:27,1,27,microphone,microphone,214.725,5.369358139652288,11.4409818649292,1.1021047978812426,3.72,-1.4675611886384092,10,2.0765525939239744,0,-0.2088879996334169,30,30,30,1,5.304613333030174,-0.03050506076096493,5.399863200413253,5.401486998619178
26,provo:1:28,1,28,or,or,213.875,5.365391732212357,3.372757911682129,-0.6058581269746697,6.54,0.5966142103131519,2,-1.0866870944745504,0,-0.2088879996334169,31,31,31,1,5.393705114184788,0.06256140814272282,5.302830324069634,5.300262862697157
27,provo:1:29,1,29,"speaker,",speaker,216.97260273972603,5.379771090914029,4.979387283325195,-0.2657506365713381,4.49,-0.9039388279317772,7,0.8903377107745275,0,-0.2088879996334169,32,33,33,2,5.342374401529882,0.009001025332079138,5.37077006558195,5.3609219027166315
28,provo:1:30,1,30,but,but,202.0,5.308267697401205,1.687007188796997,-0.9627148220690243,6.63,0.6624921485775632,3,-0.6912821334247348,0,-0.2088879996334169,34,34,34,1,5.336567245076212,0.004534979459635657,5.303732717941569,5.2973832086471875
29,provo:1:31,1,31,you,you,201.17777777777775,5.304188983705121,6.07626485824585,-0.03355254168375414,6.98,0.9186841307169418,3,-0.6912821334247348,0,-0.2088879996334169,35,35,35,1,5.341678257361852,0.009336153864921037,5.2948528298402,5.301060829072583
30,provo:1:32,1,32,can,can,190.28571428571428,5.248526702045021,0.4079093933105469,-1.2334871289131557,6.46,0.5380560429670082,3,-0.6912821334247348,0,-0.2088879996334169,36,36,36,1,5.272362668528905,-0.05951910440292796,5.308045806447949,5.297684865456189
31,provo:1:33,1,33,use,use,184.26666666666668,5.2163839837853505,3.974891662597656,-0.47839238874931284,5.81,0.062270933279591385,3,-0.6912821334247348,0,-0.2088879996334169,37,37,37,1,5.223153316303176,-0.10815304342228504,5.3245370272076356,5.319544651996902
32,provo:1:34,1,34,it,it,208.3703703703704,5.339317123045473,2.203803062438965,-0.8533142653896612,6.95,0.8967248179621378,2,-1.0866870944745504,0,-0.2088879996334169,38,38,38,1,5.378395612596495,0.04688895360887102,5.292428169436602,5.289120904040565
33,provo:1:35,1,35,to,to,187.7450980392157,5.235085181324521,0.6706260442733765,-1.1778726216576598,7.43,1.2480738220389989,2,-1.0866870944745504,0,-0.2088879996334169,39,39,39,1,5.286766723650478,-0.045164855858772945,5.280250037183294,5.275673569797714
34,provo:1:36,1,36,control,control,180.93150684931507,5.198118544451573,6.55855131149292,0.06854271324217537,5.4,-0.2378396743693939,7,0.8903377107745275,0,-0.2088879996334169,40,40,40,1,5.184615142619907,-0.14956381206681613,5.347682356518389,5.3464103614882
35,provo:1:37,1,37,the,the,159.2,5.0701612734102826,1.6115421056747437,-0.9786900310915881,7.73,1.4676669495870378,3,-0.6912821334247348,0,-0.2088879996334169,41,41,41,1,5.127342817027849,-0.20566322478412502,5.275824498194408,5.274983624944398
36,provo:1:38,1,38,music,music,214.4857142857143,5.3682431360835885,5.822147846221924,-0.087346590736812,5.52,-0.1500024233501791,5,0.0995277886748964,0,-0.2088879996334169,42,42,42,1,5.362644310831106,0.029976899967386395,5.338266236116202,5.336053926323966
37,provo:1:39,1,39,on,on,218.20689655172413,5.385443679461016,4.693742275238037,-0.32621884944075014,6.91,0.8674457342890659,2,-1.0866870944745504,0,-0.2088879996334169,43,43,43,1,5.423471914614126,0.09200066566997211,5.293443013791044,5.296024695023243
38,provo:1:40,1,40,your,your,207.23076923076923,5.333832999508773,0.9076159000396729,-1.127704221578373,6.53,0.589294439394884,4,-0.2958771723749192,0,-0.2088879996334169,44,44,44,1,5.357130004496276,0.024377377011667534,5.309455622497105,5.300559650215121
39,provo:1:41,1,41,phone.,phone,194.5,5.270432163058501,4.905994415283203,-0.28128717823043725,5.3,-0.3110373835520738,5,0.0995277886748964,1,4.7854341734200965,45,46,46,2,5.249968487944651,-0.07827367847733235,5.348705841535834,5.345986160249222
40,provo:1:42,1,42,You,you,206.28125,5.329240528889044,4.896570205688477,-0.2832821898559371,6.98,0.9186841307169418,3,-0.6912821334247348,0,-0.2088879996334169,47,47,47,1,5.366729802545775,0.03438769904884431,5.2948528298402,5.29817264854584
41,provo:1:43,1,43,can,can,226.47272727272727,5.422624528281363,0.3772149980068207,-1.239984827723132,6.46,0.5380560429670082,3,-0.6912821334247348,0,-0.2088879996334169,48,48,48,1,5.4464604947652475,0.11457872183341422,5.308045806447949,5.297609718082583
42,provo:1:44,1,44,glance,glance,205.0,5.3230099791384085,12.521197319030762,1.3307756871814027,3.91,-1.3284855411913181,6,0.49493274972471196,0,-0.2088879996334169,49,49,49,1,5.272761507677273,-0.05928953591352393,5.382299515051932,5.38803431525004
43,provo:1:45,1,45,at,at,170.6086956521739,5.139372604756104,1.3736519813537598,-1.029049009087741,6.7,0.7137305450054391,2,-1.0866870944745504,0,-0.2088879996334169,50,50,50,1,5.17188700432018,-0.15939834189576185,5.2987709466518655,5.292137315778781
44,provo:1:46,1,46,the,the,207.74468085106383,5.336309829802792,1.9047114849090576,-0.916628983538029,7.73,1.4676669495870378,3,-0.6912821334247348,0,-0.2088879996334169,51,51,51,1,5.393491373420359,0.06048533160838421,5.275824498194408,5.275701375160783
45,provo:1:47,1,47,watch,watch,219.83928571428572,5.392896759912466,4.138535976409912,-0.4437505118660695,5.34,-0.28175829987900197,5,0.0995277886748964,0,-0.2088879996334169,52,52,52,1,5.382571789869383,0.05006372420127381,5.342833035711192,5.335567186889176
46,provo:1:48,1,48,face,face,211.734375,5.355332540963042,3.40095853805542,-0.5998883342938517,5.45,-0.2012408197780543,4,-0.2958771723749192,0,-0.2088879996334169,53,53,53,1,5.350272677206941,0.01847612089599604,5.336856420067046,5.328474882545506
47,provo:1:49,1,49,to,to,226.57142857142856,5.4230602531394805,3.606754779815674,-0.5563233126685238,7.43,1.2480738220389989,2,-1.0866870944745504,0,-0.2088879996334169,54,54,54,1,5.474741795465437,0.14281021595618615,5.280250037183294,5.28286192978529
48,provo:1:50,1,50,view,view,237.4032258064516,5.469760070147495,7.726140975952148,0.3157098555893766,5.19,-0.3915548636530208,4,-0.2958771723749192,0,-0.2088879996334169,55,55,55,1,5.45787355280497,0.12630716177657408,5.343452908370921,5.344314762360783
49,provo:1:51,1,51,the,the,210.41176470588235,5.349066395202802,2.8659887313842773,-0.7131361321991048,7.73,1.4676669495870378,3,-0.6912821334247348,0,-0.2088879996334169,56,56,56,1,5.406247938820369,0.07324189700839412,5.275824498194408,5.2780548165517835
50,provo:1:52,1,52,artist,artist,229.80555555555551,5.437233540734073,11.162458419799805,1.0431441492006,4.8,-0.6770259294654711,6,0.49493274972471196,0,-0.2088879996334169,57,57,57,1,5.410353229626463,0.07751431256848029,5.359719228165592,5.366733976320204
51,provo:1:53,1,53,and,and,172.3548387096774,5.149555367472625,4.499797344207764,-0.36727506622190825,7.41,1.2334342802024634,3,-0.6912821334247348,0,-0.2088879996334169,58,58,58,1,5.198334875906902,-0.13438788555732017,5.283943253029945,5.288517273979143
52,provo:1:54,1,54,title,title,229.55384615384617,5.436137625744784,8.306625366210938,0.4385926390575515,5.1,-0.45743280191743285,5,0.0995277886748964,0,-0.2088879996334169,59,59,59,1,5.419511129314234,0.08721552390693876,5.348922101837846,5.350618558628139
53,provo:1:55,1,55,of,of,189.17857142857144,5.2426913913693225,2.5478439331054688,-0.7804842280557256,7.4,1.2261145092841956,2,-1.0866870944745504,0,-0.2088879996334169,60,60,60,1,5.293585242896846,-0.03831977907980377,5.281011170449126,5.280875316415594
54,provo:1:56,1,56,a,a,189.36111111111111,5.243655832906676,2.935771942138672,-0.698363719157949,7.36,1.1968354256111238,1,-1.482092055524366,0,-0.2088879996334169,61,61,61,1,5.295876336729013,-0.035184388227462726,5.278840221134138,5.279567818751832
55,provo:1:57,1,57,song.,song,266.078431372549,5.583791120104589,3.133129119873047,-0.6565851636198553,5.26,-0.3403164672251456,4,-0.2958771723749192,1,4.7854341734200965,62,63,63,2,5.564654097285553,0.23725622788374334,5.346534892220846,5.339388513027962
57,provo:2:3,2,3,"later,",later,178.3728813559322,5.183876198254464,12.760391235351562,1.3814106650023394,5.49,-0.17196173610498247,5,0.0995277886748964,0,-0.2088879996334169,1,2,2,2,5.177489682203548,-0.15260436861893023,5.336480566873394,5.352088673084149
58,provo:2:4,2,4,the,the,169.7906976744186,5.134566488362523,3.3943238258361816,-0.6012928370138074,7.73,1.4676669495870378,3,-0.6912821334247348,0,-0.2088879996334169,3,3,3,1,5.19174803198009,-0.13800590719786765,5.272572395560391,5.276553949134967
59,provo:2:5,2,5,British,british,200.02857142857144,5.298460213487784,10.19192600250244,0.8376920700664345,5.18,-0.3988746345712892,7,0.8903377107745275,0,-0.2088879996334169,4,4,4,1,5.279180412467607,-0.05116807176369953,5.349628285251484,5.356719559612917
60,provo:2:6,2,6,astronomer,astronomer,243.40963855421683,5.494745779416944,13.640241622924805,1.5676662585633507,3.16,-1.8774683600614142,10,2.0765525939239744,0,-0.2088879996334169,5,5,5,1,5.415297411224072,0.08449824596941813,5.410247533447526,5.414709580752802
61,provo:2:7,2,7,Richard,richard,230.52631578947367,5.440365024204051,6.270811557769775,0.0076310635142922655,4.79,-0.6843457003837389,7,0.8903377107745275,0,-0.2088879996334169,6,6,6,1,5.410845242804238,0.08047944535432006,5.359885578849731,5.354403051965187
62,provo:2:8,2,8,Carrington,carrington,226.67105263157896,5.423499859160038,9.879965782165527,0.7716531879713366,3.14,-1.89210790189795,10,2.0765525939239744,0,-0.2088879996334169,7,8,8,2,5.34352636376821,0.012726310656191231,5.410773548503847,5.405236245998398
63,provo:2:9,2,9,was,was,204.41666666666663,5.320160394470489,4.167381763458252,-0.4376441450742769,6.82,0.8015677960246546,3,-0.6912821334247348,0,-0.2088879996334169,9,9,9,1,5.353448650535574,0.023654313847521813,5.296506080622967,5.297227367146105
64,provo:2:10,2,10,observing,observing,228.1139240506329,5.42984517105125,9.575759887695312,0.7072558196919578,3.75,-1.4456018758836053,9,1.6811476328741586,0,-0.2088879996334169,10,10,10,1,5.3682649619202945,0.03761232426773642,5.3922328467835134,5.389425144460613
65,provo:2:11,2,11,the,the,211.06451612903223,5.352163850384592,1.5728793144226074,-0.9868745602286997,7.73,1.4676669495870378,3,-0.6912821334247348,0,-0.2088879996334169,11,11,11,1,5.409345394002159,0.07959145482420116,5.272572395560391,5.271766691355358
66,provo:2:12,2,12,interesting,interesting,233.025,5.451145743947221,16.67276954650879,2.20962231879235,5.0,-0.5306305111001121,11,2.4719575549737898,0,-0.2088879996334169,12,12,12,1,5.417632171365542,0.08679435317860396,5.364351390768617,5.38750251699805
67,provo:2:13,2,13,sunspot,sunspot,215.55844155844156,5.37323206330471,12.05168914794922,1.231385467751332,2.55,-2.323974386075759,7,0.8903377107745275,0,-0.2088879996334169,13,14,14,2,5.2848980356218656,-0.04556720185290075,5.4187992651576105,5.415483827450067
68,provo:2:14,2,14,group,group,232.72602739726028,5.449861913633524,9.620888710021973,0.7168091434250361,5.57,-0.11340356875883885,5,0.0995277886748964,0,-0.2088879996334169,15,15,15,1,5.445575906378431,0.11548540698541121,5.334376506648113,5.342198373109908
69,provo:2:15,2,15,through,through,174.84146341463415,5.163879639982015,10.078136444091797,0.8136039500381241,5.87,0.10618955878919943,7,0.8903377107745275,0,-0.2088879996334169,16,16,16,1,5.162716727325807,-0.16760112582641717,5.331480765808432,5.342285643038441
70,provo:2:16,2,16,his,his,186.02380952380952,5.225874673713376,3.0507421493530273,-0.6740256674971379,6.51,0.5746548975583479,3,-0.6912821334247348,0,-0.2088879996334169,17,17,17,1,5.251023458194648,-0.0787846402825565,5.304659313995932,5.300642968914492
71,provo:2:17,2,17,telescope,telescope,219.91176470588235,5.393226396383755,1.1902055740356443,-1.067882792608495,3.75,-1.4456018758836053,9,1.6811476328741586,0,-0.2088879996334169,18,18,18,1,5.331646187252799,0.000993549600241117,5.3922328467835134,5.367385598444884
72,provo:2:18,2,18,when,when,208.6904761904762,5.340852179071967,5.838540554046631,-0.08387641720607764,6.37,0.4721781047025968,4,-0.2958771723749192,0,-0.2088879996334169,19,19,19,1,5.3599481664678255,0.030013517179230398,5.310838661892737,5.313353551823147
73,provo:2:19,2,19,he,he,209.88888888888889,5.34657829016529,0.6569235324859619,-1.1807733073904707,6.69,0.7064107740871713,2,-1.0866870944745504,0,-0.2088879996334169,20,20,20,1,5.3788301261298885,0.049150354178803646,5.297427935986486,5.288148462006998
74,provo:2:20,2,20,saw,saw,190.11111111111111,5.247608696555974,3.0601141452789307,-0.6720417089870495,5.34,-0.28175829987900197,3,-0.6912821334247348,0,-0.2088879996334169,21,21,21,1,5.242037539898342,-0.08782249823469801,5.335431194790672,5.32463538392115
75,provo:2:21,2,21,what,what,179.54716981132074,5.190437957870726,5.98159646987915,-0.05359289981252306,6.38,0.4794978756208646,4,-0.2958771723749192,0,-0.2088879996334169,22,22,22,1,5.209796508866062,-0.12013769649385075,5.310575654364577,5.313524689321191
76,provo:2:22,2,22,he,he,214.07692307692307,5.366335404064354,1.5066581964492798,-1.0008929135858142,6.69,0.7064107740871713,2,-1.0866870944745504,0,-0.2088879996334169,23,23,23,1,5.398587240028952,0.0689074680778674,5.297427935986486,5.29038179871046
77,provo:2:23,2,23,described,described,208.0506329113924,5.337781477536279,4.2221198081970215,-0.42605664433871576,5.0,-0.5306305111001121,9,1.6811476328741586,0,-0.2088879996334169,24,24,24,1,5.309021718340051,-0.021575428227213145,5.359356905763492,5.349747698427095
78,provo:2:24,2,24,as,as,181.54545454545453,5.201506060617445,0.0740470364689827,-1.304162475903359,6.77,0.7649689414333143,2,-1.0866870944745504,0,-0.2088879996334169,25,25,25,1,5.235858405377865,-0.09381781514376097,5.295323875761206,5.284977679301432
79,provo:2:25,2,25,"""two",two,218.36065573770492,5.386148079921069,9.28720474243164,0.6461715596686081,6.1,0.27454428990936186,3,-0.6912821334247348,0,-0.2088879996334169,26,27,27,2,5.400531756823751,0.0707054572705701,5.315442622650499,5.325433076684255
80,provo:2:26,2,26,patches,patches,212.62857142857143,5.359546847417154,10.620054244995115,0.9283225693558015,3.86,-1.3650843957826582,7,0.8903377107745275,0,-0.2088879996334169,28,28,28,1,5.305608651265905,-0.02479843155147332,5.3843452789686275,5.384885374025204
81,provo:2:27,2,27,of,of,171.11764705882354,5.142351314438986,0.4865670800209045,-1.216836077401112,7.4,1.2261145092841956,2,-1.0866870944745504,0,-0.2088879996334169,29,29,29,1,5.193245165966509,-0.1364030870481283,5.278754401487114,5.273156166367875
82,provo:2:28,2,28,intensely,intensely,247.26666666666668,5.510467376387381,11.419721603393556,1.0976042115457574,3.52,-1.6139566070037683,9,1.6811476328741586,0,-0.2088879996334169,30,30,30,1,5.442848204468436,0.112185356456183,5.398282019931198,5.398983199080284
83,provo:2:29,2,29,bright,bright,210.1304347826087,5.347728455915934,1.4636807441711426,-1.0099908136343474,4.61,-0.8161015769125618,6,0.49493274972471196,0,-0.2088879996334169,31,31,31,1,5.315859436418246,-0.014394015938117732,5.362122471854052,5.3429403984142105
84,provo:2:30,2,30,and,and,147.55882352941177,4.994226899868091,5.393322467803955,-0.17812466678171832,7.41,1.2334342802024634,3,-0.6912821334247348,0,-0.2088879996334169,32,32,32,1,5.043006408302368,-0.28676173659342474,5.280988636461516,5.288363159093725
85,provo:2:31,2,31,white,white,198.98529411764707,5.293230923087537,6.437377452850342,0.042891410152111405,5.51,-0.1573221942684469,5,0.0995277886748964,0,-0.2088879996334169,33,33,33,1,5.2873695342355775,-0.0427236287295365,5.335954551817074,5.335060345893584
86,provo:2:32,2,32,"light""",light,160.98611111111111,5.08131809487269,5.3148908615112305,-0.19472785931344738,5.33,-0.2890780707972697,5,0.0995277886748964,0,-0.2088879996334169,34,35,35,2,5.070730561230129,-0.25937059245126726,5.340688687323957,5.335797493215566
87,provo:2:33,2,33,over,over,196.21428571428572,5.279207356480016,5.680197715759277,-0.11739602434370729,6.08,0.2599047480728263,4,-0.2958771723749192,0,-0.2088879996334169,36,36,36,1,5.290688999491017,-0.03925852372936589,5.318465880209382,5.318878115732394
88,provo:2:34,2,34,the,the,203.7173913043478,5.316733696634729,0.9460139870643616,-1.11957572769873,7.73,1.4676669495870378,3,-0.6912821334247348,0,-0.2088879996334169,37,37,37,1,5.373915240252296,0.0441613010743378,5.272572395560391,5.270119116643992
89,provo:2:35,2,35,sunspots.,sunspots,215.9189189189189,5.374902961837817,14.60573387145996,1.7720513839998058,2.49,-2.3678930115853665,8,1.2857426718243432,1,4.7854341734200965,38,41,41,4,5.273528195192524,-0.05419139973170317,5.42909436156952,5.4360727648370295
90,provo:2:36,2,36,He,he,206.24242424242425,5.329052293594371,4.027768611907959,-0.4671988634425274,6.69,0.7064107740871713,2,-1.0866870944745504,0,-0.2088879996334169,42,42,42,1,5.361304129558969,0.03162435760788451,5.297427935986486,5.29700797116536
91,provo:2:37,2,37,jotted,jotted,228.34666666666664,5.430864942049827,15.142406463623049,1.8856596446916747,2.24,-2.5508872845420654,6,0.49493274972471196,0,-0.2088879996334169,43,44,44,2,5.3367683494758955,0.006409686021813243,5.424455256028014,5.427441980733961
92,provo:2:38,2,38,a,a,212.73076923076923,5.360027371973196,8.038865089416504,0.38191044627706994,7.36,1.1968354256111238,1,-1.482092055524366,0,-0.2088879996334169,45,45,45,1,5.412247875795534,0.08271818287600308,5.277309189097193,5.291309555575087
93,provo:2:39,2,39,note,note,245.7076923076923,5.504142586760672,5.8163018226623535,-0.08858413589612328,5.04,-0.5013514274270402,4,-0.2958771723749192,0,-0.2088879996334169,46,46,46,1,5.48831761542598,0.15832392362263192,5.34581866313804,5.3405405306471305
94,provo:2:40,2,40,in,in,198.5,5.290789100127245,3.965139150619507,-0.480456898730619,7.27,1.1309574873467116,2,-1.0866870944745504,0,-0.2088879996334169,47,47,47,1,5.3382696248615575,0.008615600774048993,5.282173499353196,5.284961898705798
95,provo:2:41,2,41,his,his,199.64102564102564,5.296520882040754,1.2827036380767822,-1.048301870596578,6.51,0.5746548975583479,3,-0.6912821334247348,0,-0.2088879996334169,48,48,48,1,5.321669666522027,-0.00813843195517805,5.304659313995932,5.295996076810605
96,provo:2:42,2,42,painstaking,painstaking,217.53846153846155,5.382375669554927,19.637210845947266,2.8371651165247957,2.93,-2.045823091181577,11,2.4719575549737898,0,-0.2088879996334169,49,49,49,1,5.2945114318813395,-0.036418279542846044,5.418793949097773,5.437698423940118
97,provo:2:43,2,43,record.,record,219.4126984126984,5.390954424072825,16.573863983154297,2.1886849927773135,5.21,-0.3769153218164852,6,0.49493274972471196,1,4.7854341734200965,50,51,51,2,5.3657507698709495,0.038392595167996646,5.352561828904828,5.380494496731695
98,provo:2:44,2,44,That,that,199.0,5.293304824724492,8.117658615112305,0.39859025355397987,7.01,0.9406434434717452,4,-0.2958771723749192,0,-0.2088879996334169,52,52,52,1,5.329204882486931,-0.0007013553659929173,5.294006180090485,5.306233119673337
99,provo:2:45,2,45,night,night,234.27142857142857,5.456480394294086,4.305603504180908,-0.40838397456694564,5.61,-0.08412448508576705,5,0.0995277886748964,0,-0.2088879996334169,53,53,53,1,5.453244641436905,0.12315591775861368,5.333324476535473,5.327408928445733
100,provo:2:46,2,46,there,there,190.34920634920636,5.248860313390901,8.90965461730957,0.5662479457828421,6.31,0.42825947919298873,5,0.0995277886748964,0,-0.2088879996334169,54,54,54,1,5.264004012497168,-0.06605363617335858,5.31491394956426,5.325169943547249
101,provo:2:47,2,47,was,was,164.8913043478261,5.105286495293537,1.03662109375,-1.100395102589129,6.82,0.8015677960246546,3,-0.6912821334247348,0,-0.2088879996334169,55,55,55,1,5.138574751358623,-0.19121958532942962,5.296506080622967,5.28899886593279
102,provo:2:48,2,48,scarcely,scarcely,220.8571428571429,5.397516080092054,10.77296257019043,0.9606917440153996,3.33,-1.7530322544508592,8,1.2857426718243432,0,-0.2088879996334169,56,56,56,1,5.327285106475754,-0.0032658403716245843,5.400781920463679,5.398660001128476
103,provo:2:49,2,49,a,a,184.43478260869568,5.217295919195478,1.2010297775268557,-1.0655914161715974,7.36,1.1968354256111238,1,-1.482092055524366,0,-0.2088879996334169,57,57,57,1,5.269516423017816,-0.06001326990171485,5.277309189097193,5.273337841318955
104,provo:2:50,2,50,square,square,218.7323943661972,5.387849039101417,11.926061630249023,1.2047913692462622,4.84,-0.6477468457923993,6,0.49493274972471196,0,-0.2088879996334169,58,58,58,1,5.362018982391719,0.031775740395048935,5.356073298706368,5.365726801168736
105,provo:2:51,2,51,inch,inch,191.0185185185185,5.252370378941078,1.7239949703216553,-0.9548848758648957,4.49,-0.9039388279317772,4,-0.2958771723749192,0,-0.2088879996334169,59,59,59,1,5.222104409635105,-0.10791369824577224,5.36028407718685,5.34105172772181
106,provo:2:52,2,52,of,of,226.6,5.423186348593906,0.347693532705307,-1.2462342288942676,7.4,1.2261145092841956,2,-1.0866870944745504,0,-0.2088879996334169,60,60,60,1,5.4740802001214295,0.14443194710679208,5.278754401487114,5.272791168441447
107,provo:2:53,2,53,earth,earth,228.1129032258065,5.429840695975408,8.666948318481445,0.5148694314493861,5.06,-0.48671188559050466,5,0.0995277886748964,0,-0.2088879996334169,61,61,61,1,5.412163945146947,0.08205080539112686,5.347789890584282,5.3501386501329575
108,provo:2:54,2,54,that,that,205.54054054054055,5.325643292049169,5.953401565551758,-0.059561481193022,7.01,0.9406434434717452,4,-0.2958771723749192,0,-0.2088879996334169,62,62,62,1,5.361543349811608,0.03163711195868402,5.294006180090485,5.300544856137084
109,provo:2:55,2,55,was,was,184.25,5.216293531069446,2.2701213359832764,-0.8392753451625458,6.82,0.8015677960246546,3,-0.6912821334247348,0,-0.2088879996334169,63,63,63,1,5.249581787134531,-0.0802125495535213,5.296506080622967,5.292240844260308
110,provo:2:56,2,56,not,not,198.6304347826087,5.291445986509525,2.783202648162842,-0.7306611242736422,6.69,0.7064107740871713,3,-0.6912821334247348,0,-0.2088879996334169,64,64,64,1,5.321320915781399,-0.008479191979523293,5.299925178489048,5.2962524502251025
111,provo:2:57,2,57,illuminated,illuminated,210.0759493670886,5.347469128985737,5.897671699523926,-0.07135894065055441,3.5,-1.628596148840304,11,2.4719575549737898,0,-0.2088879996334169,65,65,65,1,5.274571016482385,-0.05633339100690549,5.4038025199926425,5.3899105192184456
112,provo:2:58,2,58,by,by,258.6923076923077,5.555639354278733,0.5796547532081604,-1.1971303409854848,6.66,0.6844514613323672,2,-1.0866870944745504,0,-0.2088879996334169,66,66,66,1,5.587103499444898,0.25742239570776526,5.2982169585709675,5.288559936910033
113,provo:2:59,2,59,aurora.,aurora,285.1194029850746,5.652908050372686,14.73701286315918,1.799841843453339,3.73,-1.4602414177201413,6,0.49493274972471196,1,4.7854341734200965,67,69,69,3,5.588844983448093,0.26142110730015133,5.391486943072534,5.4059849671455655
115,provo:3:3,3,3,that,that,167.88679245283018,5.123289897813865,6.240991592407227,0.0013184728431788954,7.01,0.9406434434717452,4,-0.2958771723749192,0,-0.2088879996334169,1,1,1,1,5.159189955576304,-0.17284046452481228,5.296130362338677,5.3026389145155655
116,provo:3:4,3,4,California's,california's,198.6375,5.291481555538755,15.011094093322754,1.8578621193196143,3.45,-1.6651950034316436,12,2.8673625160236056,0,-0.2088879996334169,2,3,3,2,5.214893718345289,-0.12133199554362939,5.412813551082384,5.422092577855886
117,provo:3:5,3,5,"""three",three,212.7012987012987,5.35988882797645,14.08755588531494,1.6623582478225418,5.78,0.04031162052478801,5,0.0995277886748964,0,-0.2088879996334169,4,5,5,2,5.361116656310391,0.028198620705744304,5.3316902072707055,5.3509817202220535
118,provo:3:6,3,6,strikes,strikes,204.9324324324324,5.322680326918512,3.6410069465637207,-0.5490724689586013,4.25,-1.079613329970208,7,0.8903377107745275,0,-0.2088879996334169,6,6,6,1,5.278982111146897,-0.05528086308844138,5.377961190006953,5.363918383745609
119,provo:3:7,3,7,and,and,176.8,5.175019150203543,5.099284648895264,-0.24036955439411883,7.41,1.2334342802024634,3,-0.6912821334247348,0,-0.2088879996334169,7,7,7,1,5.223798658637819,-0.10772817033867721,5.28274732054222,5.288569841770589
120,provo:3:8,3,8,you're,you're,212.94871794871796,5.361051375917749,7.071897029876709,0.17721290629998904,5.87,0.10618955878919943,6,0.49493274972471196,0,-0.2088879996334169,8,9,9,2,5.362265369954267,0.029070456412551238,5.331980919505198,5.334594610574587
121,provo:3:9,3,9,"out""",out,161.08,5.081901135983253,2.452039957046509,-0.8007649788269823,6.38,0.4794978756208646,3,-0.6912821334247348,0,-0.2088879996334169,10,11,11,2,5.103636593671315,-0.22836679567901452,5.310267931662268,5.30440230624771
122,provo:3:10,3,10,law,law,226.25806451612905,5.421676226214977,1.5280256271362305,-0.9963696406047695,5.46,-0.1939210488597865,3,-0.6912821334247348,0,-0.2088879996334169,12,12,12,1,5.4192558327510785,0.08682677782412362,5.3348494483908535,5.3220507350716595
123,provo:3:11,3,11,will,will,218.3676470588235,5.386180096719955,3.794522285461426,-0.5165747955234894,6.45,0.5307362720487404,4,-0.2958771723749192,0,-0.2088879996334169,13,13,13,1,5.4073765929116355,0.07508707202474785,5.311093024695207,5.308794937090481
124,provo:3:12,3,12,be,be,163.86666666666667,5.09905308902377,3.1710281372070312,-0.6485623178399155,6.79,0.7796084832698505,2,-1.0866870944745504,0,-0.2088879996334169,14,14,14,1,5.1339305609831465,-0.19756461044281703,5.296617699466587,5.294646655170495
125,provo:3:13,3,13,a,a,203.3181818181818,5.314772150074532,4.834298610687256,-0.2964644684032404,7.36,1.1968354256111238,1,-1.482092055524366,0,-0.2088879996334169,15,15,15,1,5.36699265389687,0.03607972919120517,5.278692420883327,5.2837292805666785
126,provo:3:14,3,14,financial,financial,214.37662337662337,5.367734390493857,12.158658981323242,1.2540299196827036,5.08,-0.4720723437539684,9,1.6811476328741586,0,-0.2088879996334169,16,16,16,1,5.3410751400934515,0.006559151967464594,5.361175238526393,5.371979426002983
127,provo:3:15,3,15,disaster,disaster,220.44736842105263,5.395658974427424,4.848543167114258,-0.29344903720062165,4.39,-0.977136537114457,8,1.2857426718243432,0,-0.2088879996334169,17,17,17,1,5.353259742355774,0.018743024182097834,5.376915950245326,5.366468532056939
128,provo:3:16,3,16,for,for,142.32558139534885,4.958117259812809,0.6239041090011597,-1.1877631915879043,7.01,0.9406434434717452,3,-0.6912821334247348,0,-0.2088879996334169,18,18,18,1,4.9963942242679735,-0.3353176766983612,5.29343493651117,5.286326156037922
129,provo:3:17,3,17,taxpayers,taxpayers,217.8048780487805,5.383599607166237,6.0699052810668945,-0.034898801046701504,3.85,-1.372404166700926,9,1.6811476328741586,0,-0.2088879996334169,19,19,19,1,5.324645034030059,-0.010440050464678663,5.394039657630915,5.383759454084941
130,provo:3:18,3,18,who,who,184.66666666666663,5.218552398079174,6.936943054199219,0.14864448921653708,6.34,0.45021879194779274,3,-0.6912821334247348,0,-0.2088879996334169,20,20,20,1,5.239237601369324,-0.09278429517998887,5.311336693259163,5.316185542853736
131,provo:3:19,3,19,care,care,203.03125,5.3133599080808045,9.609251022338867,0.7143455604594446,5.56,-0.1207233396771073,4,-0.2958771723749192,0,-0.2088879996334169,21,21,21,1,5.311188243918959,-0.021513062145317896,5.334872970226122,5.342199414930701
132,provo:3:20,3,20,about,about,194.65625,5.271235182454419,0.500831663608551,-1.2138164066473764,6.4,0.4941374174574008,5,0.0995277886748964,0,-0.2088879996334169,22,22,22,1,5.288741953955985,-0.04388922006441387,5.3151244025188324,5.304496575663394
133,provo:3:21,3,21,education,education,217.27777777777777,5.381176616859349,7.399526596069336,0.24656883337715318,5.28,-0.3256769253886094,9,1.6811476328741586,0,-0.2088879996334169,23,23,23,1,5.3597686384485,0.025345186317432322,5.355831430541917,5.356068103874793
134,provo:3:22,3,22,and,and,208.36363636363637,5.33928480503626,2.07440185546875,-0.8807072164551538,7.41,1.2334342802024634,3,-0.6912821334247348,0,-0.2088879996334169,24,24,24,1,5.388064313470537,0.05653748449404006,5.28274732054222,5.281206023899455
135,provo:3:23,3,23,other,other,221.70967741935485,5.401368766636459,6.717750549316406,0.10224361166089173,6.16,0.3184629154189699,5,0.0995277886748964,0,-0.2088879996334169,25,25,25,1,5.412574011750557,0.07983179453625677,5.321536972100202,5.3248218785238866
136,provo:3:24,3,24,vital,vital,201.4,5.305292980284462,5.962143898010254,-0.05771081618887738,4.38,-0.9844563080327249,5,0.0995277886748964,0,-0.2088879996334169,26,26,26,1,5.269761904691508,-0.06380388287757022,5.369096863162032,5.361480457225271
137,provo:3:25,3,25,services.,services,210.8548387096774,5.351169928516769,3.526815891265869,-0.5732455818926331,5.31,-0.303717612633806,8,1.2857426718243432,1,4.7854341734200965,27,28,28,2,5.323838096924221,-0.011498637962571223,5.36266856647934,5.355799995098521
138,provo:3:26,3,26,But,but,215.3571428571429,5.372297779546027,5.558338642120361,-0.14319238064697926,6.63,0.6624921485775632,3,-0.6912821334247348,0,-0.2088879996334169,29,29,29,1,5.400597327221035,0.06870960786435365,5.303588171681674,5.306557296273653
139,provo:3:27,3,27,it's,it's,204.171875,5.318962163629474,5.644976615905762,-0.12485198157432464,6.33,0.442899021029525,4,-0.2958771723749192,0,-0.2088879996334169,30,31,31,2,5.337007896627421,0.004662854143582251,5.314299309485892,5.315895082909313
140,provo:3:28,3,28,far,far,197.03225806451613,5.283367461853377,6.658310413360596,0.089660724888139,5.5,-0.1646419651867147,3,-0.6912821334247348,0,-0.2088879996334169,32,32,32,1,5.28199732278739,-0.050413224940581536,5.333780686793959,5.333674849164907
141,provo:3:29,3,29,from,from,210.5,5.349485653122436,0.4594216048717499,-1.2225825050413233,6.63,0.6624921485775632,4,-0.2958771723749192,0,-0.2088879996334169,33,33,33,1,5.375408294104718,0.043202055613256185,5.3062835975091796,5.296782860309304
142,provo:3:30,3,30,clear,clear,212.01492537313433,5.356656674897322,0.9431039094924928,-1.120191762234956,5.25,-0.3476362381434134,5,0.0995277886748964,0,-0.2088879996334169,34,34,34,1,5.343968632458939,0.010805376467756922,5.345851298429565,5.330445577665773
143,provo:3:31,3,31,that,that,218.97297297297297,5.388948311118411,0.8534523248672485,-1.1391701128089848,7.01,0.9406434434717452,4,-0.2958771723749192,0,-0.2088879996334169,35,35,35,1,5.42484836888085,0.09281794877973404,5.296130362338677,5.289523411982388
144,provo:3:32,3,32,the,the,213.88135593220335,5.365421449747191,2.597612142562866,-0.769948792118119,7.73,1.4676669495870378,3,-0.6912821334247348,0,-0.2088879996334169,36,36,36,1,5.422602993364758,0.09122422198013069,5.27419722776706,5.275558738840604
145,provo:3:33,3,33,law,law,161.5625,5.084892064702748,3.186055898666382,-0.6453810899061247,5.46,-0.1939210488597865,3,-0.6912821334247348,0,-0.2088879996334169,37,37,37,1,5.082471671238849,-0.2499573836881055,5.3348494483908535,5.326087067643258
146,provo:3:34,3,34,can,can,205.47727272727272,5.325335432819105,6.917356014251709,0.14449810728268475,6.46,0.5380560429670082,3,-0.6912821334247348,0,-0.2088879996334169,38,38,38,1,5.349171399302989,0.017205024350626985,5.308130408468478,5.3135424865137875
147,provo:3:35,3,35,even,even,203.4393939393939,5.315368142046283,8.33790111541748,0.44521340471817367,5.99,0.19402680980841489,4,-0.2958771723749192,0,-0.2088879996334169,39,39,39,1,5.324486712661984,-0.008015641013217945,5.3233837830595006,5.329804334651155
148,provo:3:36,3,36,be,be,209.8571428571429,5.346427027118564,1.4490984678268433,-1.0130777367912143,6.79,0.7796084832698505,2,-1.0866870944745504,0,-0.2088879996334169,40,40,40,1,5.38130449907794,0.04980932765197643,5.296617699466587,5.290454764992213
149,provo:3:37,3,37,credited,credited,207.7948717948718,5.336551399798873,10.182844161987305,0.8357695345766925,3.88,-1.3504448539461222,8,1.2857426718243432,0,-0.2088879996334169,41,41,41,1,5.280761424153853,-0.053991260806864894,5.390542660605738,5.390484767402075
150,provo:3:38,3,38,with,with,207.06382978723408,5.333027102193355,1.1086019277572632,-1.0851574745191823,6.85,0.8235271087794579,4,-0.2958771723749192,0,-0.2088879996334169,42,42,42,1,5.364726142364148,0.032621693467097757,5.300405408726257,5.293605049646394
151,provo:3:39,3,39,a,a,203.80769230769232,5.31717686447128,4.8431806564331055,-0.29458422748297197,7.36,1.1968354256111238,1,-1.482092055524366,0,-0.2088879996334169,43,43,43,1,5.369397368293618,0.03848444358795344,5.278692420883327,5.283750903145688
152,provo:3:40,3,40,reduction,reduction,223.50602409638552,5.409438367141775,4.934329509735107,-0.27528891999212124,4.39,-0.977136537114457,9,1.6811476328741586,0,-0.2088879996334169,44,44,44,1,5.364662228377401,0.029826991068943265,5.379611376072832,5.369315812044092
153,provo:3:41,3,41,in,in,217.0,5.37989735354046,0.1186676993966102,-1.2947167244710118,7.27,1.1309574873467116,2,-1.0866870944745504,0,-0.2088879996334169,45,45,45,1,5.427377878274772,0.0961047932366128,5.283792560303847,5.276834451848761
154,provo:3:42,3,42,crime,crime,221.43076923076924,5.400109986367034,2.9589684009552,-0.6934532590769998,4.89,-0.6111479912010597,5,0.0995277886748964,0,-0.2088879996334169,46,46,46,1,5.377969654347449,0.04463983356541412,5.35547015280162,5.3431391470831855
155,provo:3:43,3,43,in,in,202.55172413793105,5.310995281772091,4.134657382965088,-0.44457157159900895,7.27,1.1309574873467116,2,-1.0866870944745504,0,-0.2088879996334169,47,47,47,1,5.358475806506403,0.027202721468244206,5.283792560303847,5.286611034487407
156,provo:3:44,3,44,California.,california,201.8,5.307277107919509,2.694366931915283,-0.749466763610511,5.0,-0.5306305111001121,10,2.0765525939239744,1,4.7854341734200965,48,49,49,2,5.267051991357699,-0.0690652125907798,5.376342320510289,5.365755064982261
157,provo:3:46,3,46,While,while,199.6734693877551,5.296683379256382,7.350956916809082,0.23628711438554398,5.86,0.09886978787093163,5,0.0995277886748964,0,-0.2088879996334169,50,50,50,1,5.3000117163861455,-0.03286930482053396,5.329552684076916,5.332851798573265
158,provo:3:47,3,47,it's,it's,198.66101694915255,5.291599939817461,5.198729515075684,-0.21931806332401052,6.33,0.442899021029525,4,-0.2958771723749192,0,-0.2088879996334169,51,52,52,2,5.309645672815408,-0.022699369668431224,5.314299309485892,5.314808732594128
159,provo:3:48,3,48,TRUE,true,190.98275862068965,5.252183154970513,20.839458465576172,3.09166900396288,5.4,-0.2378396743693939,4,-0.2958771723749192,0,-0.2088879996334169,53,53,53,1,5.2458104732170225,-0.08696486164318884,5.339148016613702,5.37299889013774
160,provo:3:49,3,49,that,that,185.1304347826087,5.221060629524275,0.2074676305055618,-1.2759186604927792,7.01,0.9406434434717452,4,-0.2958771723749192,0,-0.2088879996334169,54,54,54,1,5.256960687286714,-0.0750697328144021,5.296130362338677,5.287950817617027
161,provo:3:50,3,50,crime,crime,212.84745762711864,5.360575747768335,4.163593292236328,-0.43844612682719114,4.89,-0.6111479912010597,5,0.0995277886748964,0,-0.2088879996334169,55,55,55,1,5.338435415748751,0.0051055949667153655,5.35547015280162,5.346071703121954
162,provo:3:51,3,51,declined,declined,225.5211267605634,5.418413843071149,6.55148458480835,0.06704675734813023,4.21,-1.1088924136432798,8,1.2857426718243432,0,-0.2088879996334169,56,56,56,1,5.371288466208898,0.036688465639795,5.381725377431354,5.374507257019404
163,provo:3:52,3,52,in,in,195.21875,5.2741207246938435,1.5517246723175049,-0.9913527879791292,7.27,1.1309574873467116,2,-1.0866870944745504,0,-0.2088879996334169,57,57,57,1,5.321601249428156,-0.009671835610003399,5.283792560303847,5.280323106209347
164,provo:3:53,3,53,California,california,164.0625,5.1002474527859425,1.887354850769043,-0.9203032107016792,5.0,-0.5306305111001121,10,2.0765525939239744,0,-0.2088879996334169,58,58,58,1,5.06911078689699,-0.2657607347617459,5.366008187547688,5.351343505944484
165,provo:3:54,3,54,last,last,197.5581395348837,5.28603291841247,5.042205810546875,-0.2524525779018708,5.86,0.09886978787093163,4,-0.2958771723749192,0,-0.2088879996334169,59,59,59,1,5.291738162234959,-0.04082433983693878,5.326857258249409,5.324592901419002
166,provo:3:55,3,55,"year,",year,177.47826086956522,5.178848127440641,0.798033595085144,-1.1509017078116681,5.96,0.17206749705361085,4,-0.2958771723749192,0,-0.2088879996334169,60,61,61,2,5.1871790072579085,-0.14533722681653138,5.324185354257172,5.3120980168241925
167,provo:3:56,3,56,crime,crime,221.93846153846152,5.402400143167981,4.330085754394531,-0.4032013252101333,4.89,-0.6111479912010597,5,0.0995277886748964,0,-0.2088879996334169,62,62,62,1,5.380259811148396,0.04692999036636092,5.35547015280162,5.346477014749537
168,provo:3:57,3,57,also,also,205.1176470588235,5.323583702619435,7.3438615798950195,0.23478510198990352,6.19,0.34042222817377393,4,-0.2958771723749192,0,-0.2088879996334169,63,63,63,1,5.337953545224692,0.005543727544409904,5.318039975075025,5.323058808326223
169,provo:3:58,3,58,dropped,dropped,232.4155844155844,5.448527081316282,3.576167345046997,-0.5627983689949316,4.73,-0.7282643258933463,7,0.8903377107745275,0,-0.2088879996334169,64,64,64,1,5.417431918319602,0.08339103047206997,5.365136050844212,5.353379043812993
170,provo:3:59,3,59,nationwide,nationwide,253.97435897435895,5.5372333130030045,5.147226333618164,-0.230220775612527,4.07,-1.211369206499031,10,2.0765525939239744,0,-0.2088879996334169,65,65,65,1,5.481678232362614,0.14637641832750603,5.3908568946754984,5.379393527255913
172,provo:4:3,4,3,in,in,198.4262295081967,5.290417391294881,5.793780326843262,-0.0933517130102694,7.27,1.1309574873467116,2,-1.0866870944745504,0,-0.2088879996334169,1,1,1,1,5.337897916029193,0.0037175827899877945,5.286699808504893,5.295018506625272
173,provo:4:4,4,4,a,a,194.4,5.2699178920263385,3.481314897537231,-0.5828776906172972,7.36,1.1968354256111238,1,-1.482092055524366,0,-0.2088879996334169,2,2,2,1,5.322138395848676,-0.012902673224330918,5.2828205652506695,5.2851052208333265
174,provo:4:5,4,5,bad,bad,194.75862068965515,5.271760949186604,6.5288496017456055,0.062255156110989335,5.53,-0.14268265243191067,3,-0.6912821334247348,0,-0.2088879996334169,3,3,3,1,5.271178500919051,-0.06338327539237998,5.335144224578984,5.334818606930118
175,provo:4:6,4,6,"temper,",temper,173.66037735849056,5.157101537603134,12.76361083984375,1.3820922233152,3.81,-1.4016832503739978,6,0.49493274972471196,0,-0.2088879996334169,4,5,5,2,5.104227430147221,-0.2288437504287062,5.385945288031841,5.392772263378606
176,provo:4:7,4,7,for,for,230.5897435897436,5.440640129784869,7.297753810882568,0.22502454496057198,7.01,0.9406434434717452,3,-0.6912821334247348,0,-0.2088879996334169,6,6,6,1,5.478917094240034,0.14546951476552472,5.2951706150193445,5.306168621823551
177,provo:4:8,4,8,she,she,200.4406779661017,5.300518332475056,4.115005016326904,-0.4487317825448373,6.26,0.39166062460164913,3,-0.6912821334247348,0,-0.2088879996334169,7,7,7,1,5.319103026969383,-0.014909179280592433,5.315427511755648,5.31272081604604
178,provo:4:9,4,9,was,was,183.9811320754717,5.214833209282997,2.2013635635375977,-0.8538306830923558,6.82,0.8015677960246546,3,-0.6912821334247348,0,-0.2088879996334169,8,8,8,1,5.248121465348082,-0.08546915290954438,5.300302362192541,5.295592465717264
179,provo:4:10,4,10,mixing,mixing,185.31428571428572,5.2220532253778496,13.652036666870115,1.5701631522877162,4.11,-1.182090122825959,6,0.49493274972471196,0,-0.2088879996334169,9,9,9,1,5.17705602590627,-0.15578930395946955,5.377842529337319,5.389054233777579
180,provo:4:11,4,11,the,the,190.4516129032258,5.249398161795162,5.3453755378723145,-0.18827455592193598,7.73,1.4676669495870378,3,-0.6912821334247348,0,-0.2088879996334169,10,10,10,1,5.306579705412729,-0.02632583235732966,5.275723994152492,5.285595406711512
181,provo:4:12,4,12,Christmas,christmas,211.1184210526316,5.352419213257626,13.392736434936523,1.5152718670289724,4.91,-0.5965084493645235,9,1.6811476328741586,0,-0.2088879996334169,11,11,11,1,5.321296381666098,-0.008161206498567886,5.360580419756194,5.375969269104853
182,provo:4:13,4,13,puddings,puddings,228.7974683544304,5.432837194559944,13.48292636871338,1.534364180774687,2.71,-2.206858051383472,8,1.2857426718243432,0,-0.2088879996334169,12,14,14,3,5.34632727777602,0.01428496002312496,5.418552234536819,5.420632076183101
183,provo:4:14,4,14,in,in,216.78947368421052,5.37892671526964,4.3442888259887695,-0.40019467593482777,7.27,1.1309574873467116,2,-1.0866870944745504,0,-0.2088879996334169,15,15,15,1,5.426407240003952,0.09222690676474699,5.286699808504893,5.290884321185283
184,provo:4:15,4,15,the,the,205.6818181818182,5.326330402775711,2.627556562423706,-0.7636098556650659,7.73,1.4676669495870378,3,-0.6912821334247348,0,-0.2088879996334169,16,16,16,1,5.383511946393278,0.05060640862321897,5.275723994152492,5.277843745090728
185,provo:4:16,4,16,"kitchen,",kitchen,201.0142857142857,5.303375978738897,6.329193592071533,0.019989960669711242,4.65,-0.7868224932394899,7,0.8903377107745275,0,-0.2088879996334169,17,18,18,2,5.270180306946395,-0.0613300005941495,5.3647059793330465,5.358356927589006
186,provo:4:17,4,17,and,and,183.78947368421052,5.2137909377930525,1.028687596321106,-1.1020745452460892,7.41,1.2334342802024634,3,-0.6912821334247348,0,-0.2088879996334169,19,19,19,1,5.262570446227329,-0.07057599896692945,5.284366936759982,5.2799522729790604
187,provo:4:18,4,18,had,had,197.8181818181818,5.287348335177462,5.305235385894775,-0.19677182766017612,6.33,0.442899021029525,3,-0.6912821334247348,0,-0.2088879996334169,20,20,20,1,5.307770974868134,-0.026188532882797766,5.31353686806026,5.314656754865433
188,provo:4:19,4,19,been,been,185.01724137931035,5.220449017380708,3.97838830947876,-0.4776521833126708,6.27,0.39898039551991693,4,-0.2958771723749192,0,-0.2088879996334169,21,21,21,1,5.236919368781788,-0.09615681806432264,5.3166058354450305,5.3135649332070445
189,provo:4:20,4,20,drawn,drawn,215.22058823529412,5.371663493949879,11.52021312713623,1.1188772696325608,4.53,-0.8746597442587054,5,0.0995277886748964,0,-0.2088879996334169,22,22,22,1,5.340070872349093,0.006613242430757005,5.365050251519122,5.372779007061812
190,provo:4:21,4,21,from,from,178.7910447761194,5.186217776340365,5.713888168334961,-0.11026408994843978,6.63,0.6624921485775632,4,-0.2958771723749192,0,-0.2088879996334169,23,23,23,1,5.212140417322647,-0.12066474867123933,5.306882525011605,5.311012503571899
191,provo:4:22,4,22,"them,",them,197.23529411764707,5.284397402410012,11.881134033203123,1.1952806429077374,6.19,0.34042222817377393,4,-0.2958771723749192,0,-0.2088879996334169,24,25,25,2,5.298767245015269,-0.034369168686890994,5.318766571096903,5.337772039492019
192,provo:4:23,4,23,with,with,203.05454545454543,5.313474639769683,5.570837497711182,-0.14054649698336855,6.85,0.8235271087794579,4,-0.2958771723749192,0,-0.2088879996334169,26,26,26,1,5.345173679940476,0.012534137800727763,5.300940501968955,5.306019725823817
193,provo:4:24,4,24,a,a,201.4,5.305292980284462,2.63745379447937,-0.7615147098798567,7.36,1.1968354256111238,1,-1.482092055524366,0,-0.2088879996334169,27,27,27,1,5.3575134841068,0.022472415033792714,5.2828205652506695,5.282698391760111
194,provo:4:25,4,25,raisin,raisin,215.44736842105263,5.372716649650062,15.055190086364746,1.8671968033451012,3.01,-1.9872649238354336,6,0.49493274972471196,0,-0.2088879996334169,28,29,29,2,5.2988374542359225,-0.0348359949005026,5.407552644550565,5.415980125356155
195,provo:4:26,4,26,still,still,239.9857142857143,5.480579397760855,10.365555763244627,0.8744477669481392,5.92,0.14278841338053905,5,0.0995277886748964,0,-0.2088879996334169,30,30,30,1,5.485483116487486,0.1530719281930164,5.327507469567839,5.340518300942057
196,provo:4:27,4,27,on,on,214.32432432432432,5.36749040198467,3.069496154785156,-0.6700556307014028,6.91,0.8674457342890659,2,-1.0866870944745504,0,-0.2088879996334169,31,31,31,1,5.40551863713778,0.07106728304635102,5.296423118938319,5.2947507626281345
197,provo:4:28,4,28,her,her,190.6046511627907,5.250201393665228,0.8444207310676575,-1.1410820115678004,6.3,0.42093970827472094,3,-0.6912821334247348,0,-0.2088879996334169,32,32,32,1,5.269836342557467,-0.06414575026448421,5.314347143929712,5.3025589826166
198,provo:4:29,4,29,"cheek,",cheek,197.43333333333337,5.285400974614809,7.478611469268799,0.26331031602864213,3.96,-1.2918866865999785,5,0.0995277886748964,0,-0.2088879996334169,33,34,34,2,5.238842227843787,-0.09504451842390438,5.380445493038714,5.3731304345654705
199,provo:4:30,4,30,by,by,240.28571428571428,5.48182869147758,4.911999225616455,-0.2800160194872719,6.66,0.6844514613323672,2,-1.0866870944745504,0,-0.2088879996334169,35,35,35,1,5.513292836643745,0.17865327362716066,5.30317541785042,5.305215851394762
200,provo:4:31,4,31,Nana's,nana's,222.5897435897436,5.405330362262162,22.020591735839844,3.3417031932236143,2.28,-2.521608200868994,6,0.49493274972471196,0,-0.2088879996334169,36,38,38,3,5.312284024086141,-0.021938995111739246,5.427269357373901,5.451059697045715
201,provo:4:32,4,32,absurd,absurd,252.22666666666663,5.530328154129353,13.44944667816162,1.5272768626078377,3.95,-1.2992064575182463,6,0.49493274972471196,0,-0.2088879996334169,39,39,39,1,5.481129937066129,0.14816415348828915,5.382164000641064,5.3918107952633285
202,provo:4:33,4,33,suspicions.,suspicions,239.94805194805195,5.480422449696812,11.194250106811523,1.0498741337733244,3.49,-1.635915919758572,10,2.0765525939239744,1,4.7854341734200965,40,41,41,2,5.4005502296138514,0.07182808691825127,5.408594362778561,5.412095213922017
203,provo:4:34,4,34,She,she,192.11111111111111,5.258073908347071,3.447445869445801,-0.5900474276766888,6.26,0.39166062460164913,3,-0.6912821334247348,0,-0.2088879996334169,42,42,42,1,5.276658602841398,-0.057353603408577314,5.315427511755648,5.310816828817595
204,provo:4:35,4,35,thought,thought,230.02631578947367,5.4381937188541025,6.132319450378418,-0.021686340933114806,5.59,-0.09876402692230327,7,0.8903377107745275,0,-0.2088879996334169,43,43,43,1,5.429679025412516,0.09887638343055727,5.339317335423545,5.3382059217188615
205,provo:4:36,4,36,the,the,158.5625,5.066148837359501,4.270683765411377,-0.4157761366474256,7.73,1.4676669495870378,3,-0.6912821334247348,0,-0.2088879996334169,44,44,44,1,5.123330380977068,-0.2095751567929911,5.275723994152492,5.282530211037329
206,provo:4:37,4,37,best,best,217.2280701754386,5.380947816244627,7.928898334503174,0.35863157580358784,5.84,0.08423024603439541,4,-0.2958771723749192,0,-0.2088879996334169,45,45,45,1,5.386127932868161,0.052728026670782135,5.328219789573845,5.33379357926546
207,provo:4:38,4,38,way,way,172.3030303030303,5.149254730744465,1.892227053642273,-0.9192718137154188,6.01,0.20866635164495045,3,-0.6912821334247348,0,-0.2088879996334169,46,46,46,1,5.161275335251847,-0.1729250799232851,5.32217981066775,5.311591062312163
208,provo:4:39,4,39,of,of,171.0,5.14166355650266,3.080812692642212,-0.6676600319662188,7.4,1.2261145092841956,2,-1.0866870944745504,0,-0.2088879996334169,47,47,47,1,5.192557408030184,-0.14152505656793934,5.2831886130706,5.284571497196234
209,provo:4:40,4,40,getting,getting,204.07894736842104,5.318506915884253,4.14471960067749,-0.44244149998793336,5.57,-0.11340356875883885,7,0.8903377107745275,0,-0.2088879996334169,48,48,48,1,5.30946709524371,-0.021350603452260586,5.339857519336514,5.332953761408627
210,provo:4:41,4,41,a,a,214.08333333333337,5.366365347321883,5.309754848480225,-0.19581510229150137,7.36,1.1968354256111238,1,-1.482092055524366,0,-0.2088879996334169,49,49,49,1,5.418585851144221,0.08354478207121385,5.2828205652506695,5.290320228867956
211,provo:4:42,4,42,little,little,222.3421052631579,5.404217210426459,5.506137847900391,-0.1542427706327284,5.75,0.018352307769983985,6,0.49493274972471196,0,-0.2088879996334169,50,50,50,1,5.402280441269243,0.07066976195252561,5.333547448473934,5.331643399862048
212,provo:4:43,4,43,quiet,quiet,201.95384615384617,5.30803918690777,9.805052757263184,0.7557948441941392,4.65,-0.7868224932394899,5,0.0995277886748964,0,-0.2088879996334169,51,51,51,1,5.279597328500718,-0.053769961133543376,5.3618091480413135,5.365386305005853
213,provo:4:44,4,44,was,was,219.15,5.389756426864818,1.0780876874923706,-1.0916170362956756,6.82,0.8015677960246546,3,-0.6912821334247348,0,-0.2088879996334169,52,52,52,1,5.423044682929904,0.08945406467227723,5.300302362192541,5.292388700280143
214,provo:4:45,4,45,to,to,201.08333333333337,5.3037194158370315,0.4237914383411407,-1.2301250576270422,7.43,1.2480738220389989,2,-1.0866870944745504,0,-0.2088879996334169,53,53,53,1,5.3554009581629884,0.02134107863588408,5.2823783372011475,5.2763680441102485
215,provo:4:46,4,46,take,take,231.4558823529412,5.444389282375495,4.502161979675293,-0.36677449636505466,5.92,0.14278841338053905,4,-0.2958771723749192,0,-0.2088879996334169,54,54,54,1,5.451669907794851,0.11833022845352215,5.3260590539219725,5.322352779475722
216,provo:4:47,4,47,Nana,nana,205.0,5.3230099791384085,4.023263931274414,-0.46815245961871127,3.54,-1.5993170651672324,4,-0.2958771723749192,0,-0.2088879996334169,55,56,56,2,5.267800467882044,-0.06733096042676934,5.390340939565178,5.370585802845113
217,provo:4:48,4,48,to,to,182.15384615384616,5.20485163854236,3.1002683639526367,-0.6635414594688583,7.43,1.2480738220389989,2,-1.0866870944745504,0,-0.2088879996334169,57,57,57,1,5.256533180868317,-0.07752669865878747,5.2823783372011475,5.284001791482901
218,provo:4:49,4,49,the,the,202.6875,5.3116653840675365,1.6451996564865112,-0.9715650616731553,7.73,1.4676669495870378,3,-0.6912821334247348,0,-0.2088879996334169,58,58,58,1,5.368846927685103,0.035941389915044475,5.275723994152492,5.275041903469025
219,provo:4:50,4,50,nursery,nursery,203.19402985074623,5.314161334616931,8.142330169677734,0.40381297676301464,3.89,-1.343125083027854,7,0.8903377107745275,0,-0.2088879996334169,59,59,59,1,5.261010829264115,-0.07107163340890388,5.385232968025835,5.379366598014197
220,provo:4:51,4,51,for,for,191.63333333333333,5.255583823961135,5.1754374504089355,-0.22424876221445736,7.01,0.9406434434717452,3,-0.6912821334247348,0,-0.2088879996334169,60,60,60,1,5.2938607884163,-0.03958679105820906,5.2951706150193445,5.30011543048621
221,provo:4:52,4,52,a,a,205.2941176470588,5.324443671140257,1.944509506225586,-0.9082041374646996,7.36,1.1968354256111238,1,-1.482092055524366,0,-0.2088879996334169,61,61,61,1,5.3766641749625945,0.041623105889587286,5.2828205652506695,5.280722001980982
222,provo:4:53,4,53,"moment,",moment,192.30882352941177,5.2591025357303955,7.301620483398437,0.22584308115117988,5.24,-0.3549560090616812,6,0.49493274972471196,0,-0.2088879996334169,62,63,63,2,5.24377502299981,-0.08821960252422567,5.347322138254621,5.347392747946422
223,provo:4:54,4,54,but,but,180.0,5.19295685089021,5.386508941650391,-0.17956702263664484,6.63,0.6624921485775632,3,-0.6912821334247348,0,-0.2088879996334169,64,64,64,1,5.221256398565218,-0.11247725847552825,5.305434109365739,5.308636595748107
224,provo:4:55,4,55,in,in,209.75,5.345916345347316,6.849365711212158,0.1301052350081693,7.27,1.1309574873467116,2,-1.0866870944745504,0,-0.2088879996334169,65,65,65,1,5.393396870081628,0.05921653684242312,5.286699808504893,5.298029207774021
225,provo:4:56,4,56,custody,custody,207.48,5.335034949483199,17.94771957397461,2.4795165843176994,4.22,-1.101572642725012,7,0.8903377107745275,0,-0.2088879996334169,66,66,66,1,5.290549042913151,-0.041284983978661316,5.37631993346186,5.400456001934753
226,provo:4:57,4,57,of,of,201.34615384615384,5.305025585283155,3.794550895690918,-0.516568739021894,7.4,1.2261145092841956,2,-1.0866870944745504,0,-0.2088879996334169,67,67,67,1,5.355919436810678,0.021836972212555317,5.2831886130706,5.286607194601338
227,provo:4:58,4,58,course.,course,227.0909090909091,5.425350417887152,16.254297256469727,2.121035888791405,5.44,-0.2085605906963221,6,0.49493274972471196,1,4.7854341734200965,68,69,69,2,5.406185726473267,0.07521764920644713,5.350132768680705,5.380120845638273
229,provo:5:3,5,3,quivered,quivered,255.253164556962,5.542255854840447,20.71078109741211,3.064429282387749,1.96,-2.755840870253568,8,1.2857426718243432,0,-0.2088879996334169,2,3,3,2,5.436053668095686,0.10041263758374708,5.4418432172567,5.457640101351559
230,provo:5:4,5,4,and,and,191.05714285714285,5.252572560564565,3.787355899810791,-0.518091848231425,7.41,1.2334342802024634,3,-0.6912821334247348,0,-0.2088879996334169,4,4,4,1,5.301352068998842,-0.03017475997765473,5.28274732054222,5.285376063687962
231,provo:5:5,5,5,went,went,210.72307692307692,5.350544839839184,7.477003574371338,0.26296994063898493,5.5,-0.1646419651867147,4,-0.2958771723749192,0,-0.2088879996334169,5,5,5,1,5.346797794080472,0.01406872721771979,5.336476112621464,5.338306327977502
232,provo:5:6,5,6,to,to,198.10256410256412,5.28878489709658,1.815023422241211,-0.9356150561515919,7.43,1.2480738220389989,2,-1.0866870944745504,0,-0.2088879996334169,6,6,6,1,5.340466439422537,0.009267383180312727,5.279517513916267,5.2775035866194715
233,provo:5:7,5,7,the,the,195.41666666666663,5.27513403109238,2.5900049209594727,-0.7715591654214691,7.73,1.4676669495870378,3,-0.6912821334247348,0,-0.2088879996334169,7,7,7,1,5.332315574709947,0.0009368033253194241,5.27419722776706,5.275540219711693
234,provo:5:8,5,8,window.,window,193.82142857142856,5.266937263888201,5.644484519958496,-0.12495615340176422,4.8,-0.6770259294654711,6,0.49493274972471196,1,4.7854341734200965,8,9,9,2,5.230968502107735,-0.1039671612965396,5.37090442518474,5.366708733695108
235,provo:5:9,5,9,It,it,206.76470588235293,5.331581460188549,5.193953990936279,-0.2203289943819634,6.95,0.8967248179621378,2,-1.0866870944745504,0,-0.2088879996334169,10,10,10,1,5.370659949739571,0.03923880710954197,5.292342653079007,5.29611079693163
236,provo:5:10,5,10,was,was,197.39622641509433,5.285213010378435,0.6533296704292297,-1.181534092314825,6.82,0.8015677960246546,3,-0.6912821334247348,0,-0.2088879996334169,11,11,11,1,5.31850126644352,-0.013298543717987776,5.2985115540964225,5.290507131214336
237,provo:5:11,5,11,securely,securely,210.8571428571429,5.351180856105104,17.60378074645996,2.4067081485061204,3.28,-1.789631109042199,8,1.2857426718243432,0,-0.2088879996334169,12,12,12,1,5.279637064491416,-0.055393228454059695,5.406574084559164,5.421527268253728
238,provo:5:12,5,12,fastened.,fastened,215.03896103896105,5.370819225845067,11.436193466186523,1.1010911413975717,3.02,-1.9799451529171657,8,1.2857426718243432,1,4.7854341734200965,13,15,15,3,5.283360329972099,-0.05303594205651496,5.423855167901582,5.42458307196945
239,provo:5:13,5,13,She,she,185.3125,5.222043589192045,4.250269412994385,-0.4200976524190761,6.26,0.39166062460164913,3,-0.6912821334247348,0,-0.2088879996334169,16,16,16,1,5.240628283686372,-0.091430627260908,5.313474216452953,5.311375315086237
240,provo:5:14,5,14,looked,looked,210.18666666666667,5.347996024778584,3.7128612995147705,-0.5338616156727907,5.11,-0.4501130309991644,6,0.49493274972471196,0,-0.2088879996334169,17,17,17,1,5.3292551852547865,-0.004291365067619957,5.352287389846204,5.342854690699461
241,provo:5:15,5,15,"out,",out,165.0,5.10594547390058,7.2393083572387695,0.21265222255995,6.38,0.4794978756208646,3,-0.6912821334247348,0,-0.2088879996334169,18,19,19,2,5.127680931588642,-0.20432245776168756,5.310267931662268,5.316056500808856
242,provo:5:16,5,16,and,and,183.5897435897436,5.212703613825045,2.2057793140411377,-0.8528959125419641,7.41,1.2334342802024634,3,-0.6912821334247348,0,-0.2088879996334169,20,20,20,1,5.261483122259322,-0.07004370671717464,5.28274732054222,5.281525851060825
243,provo:5:17,5,17,the,the,174.94736842105263,5.164485176808898,3.695524930953979,-0.5375315528144776,7.73,1.4676669495870378,3,-0.6912821334247348,0,-0.2088879996334169,21,21,21,1,5.221666720426465,-0.10971205095816217,5.27419722776706,5.278231513412125
244,provo:5:18,5,18,night,night,196.13432835820896,5.278799773252672,7.769911766052246,0.3249756973800634,5.61,-0.08412448508576705,5,0.0995277886748964,0,-0.2088879996334169,22,22,22,1,5.275564020395491,-0.057432670804837826,5.33623244405751,5.339278736095952
245,provo:5:19,5,19,was,was,166.23636363636365,5.113410652931956,1.486920952796936,-1.0050710921530421,6.82,0.8015677960246546,3,-0.6912821334247348,0,-0.2088879996334169,23,23,23,1,5.146698908997041,-0.18510090116446687,5.2985115540964225,5.292536437736778
246,provo:5:20,5,20,peppered,peppered,188.65,5.23989344641032,16.92914581298828,2.263894629588052,2.78,-2.1556196549555966,8,1.2857426718243432,0,-0.2088879996334169,24,25,25,2,5.155221474822739,-0.1800401581100317,5.4199336045203514,5.43069898304618
247,provo:5:21,5,21,with,with,211.79591836734693,5.355623161817058,0.046552188694477,-1.3099828622604472,6.85,0.8235271087794579,4,-0.2958771723749192,0,-0.2088879996334169,26,26,26,1,5.3873222019878515,0.055217753090801125,5.300405408726257,5.291019580594323
248,provo:5:22,5,22,stars.,stars,203.1692307692308,5.314039280858879,6.705471038818359,0.0996441611761785,4.86,-0.6331073039558631,5,0.0995277886748964,1,4.7854341734200965,27,28,28,2,5.282022807368005,-0.052566576103012075,5.3666058569618915,5.365355487254097
249,provo:5:23,5,23,They,they,209.375,5.3441269025793305,6.22002649307251,-0.003119630584181572,6.5,0.56733512664008,4,-0.2958771723749192,0,-0.2088879996334169,29,29,29,1,5.3666362167684,0.03436982988024173,5.309757072699089,5.313618213601582
250,provo:5:24,5,24,were,were,196.2698412698413,5.279490453563984,1.352588176727295,-1.0335080074456056,6.34,0.45021879194779274,4,-0.2958771723749192,0,-0.2088879996334169,30,30,30,1,5.297798750161409,-0.034541665522684895,5.314032119086669,5.305229350078535
251,provo:5:25,5,25,crowding,crowding,206.746835443038,5.331495027586118,15.121435165405272,1.881220229022301,3.05,-1.9579858401623618,8,1.2857426718243432,0,-0.2088879996334169,31,32,32,2,5.253912273184439,-0.08122443615519259,5.41271946374131,5.420458676346617
252,provo:5:26,5,26,round,round,231.59183673469389,5.444976497818115,4.964007377624512,-0.26900640994559794,5.14,-0.42815371824436105,5,0.0995277886748964,0,-0.2088879996334169,33,33,33,1,5.429400255785476,0.09618610499708868,5.3487903928210265,5.342613214747729
253,provo:5:27,5,27,the,the,202.54,5.310937397904139,1.5956097841262815,-0.9820627454174844,7.73,1.4676669495870378,3,-0.6912821334247348,0,-0.2088879996334169,34,34,34,1,5.368118941521706,0.03674017013707864,5.27419722776706,5.273119449989476
254,provo:5:28,5,28,"house,",house,224.7037037037037,5.414782661937969,5.3240227699279785,-0.1927947249459131,5.71,-0.010926775903087828,5,0.0995277886748964,0,-0.2088879996334169,35,36,36,2,5.414172545075566,0.08122212187269717,5.333560540065272,5.3311616178518575
255,provo:5:29,5,29,as,as,202.66666666666663,5.311562593298057,5.966675281524658,-0.05675156727787125,6.77,0.7649689414333143,2,-1.0866870944745504,0,-0.2088879996334169,37,37,37,1,5.345914938058478,0.014410513033022099,5.297152080265035,5.301884980732052
256,provo:5:30,5,30,if,if,231.25581395348837,5.443524517496985,1.7314627170562744,-0.9533040280068227,6.47,0.545375813885276,2,-1.0866870944745504,0,-0.2088879996334169,38,38,38,1,5.469999954273071,0.13835672525523712,5.305167792241748,5.298063152206824
257,provo:5:31,5,31,curious,curious,211.04225352112675,5.352058367082609,11.362077713012695,1.0854015721314973,4.45,-0.933217911604849,7,0.8903377107745275,0,-0.2088879996334169,39,39,39,1,5.313611423300551,-0.020559014939868447,5.372617382022478,5.378389046401629
258,provo:5:32,5,32,to,to,216.73684210526315,5.378683908421294,2.6477136611938477,-0.7593427979369267,7.43,1.2480738220389989,2,-1.0866870944745504,0,-0.2088879996334169,40,40,40,1,5.430365450747251,0.09916639450502718,5.279517513916267,5.279530699628955
259,provo:5:33,5,33,see,see,233.5952380952381,5.453589865880023,0.2748360931873321,-1.2616574256495525,6.1,0.27454428990936186,3,-0.6912821334247348,0,-0.2088879996334169,41,41,41,1,5.467973542782705,0.13584060303948942,5.317749262840533,5.305157961265623
260,provo:5:34,5,34,what,what,194.125,5.268502281468852,1.5658117532730105,-0.988370692770708,6.38,0.4794978756208646,4,-0.2958771723749192,0,-0.2088879996334169,42,42,42,1,5.287860832464188,-0.044461076020922086,5.312963357489774,5.304883300141631
261,provo:5:35,5,35,was,was,185.140350877193,5.22111419083654,1.791881084442139,-0.9405140593503565,6.82,0.8015677960246546,3,-0.6912821334247348,0,-0.2088879996334169,43,43,43,1,5.254402446901626,-0.07739736325988211,5.2985115540964225,5.293278837036437
262,provo:5:36,5,36,to,to,173.21875,5.154555246620078,5.495887756347656,-0.15641261327094663,7.43,1.2480738220389989,2,-1.0866870944745504,0,-0.2088879996334169,44,44,44,1,5.206236788946035,-0.12496226729618876,5.279517513916267,5.28646433532141
263,provo:5:37,5,37,take,take,222.5744680851064,5.4052617336337025,9.63629150390625,0.7200697620005722,5.92,0.14278841338053905,4,-0.2958771723749192,0,-0.2088879996334169,45,45,45,1,5.412542359053059,0.08000761777963561,5.325254115854067,5.334479122554674
264,provo:5:38,5,38,place,place,186.6769230769231,5.229379438606606,0.2227987349033355,-1.2726732178699385,5.71,-0.010926775903087828,5,0.0995277886748964,0,-0.2088879996334169,46,46,46,1,5.228769321744203,-0.10418110145866599,5.333560540065272,5.318743125209627
265,provo:5:39,5,39,"there,",there,174.23214285714286,5.160388564372801,7.326245307922363,0.23105591207427578,6.31,0.42825947919298873,5,0.0995277886748964,0,-0.2088879996334169,47,48,48,2,5.1755322634790675,-0.15714055173904473,5.317529116111846,5.323058990141526
266,provo:5:40,5,40,but,but,186.0,5.225746673713202,3.638988494873047,-0.5494997551461515,6.63,0.6624921485775632,3,-0.6912821334247348,0,-0.2088879996334169,49,49,49,1,5.254046221388209,-0.07784149796847206,5.303588171681674,5.3018848028646595
267,provo:5:41,5,41,she,she,202.377358490566,5.3101340659907486,3.047744035720825,-0.6746603383934813,6.26,0.39166062460164913,3,-0.6912821334247348,0,-0.2088879996334169,50,50,50,1,5.328718760485076,-0.00334015046220415,5.313474216452953,5.308447870134352
268,provo:5:42,5,42,did,did,208.11666666666667,5.338098819893045,3.654139041900635,-0.5462925347263473,5.96,0.17206749705361085,3,-0.6912821334247348,0,-0.2088879996334169,51,51,51,1,5.348806606403038,0.016608891463378406,5.321489928429666,5.316412520222854
269,provo:5:43,5,43,not,not,199.7560975609756,5.297097110142808,0.0316872373223304,-1.3131296249148472,6.69,0.7064107740871713,3,-0.6912821334247348,0,-0.2088879996334169,52,52,52,1,5.326972039414682,-0.004887919143523156,5.301985029286331,5.291805450481766
270,provo:5:44,5,44,notice,notice,193.93150684931507,5.267505039246106,3.8141841888427734,-0.512412565743796,4.9,-0.6038282202827913,6,0.49493274972471196,0,-0.2088879996334169,53,53,53,1,5.243250364133274,-0.09039334898379625,5.357898388229902,5.347643255986055
271,provo:5:45,5,45,"this,",this,213.93617021276592,5.365677700496693,10.86750602722168,0.9807056554205356,6.82,0.8015677960246546,4,-0.2958771723749192,0,-0.2088879996334169,54,55,55,2,5.396589049869053,0.06447072057276504,5.301206979923928,5.318011108497086
272,provo:5:46,5,46,nor,nor,205.125,5.323619549410255,5.162651538848877,-0.22695541277740783,4.78,-0.6916654713020067,3,-0.6912821334247348,0,-0.2088879996334169,56,56,56,1,5.303344831181865,-0.029398846127814515,5.3530183955380695,5.345606036062109
273,provo:5:47,5,47,that,that,211.20338983050848,5.352821602037148,6.243982791900635,0.0019516800849700617,7.01,0.9406434434717452,4,-0.2958771723749192,0,-0.2088879996334169,57,57,57,1,5.388721659799587,0.056691239698470675,5.296130362338677,5.30264619633433
274,provo:5:48,5,48,one,one,238.1875,5.473058178634079,6.679147720336914,0.09407177594170701,6.47,0.545375813885276,3,-0.6912821334247348,0,-0.2088879996334169,58,58,58,1,5.497156708717441,0.16519496056482552,5.3078632180692535,5.312746307727011
275,provo:5:49,5,49,or,or,209.23684210526315,5.3434668261750975,4.1715850830078125,-0.4367543440482305,6.54,0.5966142103131519,2,-1.0866870944745504,0,-0.2088879996334169,59,59,59,1,5.371780208147528,0.040169366727916156,5.303297459447181,5.302489453142991
276,provo:5:50,5,50,two,two,198.46666666666667,5.290621159913567,0.9102645516395568,-1.1271435283254743,6.1,0.27454428990936186,3,-0.6912821334247348,0,-0.2088879996334169,60,60,60,1,5.305004836816249,-0.02712810292696677,5.317749262840533,5.306704857379531
277,provo:5:51,5,51,of,of,182.58333333333337,5.2072066898074665,2.2040889263153076,-0.8532537508445545,7.4,1.2261145092841956,2,-1.0866870944745504,0,-0.2088879996334169,61,61,61,1,5.25810054133499,-0.07311239530647118,5.280319085113938,5.279099576581437
278,provo:5:52,5,52,the,the,188.86206896551724,5.241016954797248,1.451384663581848,-1.0125937718429012,7.73,1.4676669495870378,3,-0.6912821334247348,0,-0.2088879996334169,62,62,62,1,5.2981984984148145,-0.03318027296981274,5.27419722776706,5.2727683462963215
279,provo:5:53,5,53,smaller,smaller,195.22388059701493,5.2741470056202235,10.458234786987305,0.894066996332647,4.8,-0.6770259294654711,7,0.8903377107745275,0,-0.2088879996334169,63,63,63,1,5.244889787819889,-0.08911871242942215,5.363265718049646,5.368618879278249
280,provo:5:54,5,54,ones,ones,227.5681818181818,5.427449893789541,3.126853704452514,-0.6579136067739432,5.07,-0.4793921146722362,4,-0.2958771723749192,0,-0.2088879996334169,64,64,64,1,5.412412613253283,0.07948459400145502,5.347965299788086,5.337016348918805
281,provo:5:55,5,55,winked,winked,217.43421052631575,5.381896324433556,13.252685546875,1.4856244841863135,2.78,-2.1556196549555966,6,0.49493274972471196,0,-0.2088879996334169,65,66,66,2,5.301978166231426,-0.032646428431784,5.41454275286534,5.416472074691162
282,provo:5:56,5,56,at,at,189.83333333333337,5.246146494219127,1.5054086446762085,-1.00115743129299,6.7,0.7137305450054391,2,-1.0866870944745504,0,-0.2088879996334169,67,67,67,1,5.278660893783203,-0.052875918840474156,5.2990224130596015,5.29253837731854
283,provo:5:57,5,57,her.,her,236.57142857142856,5.4662501858898915,1.4136615991592407,-1.0205793701380297,6.3,0.42093970827472094,3,-0.6912821334247348,1,4.7854341734200965,68,69,69,2,5.4767966841092734,0.14351059807123345,5.322739587818658,5.31605166935985
285,provo:6:3,6,3,slowly,slowly,218.06578947368425,5.3847968038372125,15.82830047607422,2.0308565988708898,4.63,-0.8014620350760262,6,0.49493274972471196,0,-0.2088879996334169,1,1,1,1,5.35345291153848,0.02099905623706455,5.363797747600148,5.3844245535210895
286,provo:6:4,6,4,advancing,advancing,219.29333333333332,5.390410255204959,14.41030979156494,1.7306820460861694,3.86,-1.3650843957826582,9,1.6811476328741586,0,-0.2088879996334169,2,2,2,1,5.3317182456682595,0.0014701800179395264,5.388940075187019,5.400753429565383
287,provo:6:5,6,5,upon,upon,224.80645161290323,5.415239816953372,8.012755393981934,0.3763832829211769,5.12,-0.4427932600808966,4,-0.2958771723749192,0,-0.2088879996334169,3,3,3,1,5.401515354414503,0.0675734065126754,5.347666410440697,5.349037468064968
288,provo:6:6,6,6,him,him,212.34615384615384,5.3582177442625625,3.3434953689575195,-0.6120527168063674,6.11,0.2818640608276303,3,-0.6912821334247348,0,-0.2088879996334169,4,4,4,1,5.372863984764723,0.03873885315965353,5.319478891102909,5.313646327344901
289,provo:6:7,6,7,through,through,204.46478873239437,5.320395778420113,8.533806800842285,0.48668469374199796,5.87,0.10618955878919943,7,0.8903377107745275,0,-0.2088879996334169,5,5,5,1,5.319232865763905,-0.011358982221878478,5.331754760641991,5.339220187232574
290,provo:6:8,6,8,the,the,206.9,5.332235584751498,0.5274323225021362,-1.2081853112005654,7.73,1.4676669495870378,3,-0.6912821334247348,0,-0.2088879996334169,6,6,6,1,5.389417128369065,0.05651159059900568,5.275723994152492,5.2718538492895215
291,provo:6:9,6,9,air,air,202.7391304347826,5.311920080879171,4.107641696929932,-0.4502905241720873,5.37,-0.2597989871241979,3,-0.6912821334247348,0,-0.2088879996334169,7,7,7,1,5.307136615019972,-0.027545615003558233,5.339465695882729,5.331247309383742
292,provo:6:10,6,10,with,with,221.43636363636364,5.40013525085464,5.4260430335998535,-0.17119804779053233,6.85,0.8235271087794579,4,-0.2958771723749192,0,-0.2088879996334169,8,8,8,1,5.431834291025433,0.0991947488856848,5.300940501968955,5.305606748469368
293,provo:6:11,6,11,dagger,dagger,216.46478873239437,5.377427895565996,15.53571319580078,1.9689187758893714,3.54,-1.5993170651672324,6,0.49493274972471196,0,-0.2088879996334169,9,9,9,1,5.317464570924182,-0.01580987529091349,5.39323777085691,5.406305518088475
294,provo:6:12,6,12,"poised,",poised,227.35135135135135,5.426496624178366,13.004130363464355,1.4330078190433866,3.43,-1.6798345452681795,6,0.49493274972471196,0,-0.2088879996334169,10,11,11,2,5.363645099942295,0.030287841800131332,5.396208782378235,5.40137741921694
295,provo:6:13,6,13,he,he,195.05,5.273255935952665,3.8593807220458984,-0.5028449082902755,6.69,0.7064107740871713,2,-1.0866870944745504,0,-0.2088879996334169,12,12,12,1,5.305507771917264,-0.029109206028302026,5.302365141980967,5.301588415821151
296,provo:6:14,6,14,sprang,sprang,230.05555555555551,5.438320825649402,10.110407829284668,0.8204354819542635,3.12,-1.906747443734486,6,0.49493274972471196,0,-0.2088879996334169,13,13,13,1,5.367329829829519,0.03373919262016223,5.40458163302924,5.399584415375764
297,provo:6:15,6,15,upon,upon,186.46428571428572,5.228239723235348,6.87277364730835,0.13506046273007724,5.12,-0.4427932600808966,4,-0.2958771723749192,0,-0.2088879996334169,14,14,14,1,5.214515260696479,-0.11942668720534844,5.347666410440697,5.3457860547685305
298,provo:6:16,6,16,the,the,163.1578947368421,5.094718411306797,1.7586019039154053,-0.9475589315351912,7.73,1.4676669495870378,3,-0.6912821334247348,0,-0.2088879996334169,15,15,15,1,5.151899954924364,-0.18100558284569512,5.275723994152492,5.27536534511729
299,provo:6:17,6,17,bulwarks,bulwarks,217.3625,5.381566466708187,19.936918258666992,2.900610200870003,1.93,-2.777800183008372,8,1.2857426718243432,0,-0.2088879996334169,16,18,18,3,5.274576589164992,-0.058052940434388134,5.439619407142575,5.455295018171516
300,provo:6:18,6,18,to,to,169.525,5.133000408569906,6.831486701965332,0.12632042621955786,7.43,1.2480738220389989,2,-1.0866870944745504,0,-0.2088879996334169,19,19,19,1,5.184681950895863,-0.14937792863124155,5.2823783372011475,5.294643832859025
301,provo:6:19,6,19,cast,cast,203.64705882352945,5.316388391679938,10.216137886047363,0.8428174854831714,4.79,-0.6843457003837389,4,-0.2958771723749192,0,-0.2088879996334169,20,20,20,1,5.2939993303583,-0.04019105332473227,5.35657944500467,5.362199034154812
302,provo:6:20,6,20,himself,himself,193.92537313432837,5.26747341049177,5.076973915100098,-0.24509251527984607,5.25,-0.3476362381434134,7,0.8903377107745275,0,-0.2088879996334169,21,21,21,1,5.250031554667937,-0.08102705145223332,5.3485004619440035,5.342281464440101
303,provo:6:21,6,21,into,into,218.0681818181818,5.384807774523539,3.530626058578491,-0.5724390072926758,6.11,0.2818640608276303,4,-0.2958771723749192,0,-0.2088879996334169,22,22,22,1,5.397077108332974,0.06388046777476397,5.320927306748775,5.315622223537327
304,provo:6:22,6,22,the,the,202.75,5.311973692995522,0.5065695643424988,-1.2126017500170108,7.73,1.4676669495870378,3,-0.6912821334247348,0,-0.2088879996334169,23,23,23,1,5.369155236613089,0.03624969884303031,5.275723994152492,5.271794345311077
305,provo:6:23,6,23,sea.,sea,186.2391304347826,5.227031495474949,8.062987327575684,0.38701688465547446,5.06,-0.48671188559050466,3,-0.6912821334247348,1,4.7854341734200965,24,25,25,2,5.205020107359082,-0.12901952061455102,5.3560510160895,5.360350545790201
306,provo:6:24,6,24,He,he,189.72727272727272,5.24558763427883,3.796411037445069,-0.5161749654765047,6.69,0.7064107740871713,2,-1.0866870944745504,0,-0.2088879996334169,26,26,26,1,5.277839470243428,-0.05677750770213752,5.302365141980967,5.3014088160421355
307,provo:6:25,6,25,did,did,218.03773584905665,5.384668148034004,6.18408203125,-0.010728716363467386,5.96,0.17206749705361085,3,-0.6912821334247348,0,-0.2088879996334169,27,27,27,1,5.395375934543997,0.06113787758383449,5.32353027045017,5.324874124626424
308,provo:6:26,6,26,not,not,197.32608695652175,5.2848576240375325,1.157442927360535,-1.0748183197041108,6.69,0.7064107740871713,3,-0.6912821334247348,0,-0.2088879996334169,28,28,28,1,5.3147325533094065,-0.018955933589301033,5.3038135576268335,5.295324218949278
309,provo:6:27,6,27,know,know,195.78846153846155,5.277034798525769,3.770408391952514,-0.521679467422262,6.1,0.27454428990936186,4,-0.2958771723749192,0,-0.2088879996334169,29,29,29,1,5.289041568735725,-0.04416260017949103,5.32119739870526,5.316514520556532
310,provo:6:28,6,28,that,that,194.87234042553192,5.272344679692929,3.5377962589263916,-0.5709211470511942,7.01,0.9406434434717452,4,-0.2958771723749192,0,-0.2088879996334169,30,30,30,1,5.308244737455368,-0.02427435097228159,5.296619030665211,5.296886780575598
311,provo:6:29,6,29,the,the,198.06976744186048,5.288619329447519,2.4173285961151123,-0.8081130293875096,7.73,1.4676669495870378,3,-0.6912821334247348,0,-0.2088879996334169,31,31,31,1,5.345800873065086,0.012895335295026733,5.275723994152492,5.277244140748874
312,provo:6:30,6,30,crocodile,crocodile,208.74666666666667,5.341121395539601,12.243895530700684,1.2720736511188806,3.49,-1.635915919758572,9,1.6811476328741586,0,-0.2088879996334169,32,33,33,2,5.2727145328222225,-0.05781208203732824,5.3989334775769295,5.402285220078729
313,provo:6:31,6,31,was,was,204.66666666666663,5.321382639479033,1.9553660154342651,-0.9059059222280839,6.82,0.8015677960246546,3,-0.6912821334247348,0,-0.2088879996334169,34,34,34,1,5.3546708955441185,0.021080277286491977,5.300302362192541,5.294890840712189
314,provo:6:32,6,32,waiting,waiting,195.14084507042253,5.2737215802557635,7.443554878234863,0.25588918368219793,5.06,-0.48671188559050466,7,0.8903377107745275,0,-0.2088879996334169,35,35,35,1,5.2512910160418524,-0.07991062886143663,5.3536322091172,5.352990915665239
315,provo:6:33,6,33,for,for,181.1304347826087,5.199217405891767,0.690669059753418,-1.1736297142296321,7.01,0.9406434434717452,3,-0.6912821334247348,0,-0.2088879996334169,36,36,36,1,5.237494370346932,-0.09595320912757721,5.2951706150193445,5.287324141836748
316,provo:6:34,6,34,him;,him,188.69117647058823,5.240111691718911,4.820446014404297,-0.29939692553400327,6.11,0.2818640608276303,3,-0.6912821334247348,0,-0.2088879996334169,37,38,38,2,5.254757932221072,-0.07936719938399772,5.319478891102909,5.317858830729977
317,provo:6:35,6,35,for,for,174.01724137931035,5.15915438269244,2.540005683898926,-0.782143507609458,7.01,0.9406434434717452,3,-0.6912821334247348,0,-0.2088879996334169,39,39,39,1,5.197431347147605,-0.13601623232690407,5.2951706150193445,5.292598750581037
318,provo:6:36,6,36,we,we,216.0,5.375278407684165,11.213383674621582,1.053924520156891,6.54,0.5966142103131519,2,-1.0866870944745504,0,-0.2088879996334169,40,40,40,1,5.403591789656596,0.06886188635593715,5.306416521328228,5.3256892102198705
319,provo:6:37,6,37,purposely,purposely,189.12048192771084,5.242384282478609,17.41752815246582,2.3672803231205584,3.44,-1.6725147743499118,9,1.6811476328741586,0,-0.2088879996334169,41,41,41,1,5.172664601763841,-0.1578996548807412,5.40028393735935,5.418083255606447
320,provo:6:38,6,38,stopped,stopped,227.825,5.428577790382191,7.8099470138549805,0.3334507619457873,4.84,-0.6477468457923993,7,0.8903377107745275,0,-0.2088879996334169,42,42,42,1,5.400370826979767,0.06900355822234161,5.359574232159849,5.358620699585615
321,provo:6:39,6,39,the,the,200.70967741935485,5.301859472972436,2.418233871459961,-0.8079213915828642,7.73,1.4676669495870378,3,-0.6912821334247348,0,-0.2088879996334169,43,43,43,1,5.359041016590003,0.026135478819943714,5.275723994152492,5.277246722741351
322,provo:6:40,6,40,clock,clock,209.3015873015873,5.343776213281712,11.33764362335205,1.0802291178857037,4.43,-0.9478574534413853,5,0.0995277886748964,0,-0.2088879996334169,44,44,44,1,5.309557955686148,-0.023974957802250785,5.367751171083963,5.3743422773231915
323,provo:6:41,6,41,that,that,223.44897959183675,5.409183108762798,8.218611717224121,0.41996102319985507,7.01,0.9406434434717452,4,-0.2958771723749192,0,-0.2088879996334169,45,45,45,1,5.4450831665252375,0.11256407809758784,5.296619030665211,5.310237227338178
324,provo:6:42,6,42,this,this,225.0,5.41610040220442,8.945377349853516,0.5738100936747641,6.82,0.8015677960246546,4,-0.2958771723749192,0,-0.2088879996334169,46,46,46,1,5.44701175157678,0.11434962436601293,5.301750777838407,5.316269658615527
325,provo:6:43,6,43,knowledge,knowledge,199.8,5.297316866214453,15.561860084533691,1.9744538126973392,4.96,-0.5599095947731839,9,1.6811476328741586,0,-0.2088879996334169,47,47,47,1,5.267506852620314,-0.06191309375931997,5.359229959973773,5.381113968355891
326,provo:6:44,6,44,might,might,219.98275862068965,5.393549173375324,2.6822755336761475,-0.752026392597235,5.66,-0.047525630494427436,5,0.0995277886748964,0,-0.2088879996334169,48,48,48,1,5.391626238515531,0.05901931293889984,5.334529860436424,5.324022705711713
327,provo:6:45,6,45,be,be,200.7878787878788,5.302249021393361,2.985947370529175,-0.6877420790143022,6.79,0.7796084832698505,2,-1.0866870944745504,0,-0.2088879996334169,49,49,49,1,5.337126493352737,0.0025847989772334046,5.299664222416127,5.297013253716046
328,provo:6:46,6,46,spared,spared,214.765625,5.369547317239674,14.664320945739746,1.7844536860833253,3.64,-1.5261193559845527,6,0.49493274972471196,0,-0.2088879996334169,50,50,50,1,5.312209628592638,-0.020989534052395342,5.39053685129207,5.401736177536594
329,provo:6:47,6,47,him:,him,203.5,5.31566600488265,11.877557754516602,1.1945235802083223,6.11,0.2818640608276303,3,-0.6912821334247348,0,-0.2088879996334169,51,52,52,2,5.33031224538481,-0.003812886220258882,5.319478891102909,5.337986860861338
330,provo:6:48,6,48,a,a,166.8,5.116795489924646,7.947264671325684,0.36251954700270633,7.36,1.1968354256111238,1,-1.482092055524366,0,-0.2088879996334169,53,53,53,1,5.169015993746984,-0.16602507532602306,5.2828205652506695,5.297842835727678
331,provo:6:49,6,49,little,little,223.71641791044777,5.4103792583396295,5.521908283233643,-0.15090432601169232,5.75,0.018352307769983985,6,0.49493274972471196,0,-0.2088879996334169,54,54,54,1,5.408442489182413,0.07683180986569571,5.333547448473934,5.331688379707807
332,provo:6:50,6,50,mark,mark,233.0877192982456,5.451414860390637,15.57339096069336,1.9768947847236413,5.05,-0.49403165650877245,4,-0.2958771723749192,0,-0.2088879996334169,55,55,55,1,5.435852452655422,0.10185780625455187,5.349557054136085,5.3720604217397625
333,provo:6:51,6,51,of,of,199.4516129032258,5.295571665073423,2.36872935295105,-0.8184010067641007,7.4,1.2261145092841956,2,-1.0866870944745504,0,-0.2088879996334169,56,56,56,1,5.346465516600946,0.012383052002823192,5.2831886130706,5.2825405197304995
334,provo:6:52,6,52,respect,respect,196.73529411764707,5.281859140502247,10.630823135375977,0.9306022365562819,5.03,-0.508671198345308,7,0.8903377107745275,0,-0.2088879996334169,57,57,57,1,5.2586408854899025,-0.07258334448440529,5.354442484986652,5.362706719418647
335,provo:6:53,6,53,from,from,216.11111111111111,5.375792678716327,7.179384231567383,0.19996687996854307,6.63,0.6624921485775632,4,-0.2958771723749192,0,-0.2088879996334169,58,58,58,1,5.401715319698609,0.06891015370472253,5.306882525011605,5.315192336626046
336,provo:6:54,6,54,us,us,197.59649122807016,5.286227028213147,5.452359199523926,-0.16562717668145968,6.04,0.2306256643997545,2,-1.0866870944745504,0,-0.2088879996334169,59,59,59,1,5.301412230211686,-0.033694090939284216,5.319921119152431,5.319677772560154
337,provo:6:55,6,55,at,at,207.38333333333333,5.33456893255353,7.03682279586792,0.16978803911089435,6.7,0.7137305450054391,2,-1.0866870944745504,0,-0.2088879996334169,60,60,60,1,5.367083332117606,0.032473882529046705,5.302095050024484,5.31044259843365
338,provo:6:56,6,56,the,the,207.4716981132075,5.334994935733015,2.2067463397979736,-0.8526912027880421,7.73,1.4676669495870378,3,-0.6912821334247348,0,-0.2088879996334169,61,61,61,1,5.3921764793505815,0.059270941580522596,5.275723994152492,5.276643525914311
339,provo:6:57,6,57,end.,end,278.6585365853659,5.629987149058098,8.303934097290039,0.438022924140818,5.68,-0.03288608865789185,3,-0.6912821334247348,1,4.7854341734200965,62,63,63,2,5.624254704109855,0.29068183427060923,5.339305314787489,5.34811703849391
341,provo:7:3,7,3,know.,know,189.56603773584905,5.244737447910192,8.639154434204102,0.5089857420329149,6.1,0.27454428990936186,4,-0.2958771723749192,1,4.7854341734200965,2,3,3,2,5.247655767447292,-0.09149233597375517,5.336229783883947,5.345212440852604
342,provo:7:4,7,4,She,she,223.88636363636363,5.411138617937418,5.205112934112549,-0.21796675687640038,6.26,0.39166062460164913,3,-0.6912821334247348,0,-0.2088879996334169,4,4,4,1,5.429723312431745,0.09702927504768688,5.314109342889731,5.31423507725252
343,provo:7:5,7,5,looked,looked,203.5,5.31566600488265,5.880015850067139,-0.07509650872672236,5.11,-0.4501130309991644,6,0.49493274972471196,0,-0.2088879996334169,5,5,5,1,5.296925165358853,-0.03432850807062238,5.349994512953272,5.345928767068184
344,provo:7:6,7,6,around,around,204.921875,5.322628808941302,5.101365089416504,-0.2399291457864455,5.77,0.03299184960651957,6,0.49493274972471196,0,-0.2088879996334169,6,6,6,1,5.3212171669830415,-0.010240829449281286,5.332869638390584,5.330367921111053
345,provo:7:7,7,7,her,her,199.9591836734694,5.298113264087894,4.8404035568237305,-0.29517211190449144,6.3,0.42093970827472094,3,-0.6912821334247348,0,-0.2088879996334169,7,7,7,1,5.317748212980132,-0.014958207616219354,5.313071471704113,5.312571417950616
346,provo:7:8,7,8,anxiously,anxiously,200.61111111111111,5.301368263381293,12.945751190185549,1.4206495275381277,3.09,-1.9287067564892901,9,1.6811476328741586,0,-0.2088879996334169,8,9,9,2,5.222458856684801,-0.10708511792270325,5.408453381303996,5.4103085406285985
347,provo:7:9,7,9,for,for,208.4418604651163,5.3396601556637995,3.670527935028076,-0.5428231687291591,7.01,0.9406434434717452,3,-0.6912821334247348,0,-0.2088879996334169,10,10,10,1,5.377937120118964,0.04501089750439746,5.294649258159402,5.29507774178176
348,provo:7:10,7,10,some,some,194.43548387096777,5.2701004055701794,5.677201747894287,-0.11803024100243101,6.2,0.34774199909204173,4,-0.2958771723749192,0,-0.2088879996334169,11,11,11,1,5.284732811774915,-0.04758120192365656,5.317681607493836,5.31860290324307
349,provo:7:11,7,11,familiar,familiar,212.78082191780825,5.360262630839516,10.416897773742676,0.8853163609443357,4.61,-0.8161015769125618,8,1.2857426718243432,0,-0.2088879996334169,12,12,12,1,5.323639797956377,-0.006736187585334008,5.36699881842485,5.370759587242128
350,provo:7:12,7,12,landmark;,landmark,245.8717948717949,5.5048102410240345,20.86627960205078,3.09734677232511,3.89,-1.343125083027854,8,1.2857426718243432,0,-0.2088879996334169,13,14,14,2,5.449282828978493,0.1191297412580683,5.385680499765966,5.409521212895523
351,provo:7:13,7,13,but,but,185.73333333333332,5.224311953237541,6.162588119506836,-0.0152787641286481,6.63,0.6624921485775632,3,-0.6912821334247348,0,-0.2088879996334169,15,15,15,1,5.252611500912548,-0.0801970811852275,5.304509034422768,5.308675103299714
352,provo:7:14,7,14,everything,everything,214.47435897435895,5.368190192641689,8.5106840133667,0.4817898291526568,5.54,-0.13536288151364287,10,2.0765525939239744,0,-0.2088879996334169,16,16,16,1,5.351231961124538,0.0212909636310874,5.346899229010601,5.351081910281101
353,provo:7:15,7,15,was,was,150.45652173913044,5.013674150352768,2.174184799194336,-0.8595841577245275,6.82,0.8015677960246546,3,-0.6912821334247348,0,-0.2088879996334169,17,17,17,1,5.046962406417854,-0.2859049959383171,5.2995791462910855,5.295652868458429
354,provo:7:16,7,16,strange.,strange,199.64935064935065,5.296562581058915,10.116945266723633,0.8218193925687952,4.64,-0.7941422641577583,7,0.8903377107745275,1,4.7854341734200965,18,19,19,2,5.254015894994079,-0.08359587457711015,5.380158455636026,5.385207101214154
355,provo:7:17,7,17,Between,between,192.97368421052633,5.262553828367414,12.533419609069824,1.3333630246629253,5.77,0.03299184960651957,7,0.8903377107745275,0,-0.2088879996334169,20,20,20,1,5.258765279716428,-0.07233126784884814,5.334885096216262,5.349276745124352
356,provo:7:18,7,18,the,the,181.1428571428571,5.199285985941858,1.274954915046692,-1.0499421983474018,7.73,1.4676669495870378,3,-0.6912821334247348,0,-0.2088879996334169,21,21,21,1,5.2564675295594245,-0.07668159087642845,5.275967576818286,5.274593465897564
357,provo:7:19,7,19,branches,branches,221.56,5.4006934331649035,10.509782791137695,0.9049791971403295,4.21,-1.1088924136432798,8,1.2857426718243432,0,-0.2088879996334169,22,22,22,1,5.353568056302652,0.023315902883877193,5.377377530281026,5.379330242998076
358,provo:7:20,7,20,of,of,183.8,5.213848209921586,1.2016464471817017,-1.0654608733267947,7.4,1.2261145092841956,2,-1.0866870944745504,0,-0.2088879996334169,23,23,23,1,5.26474206144911,-0.0686663463523649,5.282514556273951,5.279281499339066
359,provo:7:21,7,21,the,the,209.95348837209303,5.346886022243864,1.0888900756835938,-1.0893302779412444,7.73,1.4676669495870378,3,-0.6912821334247348,0,-0.2088879996334169,24,24,24,1,5.404067565861431,0.07091844542557801,5.275967576818286,5.27417120951804
360,provo:7:22,7,22,many,many,212.27868852459017,5.357899979895529,12.008146286010742,1.222167876090021,5.91,0.13546864246227125,4,-0.2958771723749192,0,-0.2088879996334169,25,25,25,1,5.364918041715407,0.03269380630596519,5.325206173589564,5.339031277132774
361,provo:7:23,7,23,roads,roads,204.36666666666667,5.319915766100532,11.11855697631836,1.0338506493859612,4.55,-0.8600202024221698,5,0.0995277886748964,0,-0.2088879996334169,26,26,26,1,5.2888482716987015,-0.04259348562570686,5.362509251726239,5.367478456458408
362,provo:7:24,7,24,were,were,211.63636363636363,5.3548695360529575,6.483028888702393,0.05255536598099753,6.34,0.45021879194779274,4,-0.2958771723749192,0,-0.2088879996334169,27,27,27,1,5.3731778326503825,0.04082047770878283,5.314049058344175,5.317505699235817
363,provo:7:25,7,25,green,green,207.58461538461535,5.33553904153515,9.589982986450195,0.7102667085183801,5.13,-0.4354734891626288,5,0.0995277886748964,0,-0.2088879996334169,28,28,28,1,5.319700235903033,-0.011921077999634377,5.347460119534785,5.351887703783555
364,provo:7:26,7,26,meadows,meadows,224.5675675675676,5.414176631020757,8.876860618591309,0.5593057817708947,3.6,-1.5553984396576246,7,0.8903377107745275,0,-0.2088879996334169,29,30,30,2,5.353411781283084,0.022987022984742644,5.391189608036014,5.3863307855723805
365,provo:7:27,7,27,and,and,206.1176470588235,5.328447108000066,2.463048219680786,-0.798434638896488,7.41,1.2334342802024634,3,-0.6912821334247348,0,-0.2088879996334169,31,31,31,1,5.377226616434343,0.04417656169683948,5.284270546303227,5.2839776198278665
366,provo:7:28,7,28,a,a,186.33333333333337,5.227537184486989,4.817738056182861,-0.2999701734100007,7.36,1.1968354256111238,1,-1.482092055524366,0,-0.2088879996334169,32,32,32,1,5.279757688309327,-0.053999785146900514,5.28153696963389,5.286281373824523
367,provo:7:29,7,29,few,few,210.58,5.3498656284286135,4.14552116394043,-0.44227181700157103,5.6,-0.09144425600403548,3,-0.6912821334247348,0,-0.2088879996334169,33,33,33,1,5.3511211253574045,0.018631410976193585,5.33123421745242,5.325624207379778
368,provo:7:30,7,30,shrubs,shrubs,198.17391304347825,5.28914499387648,7.507573127746582,0.2694412116518958,3.37,-1.7237531707777873,6,0.49493274972471196,0,-0.2088879996334169,34,35,35,2,5.224718088043542,-0.1059969156511551,5.395141909527635,5.385987752896203
369,provo:7:31,7,31,and,and,202.2173913043478,5.3093433132949475,4.584725379943848,-0.34929664406126754,7.41,1.2334342802024634,3,-0.6912821334247348,0,-0.2088879996334169,36,36,36,1,5.358122821729224,0.025072766991720563,5.284270546303227,5.288792563474822
370,provo:7:32,7,32,"trees,",trees,194.07462686567163,5.268242759660354,6.300753593444824,0.013969495258879019,4.69,-0.7575434095664181,5,0.0995277886748964,0,-0.2088879996334169,37,38,38,2,5.240851155651213,-0.09063394291622373,5.358876702576578,5.353618960161847
371,provo:7:33,7,33,but,but,175.73214285714286,5.168960920163836,3.822007894515991,-0.5107563649117078,6.63,0.6624921485775632,3,-0.6912821334247348,0,-0.2088879996334169,39,39,39,1,5.197260467838843,-0.1355481142589321,5.304509034422768,5.303363380057562
372,provo:7:34,7,34,she,she,215.0810810810811,5.37101507834265,4.309053421020508,-0.40765366141624276,6.26,0.39166062460164913,3,-0.6912821334247348,0,-0.2088879996334169,40,40,40,1,5.389599772836977,0.05690573545291855,5.314109342889731,5.312201555781552
373,provo:7:35,7,35,couldn't,couldn't,178.98666666666668,5.187311315170677,2.8294432163238525,-0.720872454982739,5.09,-0.46475257283570065,8,1.2857426718243432,0,-0.2088879996334169,41,42,42,2,5.163291535062474,-0.16723304902676261,5.35454436419744,5.343508749400048
374,provo:7:36,7,36,see,see,209.1794871794872,5.343192673747858,1.911611557006836,-0.9151683067657767,6.1,0.27454428990936186,3,-0.6912821334247348,0,-0.2088879996334169,43,43,43,1,5.35757635065054,0.02493184611565713,5.3182608276322005,5.3101047353138515
375,provo:7:37,7,37,the,the,198.125,5.288898144631545,3.259056806564331,-0.6299275223188815,7.73,1.4676669495870378,3,-0.6912821334247348,0,-0.2088879996334169,44,44,44,1,5.3460796882491115,0.01293056781325852,5.275967576818286,5.2790961956136595
376,provo:7:38,7,38,farm-house,farm-house,207.2289156626506,5.333824055004946,19.412174224853516,2.789527097576612,4.71,-0.7429038677298826,10,2.0765525939239744,0,-0.2088879996334169,45,47,47,3,5.2950730447311365,-0.03461100110721915,5.368435056112165,5.393168514795959
377,provo:7:39,7,39,from,from,202.71698113207543,5.3118108246509514,6.976789951324463,0.15707968181342516,6.63,0.6624921485775632,4,-0.2958771723749192,0,-0.2088879996334169,48,48,48,1,5.337733465633233,0.005286332402503646,5.306524492248448,5.312565342792909
378,provo:7:40,7,40,which,which,195.22222222222223,5.274138510850878,4.2731828689575195,-0.415247101233074,6.3,0.42093970827472094,5,0.0995277886748964,0,-0.2088879996334169,49,49,49,1,5.289019646357666,-0.04296387650459366,5.3171023873554715,5.3153691372031675
379,provo:7:41,7,41,she,she,206.1219512195122,5.328467989840174,1.837810516357422,-0.9307912545143024,6.26,0.39166062460164913,3,-0.6912821334247348,0,-0.2088879996334169,50,50,50,1,5.347052684334502,0.014358646950443088,5.314109342889731,5.306593306069132
380,provo:7:42,7,42,had,had,180.225,5.194206070290642,1.5884701013565063,-0.9835741453905976,6.33,0.442899021029525,3,-0.6912821334247348,0,-0.2088879996334169,51,51,51,1,5.214628709981314,-0.11808699802425782,5.3122930683149,5.30456447595067
381,provo:7:43,7,43,just,just,209.85454545454544,5.346414650038441,5.126788139343262,-0.23454733846884024,6.43,0.5160967302122041,4,-0.2958771723749192,0,-0.2088879996334169,52,52,52,1,5.367086019031166,0.03470080186190572,5.311713848176535,5.312546871438522
382,provo:7:44,7,44,"come,",come,185.72727272727272,5.224279322019251,5.57405948638916,-0.13986443396204176,5.78,0.04031162052478801,4,-0.2958771723749192,0,-0.2088879996334169,53,54,54,2,5.227884057045918,-0.10429993292356876,5.32857925494282,5.327146686918682
383,provo:7:45,7,45,or,or,205.72222222222223,5.326526823017448,3.378572463989258,-0.6046272439671132,6.54,0.5966142103131519,2,-1.0866870944745504,0,-0.2088879996334169,55,55,55,1,5.354840204989879,0.02169803625271971,5.304828786764729,5.30219552846386
384,provo:7:46,7,46,anything,anything,229.2972972972973,5.435019403040348,6.080530643463135,-0.03264951729589127,5.55,-0.1280431105953751,8,1.2857426718243432,0,-0.2088879996334169,56,56,56,1,5.423077548508125,0.09241055747750959,5.342608845562839,5.3412729403695645
385,provo:7:47,7,47,she,she,200.8095238095238,5.302356816023137,4.3708391189575195,-0.39457424245436673,6.26,0.39166062460164913,3,-0.6912821334247348,0,-0.2088879996334169,57,57,57,1,5.320941510517464,-0.011752526866594337,5.314109342889731,5.312341772521085
386,provo:7:48,7,48,had,had,204.0222222222222,5.318228920373381,2.5387532711029053,-0.7824086309667934,6.33,0.442899021029525,3,-0.6912821334247348,0,-0.2088879996334169,58,58,58,1,5.3386515600640525,0.005935852058480684,5.3122930683149,5.306721052830826
387,provo:7:49,7,49,ever,ever,199.17021276595744,5.294159799661686,2.4723706245422363,-0.7964611783224982,5.66,-0.047525630494427436,4,-0.2958771723749192,0,-0.2088879996334169,59,59,59,1,5.294613771494618,-0.03753306883798668,5.3316928684996725,5.322615658952792
388,provo:7:50,7,50,seen,seen,190.5,5.249652194566756,0.3288919627666473,-1.250214334623905,5.52,-0.1500024233501791,4,-0.2958771723749192,0,-0.2088879996334169,60,60,60,1,5.246430276006999,-0.08567322308257808,5.335325417649334,5.320677190609248
389,provo:7:51,7,51,"before,",before,191.63333333333333,5.255583823961135,5.735206127166748,-0.1057512896680703,5.93,0.15010818429880682,6,0.49493274972471196,0,-0.2088879996334169,61,62,62,2,5.25837319959452,-0.07313432968697775,5.328718153648113,5.328462417967403
390,provo:7:52,7,52,except,except,209.04054054054055,5.342528207032495,3.583580493927002,-0.5612290789607365,5.02,-0.5159909692635765,6,0.49493274972471196,0,-0.2088879996334169,63,63,63,1,5.321424295113397,-0.00980151608841684,5.352329723120912,5.342598195357413
391,provo:7:53,7,53,the,the,151.23076923076923,5.0188069432455755,2.503805160522461,-0.789806799078022,7.73,1.4676669495870378,3,-0.6912821334247348,0,-0.2088879996334169,64,64,64,1,5.075988486863142,-0.2571606335727106,5.275967576818286,5.277382224146619
392,provo:7:54,7,54,shaggy,shaggy,202.0909090909091,5.308717641165826,14.593073844909668,1.7693713820438755,3.18,-1.8628288182248782,6,0.49493274972471196,0,-0.2088879996334169,65,67,67,3,5.239302026942809,-0.09135415649349277,5.400071797659319,5.406038554436636
393,provo:7:55,7,55,man,man,231.59322033898303,5.444982472122632,8.110250473022461,0.3970220234075639,5.82,0.06959070419785983,3,-0.6912821334247348,0,-0.2088879996334169,68,68,68,1,5.452014368239936,0.11945654619110879,5.325525925931523,5.330023857680344
394,provo:7:56,7,56,and,and,228.7704918032787,5.4327192817971115,6.007772445678711,-0.04805170556126751,7.41,1.2334342802024634,3,-0.6912821334247348,0,-0.2088879996334169,69,69,69,1,5.481498790231388,0.1484487354938846,5.284270546303227,5.292022032857257
395,provo:7:57,7,57,Toto.,toto,253.96774193548387,5.537207258699321,23.397552490234375,3.6331921170704793,3.15,-1.8847881309796823,4,-0.2958771723749192,1,4.7854341734200965,70,72,72,3,5.462669316390464,0.12443447487608061,5.4127727838232405,5.440359198330984
397,provo:8:3,8,3,body,body,175.1451612903226,5.165615123171809,11.08260726928711,1.0262404532480496,5.4,-0.2378396743693939,4,-0.2958771723749192,0,-0.2088879996334169,1,1,1,1,5.159242441418318,-0.17282390803437853,5.338439031206187,5.347589678898308
398,provo:8:4,8,4,can,can,193.3090909090909,5.264290415160611,7.926630020141602,0.35815139616877184,6.46,0.5380560429670082,3,-0.6912821334247348,0,-0.2088879996334169,2,2,2,1,5.288126381644495,-0.044629571801031886,5.308919986961643,5.316231369271895
399,provo:8:5,8,5,tolerate,tolerate,186.16901408450704,5.226654938989083,8.806253433227539,0.5443589414837936,3.84,-1.379723937619194,8,1.2857426718243432,0,-0.2088879996334169,3,3,3,1,5.169814708946152,-0.16032289975890546,5.386977838747988,5.383197118271442
400,provo:8:6,8,6,only,only,214.69642857142856,5.36922507023976,7.425940036773682,0.25216029659164996,6.12,0.2891838317458981,4,-0.2958771723749192,0,-0.2088879996334169,4,4,4,1,5.3817569676486725,0.04946772037468872,5.319757349865071,5.324243470161855
401,provo:8:7,8,7,a,a,189.5,5.244389024522481,2.9860987663269043,-0.6877100300266936,7.36,1.1968354256111238,1,-1.482092055524366,0,-0.2088879996334169,5,5,5,1,5.296609528344819,-0.03714794511140873,5.28153696963389,5.282124643419265
402,provo:8:8,8,8,small,small,196.75757575757575,5.281972391042006,3.3504879474639893,-0.6105724573456236,5.51,-0.1573221942684469,5,0.0995277886748964,0,-0.2088879996334169,6,6,6,1,5.276111002190047,-0.05562795222941119,5.337600343271418,5.329785896828267
403,provo:8:9,8,9,range,range,197.22727272727272,5.284356732440035,7.107352256774902,0.1847184259019948,5.12,-0.4427932600808966,5,0.0995277886748964,0,-0.2088879996334169,7,7,7,1,5.26825536320844,-0.06336285489115401,5.347719587331189,5.346462607042104
404,provo:8:10,8,10,of,of,185.8695652173913,5.225045165441711,0.1244188919663429,-1.2934992540909467,7.4,1.2261145092841956,2,-1.0866870944745504,0,-0.2088879996334169,8,8,8,1,5.275939016969234,-0.05746939083224056,5.282514556273951,5.276836834302154
405,provo:8:11,8,11,"temperature,",temperature,230.475,5.440142396684658,7.374470710754395,0.24126475116335477,4.64,-0.7941422641577583,11,2.4719575549737898,0,-0.2088879996334169,9,10,10,2,5.397176534521778,0.0678756081719829,5.372266788512675,5.369355558619151
406,provo:8:12,8,12,especially,especially,219.3924050632911,5.390861930392779,7.861237049102783,0.34430835329741866,5.21,-0.3769153218164852,10,2.0765525939239744,0,-0.2088879996334169,11,11,11,1,5.36523910009286,0.03540026410083286,5.355461666291946,5.356504938649925
407,provo:8:13,8,13,when,when,192.69230769230768,5.261094656057429,2.3440797328948975,-0.8236190866552456,6.37,0.4721781047025968,4,-0.2958771723749192,0,-0.2088879996334169,12,12,12,1,5.280190643453287,-0.05217599889753277,5.3132706549549615,5.307485759834055
408,provo:8:14,8,14,the,the,191.3953488372093,5.254341177977553,3.4638922214508057,-0.5865658982054632,7.73,1.4676669495870378,3,-0.6912821334247348,0,-0.2088879996334169,13,13,13,1,5.31152272159512,-0.021626398840733252,5.275967576818286,5.27956105002132
409,provo:8:15,8,15,person,person,188.16666666666663,5.237328094921607,7.37005090713501,0.24032912260857023,5.55,-0.1280431105953751,6,0.49493274972471196,0,-0.2088879996334169,14,14,14,1,5.230140053774835,-0.10124983498987294,5.33857792991148,5.340114411008322
410,provo:8:16,8,16,is,is,154.16129032258064,5.037999394093012,0.7407786250114441,-1.1630220166573662,7.07,0.9845620689813532,2,-1.0866870944745504,0,-0.2088879996334169,15,15,15,1,5.080228646837767,-0.2530775994622845,5.291076993555296,5.28513249005729
411,provo:8:17,8,17,engaged,engaged,214.0,5.365976015021851,8.478785514831543,0.4750372336406431,4.52,-0.8819795151769738,7,0.8903377107745275,0,-0.2088879996334169,16,16,16,1,5.329367016436137,-0.0013425557449595615,5.367318570766811,5.366199709361925
412,provo:8:18,8,18,in,in,191.7027027027027,5.2559457485578625,0.0448705032467842,-1.3103388583771358,7.27,1.1309574873467116,2,-1.0866870944745504,0,-0.2088879996334169,17,17,17,1,5.303426273292175,-0.02994188906934614,5.285887637627209,5.279373262009147
413,provo:8:19,8,19,vigorous,vigorous,199.65432098765433,5.296587476088223,5.535526752471924,-0.14802143125231793,3.46,-1.6578752325133759,8,1.2857426718243432,0,-0.2088879996334169,18,18,18,1,5.229769829265135,-0.10025013892313162,5.396837615011354,5.383716385475519
414,provo:8:20,8,20,activity.,activity,203.04166666666663,5.31341121249556,4.182039737701416,-0.4345411974236057,4.86,-0.6331073039558631,8,1.2857426718243432,1,4.7854341734200965,19,20,20,2,5.274264018926511,-0.06305440944524854,5.376465621940809,5.369182962099781
415,provo:8:21,8,21,Heat,heat,214.4920634920635,5.368272737646554,8.841104507446289,0.5517365679604448,4.86,-0.6331073039558631,4,-0.2958771723749192,0,-0.2088879996334169,21,21,21,1,5.347721621521261,0.015822445434530152,5.352450292212024,5.353788616304786
416,provo:8:22,8,22,reactions,reactions,233.2716049382716,5.452203461111151,12.474319458007812,1.3208521093174639,4.24,-1.086933100888476,9,1.6811476328741586,0,-0.2088879996334169,22,22,22,1,5.403488868354609,0.07358887639365896,5.378614584717492,5.385204067860252
417,provo:8:23,8,23,usually,usually,225.96,5.4203579924570615,8.169271469116211,0.4095161824319451,5.15,-0.4208339473260926,7,0.8903377107745275,0,-0.2088879996334169,23,23,23,1,5.400290500638451,0.06938589286372743,5.350972099593334,5.3523305140222694
418,provo:8:24,8,24,occur,occur,227.16129032258064,5.425660295229852,1.3514076471328735,-1.0337579138426827,4.47,-0.9185783697683134,5,0.0995277886748964,0,-0.2088879996334169,24,24,24,1,5.392492292032198,0.06107530113237836,5.3645849940974735,5.3469848164562945
419,provo:8:25,8,25,when,when,206.41304347826087,5.329879226757291,2.131737470626831,-0.8685698358455839,6.37,0.4721781047025968,4,-0.2958771723749192,0,-0.2088879996334169,25,25,25,1,5.34897521415315,0.016608571802329664,5.3132706549549615,5.307003869353337
420,provo:8:26,8,26,large,large,223.4920634920635,5.409375903320501,8.477177619934082,0.47469685825098584,5.39,-0.24515944528766234,5,0.0995277886748964,0,-0.2088879996334169,26,26,26,1,5.400363751274807,0.06866194649223001,5.340713956828271,5.3439283879493455
421,provo:8:27,8,27,amounts,amounts,195.77272727272728,5.276954431695795,1.6718248128890991,-0.9659287803468531,4.41,-0.9624969952779209,7,0.8903377107745275,0,-0.2088879996334169,27,27,27,1,5.2374572335158245,-0.09321828483146444,5.370172716527259,5.353050924340346
422,provo:8:28,8,28,of,of,185.47619047619048,5.222926520581425,0.0089842025190591,-1.3179356320299689,7.4,1.2261145092841956,2,-1.0866870944745504,0,-0.2088879996334169,28,28,28,1,5.273820372108949,-0.05958803569252602,5.282514556273951,5.2765748663010825
423,provo:8:29,8,29,water,water,222.78571428571428,5.406210386992544,3.5082273483276367,-0.5771805919208086,5.52,-0.1500024233501791,5,0.0995277886748964,0,-0.2088879996334169,29,29,29,1,5.400611561740062,0.06886951151753085,5.337340875475014,5.329934874778799
424,provo:8:30,8,30,and/or,and/or,196.5967741935484,5.281154799610745,9.048468589782717,0.595633485873197,6.49,0.5600153557218123,6,0.49493274972471196,0,-0.2088879996334169,30,32,32,3,5.298647736814887,-0.03303315743872304,5.314187957049468,5.32427774372041
425,provo:8:31,8,31,salt,salt,186.23636363636365,5.227016639204064,5.056352138519287,-0.24945794068806262,4.6,-0.8234213478308302,4,-0.2958771723749192,0,-0.2088879996334169,33,33,33,1,5.199638869492348,-0.13217981571447357,5.359196454918537,5.350633392686183
426,provo:8:32,8,32,are,are,198.90243902439025,5.292814448350806,0.9342227578163148,-1.1220718138895496,6.74,0.743009628678511,3,-0.6912821334247348,0,-0.2088879996334169,34,34,34,1,5.324002195620069,-0.008840440311513653,5.30165488866232,5.294510865466322
427,provo:8:33,8,33,lost,lost,184.83333333333337,5.219454518122312,9.725439071655272,0.7389414172048296,5.39,-0.24515944528766234,4,-0.2958771723749192,0,-0.2088879996334169,35,35,35,1,5.212819272769344,-0.11924398088027921,5.338698499002591,5.3447187118661486
428,provo:8:34,8,34,through,through,185.96103896103895,5.225537183820323,3.827238559722901,-0.5096490850075426,5.87,0.10618955878919943,7,0.8903377107745275,0,-0.2088879996334169,36,36,36,1,5.224374271164115,-0.10675323443189644,5.332290418252219,5.327428933350094
429,provo:8:35,8,35,excessive,excessive,222.69333333333333,5.405795638176865,7.467653274536133,0.26099057497593964,4.12,-1.1747703519076913,9,1.6811476328741586,0,-0.2088879996334169,37,37,37,1,5.353930282226588,0.02406743990252025,5.381728198274344,5.3763498758314485
430,provo:8:36,8,36,sweating,sweating,229.28378378378375,5.43496046683877,3.4598228931427,-0.5874273346157048,3.66,-1.5114798141480168,8,1.2857426718243432,0,-0.2088879996334169,38,38,38,1,5.373394092005238,0.04331220775550282,5.391648259083267,5.374825842802742
431,provo:8:37,8,37,following,following,218.73611111111111,5.387866031158525,12.332091331481934,1.2907438267034006,5.46,-0.1939210488597865,9,1.6811476328741586,0,-0.2088879996334169,39,39,39,1,5.371184197538277,0.04090651760236774,5.346959513556158,5.359383715364247
432,provo:8:38,8,38,strenuous,strenuous,256.56164383561645,5.547368962581463,5.362929344177246,-0.1845585893681247,3.12,-1.906747443734486,9,1.6811476328741586,0,-0.2088879996334169,40,41,41,2,5.469247246683405,0.13969398466668004,5.407674977914783,5.3924730611243294
433,provo:8:39,8,39,exercise.,exercise,221.93548387096777,5.402386726442243,1.623548984527588,-0.9761482940199937,4.68,-0.7648631804846866,8,1.2857426718243432,1,4.7854341734200965,42,43,43,2,5.358513388082593,0.021250684166155942,5.381136042276087,5.367138649666031
434,provo:8:40,8,40,When,when,214.26315789473685,5.367204969336538,5.785245418548584,-0.09515846837784793,6.37,0.4721781047025968,4,-0.2958771723749192,0,-0.2088879996334169,44,44,44,1,5.386300956732397,0.0539343143815767,5.3132706549549615,5.315295156648322
435,provo:8:41,8,41,the,the,196.02564102564105,5.278245472233516,2.497921943664551,-0.7910522176894071,7.73,1.4676669495870378,3,-0.6912821334247348,0,-0.2088879996334169,45,45,45,1,5.335427015851083,0.002277895415230269,5.275967576818286,5.277368872747941
436,provo:8:42,8,42,body,body,199.46808510638297,5.295654249128553,2.1483800411224365,-0.8650467688675837,5.4,-0.2378396743693939,4,-0.2958771723749192,0,-0.2088879996334169,46,46,46,1,5.289281567375062,-0.04278478207763392,5.338439031206187,5.327314303625202
437,provo:8:43,8,43,becomes,becomes,211.41538461538465,5.353824845695384,4.971693515777588,-0.26737933079201404,4.83,-0.6550666167106671,7,0.8903377107745275,0,-0.2088879996334169,47,47,47,1,5.325355318693483,-0.005450223382890584,5.359275069078275,5.351761805963617
438,provo:8:44,8,44,overheated,overheated,207.3676470588235,5.334493290661124,5.0838165283203125,-0.24364400198163097,2.89,-2.0751021748546488,10,2.0765525939239744,0,-0.2088879996334169,48,49,49,2,5.24795570528235,-0.08116490439663959,5.415658195057763,5.398689048157875
439,provo:8:45,8,45,and,and,183.25,5.2108513407667605,3.620654344558716,-0.5533809127809752,7.41,1.2334342802024634,3,-0.6912821334247348,0,-0.2088879996334169,50,50,50,1,5.259630849201037,-0.07341920553646641,5.284270546303227,5.286604696350652
440,provo:8:46,8,46,cannot,cannot,202.4109589041096,5.310300080730685,6.658265113830566,0.08965113542727973,5.11,-0.4501130309991644,6,0.49493274972471196,0,-0.2088879996334169,51,51,51,1,5.291559241206888,-0.039694432222587395,5.349994512953272,5.347694929431849
441,provo:8:47,8,47,eliminate,eliminate,189.66666666666663,5.245268145458221,11.913558959960938,1.2021446780491054,4.15,-1.1528110391528874,9,1.6811476328741586,0,-0.2088879996334169,52,52,52,1,5.1941904803063785,-0.1356816494269104,5.380949794885131,5.385812444443632
442,provo:8:48,8,48,this,this,197.4186046511628,5.285326371044405,5.791080951690674,-0.09392314393578827,6.82,0.8015677960246546,4,-0.2958771723749192,0,-0.2088879996334169,53,53,53,1,5.3162377204167655,-0.016268233072358917,5.301594604116764,5.305903554991568
443,provo:8:49,8,49,excess,excess,227.2089552238806,5.425870101668288,4.84367036819458,-0.29448056036399867,4.21,-1.1088924136432798,6,0.49493274972471196,0,-0.2088879996334169,54,54,54,1,5.383498538191487,0.052523487038620864,5.373346614629667,5.362386569675147
444,provo:8:50,8,50,"heat,",heat,185.48888888888888,5.222994982080417,2.468559503555298,-0.797267954805842,4.86,-0.6331073039558631,4,-0.2958771723749192,0,-0.2088879996334169,55,56,56,2,5.202443865955124,-0.12945531013160672,5.352450292212024,5.33932673414095
445,provo:8:51,8,51,heat,heat,231.75,5.445659204445964,5.621706008911133,-0.129778138088575,4.86,-0.6331073039558631,4,-0.2958771723749192,0,-0.2088879996334169,57,57,57,1,5.4251080883206715,0.09320891223394057,5.352450292212024,5.346482498937891
446,provo:8:52,8,52,exhaustion,exhaustion,226.64935064935065,5.423404112389816,5.5225443840026855,-0.1507696697928896,3.49,-1.635915919758572,10,2.0765525939239744,0,-0.2088879996334169,58,58,58,1,5.352620342979712,0.023313985116316438,5.4000901272735,5.387144905995499
447,provo:8:53,8,53,and,and,187.07142857142856,5.231490514892453,5.124455451965332,-0.23504114523224567,7.41,1.2334342802024634,3,-0.6912821334247348,0,-0.2088879996334169,59,59,59,1,5.28027002332673,-0.05278003141077381,5.284270546303227,5.290017429316819
448,provo:8:54,8,54,heat,heat,240.10416666666663,5.481072856956958,3.135159730911255,-0.6561553034191271,4.86,-0.6331073039558631,4,-0.2958771723749192,0,-0.2088879996334169,60,60,60,1,5.460521740831665,0.1286225647449344,5.352450292212024,5.340839519681502
449,provo:8:55,8,55,stroke,stroke,210.43548387096777,5.349179116220657,3.4346868991851807,-0.5927483750339704,4.27,-1.0649737881336725,6,0.49493274972471196,0,-0.2088879996334169,61,61,61,1,5.308382934340723,-0.022610691630584157,5.371789807851241,5.35793503696985
450,provo:8:56,8,56,are,are,217.4390243902439,5.381918463592933,1.904725432395935,-0.9166260309935014,6.74,0.743009628678511,3,-0.6912821334247348,0,-0.2088879996334169,62,62,62,1,5.413106210862195,0.08026357493061287,5.30165488866232,5.296713328581276
451,provo:8:57,8,57,possible,possible,242.19642857142856,5.489749085227565,5.896036624908447,-0.0717050697167272,5.36,-0.2671187580424657,8,1.2857426718243432,0,-0.2088879996334169,63,63,63,1,5.472818522305263,0.14221035153304307,5.347538733694522,5.344825183306573
453,provo:9:3,9,3,a,a,171.52631578947367,5.144736699671121,5.394439220428467,-0.17788826133611416,7.36,1.1968354256111238,1,-1.482092055524366,0,-0.2088879996334169,1,1,1,1,5.196957203493459,-0.13808386557954844,5.2828205652506695,5.290561762465978
454,provo:9:4,9,4,forbidding,forbidding,199.5064935064935,5.295846784704944,17.28400421142578,2.3390146301751797,3.07,-1.943346298325826,10,2.0765525939239744,0,-0.2088879996334169,2,3,3,2,5.214035344116771,-0.11587897069018194,5.411725755395126,5.426855348888186
455,provo:9:5,9,5,"challenge,",challenge,199.56,5.296114942992837,15.859375,2.037434767136958,4.88,-0.6184677621193275,9,1.6811476328741586,0,-0.2088879996334169,4,5,5,2,5.2642044206028755,-0.06527575263280916,5.361390695625646,5.383629719805928
456,provo:9:6,9,6,and,and,206.58333333333337,5.330703882247191,2.9899067878723145,-0.686903909664356,7.41,1.2334342802024634,3,-0.6912821334247348,0,-0.2088879996334169,6,6,6,1,5.379483390681467,0.04633694548720868,5.284366936759982,5.2855459889970975
457,provo:9:7,9,7,it,it,217.77083333333337,5.383443286624816,4.182948112487793,-0.4343489034979542,6.95,0.8967248179621378,2,-1.0866870944745504,0,-0.2088879996334169,7,7,7,1,5.422521776175838,0.08810053551243424,5.295342751112382,5.297092913384428
458,provo:9:8,9,8,says,says,212.84615384615384,5.360569622325389,10.92198085784912,0.9922374363414194,5.49,-0.17196173610498247,4,-0.2958771723749192,0,-0.2088879996334169,8,8,8,1,5.356560012967199,0.02289661427460299,5.337673008050786,5.349624295879709
459,provo:9:9,9,9,much,much,226.0677966101695,5.420834939286532,6.340646266937256,0.0224143782583196,6.0,0.20134658072668266,4,-0.2958771723749192,0,-0.2088879996334169,9,9,9,1,5.430216073501711,0.09693662101643241,5.3238983182701,5.325929245053892
460,provo:9:10,9,10,for,for,202.2340425531915,5.309425653212471,5.814912796020508,-0.08887817904857628,7.01,0.9406434434717452,3,-0.6912821334247348,0,-0.2088879996334169,10,10,10,1,5.347702617667635,0.014255038193126346,5.2951706150193445,5.301939318147159
461,provo:9:11,9,11,Winstanley's,winstanley's,230.26829268292684,5.439245119028209,20.553979873657227,3.031236019744414,0.0,-4.1905159702340855,12,2.8673625160236056,0,-0.2088879996334169,11,14,14,4,5.2720728400148955,-0.058295698299254184,5.497540817327463,5.503044626085309
462,provo:9:12,9,12,persuasive,persuasive,245.51282051282053,5.5033491679192,12.336249351501465,1.2916240382685877,3.41,-1.6944740871047155,10,2.0765525939239744,0,-0.2088879996334169,15,15,15,1,5.4304648897132735,0.10080653904453207,5.402542628874668,5.4056579877678645
463,provo:9:13,9,13,"abilities,",abilities,235.35135135135135,5.461079509710213,11.66484260559082,1.1494938946138584,4.21,-1.1088924136432798,9,1.6811476328741586,0,-0.2088879996334169,16,17,17,2,5.411577226155238,0.0815926530001363,5.379486856710077,5.385628952154246
464,provo:9:14,9,14,not,not,207.74074074074073,5.336290863504008,6.296301364898682,0.013027002668953286,6.69,0.7064107740871713,3,-0.6912821334247348,0,-0.2088879996334169,18,18,18,1,5.366165792775882,0.032477305877174345,5.3038135576268335,5.309981078763987
465,provo:9:15,9,15,to,to,210.07894736842104,5.347483399919413,2.3871073722839355,-0.8145105624934974,7.43,1.2480738220389989,2,-1.0866870944745504,0,-0.2088879996334169,19,19,19,1,5.39916494224537,0.06510506271826522,5.2823783372011475,5.281967740378506
466,provo:9:16,9,16,mention,mention,206.53333333333333,5.330461819874603,0.1379226446151733,-1.29064064369487,4.73,-0.7282643258933463,7,0.8903377107745275,0,-0.2088879996334169,20,20,20,1,5.299366656877924,-0.032083423806570366,5.362545243681174,5.339031225642579
467,provo:9:17,9,17,his,his,192.16666666666663,5.2583630510410035,1.051187515258789,-1.0973115357435628,6.51,0.5746548975583479,3,-0.6912821334247348,0,-0.2088879996334169,21,21,21,1,5.283511835522276,-0.05031216180254372,5.308675212843547,5.298772339945194
468,provo:9:18,9,18,"self-confidence,",self-confidence,176.390243902439,5.172698835367704,14.229999542236328,1.692512156081957,4.55,-0.8600202024221698,15,4.053577399173052,0,-0.2088879996334169,22,25,25,4,5.1178622740386235,-0.2062953886971135,5.378994224064818,5.394512651272027
469,provo:9:19,9,19,that,that,230.0408163265306,5.438256755467889,1.796013593673706,-0.9396392481657585,7.01,0.9406434434717452,4,-0.2958771723749192,0,-0.2088879996334169,26,26,26,1,5.474156813230328,0.14163772480267856,5.296619030665211,5.291918933209767
470,provo:9:20,9,20,the,the,191.40425531914897,5.254387711369148,4.694576263427734,-0.3260423024192465,7.73,1.4676669495870378,3,-0.6912821334247348,0,-0.2088879996334169,27,27,27,1,5.311569254986715,-0.021336282783344096,5.275723994152492,5.28373922136432
471,provo:9:21,9,21,admiralty,admiralty,247.3170731707317,5.510671210440866,18.03878593444824,2.498794428895616,3.44,-1.6725147743499118,9,1.6811476328741586,0,-0.2088879996334169,28,30,30,3,5.440951529726098,0.11038727308151586,5.40028393735935,5.419855183813849
472,provo:9:22,9,22,agreed,agreed,281.1948051948052,5.639047686063185,12.089998245239258,1.2394951233874711,4.84,-0.6477468457923993,6,0.49493274972471196,0,-0.2088879996334169,31,31,31,1,5.613217629353486,0.28092186954920173,5.358125816513983,5.369385932571744
473,provo:9:23,9,23,to,to,194.57692307692307,5.270827576270454,1.0122861862182615,-1.1055465609627253,7.43,1.2480738220389989,2,-1.0866870944745504,0,-0.2088879996334169,32,32,32,1,5.322509118596411,-0.011550760930693293,5.2823783372011475,5.2780465268172865
474,provo:9:24,9,24,fund,fund,216.390625,5.3770852234830455,9.617586135864258,0.7161100212575491,4.82,-0.6623863876289349,4,-0.2958771723749192,0,-0.2088879996334169,33,33,33,1,5.355483852959841,0.02131605434782724,5.355769169135218,5.359866670790683
475,provo:9:25,9,25,him.,him,182.31372549019608,5.205728969526204,5.379117012023926,-0.18113182076549014,6.11,0.2818640608276303,3,-0.6912821334247348,1,4.7854341734200965,34,35,35,2,5.211286759355508,-0.12196239113247032,5.327691360658674,5.330813835471862
476,provo:9:26,9,26,No,no,188.6153846153846,5.239709939594565,8.812042236328125,0.5455843736399143,6.35,0.45753856286606054,2,-1.0866870944745504,0,-0.2088879996334169,36,36,36,1,5.2630346131769175,-0.07183832890686048,5.311548268501426,5.322799771517496
477,provo:9:27,9,27,lighthouse,lighthouse,246.974025974026,5.509283173098592,16.3419132232666,2.1395833192769267,3.55,-1.5919972942489644,10,2.0765525939239744,0,-0.2088879996334169,37,37,37,1,5.440074785285355,0.11052183161470097,5.398761341483891,5.414165208990231
478,provo:9:28,9,28,had,had,235.08333333333337,5.459940061213996,4.406346797943115,-0.3870576192661029,6.33,0.442899021029525,3,-0.6912821334247348,0,-0.2088879996334169,38,38,38,1,5.480362700904668,0.14640319315373596,5.31353686806026,5.312092978458126
479,provo:9:29,9,29,ever,ever,223.68571428571428,5.4102420054185005,0.9466391801834106,-1.1194433805211603,5.66,-0.047525630494427436,4,-0.2958771723749192,0,-0.2088879996334169,39,39,39,1,5.410695977251433,0.07716056062794241,5.333081444790558,5.3176302195872
480,provo:9:30,9,30,been,been,167.88,5.12324943846539,0.741812527179718,-1.1628031498309652,6.27,0.39898039551991693,4,-0.2958771723749192,0,-0.2088879996334169,40,40,40,1,5.1397197898664695,-0.1933563969796408,5.3166058354450305,5.304333692826046
481,provo:9:31,9,31,built,built,206.7746478873239,5.331629542698145,1.2740494012832642,-1.0501338866228938,5.07,-0.4793921146722362,5,0.0995277886748964,0,-0.2088879996334169,41,41,41,1,5.314215355469161,-0.018835743170838803,5.350465285868983,5.332301746020977
482,provo:9:32,9,32,out,out,186.15714285714284,5.226591171095547,9.018875122070312,0.5893688425063796,6.38,0.4794978756208646,3,-0.6912821334247348,0,-0.2088879996334169,42,42,42,1,5.248326628783608,-0.085595237182293,5.31218640827784,5.324206665125433
483,provo:9:33,9,33,to,to,174.0392156862745,5.159280651328158,5.100883960723877,-0.2400309959549402,7.43,1.2480738220389989,2,-1.0866870944745504,0,-0.2088879996334169,43,43,43,1,5.210962193654115,-0.12309768587298908,5.2823783372011475,5.2897078724542705
484,provo:9:34,9,34,sea,sea,205.625,5.326054121519636,3.4536988735198975,-0.588723728782184,5.06,-0.48671188559050466,3,-0.6912821334247348,0,-0.2088879996334169,44,44,44,1,5.313131184076625,-0.02178442501409883,5.347838546533735,5.335842521453863
485,provo:9:35,9,35,on,on,220.77777777777777,5.397156665215597,5.700356483459473,-0.1131286133196417,6.91,0.8674457342890659,2,-1.0866870944745504,0,-0.2088879996334169,45,45,45,1,5.435184900368707,0.10073354627727849,5.296423118938319,5.302254404049308
486,provo:9:36,9,36,an,an,215.32,5.372125293692757,5.659326553344727,-0.12181424225749643,6.53,0.589294439394884,2,-1.0866870944745504,0,-0.2088879996334169,46,46,46,1,5.40017611206571,0.06543868040804401,5.306686613284713,5.310056535067156
487,provo:9:37,9,37,isolated,isolated,215.78205128205127,5.374268876436575,9.052885055541992,0.5965684078361282,4.24,-1.086933100888476,8,1.2857426718243432,0,-0.2088879996334169,47,47,47,1,5.327931190372757,-0.0029592887581841865,5.377228165194759,5.376111859040725
488,provo:9:38,9,38,rock,rock,208.8928571428571,5.341821475267822,9.541799545288086,0.7000667522983078,5.03,-0.508671198345308,4,-0.2958771723749192,0,-0.2088879996334169,48,48,48,1,5.325733940333652,-0.008275762781231322,5.350097238049053,5.355274139952776
489,provo:9:39,9,39,before.,before,205.68253968253967,5.32633391061837,9.286264419555664,0.6459725026495083,5.93,0.15010818429880682,6,0.49493274972471196,1,4.7854341734200965,49,50,50,2,5.320034835578898,-0.010564352194616156,5.336898262812986,5.350035340984709
490,provo:9:40,9,40,The,the,180.33333333333337,5.194806990178372,3.3317620754241943,-0.6145365385814566,7.73,1.4676669495870378,3,-0.6912821334247348,0,-0.2088879996334169,51,51,51,1,5.251988533795939,-0.08091700397412005,5.275723994152492,5.279852253713849
491,provo:9:41,9,41,Eddystone,eddystone,238.4625,5.474212065261636,22.290014266967773,3.398737268746784,1.78,-2.887596746782391,9,1.6811476328741586,0,-0.2088879996334169,52,54,54,3,5.360906827033549,0.029092863125932844,5.445119202135703,5.466574581883667
492,provo:9:42,9,42,is,is,216.82142857142856,5.37907410495523,5.492116451263428,-0.15721096112290364,7.07,0.9845620689813532,2,-1.0866870944745504,0,-0.2088879996334169,55,55,55,1,5.421303357699986,0.08697245732065717,5.292101647634573,5.2983260885451795
493,provo:9:43,9,43,hard,hard,216.0327868852459,5.375430187300454,10.210012435913086,0.8415207884916125,5.53,-0.14268265243191067,4,-0.2958771723749192,0,-0.2088879996334169,56,56,56,1,5.372470832340175,0.038837547075603496,5.3365926402248505,5.346760050909698
494,provo:9:44,9,44,enough,enough,212.52631578947367,5.359065819706342,7.504696369171143,0.2688322304164859,5.54,-0.13536288151364287,6,0.49493274972471196,0,-0.2088879996334169,57,57,57,1,5.351615214960091,0.01984644014624326,5.339219379560099,5.341719988878711
495,provo:9:45,9,45,to,to,215.11428571428573,5.371169448360709,0.3785677850246429,-1.2396984561393665,7.43,1.2480738220389989,2,-1.0866870944745504,0,-0.2088879996334169,58,58,58,1,5.4228509906866655,0.08879111115956118,5.2823783372011475,5.276239058897866
496,provo:9:46,9,46,"avoid,",avoid,201.85245901639345,5.30753702961956,11.066882133483888,1.0229115980878731,4.87,-0.6257875330375953,5,0.0995277886748964,0,-0.2088879996334169,59,60,60,2,5.28487157040102,-0.0483300953791046,5.355867124998665,5.364400473577341
497,provo:9:47,9,47,but,but,188.16666666666663,5.237328094921607,1.537364482879639,-0.9943926975423624,6.63,0.6624921485775632,3,-0.6912821334247348,0,-0.2088879996334169,61,61,61,1,5.265627642596614,-0.06810601444413145,5.305434109365739,5.297658209901425
498,provo:9:48,9,48,landing,landing,214.26666666666668,5.367221345195248,12.306580543518066,1.2853434461142363,4.4,-0.9698167661961886,7,0.8903377107745275,0,-0.2088879996334169,62,62,62,1,5.327461583415801,-0.00423693304989925,5.371458278245147,5.380615377493115
499,provo:9:49,9,49,on,on,160.57142857142858,5.078738881398323,1.661924958229065,-0.9680244813113752,6.91,0.8674457342890659,2,-1.0866870944745504,0,-0.2088879996334169,63,63,63,1,5.116767116551433,-0.21768423753999588,5.296423118938319,5.2907361407120215
500,provo:9:50,9,50,it,it,212.73529411764707,5.360048642233119,2.0326874256134033,-0.8895377471936767,6.95,0.8967248179621378,2,-1.0866870944745504,0,-0.2088879996334169,64,64,64,1,5.399127131784141,0.06470589112073721,5.295342751112382,5.290960020284594
501,provo:9:51,9,51,is,is,224.03846153846155,5.4118177404124195,3.388174533843994,-0.6025945810900292,7.07,0.9845620689813532,2,-1.0866870944745504,0,-0.2088879996334169,65,65,65,1,5.454046993157175,0.11971609277784623,5.292101647634573,5.292325304107015
502,provo:9:52,9,52,a,a,191.33333333333337,5.254017107651457,2.7244532108306885,-0.7430977970037145,7.36,1.1968354256111238,1,-1.482092055524366,0,-0.2088879996334169,66,66,66,1,5.306237611473795,-0.028803457599212656,5.2828205652506695,5.282946528241184
503,provo:9:53,9,53,separate,separate,173.03896103896105,5.1535167774598865,10.715351104736328,0.9484959686362814,4.83,-0.6550666167106671,8,1.2857426718243432,0,-0.2088879996334169,67,67,67,1,5.12267034376526,-0.2077759623023132,5.3612927397622,5.368557952312227
504,provo:9:54,9,54,challenge,challenge,226.9375,5.4246746491745546,5.262715816497803,-0.20577279844776075,4.88,-0.6184677621193275,9,1.6811476328741586,0,-0.2088879996334169,68,68,68,1,5.392764126784593,0.06328395354890848,5.361390695625646,5.353406324854568
505,provo:9:55,9,55,entirely.,entirely,310.08,5.736830328702402,8.965386390686035,0.5780458090071475,4.72,-0.7355840968116147,8,1.2857426718243432,1,4.7854341734200965,69,70,70,2,5.694007244740662,0.36435410786311184,5.37247622083929,5.377220739620727
507,provo:10:3,10,3,remarked,remarked,208.28205128205127,5.3388931769213075,14.950796127319336,1.845097638440695,3.59,-1.5627182105758928,8,1.2857426718243432,0,-0.2088879996334169,3,3,3,1,5.275488856891431,-0.055050547810206574,5.393943724731514,5.4043143242809455
508,provo:10:4,10,4,to,to,184.29166666666663,5.216519647520381,4.318415641784668,-0.40567177221086614,7.43,1.2480738220389989,2,-1.0866870944745504,0,-0.2088879996334169,4,4,4,1,5.268201189846338,-0.06144573138225251,5.277965378902634,5.282612761098713
509,provo:10:5,10,5,"him,",him,210.70689655172413,5.350468051891581,6.272690296173096,0.008028773785718568,6.11,0.2818640608276303,3,-0.6912821334247348,0,-0.2088879996334169,5,6,6,2,5.365114292393741,0.03528843676924165,5.315179615122339,5.317305249714339
510,provo:10:6,10,6,"""The",the,183.925,5.214528065818328,5.591033458709717,-0.13627121250722904,7.73,1.4676669495870378,3,-0.6912821334247348,0,-0.2088879996334169,7,8,8,2,5.271709609435895,-0.05804432974206275,5.272572395560391,5.282327506997212
511,provo:10:7,10,7,Lord,lord,192.72058823529412,5.2612414105814,7.510642051696777,0.2700908723896876,5.1,-0.45743280191743285,4,-0.2958771723749192,0,-0.2088879996334169,9,9,9,1,5.246991820843575,-0.08299920738767863,5.344240617969079,5.343764606301963
512,provo:10:8,10,8,is,is,209.76923076923077,5.346008025384052,3.3523786067962646,-0.6101722235318658,7.07,0.9845620689813532,2,-1.0866870944745504,0,-0.2088879996334169,10,10,10,1,5.388237278128807,0.05857437546765176,5.2874336499164,5.287448452142228
513,provo:10:9,10,9,on,on,215.96226415094335,5.3751036894169255,7.290341854095459,0.22345550728060992,6.91,0.8674457342890659,2,-1.0866870944745504,0,-0.2088879996334169,11,11,11,1,5.413131924570036,0.08346191904996303,5.2916417703669625,5.301076149537107
514,provo:10:10,10,10,our,our,203.72727272727272,5.316782201002557,4.3243255615234375,-0.40442070086465864,6.14,0.30382337358243366,3,-0.6912821334247348,0,-0.2088879996334169,12,12,12,1,5.3322161323031505,0.002391608464698436,5.314390592537858,5.311569852101926
515,provo:10:11,10,11,"side.""",side,175.08510638297872,5.1652721778956545,2.707669496536255,-0.7466507427229183,5.5,-0.1646419651867147,4,-0.2958771723749192,1,4.7854341734200965,13,14,14,2,5.152436681464086,-0.17466794768740357,5.339940125583058,5.333078504244471
516,provo:10:12,10,12,I,i,225.0,5.41610040220442,6.2476067543029785,0.0027188369537111527,7.09,0.9992016108178888,1,-1.482092055524366,0,-0.2088879996334169,15,15,15,1,5.461231688840856,0.1316900098469027,5.284410392357517,5.292132662184415
517,provo:10:13,10,13,am,am,236.61363636363637,5.466428584556492,5.344649791717529,-0.18842818917907073,5.78,0.04031162052478801,2,-1.0866870944745504,0,-0.2088879996334169,16,16,16,1,5.474787132968608,0.14506696350742931,5.321361621049062,5.319110706419259
518,provo:10:14,10,14,not,not,228.71428571428572,5.432473563941401,3.1810855865478516,-0.6464332556457725,6.69,0.7064107740871713,3,-0.6912821334247348,0,-0.2088879996334169,17,17,17,1,5.462348493213275,0.1325483854523526,5.299925178489048,5.297298196159289
519,provo:10:15,10,15,at,at,205.9318181818182,5.3275451343038,7.194793224334717,0.20322881078609153,6.7,0.7137305450054391,2,-1.0866870944745504,0,-0.2088879996334169,18,18,18,1,5.360059533867876,0.030380205845473185,5.297164928458327,5.305126931162168
520,provo:10:16,10,16,all,all,213.7735849056604,5.36491744046993,0.5730461478233337,-1.1985293171477347,6.52,0.5819746684766156,3,-0.6912821334247348,0,-0.2088879996334169,19,19,19,1,5.390328788550681,0.060521134002158306,5.304396306467772,5.293926048650579
521,provo:10:17,10,17,concerned,concerned,209.46666666666667,5.344564617713356,6.528216361999512,0.06212110554234615,4.75,-0.7136247840568107,9,1.6811476328741586,0,-0.2088879996334169,20,20,20,1,5.309240768530183,-0.021367476254139817,5.365932093967496,5.360930076356842
522,provo:10:18,10,18,about,about,188.3793103448276,5.238457538409244,3.013169765472412,-0.6819793682171977,6.4,0.4941374174574008,5,0.0995277886748964,0,-0.2088879996334169,21,21,21,1,5.25596430991081,-0.07408934340157458,5.312546881810818,5.307828681935004
523,provo:10:19,10,19,"that,",that,178.15254237288136,5.182640162917635,5.953366756439209,-0.05956884993662965,7.01,0.9406434434717452,4,-0.2958771723749192,0,-0.2088879996334169,22,23,23,2,5.218540220680074,-0.1113660171728501,5.294006180090485,5.300544764649151
524,provo:10:20,10,20,replied,replied,211.19736842105263,5.352793091626887,15.092935562133787,1.875187145899812,4.28,-1.057654017215404,7,0.8903377107745275,0,-0.2088879996334169,24,24,24,1,5.309882566653705,-0.020505871159013367,5.3732989627859,5.3880375184296305
525,provo:10:21,10,21,Mr.,mr,180.22,5.194178326806891,4.549115180969238,-0.3568349697135813,5.69,-0.02556631773962341,2,-1.0866870944745504,1,4.7854341734200965,25,26,26,2,5.19108535215085,-0.1357701707359995,5.32994849754289,5.3289950442655725
526,provo:10:22,10,22,Lincoln;,lincoln,203.33333333333337,5.314846668499247,12.79188632965088,1.3880778638418594,4.31,-1.0356947044606006,7,0.8903377107745275,0,-0.2088879996334169,27,28,28,2,5.272723834324499,-0.05766327170217256,5.37250994020142,5.381375168831902
527,provo:10:23,10,23,"""for",for,224.54166666666663,5.414061287585551,12.277586936950684,1.2792057873975347,7.01,0.9406434434717452,3,-0.6912821334247348,0,-0.2088879996334169,29,30,30,2,5.4523382520407155,0.12255234999762799,5.291508937587923,5.314651015745916
528,provo:10:24,10,24,I,i,205.31034482758625,5.324522711589248,2.481029748916626,-0.7946281276438266,7.09,0.9992016108178888,1,-1.482092055524366,0,-0.2088879996334169,31,31,31,1,5.369653998225684,0.04011231923173053,5.284410392357517,5.28223306054487
529,provo:10:25,10,25,know,know,196.70491803278688,5.281704727791078,4.132138252258301,-0.4451048465644773,6.1,0.27454428990936186,4,-0.2958771723749192,0,-0.2088879996334169,32,32,32,1,5.293711498001034,-0.03623513736198358,5.317939865153061,5.314399683456371
530,provo:10:26,10,26,that,that,187.3877551020408,5.233180026698541,1.8761194944381712,-0.9226816241135865,7.01,0.9406434434717452,4,-0.2958771723749192,0,-0.2088879996334169,33,33,33,1,5.26908008446098,-0.06082615339194408,5.294006180090485,5.28982863602042
531,provo:10:27,10,27,the,the,205.5,5.32544603393629,2.696316957473755,-0.749053962555943,7.73,1.4676669495870378,3,-0.6912821334247348,0,-0.2088879996334169,34,34,34,1,5.382627577553857,0.05287363837589876,5.272572395560391,5.274719394862328
532,provo:10:28,10,28,Lord,lord,185.30357142857144,5.221995406870129,0.99146968126297,-1.109953208434925,5.1,-0.45743280191743285,4,-0.2958771723749192,0,-0.2088879996334169,35,35,35,1,5.207745817132304,-0.12224521109894937,5.344240617969079,5.3266304260118655
533,provo:10:29,10,29,is,is,183.1290322580645,5.21019099868558,1.400121808052063,-1.023445609518017,7.07,0.9845620689813532,2,-1.0866870944745504,0,-0.2088879996334169,36,36,36,1,5.252420251430336,-0.07724265123081953,5.2874336499164,5.282317383647405
534,provo:10:30,10,30,always,always,198.796875,5.292283574783029,5.989253997802734,-0.05197187716053448,5.76,0.025672078688251776,6,0.49493274972471196,0,-0.2088879996334169,37,37,37,1,5.29060936922529,-0.03959303133260317,5.331876606115632,5.331276774081265
535,provo:10:31,10,31,on,on,197.46666666666667,5.285569793725534,1.3988268375396729,-1.0237197419214754,6.91,0.8674457342890659,2,-1.0866870944745504,0,-0.2088879996334169,38,38,38,1,5.323598028878644,-0.006071976641428556,5.2916417703669625,5.285591625622185
536,provo:10:32,10,32,the,the,212.8108108108108,5.360403558859458,3.869110107421875,-0.5007852939810922,7.73,1.4676669495870378,3,-0.6912821334247348,0,-0.2088879996334169,39,39,39,1,5.417585102477025,0.08783116329906715,5.272572395560391,5.2778018182333275
537,provo:10:33,10,33,side,side,180.3703703703704,5.195012350072306,0.1918627023696899,-1.2792220688829719,5.5,-0.1646419651867147,4,-0.2958771723749192,0,-0.2088879996334169,40,40,40,1,5.191265304313594,-0.13870796677036523,5.333720316842672,5.316334724884557
538,provo:10:34,10,34,of,of,196.08695652173913,5.278558216567574,0.2107013612985611,-1.2752341117822559,7.4,1.2261145092841956,2,-1.0866870944745504,0,-0.2088879996334169,41,41,41,1,5.329452068095097,-0.00019618491953998785,5.278754401487114,5.272431115289017
539,provo:10:35,10,35,the,the,199.3823529411765,5.295224352814804,1.1425739526748655,-1.0779659340540475,7.73,1.4676669495870378,3,-0.6912821334247348,0,-0.2088879996334169,42,42,42,1,5.352405896432371,0.02265195725441327,5.272572395560391,5.270635730363835
540,provo:10:36,10,36,right.,right,214.4516129032258,5.368084132050138,11.351869583129885,1.083240612362286,5.96,0.17206749705361085,5,0.0995277886748964,1,4.7854341734200965,43,44,44,2,5.364949654501824,0.03774511025988492,5.330339021790253,5.348890152877644
541,provo:10:37,10,37,But,but,199.53571428571428,5.295993239283945,4.105874061584473,-0.4506647150289851,6.63,0.6624921485775632,3,-0.6912821334247348,0,-0.2088879996334169,45,45,45,1,5.324292786958952,-0.0055099843740649135,5.30150322365801,5.300957912014872
542,provo:10:38,10,38,it,it,212.19607843137257,5.357510745478355,4.368531227111816,-0.3950628002497229,6.95,0.8967248179621378,2,-1.0866870944745504,0,-0.2088879996334169,46,46,46,1,5.396589235029377,0.06692100522403344,5.290589740254322,5.29257741519989
543,provo:10:39,10,39,is,is,198.55769230769232,5.291079699247806,0.7859519720077515,-1.1534592674936803,7.07,0.9845620689813532,2,-1.0866870944745504,0,-0.2088879996334169,47,47,47,1,5.333308951992562,0.0036460493314063314,5.2874336499164,5.280703176183396
544,provo:10:40,10,40,my,my,176.6,5.173887288169859,4.696690082550049,-0.3255948278930452,6.57,0.6185735230679559,2,-1.0866870944745504,0,-0.2088879996334169,48,48,48,1,5.202988360940724,-0.12669673815454985,5.300584026324409,5.301224315138455
545,provo:10:41,10,41,constant,constant,219.6962025316456,5.39224569445122,12.85746955871582,1.4019611824488212,4.54,-0.8673399733404376,8,1.2857426718243432,0,-0.2088879996334169,49,49,49,1,5.353784916371737,0.023287684894921945,5.368958009556298,5.379351465343226
546,provo:10:42,10,42,anxiety,anxiety,182.01351351351352,5.2040809343946455,9.5143404006958,0.6942539239505019,4.45,-0.933217911604849,7,0.8903377107745275,0,-0.2088879996334169,50,50,50,1,5.165633990612587,-0.16474690041253126,5.368827834807177,5.369892935709747
547,provo:10:43,10,43,and,and,225.75,5.419428192297095,4.3464789390563965,-0.3997310507377057,7.41,1.2334342802024634,3,-0.6912821334247348,0,-0.2088879996334169,51,51,51,1,5.468207700731371,0.13843955583557843,5.280988636461516,5.285611766012231
548,provo:10:44,10,44,prayer,prayer,216.03076923076924,5.375420847681557,6.668585300445557,0.0918358164944065,4.42,-0.955177224359653,6,0.49493274972471196,0,-0.2088879996334169,52,52,52,1,5.338563119793791,0.008301232792462088,5.367119614889095,5.360512525003125
549,provo:10:45,10,45,that,that,201.0,5.303304908059076,1.1392109394073486,-1.0786778505811545,7.01,0.9406434434717452,4,-0.2958771723749192,0,-0.2088879996334169,53,53,53,1,5.339204965821515,0.009298727968590548,5.294006180090485,5.287891837402167
550,provo:10:46,10,46,I,i,205.69565217391303,5.326397659701998,3.515841245651245,-0.5755688054337529,7.09,0.9992016108178888,1,-1.482092055524366,0,-0.2088879996334169,54,54,54,1,5.371528946338434,0.04198726734448055,5.284410392357517,5.2849528301327595
551,provo:10:47,10,47,and,and,208.72131147540983,5.340999924228672,9.687666893005373,0.7309454219152967,7.41,1.2334342802024634,3,-0.6912821334247348,0,-0.2088879996334169,55,55,55,1,5.389779432662949,0.06001128776715614,5.280988636461516,5.299649878853257
552,provo:10:48,10,48,this,this,226.14754098360655,5.421187622478075,7.371936798095703,0.24072834700539536,6.82,0.8015677960246546,4,-0.2958771723749192,0,-0.2088879996334169,56,56,56,1,5.452098971850435,0.12218429935254616,5.299003323125529,5.308165361423282
553,provo:10:49,10,49,nation,nation,211.76923076923077,5.355497147681071,3.7351512908935542,-0.5291430457507202,4.88,-0.6184677621193275,6,0.49493274972471196,0,-0.2088879996334169,57,57,57,1,5.330717345369284,0.0004758790873431451,5.3550212685937275,5.34337942174158
554,provo:10:50,10,50,should,should,201.0793650793651,5.303699681266997,2.9653215408325195,-0.6921083624269114,5.99,0.19402680980841489,6,0.49493274972471196,0,-0.2088879996334169,58,58,58,1,5.308064438497249,-0.022127751700950604,5.325827432967948,5.318617431403974
555,provo:10:51,10,51,be,be,200.94444444444449,5.3030284740559335,2.2572052478790283,-0.842009552807755,6.79,0.7796084832698505,2,-1.0866870944745504,0,-0.2088879996334169,59,59,59,1,5.33790594601531,0.008230613351048355,5.294797860704885,5.290305914606936
556,provo:10:52,10,52,on,on,213.94871794871796,5.365736350550962,6.177208423614502,-0.012183790871744073,6.91,0.8674457342890659,2,-1.0866870944745504,0,-0.2088879996334169,60,60,60,1,5.403764585704072,0.07409458018399917,5.2916417703669625,5.298150528338426
557,provo:10:53,10,53,the,the,220.1190476190476,5.394168525537857,0.9549185633659364,-1.1176907172834551,7.73,1.4676669495870378,3,-0.6912821334247348,0,-0.2088879996334169,61,61,61,1,5.451350069155424,0.12159612997746638,5.272572395560391,5.270142520322724
558,provo:10:54,10,54,Lord's,lord's,222.8985507246377,5.406716738462376,10.83403205871582,0.973619548554006,3.62,-1.5407588978210887,6,0.49493274972471196,0,-0.2088879996334169,62,63,63,2,5.348853922616383,0.018556521320466146,5.38816021714191,5.387848693766643
559,provo:10:55,10,55,"side.""",side,289.0980392156863,5.666765866625333,1.8222534656524656,-0.9340845277276068,5.5,-0.1646419651867147,4,-0.2958771723749192,1,4.7854341734200965,64,65,65,2,5.653930370193764,0.326825741042275,5.339940125583058,5.330751387082526
561,provo:11:3,11,3,Rapa,rapa,214.0897435897436,5.366395289682841,21.233583450317383,3.175101351106204,2.14,-2.624084993724745,4,-0.2958771723749192,0,-0.2088879996334169,1,2,2,2,5.274426874499581,-0.05985679707780722,5.426252086760648,5.444465996852236
562,provo:11:4,11,4,Nui,nui,225.32394366197184,5.417539116367452,5.036580562591553,-0.2536433870572048,2.66,-2.2434569059748117,3,-0.6912821334247348,0,-0.2088879996334169,3,4,4,2,5.341600915049764,0.007876356193945,5.409662760173507,5.3911507232834905
563,provo:11:5,11,5,to,to,205.52941176470588,5.325589146637785,9.105062484741213,0.6076138516789081,7.43,1.2480738220389989,2,-1.0866870944745504,0,-0.2088879996334169,5,5,5,1,5.377270688963742,0.04607163272151826,5.279517513916267,5.2952505618233925
564,provo:11:6,11,6,the,the,205.93333333333337,5.3275524918163715,3.722783327102661,-0.5317612209195323,7.73,1.4676669495870378,3,-0.6912821334247348,0,-0.2088879996334169,6,6,6,1,5.384734035433938,0.053355264049311124,5.27419722776706,5.278297871640991
565,provo:11:7,11,7,island's,island's,201.6164383561644,5.306367072338153,13.53085994720459,1.544511243547493,3.41,-1.6944740871047155,8,1.2857426718243432,0,-0.2088879996334169,7,8,8,2,5.238236607517676,-0.09673353703110177,5.403100609369255,5.4088004372096545
566,provo:11:8,11,8,"inhabitants,",inhabitants,235.8717948717949,5.4632884153475105,9.281200408935549,0.6449005018671363,4.07,-1.211369206499031,11,2.4719575549737898,0,-0.2088879996334169,9,10,10,2,5.405356428014395,0.06973609484450627,5.393552320503004,5.3920957732723345
567,provo:11:9,11,9,Rongorongo,rongorongo,237.75903614457832,5.471257707620514,40.046142578125,7.15753338300634,0.0,-4.1905159702340855,10,2.0765525939239744,0,-0.2088879996334169,11,14,14,4,5.30883924199265,-0.02834567953905598,5.49960338715957,5.552378360830101
568,provo:11:10,11,10,is,is,180.16129032258064,5.193852507018155,4.915680885314941,-0.2792366486736469,7.07,0.9845620689813532,2,-1.0866870944745504,0,-0.2088879996334169,15,15,15,1,5.236081759762911,-0.09528386127016741,5.289136368288323,5.292837991539069
569,provo:11:11,11,11,a,a,204.51612903225808,5.320646842946125,2.8546407222747803,-0.7155383930860436,7.36,1.1968354256111238,1,-1.482092055524366,0,-0.2088879996334169,16,16,16,1,5.372867346768463,0.041954422062798535,5.278692420883327,5.278909973131328
570,provo:11:12,11,12,writing,writing,220.2125,5.394592989253258,15.307136535644531,1.9205313658104604,5.07,-0.4793921146722362,7,0.8903377107745275,0,-0.2088879996334169,17,17,17,1,5.372424988638825,0.038541411982653706,5.3560515772706045,5.374583524860199
571,provo:11:13,11,13,system,system,219.7076923076923,5.392297991557296,4.83237361907959,-0.2968719700189125,5.56,-0.1207233396771073,6,0.49493274972471196,0,-0.2088879996334169,18,18,18,1,5.385372514010001,0.05203416967616192,5.340263821881134,5.3358473973399825
572,provo:11:14,11,14,comprised,comprised,213.52564102564105,5.363756923938189,9.10156536102295,0.6068735453005726,3.82,-1.39436347945573,9,1.6811476328741586,0,-0.2088879996334169,19,19,19,1,5.304014660003578,-0.03108430489039815,5.394841228828587,5.391788614021734
573,provo:11:15,11,15,of,of,146.13333333333333,4.984519446965696,0.1717792153358459,-1.2834735437372147,7.4,1.2261145092841956,2,-1.0866870944745504,0,-0.2088879996334169,20,20,20,1,5.03541329849322,-0.2957996381482415,5.280319085113938,5.274152092797301
574,provo:11:16,11,16,pictographs.,pictographs,187.27380952380952,5.232571767979191,16.22031593322754,2.1138423799632515,2.03,-2.7046024738256924,11,2.4719575549737898,1,4.7854341734200965,21,23,23,3,5.111988355679744,-0.225821526928061,5.4583932949072524,5.465556759798592
575,provo:11:17,11,17,It,it,199.8181818181818,5.297407862165196,4.269294738769531,-0.4160701797998786,6.95,0.8967248179621378,2,-1.0866870944745504,0,-0.2088879996334169,24,24,24,1,5.336486351716218,0.00506520908618846,5.292342653079007,5.293859793242953
576,provo:11:18,11,18,has,has,216.06,5.375556146888839,4.039452075958252,-0.46472559007438347,6.37,0.4721781047025968,3,-0.6912821334247348,0,-0.2088879996334169,25,25,25,1,5.397029040977423,0.06502102482734795,5.310535122061491,5.308483006094248
577,provo:11:19,11,19,been,been,198.83333333333337,5.292466952869861,1.8184138536453247,-0.9348973354771226,6.27,0.39898039551991693,4,-0.2958771723749192,0,-0.2088879996334169,26,26,26,1,5.308937304270941,-0.02343549901137365,5.315902451881235,5.307877330558221
578,provo:11:20,11,20,found,found,206.8095238095238,5.331798194811399,6.41178560256958,0.03747386947509373,5.68,-0.03288608865789185,5,0.0995277886748964,0,-0.2088879996334169,27,27,27,1,5.330400387150562,-0.0025639164515443014,5.334362111262943,5.334458526568692
579,provo:11:21,11,21,carved,carved,240.8846153846154,5.484318044503931,11.752097129821776,1.1679648112958918,3.88,-1.3504448539461222,6,0.49493274972471196,0,-0.2088879996334169,28,28,28,1,5.433281882244362,0.0991662355532048,5.385151808950726,5.389028098258618
580,provo:11:22,11,22,into,into,211.6981132075472,5.355161265524566,1.761462688446045,-0.9469533318465054,6.11,0.2818640608276303,4,-0.2958771723749192,0,-0.2088879996334169,29,29,29,1,5.367430599334001,0.03498376725575003,5.320177498268816,5.311199185655231
581,provo:11:23,11,23,many,many,208.3,5.3389793482669266,5.238702774047852,-0.21085612117840977,5.91,0.13546864246227125,4,-0.2958771723749192,0,-0.2088879996334169,30,30,30,1,5.345997410086805,0.013458042013636096,5.3255213062532905,5.323989850862246
582,provo:11:24,11,24,oblong,oblong,237.74025974025977,5.471178732091041,16.203781127929688,2.1103421258079273,2.93,-2.045823091181577,6,0.49493274972471196,0,-0.2088879996334169,31,32,32,2,5.3951990278810795,0.060643835214057695,5.4105348968769835,5.420412047206014
583,provo:11:25,11,25,wooden,wooden,230.29850746268656,5.43937632596624,6.774754524230957,0.11431078732280257,4.33,-1.0210551626240645,6,0.49493274972471196,0,-0.2088879996334169,33,33,33,1,5.400155525683173,0.06624808498058332,5.373128240985657,5.3671785341992155
584,provo:11:26,11,26,tablets,tablets,211.18309859154928,5.352725523021692,5.9518890380859375,-0.05988166824402815,3.91,-1.3284855411913181,7,0.8903377107745275,0,-0.2088879996334169,34,34,34,1,5.300100144867831,-0.03432014055886867,5.387045663580561,5.376897585993436
585,provo:11:27,11,27,and,and,176.47368421052633,5.173171767299788,2.6768016815185547,-0.7531851527649605,7.41,1.2334342802024634,3,-0.6912821334247348,0,-0.2088879996334169,35,35,35,1,5.221951275734065,-0.10957555324243184,5.28274732054222,5.282672514638955
586,provo:11:28,11,28,other,other,219.14,5.389710794977248,5.100265026092529,-0.24016201827278572,6.16,0.3184629154189699,5,0.0995277886748964,0,-0.2088879996334169,36,36,36,1,5.400916040091346,0.06817382287704543,5.321536972100202,5.320884248666591
587,provo:11:29,11,29,artifacts,artifacts,222.84,5.406454025152615,4.448256492614746,-0.37818575290419193,3.72,-1.4675611886384092,9,1.6811476328741586,0,-0.2088879996334169,37,37,37,1,5.344086125223226,0.008940892331790629,5.397513132820825,5.382623343599673
588,provo:11:30,11,30,from,from,180.79166666666663,5.197345355450405,4.584338665008545,-0.34937850777449764,6.63,0.6624921485775632,4,-0.2958771723749192,0,-0.2088879996334169,38,38,38,1,5.223267996432687,-0.10893824205877412,5.3062835975091796,5.306824617309077
589,provo:11:31,11,31,the,the,205.7741935483871,5.326779419756809,1.347862958908081,-1.03450828915492,7.73,1.4676669495870378,3,-0.6912821334247348,0,-0.2088879996334169,39,39,39,1,5.383960963374376,0.05258219198974867,5.27419722776706,5.272516331580054
590,provo:11:32,11,32,island's,island's,199.6794871794872,5.296713516966062,5.514298439025879,-0.15251525449435538,3.41,-1.6944740871047155,8,1.2857426718243432,0,-0.2088879996334169,40,41,41,2,5.228583052145585,-0.10638709240319244,5.403100609369255,5.389284805388395
591,provo:11:33,11,33,history.,history,170.9264705882353,5.141233467467601,4.848692417144775,-0.2934174424506327,5.39,-0.24515944528766234,7,0.8903377107745275,1,4.7854341734200965,42,43,43,2,5.118379051363601,-0.21660214999044314,5.357835617458044,5.3546493007880445
592,provo:11:34,11,34,The,the,201.6216216216216,5.306392780553582,3.1011993885040283,-0.6633443708127772,7.73,1.4676669495870378,3,-0.6912821334247348,0,-0.2088879996334169,44,44,44,1,5.363574324171149,0.032195552786522086,5.27419722776706,5.27678467882393
593,provo:11:35,11,35,art,art,227.4406779661017,5.426889448195238,7.893474102020264,0.35113261741164364,5.29,-0.3183571544703416,3,-0.6912821334247348,0,-0.2088879996334169,45,45,45,1,5.4200054735402174,0.08749776301758061,5.339391685177658,5.341223652685948
594,provo:11:36,11,36,of,of,199.5121951219512,5.295875362892485,1.9467567205429075,-0.9077284244998103,7.4,1.2261145092841956,2,-1.0866870944745504,0,-0.2088879996334169,46,46,46,1,5.346769214420008,0.015556277778546956,5.280319085113938,5.278473123384704
595,provo:11:37,11,37,writing,writing,203.0958904109589,5.3136782340682736,2.048574924468994,-0.8861745213869464,5.07,-0.4793921146722362,7,0.8903377107745275,0,-0.2088879996334169,47,47,47,1,5.29151023345384,-0.04237334320233099,5.3560515772706045,5.342306693126393
596,provo:11:38,11,38,was,was,217.18,5.380726502788755,3.4925081729888916,-0.5805081853098197,6.82,0.8015677960246546,3,-0.6912821334247348,0,-0.2088879996334169,48,48,48,1,5.41401475885384,0.08221494869233226,5.2985115540964225,5.297418867907713
597,provo:11:39,11,39,not,not,215.81132075471697,5.3744045109231395,5.027743339538574,-0.25551413945830725,6.69,0.7064107740871713,3,-0.6912821334247348,0,-0.2088879996334169,49,49,49,1,5.404279440195014,0.07241948163680867,5.301985029286331,5.303967920806448
598,provo:11:40,11,40,known,known,209.578125,5.3450965815424185,6.556037902832031,0.06801064957702611,5.39,-0.24515944528766234,5,0.0995277886748964,0,-0.2088879996334169,50,50,50,1,5.336084429496725,0.0029859487019860964,5.342110632840432,5.341081848739797
599,provo:11:41,11,41,in,in,214.58620689655172,5.3687115545827435,2.9539825916290283,-0.6945087054216784,7.27,1.1309574873467116,2,-1.0866870944745504,0,-0.2088879996334169,51,51,51,1,5.416192079317056,0.0849189942788966,5.283792560303847,5.28373678291398
600,provo:11:42,11,42,any,any,223.6382978723404,5.4100300051132955,6.356427192687988,0.025755043596607286,6.07,0.2525849771545585,3,-0.6912821334247348,0,-0.2088879996334169,52,52,52,1,5.423625991217544,0.09147917107509151,5.318550834038204,5.32061191683293
601,provo:11:43,11,43,nearby,nearby,219.84931506849315,5.392942380172765,12.431291580200195,1.311743534684869,4.55,-0.8600202024221698,6,0.49493274972471196,0,-0.2088879996334169,53,53,53,1,5.35949797907821,0.02569232797003096,5.367250052202734,5.376190704278157
602,provo:11:44,11,44,islands,islands,202.29032258064515,5.309703906057875,3.855030298233032,-0.5037658498286913,4.5,-0.8966190570135094,7,0.8903377107745275,0,-0.2088879996334169,54,54,54,1,5.272569780273206,-0.06157752396848437,5.371281430026359,5.359032377394882
603,provo:11:45,11,45,and,and,207.0,5.332718793265369,4.466297149658203,-0.37436672488156686,7.41,1.2334342802024634,3,-0.6912821334247348,0,-0.2088879996334169,55,55,55,1,5.381498301699645,0.049971472723148835,5.28274732054222,5.287028887962655
604,provo:11:46,11,46,the,the,195.36111111111111,5.274849697851908,3.269766092300415,-0.6276604728300583,7.73,1.4676669495870378,3,-0.6912821334247348,0,-0.2088879996334169,56,56,56,1,5.332031241469475,0.0006524700848480336,5.27419722776706,5.277195040014979
605,provo:11:47,11,47,script's,script's,202.08219178082192,5.308674504647984,17.022621154785156,2.2836824316002957,1.98,-2.741201328417032,8,1.2857426718243432,0,-0.2088879996334169,57,58,58,2,5.202997445102178,-0.1326343318102694,5.441308836458253,5.448229029887685
606,provo:11:48,11,48,mere,mere,210.26315789473685,5.348359879033935,12.653257369995115,1.3587314891284874,4.13,-1.1674505809894236,4,-0.2958771723749192,0,-0.2088879996334169,59,59,59,1,5.308641620146761,-0.024721318281184956,5.37308119731512,5.380537986783276
607,provo:11:49,11,49,existence,existence,229.8375,5.43737253747996,1.2927298545837402,-1.0461794200833432,4.55,-0.8600202024221698,9,1.6811476328741586,0,-0.2088879996334169,60,60,60,1,5.39679741630723,0.06203620779470764,5.375336329685252,5.356990152010446
608,provo:11:50,11,50,is,is,173.72727272727272,5.1574866714419025,2.788463592529297,-0.7295474345719554,7.07,0.9845620689813532,2,-1.0866870944745504,0,-0.2088879996334169,61,61,61,1,5.199715924186658,-0.13164969684642003,5.289136368288323,5.287659463382394
609,provo:11:51,11,51,sufficient,sufficient,222.50617283950615,5.4049548443203665,10.227150917053224,0.8451488348305987,4.32,-1.0283749335423322,10,2.0765525939239744,0,-0.2088879996334169,62,62,62,1,5.355963853666921,0.020777709625462215,5.384177134694904,5.3863531403544815
610,provo:11:52,11,52,to,to,224.84615384615384,5.415416407649709,1.301640272140503,-1.0442931731323262,7.43,1.2480738220389989,2,-1.0866870944745504,0,-0.2088879996334169,63,63,63,1,5.467097949975666,0.135898893733442,5.279517513916267,5.276253799347162
611,provo:11:53,11,53,confound,confound,241.56962025316457,5.487157714168976,11.757006645202637,1.16900410696965,2.65,-2.2507766768930795,8,1.2857426718243432,0,-0.2088879996334169,64,65,65,2,5.399072415788185,0.06375063445871554,5.423407079710261,5.420919508076363
612,provo:11:54,11,54,anthropologists.,anthropologists,263.6585365853659,5.574654843928946,10.85627269744873,0.9783276710108247,3.02,-1.9799451529171657,15,4.053577399173052,1,4.7854341734200965,66,68,68,3,5.470557601206902,0.1319316952348224,5.442723148694124,5.441640387994936
614,provo:12:3,12,3,"later,",later,172.5079365079365,5.1504432441547054,12.704734802246094,1.3696287505655684,5.49,-0.17196173610498247,5,0.0995277886748964,0,-0.2088879996334169,1,2,2,2,5.14405672810379,-0.1885841252273286,5.339027369382034,5.353510038457263
615,provo:12:4,12,4,Michael,michael,195.19736842105263,5.274011192438591,11.215920448303224,1.05446152996501,5.08,-0.4720723437539684,7,0.8903377107745275,0,-0.2088879996334169,3,3,3,1,5.252105755423635,-0.08178991891533549,5.355801111353927,5.364275233267336
616,provo:12:5,12,5,Larson,larson,224.05263157894737,5.4118809866617115,15.214851379394531,1.900995514264582,3.35,-1.7383927126143233,6,0.49493274972471196,0,-0.2088879996334169,4,4,4,1,5.346928953629818,0.015373650647587667,5.396507336014124,5.405938404381566
617,provo:12:6,12,6,saw,saw,219.7924528301887,5.392683704847655,9.47389793395996,0.6856926551787375,5.34,-0.28175829987900197,3,-0.6912821334247348,0,-0.2088879996334169,5,5,5,1,5.387112548190022,0.05622225647532275,5.336461448372332,5.342499351520919
618,provo:12:7,12,7,another,another,220.9189189189189,5.397795751479998,6.9995646476745605,0.16190085896668988,5.74,0.011032536851716195,7,0.8903377107745275,0,-0.2088879996334169,6,6,6,1,5.393219512030578,0.05873957197436841,5.339056179505629,5.340623668809697
619,provo:12:8,12,8,opportunity,opportunity,219.05479452054792,5.3893219018110505,8.163399696350098,0.40827318642119803,4.95,-0.5672293656914517,11,2.4719575549737898,0,-0.2088879996334169,7,7,7,1,5.354495511231983,0.017479371627466378,5.371842530183584,5.371687513914645
620,provo:12:9,12,9,to,to,233.21052631578948,5.451941592033049,1.3080233335494995,-1.0429419423909858,7.43,1.2480738220389989,2,-1.0866870944745504,0,-0.2088879996334169,8,8,8,1,5.503623134359006,0.17169155484975462,5.280250037183294,5.277234073979618
621,provo:12:10,12,10,stack,stack,222.5774647887324,5.405275197367788,13.766573905944824,1.5944095488910517,4.05,-1.226008748335567,5,0.0995277886748964,0,-0.2088879996334169,9,9,9,1,5.361079522992067,0.02971343122583381,5.375561766141955,5.38519090757827
622,provo:12:11,12,11,the,the,198.45238095238096,5.290549176901526,2.179903030395508,-0.8583736649390086,7.73,1.4676669495870378,3,-0.6912821334247348,0,-0.2088879996334169,10,10,10,1,5.347730720519093,0.014724678707118244,5.275824498194408,5.276375111250944
623,provo:12:12,12,12,odds,odds,247.06896551724137,5.509667510275798,7.932290554046631,0.3593496750094068,4.28,-1.057654017215404,4,-0.2958771723749192,0,-0.2088879996334169,11,11,11,1,5.4738877053807915,0.14312689284131608,5.366540617434482,5.36319718717384
624,provo:12:13,12,13,in,in,198.46428571428572,5.290609163104717,4.645621299743652,-0.336405582299006,7.27,1.1309574873467116,2,-1.0866870944745504,0,-0.2088879996334169,12,12,12,1,5.338089687839029,0.006299748503654001,5.284309414601063,5.28863657618876
625,provo:12:14,12,14,his,his,210.71153846153845,5.350490081823966,0.976409077644348,-1.113141388727839,6.51,0.5746548975583479,3,-0.6912821334247348,0,-0.2088879996334169,13,13,13,1,5.375638866305239,0.04371283081906974,5.306777251004896,5.298066926627652
626,provo:12:15,12,15,favor,favor,186.22916666666663,5.226977994179961,0.5026088953018188,-1.213440184338902,4.58,-0.8380608896673658,5,0.0995277886748964,0,-0.2088879996334169,14,14,14,1,5.196698190576564,-0.13513708426563387,5.362115078445595,5.342013975456842
627,provo:12:16,12,16,with,with,168.11111111111111,5.124625136452137,5.592133045196533,-0.13603844096258208,6.85,0.8235271087794579,4,-0.2958771723749192,0,-0.2088879996334169,15,15,15,1,5.15632417662293,-0.17671173120943084,5.3013368676615675,5.305565996834852
628,provo:12:17,12,17,a,a,159.26923076923077,5.070596045524085,1.7965989112854004,-0.9395153422372875,7.36,1.1968354256111238,1,-1.482092055524366,0,-0.2088879996334169,16,16,16,1,5.122816549346423,-0.20824417561005326,5.278840221134138,5.276778845048198
629,provo:12:18,12,18,dash,dash,219.77586206896552,5.392608218236502,13.015417098999023,1.4353971089227422,4.0,-1.2626076029269067,4,-0.2958771723749192,0,-0.2088879996334169,17,17,17,1,5.349476632556116,0.018963690320924265,5.373644527915578,5.3812966051529205
630,provo:12:19,12,19,of,of,169.41176470588235,5.132332229073776,1.6498533487319946,-0.9705799212178291,7.4,1.2261145092841956,2,-1.0866870944745504,0,-0.2088879996334169,18,18,18,1,5.183226080601299,-0.14867894137535043,5.281011170449126,5.278676816224581
631,provo:12:20,12,20,ingenuity.,ingenuity,185.07407407407408,5.220756145339876,12.315607070922852,1.2872542723675613,3.23,-1.8262299636335386,9,1.6811476328741586,1,4.7854341734200965,19,20,20,2,5.136434178363217,-0.19321106621606443,5.41396721155594,5.41819117403907
632,provo:12:21,12,21,He,he,216.0,5.375278407684165,2.9351563453674316,-0.6984940348839418,6.69,0.7064107740871713,2,-1.0866870944745504,0,-0.2088879996334169,21,21,21,1,5.407530243648764,0.07625374994368883,5.2990246577404765,5.296162212666835
633,provo:12:22,12,22,walked,walked,244.86301369863017,5.5006989264138175,9.268102645874023,0.6421278354367964,4.67,-0.7721829514029543,6,0.49493274972471196,0,-0.2088879996334169,22,22,22,1,5.470405288512996,0.1376814540962874,5.36301747231753,5.364721519503451
634,provo:12:23,12,23,into,into,225.2037037037037,5.417005342416725,1.5224814414978027,-0.9975432896722501,6.11,0.2818640608276303,4,-0.2958771723749192,0,-0.2088879996334169,23,23,23,1,5.42927467622616,0.09689385419797603,5.320111488218749,5.310547015938276
635,provo:12:24,12,24,his,his,213.1090909090909,5.361804198490709,3.5555410385131836,-0.5671647533492341,6.51,0.5746548975583479,3,-0.6912821334247348,0,-0.2088879996334169,24,24,24,1,5.386952982971982,0.05502694748581316,5.306777251004896,5.304381271351629
636,provo:12:25,12,25,bank,bank,221.86666666666667,5.402076600838889,9.077037811279297,0.601681306482901,5.16,-0.4135141764078248,4,-0.2958771723749192,0,-0.2088879996334169,25,25,25,1,5.389402392697931,0.05786255920213712,5.344214041636752,5.348227946540704
637,provo:12:26,12,26,one,one,190.7906976744186,5.251177003498709,7.1630706787109375,0.1965134627588891,6.47,0.545375813885276,3,-0.6912821334247348,0,-0.2088879996334169,26,26,26,1,5.275275533582071,-0.056615091860629185,5.307792095359338,5.314021196555386
638,provo:12:27,12,27,day,day,227.50943396226415,5.427191705497229,0.8922550082206726,-1.1309559699026144,5.95,0.16474772613534305,3,-0.6912821334247348,0,-0.2088879996334169,27,27,27,1,5.437636928407744,0.10620663353014148,5.320985071967088,5.309170263267773
639,provo:12:28,12,28,and,and,213.63636363636363,5.364275334339834,1.1583844423294067,-1.074619010330778,7.41,1.2334342802024634,3,-0.6912821334247348,0,-0.2088879996334169,28,28,28,1,5.413054842774111,0.08033208130988889,5.283943253029945,5.280336679404023
640,provo:12:29,12,29,asked,asked,218.955223880597,5.388867251746062,4.995097637176514,-0.2624249106036522,5.3,-0.3110373835520738,5,0.0995277886748964,0,-0.2088879996334169,29,29,29,1,5.377492027305068,0.0450193716804268,5.343847880065635,5.338472070842505
641,provo:12:30,12,30,to,to,215.1304347826087,5.371244517583229,3.189079523086548,-0.6447410186291922,7.43,1.2480738220389989,2,-1.0866870944745504,0,-0.2088879996334169,30,30,30,1,5.4229260599091855,0.0909944803999343,5.280250037183294,5.281839358783233
642,provo:12:31,12,31,withdraw,withdraw,211.45205479452056,5.353998281509118,8.453113555908203,0.4696027347591585,4.05,-1.226008748335567,8,1.2857426718243432,0,-0.2088879996334169,31,31,31,1,5.302671887055221,-0.031120865641126372,5.385119147150244,5.381377415451696
643,provo:12:32,12,32,his,his,197.92307692307693,5.287878454820207,3.624259233474731,-0.5526177935799644,6.51,0.5746548975583479,3,-0.6912821334247348,0,-0.2088879996334169,32,32,32,1,5.31302723930148,-0.018898796184688926,5.306777251004896,5.304549510270141
644,provo:12:33,12,33,entire,entire,222.7945205479452,5.406249914159791,6.709321022033691,0.10045916440752264,5.09,-0.46475257283570065,6,0.49493274972471196,0,-0.2088879996334169,33,33,33,1,5.386983947437039,0.053888307563904725,5.352361606595887,5.349974972612028
645,provo:12:34,12,34,account,account,170.40322580645162,5.138167545005065,5.319866180419922,-0.19367463368602048,5.21,-0.3769153218164852,7,0.8903377107745275,0,-0.2088879996334169,34,34,34,1,5.119675434783321,-0.21433532219692442,5.35250286720199,5.347214864307257
646,provo:12:35,12,35,"balance,",balance,197.9240506329114,5.287883374445824,6.934472560882568,0.14812151030378082,4.76,-0.706305013138543,7,0.8903377107745275,0,-0.2088879996334169,35,36,36,2,5.257575902247577,-0.07603649174364158,5.363919866189465,5.360255698598138
647,provo:12:36,12,36,but,but,175.9,5.169915651743512,4.65558385848999,-0.33429660750182083,6.63,0.6624921485775632,3,-0.6912821334247348,0,-0.2088879996334169,37,37,37,1,5.198215199418519,-0.13381706619805733,5.303732717941569,5.304651009099586
648,provo:12:37,12,37,with,with,196.4126984126984,5.280218049699402,7.563751697540283,0.28133365724278153,6.85,0.8235271087794579,4,-0.2958771723749192,0,-0.2088879996334169,38,38,38,1,5.311917089870195,-0.02111881796216597,5.3013368676615675,5.310393000657846
649,provo:12:38,12,38,an,an,212.65625,5.3596770122858395,5.165023326873779,-0.22645332879515545,6.53,0.589294439394884,2,-1.0866870944745504,0,-0.2088879996334169,39,39,39,1,5.387727830658792,0.056592977127594146,5.303084035158245,5.304852718977794
650,provo:12:39,12,39,unusual,unusual,204.0144927536232,5.318191034230706,5.4937520027160645,-0.1568647311150376,4.45,-0.933217911604849,7,0.8903377107745275,0,-0.2088879996334169,40,40,40,1,5.279744090448648,-0.05359387570568597,5.371784909936392,5.362989005011587
651,provo:12:40,12,40,stipulation:,stipulation,226.0,5.420534999272286,12.105843544006348,1.2428494158543482,2.92,-2.053142862099845,11,2.4719575549737898,0,-0.2088879996334169,41,43,43,3,5.332408197999221,-0.002810881899241835,5.423345881171528,5.422336031995301
652,provo:12:41,12,41,He,he,222.80769230769232,5.406309033075142,2.9305713176727295,-0.6994646397354392,6.69,0.7064107740871713,2,-1.0866870944745504,0,-0.2088879996334169,44,44,44,1,5.4385608690397405,0.1072843753346655,5.2990246577404765,5.296150987399624
653,provo:12:42,12,42,wanted,wanted,225.74358974358975,5.419399796516706,7.668118953704834,0.3034271694123654,5.36,-0.2671187580424657,6,0.49493274972471196,0,-0.2088879996334169,45,45,45,1,5.407223046979855,0.07388838931330532,5.345511407203401,5.346869613831614
654,provo:12:43,12,43,as,as,197.52,5.285839845036924,10.89625072479248,0.986790622573358,6.77,0.7649689414333143,2,-1.0866870944745504,0,-0.2088879996334169,46,46,46,1,5.3201921897973445,-0.011155123994667449,5.296994969031592,5.314037291609997
655,provo:12:44,12,44,much,much,225.79661016949152,5.4196346390674055,0.5991950035095215,-1.192993863955283,6.0,0.20134658072668266,4,-0.2958771723749192,0,-0.2088879996334169,47,47,47,1,5.429015773282584,0.09673232887394079,5.322902310193465,5.310508067997226
656,provo:12:45,12,45,of,of,218.03703703703704,5.384664943023933,3.482377290725708,-0.5826527925247241,7.4,1.2261145092841956,2,-1.0866870944745504,0,-0.2088879996334169,48,48,48,1,5.435558794551456,0.10365377257480635,5.281011170449126,5.2831632822372745
657,provo:12:46,12,46,the,the,204.6,5.321056853517526,1.6466491222381592,-0.9712582241610821,7.73,1.4676669495870378,3,-0.6912821334247348,0,-0.2088879996334169,49,49,49,1,5.378238397135093,0.04523235532311887,5.275824498194408,5.27506957549217
658,provo:12:47,12,47,cash,cash,194.66666666666663,5.271288694160117,3.9085898399353023,-0.49242782648801087,4.92,-0.5891886784462557,4,-0.2958771723749192,0,-0.2088879996334169,50,50,50,1,5.252312959631691,-0.07901441360328842,5.350303107763406,5.340421195344888
659,provo:12:48,12,48,as,as,183.22857142857143,5.210734397659449,0.5379437208175659,-1.2059601525144432,6.77,0.7649689414333143,2,-1.0866870944745504,0,-0.2088879996334169,51,51,51,1,5.245086742419869,-0.08626057137214271,5.296994969031592,5.288677627128989
660,provo:12:49,12,49,possible,possible,202.38028169014083,5.310148510187891,0.8446077704429626,-1.141042417188621,5.36,-0.2671187580424657,8,1.2857426718243432,0,-0.2088879996334169,52,52,52,1,5.293217947265589,-0.04173448435436988,5.351882994542261,5.336294096570214
661,provo:12:50,12,50,in,in,237.64705882352945,5.470786626898979,3.774659156799317,-0.5207796226977366,7.27,1.1309574873467116,2,-1.0866870944745504,0,-0.2088879996334169,53,53,53,1,5.5182671516332915,0.18647721229791614,5.284309414601063,5.286504248221241
662,provo:12:51,12,51,one,one,228.55555555555551,5.4317793123167375,5.618215560913086,-0.13051703128320458,6.47,0.545375813885276,3,-0.6912821334247348,0,-0.2088879996334169,54,54,54,1,5.455877842400099,0.12398721695739923,5.307792095359338,5.310239014057407
663,provo:12:52,12,52,dollar,dollar,198.54,5.290990591161576,8.773443222045898,0.5374133454542757,4.59,-0.830741118749098,6,0.49493274972471196,0,-0.2088879996334169,55,55,55,1,5.258596444464933,-0.07405656986483766,5.365047161026414,5.365126096228977
664,provo:12:53,12,53,notes.,notes,239.48,5.478469906057152,8.103416442871094,0.3955753270598274,4.84,-0.6477468457923993,5,0.0995277886748964,1,4.7854341734200965,56,57,57,2,5.445928305367321,0.11809335444523139,5.36037655161192,5.36310406665227
666,provo:13:3,13,3,the,the,176.5,5.173320876373351,5.33073091506958,-0.19137467720519605,7.73,1.4676669495870378,3,-0.6912821334247348,0,-0.2088879996334169,3,3,3,1,5.230502419990918,-0.10264670044493496,5.275967576818286,5.283797662111076
667,provo:13:4,13,4,Senior,senior,222.1604938271605,5.403400065840692,12.694974899291992,1.3675626759880166,4.92,-0.5891886784462557,6,0.49493274972471196,0,-0.2088879996334169,4,4,4,1,5.379670517926817,0.0484756647557365,5.354924401084956,5.3653656001360925
668,provo:13:5,13,5,PGA,pga,222.55384615384617,5.405169077513589,18.94133186340332,2.6898544432888127,3.61,-1.5480786687393568,3,-0.6912821334247348,0,-0.2088879996334169,5,6,6,2,5.354174418146294,0.02230076857669694,5.382868308936892,5.400792200282844
669,provo:13:6,13,6,Tour,tour,212.9857142857143,5.36122509437904,1.143643498420715,-1.0777395218360757,4.99,-0.5379502820183798,4,-0.2958771723749192,0,-0.2088879996334169,7,7,7,1,5.344087305046958,0.012147883520273517,5.349077210858766,5.333603008650289
670,provo:13:7,13,7,money,money,241.0,5.484796933490655,17.912979125976562,2.472162376313883,5.64,-0.062165172330963664,5,0.0995277886748964,0,-0.2088879996334169,8,8,8,1,5.482348871431907,0.15056967157249357,5.334227261918161,5.360117124333387
671,provo:13:8,13,8,leader,leader,241.54166666666663,5.487041990991787,7.870205879211426,0.34620696560585956,4.95,-0.5672293656914517,6,0.49493274972471196,0,-0.2088879996334169,9,9,9,1,5.464100133876345,0.13289599329604407,5.354145997695743,5.353789258063705
672,provo:13:9,13,9,with,with,186.5471698113207,5.228684128345011,6.563947677612305,0.0696850703847468,6.85,0.8235271087794579,4,-0.2958771723749192,0,-0.2088879996334169,10,10,10,1,5.260383168515805,-0.07213207238253982,5.300816200727551,5.307030512543637
673,provo:13:10,13,10,seven,seven,196.9375,5.282886419517493,7.933390617370605,0.3595825474957468,5.08,-0.4720723437539684,5,0.0995277886748964,0,-0.2088879996334169,11,11,11,1,5.265734795887987,-0.06587103899931357,5.348757458516807,5.349173208404249
674,provo:13:11,13,11,hundred,hundred,193.88571428571427,5.267268883854761,9.55732536315918,0.7033534138307038,4.71,-0.7429038677298826,7,0.8903377107745275,0,-0.2088879996334169,12,12,12,1,5.235648593659127,-0.0951197987803658,5.362388682635127,5.364676418033945
675,provo:13:12,13,12,"thousand,",thousand,227.63768115942028,5.427755247245773,9.574682235717772,0.7070276914652003,4.64,-0.7941422641577583,8,1.2857426718243432,0,-0.2088879996334169,13,14,14,2,5.391920105161067,0.06153483221013545,5.366220415035637,5.3682212698731355
676,provo:13:13,13,13,says,says,232.3404255319149,5.448203647588837,5.409544944763184,-0.17469052943547614,5.49,-0.17196173610498247,4,-0.2958771723749192,0,-0.2088879996334169,15,15,15,1,5.444194038230647,0.11209982655028927,5.336103821038548,5.332834236890486
677,provo:13:14,13,14,heat,heat,230.89333333333337,5.44195584341584,17.627243041992188,2.4116748835810595,4.86,-0.6331073039558631,4,-0.2958771723749192,0,-0.2088879996334169,16,16,16,1,5.421404727290548,0.08950555120381676,5.352450292212024,5.373727918433551
678,provo:13:15,13,15,shouldn't,shouldn't,217.9875,5.384437721695579,10.453399658203123,0.8930434475630368,4.82,-0.6623863876289349,9,1.6811476328741586,0,-0.2088879996334169,17,18,18,2,5.35095181770875,0.020872269169541546,5.3635654525260374,5.368495983399932
679,provo:13:16,13,16,be,be,179.91666666666666,5.192493780726807,0.7569320797920227,-1.1596024906212228,6.79,0.7796084832698505,2,-1.0866870944745504,0,-0.2088879996334169,19,19,19,1,5.227371252686183,-0.10584831112781234,5.298342091854619,5.291021052237009
680,provo:13:17,13,17,a,a,167.07692307692307,5.11845432359229,2.175485372543335,-0.8593088392561733,7.36,1.1968354256111238,1,-1.482092055524366,0,-0.2088879996334169,20,20,20,1,5.1706748274146275,-0.16308264604159994,5.28153696963389,5.280285033754026
681,provo:13:18,13,18,factor.,factor,194.8860759493671,5.272415161936615,4.153010368347168,-0.44068642676730163,4.67,-0.7721829514029543,6,0.49493274972471196,1,4.7854341734200965,21,22,22,2,5.233033073362937,-0.10494943248451793,5.377364594421133,5.3690030447865205
682,provo:13:20,13,20,"""I",i,138.94594594594594,4.93408497941128,5.2408833503723145,-0.21039451481515278,7.09,0.9992016108178888,1,-1.482092055524366,0,-0.2088879996334169,23,24,24,2,4.979216266047716,-0.3544576207255279,5.288542600136808,5.292884568554795
683,provo:13:21,13,21,don't,don't,203.74242424242425,5.316856569797444,2.8674798011779785,-0.7128204875242952,6.2,0.34774199909204173,5,0.0995277886748964,0,-0.2088879996334169,25,26,26,2,5.3291120693094545,-0.002840495522071329,5.319697065319516,5.3142689938877465
684,provo:13:22,13,22,think,think,201.41071428571428,5.3053461779047675,1.0109503269195557,-1.1058293491163804,6.08,0.2599047480728263,5,0.0995277886748964,0,-0.2088879996334169,27,27,27,1,5.314450914223044,-0.01746450097160057,5.322810678876368,5.312563736211042
685,provo:13:23,13,23,you're,you're,194.28169014084503,5.269309116949921,7.470116138458252,0.26151193882160384,5.87,0.10618955878919943,6,0.49493274972471196,0,-0.2088879996334169,28,29,29,2,5.2705231109864386,-0.06096584347661871,5.330274960426539,5.333653609827037
686,provo:13:24,13,24,going,going,191.21052631578948,5.253375053054762,0.7984946966171265,-1.15080409719429,5.94,0.15742795521707525,5,0.0995277886748964,0,-0.2088879996334169,30,30,30,1,5.258803898980348,-0.07306817497126783,5.326443228026029,5.315007540180957
687,provo:13:25,13,25,to,to,193.88888888888889,5.267285257300308,0.0168909020721912,-1.316261862217309,7.43,1.2480738220389989,2,-1.0866870944745504,0,-0.2088879996334169,31,31,31,1,5.318966799626265,-0.014450895584429801,5.281736152884738,5.27596582014433
688,provo:13:26,13,26,have,have,206.59322033898303,5.330751740750117,4.255760192871094,-0.4189353088212401,6.71,0.7210503159237068,4,-0.2958771723749192,0,-0.2088879996334169,32,32,32,1,5.35877489052822,0.026302990872903997,5.304448749877213,5.304718253259799
689,provo:13:27,13,27,a,a,199.76666666666668,5.29715001879603,1.904824495315552,-0.9166050603567275,7.36,1.1968354256111238,1,-1.482092055524366,0,-0.2088879996334169,33,33,33,1,5.349370522618368,0.015613049162140236,5.28153696963389,5.279670794747407
690,provo:13:28,13,28,heat,heat,234.73333333333332,5.458450118052842,6.955201148986816,0.1525095466512866,4.86,-0.6331073039558631,4,-0.2958771723749192,0,-0.2088879996334169,34,34,34,1,5.4378990019275495,0.10599982584081857,5.352450292212024,5.349508738779281
691,provo:13:29,13,29,wave,wave,202.29310344827587,5.309717652877205,4.59773063659668,-0.3465435603194196,4.62,-0.808781805994294,4,-0.2958771723749192,0,-0.2088879996334169,35,35,35,1,5.282865010364445,-0.04895986644852357,5.358677519325728,5.349174601892239
692,provo:13:30,13,30,I'm,i'm,199.4090909090909,5.2953584478078985,16.531736373901367,2.1797669960615846,6.15,0.31114314450070213,3,-0.6912821334247348,0,-0.2088879996334169,36,37,37,2,5.31105494270797,-0.021605040842279877,5.316963488650178,5.342238729272279
693,provo:13:31,13,31,not,not,201.34426229508196,5.305016190716033,1.0620750188827517,-1.0950067592968853,6.69,0.7064107740871713,3,-0.6912821334247348,0,-0.2088879996334169,38,38,38,1,5.334891119987907,0.0020639630716914326,5.302952227644342,5.295845996720223
694,provo:13:32,13,32,going,going,219.7321428571429,5.392409272090007,3.0666067600250244,-0.6706672868916839,5.94,0.15742795521707525,5,0.0995277886748964,0,-0.2088879996334169,39,39,39,1,5.397838118015594,0.06596604406397777,5.326443228026029,5.320154803852748
695,provo:13:33,13,33,to,to,191.82608695652175,5.256589164444243,0.0050856675952672,-1.3187609131760647,7.43,1.2480738220389989,2,-1.0866870944745504,0,-0.2088879996334169,40,40,40,1,5.3082707067702,-0.02514698844049512,5.281736152884738,5.275939029292352
696,provo:13:34,13,34,be,be,195.5,5.27556037942542,2.9914097785949707,-0.686585741447215,6.79,0.7796084832698505,2,-1.0866870944745504,0,-0.2088879996334169,41,41,41,1,5.310437851384797,-0.022781712429198464,5.298342091854619,5.296091985931174
697,provo:13:35,13,35,able,able,211.79032258064515,5.355596740813914,2.0758495330810547,-0.8804007574744305,5.43,-0.21588036161459054,4,-0.2958771723749192,0,-0.2088879996334169,42,42,42,1,5.350011749858856,0.017936112996939535,5.337660627816974,5.32652271290939
698,provo:13:36,13,36,to,to,207.67857142857144,5.335991554777561,0.0014496012590825,-1.319530632327455,7.43,1.2480738220389989,2,-1.0866870944745504,0,-0.2088879996334169,43,43,43,1,5.387673097103518,0.05425540189282252,5.281736152884738,5.275930777587129
699,provo:13:37,13,37,"handle,""",handle,219.34246575342465,5.390634278964073,6.704390048980713,0.09941532635756849,4.79,-0.6843457003837389,6,0.49493274972471196,0,-0.2088879996334169,44,45,45,2,5.363491404256985,0.03233679652585941,5.358297482438213,5.354487495231472
700,provo:13:38,13,38,he,he,178.5,5.184588601219693,0.429616779088974,-1.2288918908136757,6.69,0.7064107740871713,2,-1.0866870944745504,0,-0.2088879996334169,46,46,46,1,5.216840437184292,-0.11634816859896979,5.300936769818663,5.292368206948493
701,provo:13:39,13,39,said.,said,183.59259259259255,5.212719132016245,2.5763461589813232,-0.7744505897539236,6.01,0.20866635164495045,4,-0.2958771723749192,1,4.7854341734200965,47,48,48,2,5.213274379158045,-0.12584586203534176,5.338564994051587,5.333334445575962
702,provo:13:40,13,40,"""Everybody",everybody,162.88888888888889,5.093068305110378,9.5221529006958,0.6959077526527985,4.84,-0.6477468457923993,9,1.6811476328741586,0,-0.2088879996334169,49,50,50,2,5.060107528322504,-0.26997821182285175,5.363046516933229,5.365964614734864
703,provo:13:41,13,41,treats,treats,207.23076923076923,5.333832999508773,13.556739807128906,1.549989753007237,4.06,-1.2186889774172993,6,0.49493274972471196,0,-0.2088879996334169,51,51,51,1,5.287522982039804,-0.043405632066960464,5.377238631575733,5.385294996751775
704,provo:13:42,13,42,it,it,212.0625,5.356881042544449,2.4509172439575195,-0.8010026460437522,6.95,0.8967248179621378,2,-1.0866870944745504,0,-0.2088879996334169,52,52,52,1,5.395959532095471,0.0626904354323008,5.2941906071121485,5.291521444920464
705,provo:13:43,13,43,differently.,differently,206.3108108108108,5.3293838220527725,4.859708786010742,-0.2910853865113531,4.23,-1.0942528718067437,11,2.4719575549737898,1,4.7854341734200965,53,54,54,2,5.266564401638445,-0.06947464453855012,5.398858466591323,5.3900151086825225
706,provo:13:44,13,44,My,my,212.6875,5.359823952261125,8.239480018615723,0.4243786354634847,6.57,0.6185735230679559,2,-1.0866870944745504,0,-0.2088879996334169,55,55,55,1,5.388925025031989,0.05577356888560914,5.3040503833755155,5.312599904176111
707,provo:13:45,13,45,son,son,224.2741935483871,5.412869381622974,7.341829299926758,0.23435488849324898,5.28,-0.3256769253886094,3,-0.6912821334247348,0,-0.2088879996334169,56,56,56,1,5.4057228433684745,0.07333219468561403,5.33953718693736,5.339565813039797
708,provo:13:46,13,46,"Ronnie,",ronnie,207.40277777777777,5.334662689041213,18.396968841552734,2.5746181949681213,3.7,-1.482200730474945,6,0.49493274972471196,0,-0.2088879996334169,57,58,58,2,5.278900381991043,-0.05191678320507709,5.38657947224629,5.403803310067249
709,provo:13:47,13,47,his,his,220.4186046511628,5.395528486833971,3.773445844650269,-0.5210364688362249,6.51,0.5746548975583479,3,-0.6912821334247348,0,-0.2088879996334169,59,59,59,1,5.420677271315244,0.08790583885434966,5.307622647979621,5.305761131748647
710,provo:13:48,13,48,"caddie,",caddie,223.0704225352113,5.4074875177290425,18.7034912109375,2.6395059379933348,2.6,-2.287375531484419,6,0.49493274972471196,0,-0.2088879996334169,60,63,63,4,5.322843214736312,-0.007633412121730743,5.415120929850773,5.427488554029119
711,provo:13:49,13,49,and,and,177.14285714285714,5.1769565095437695,4.056194305419922,-0.46118142628249287,7.41,1.2334342802024634,3,-0.6912821334247348,0,-0.2088879996334169,64,64,64,1,5.225736017978046,-0.10731403675945739,5.284270546303227,5.287593112687889
712,provo:13:50,13,50,I,i,218.9047619047619,5.388636758082805,3.008555173873902,-0.6829562314536768,7.09,0.9992016108178888,1,-1.482092055524366,0,-0.2088879996334169,65,65,65,1,5.433768044719241,0.10009415794599708,5.288542600136808,5.287818512996173
713,provo:13:51,13,51,won't,won't,221.6176470588235,5.400953586444435,9.93775463104248,0.7838865136603459,5.34,-0.28175829987900197,5,0.0995277886748964,0,-0.2088879996334169,66,67,67,2,5.390628616401352,0.05894229063414258,5.342011295810292,5.348288010718044
714,provo:13:52,13,52,be,be,198.67741935483872,5.291682501201897,1.494167685508728,-1.003537030769793,6.79,0.7796084832698505,2,-1.0866870944745504,0,-0.2088879996334169,68,68,68,1,5.326559973161273,-0.006659590652722258,5.298342091854619,5.2926941380214725
715,provo:13:53,13,53,riding,riding,245.77333333333337,5.5044097019598635,10.497523307800291,0.9023839862067325,4.49,-0.9039388279317772,6,0.49493274972471196,0,-0.2088879996334169,69,69,69,1,5.469389919268441,0.13832818562951932,5.366081516330344,5.369365545393354
716,provo:13:54,13,54,carts,carts,258.84375,5.556224597798537,15.503058433532717,1.9620060868518554,3.45,-1.6651950034316436,5,0.0995277886748964,0,-0.2088879996334169,70,70,70,1,5.496275107454146,0.165173888467816,5.391050709330721,5.400418284420669
718,provo:14:3,14,3,still,still,212.768115942029,5.360202915142201,10.904443740844728,0.9885250027468728,5.92,0.14278841338053905,5,0.0995277886748964,0,-0.2088879996334169,2,2,2,1,5.365106633868832,0.03269544557436266,5.327507469567839,5.342055297074471
719,provo:14:4,14,4,"closed,",closed,188.56521739130432,5.239443927906216,16.990463256835938,2.276874923807151,4.9,-0.6038282202827913,6,0.49493274972471196,0,-0.2088879996334169,3,4,4,2,5.215189252793385,-0.11706133686886222,5.356505264775079,5.382112462671577
720,provo:14:5,14,5,cars,cars,249.5820895522388,5.519787877319037,13.50677490234375,1.5394126786211626,4.89,-0.6111479912010597,4,-0.2958771723749192,0,-0.2088879996334169,5,5,5,1,5.500024451992178,0.16590935187920675,5.35387852543983,5.369500477794243
721,provo:14:6,14,6,still,still,221.6338028169014,5.40102648302758,4.390843868255615,-0.3903394355972226,5.92,0.14278841338053905,5,0.0995277886748964,0,-0.2088879996334169,6,6,6,1,5.40593020175421,0.07351901345974099,5.327507469567839,5.323477451161404
722,provo:14:7,14,7,buried,buried,220.425,5.395557500973091,13.162872314453123,1.4666119143782708,4.4,-0.9698167661961886,6,0.49493274972471196,0,-0.2088879996334169,7,7,7,1,5.358174645886368,0.025547638373809356,5.370009862599281,5.381615491813097
723,provo:14:8,14,8,and,and,185.8421052631579,5.224897416761946,4.942807674407959,-0.2734941766860401,7.41,1.2334342802024634,3,-0.6912821334247348,0,-0.2088879996334169,8,8,8,1,5.273676925196223,-0.059469519998035736,5.284366936759982,5.291115979856719
724,provo:14:9,14,9,streets,streets,236.6625,5.466635075578467,8.475704193115234,0.47438494841882667,4.66,-0.7795027223212222,7,0.8903377107745275,0,-0.2088879996334169,9,9,9,1,5.433701967385443,0.10219918820190443,5.364435887376563,5.364270726017208
725,provo:14:10,14,10,still,still,203.03508771929825,5.3133788100135275,1.7636632919311523,-0.9464874859321317,5.92,0.14278841338053905,5,0.0995277886748964,0,-0.2088879996334169,10,10,10,1,5.318282528740158,-0.014128659554311085,5.327507469567839,5.31598430499224
726,provo:14:11,14,11,blocked,blocked,210.95833333333337,5.351660641621963,4.631307601928711,-0.3394356500471468,4.31,-1.0356947044606006,7,0.8903377107745275,0,-0.2088879996334169,11,11,11,1,5.3095378074472155,-0.022228464231540457,5.373889105853504,5.360599840459337
727,provo:14:12,14,12,by,by,174.77777777777777,5.1635153257220585,2.6843180656433105,-0.7515940088541755,6.66,0.6844514613323672,2,-1.0866870944745504,0,-0.2088879996334169,12,12,12,1,5.1949794708882235,-0.13966009212836106,5.30317541785042,5.298862142517497
728,provo:14:13,14,13,the,the,207.8947368421053,5.337031878728727,4.0781989097595215,-0.45652326996383563,7.73,1.4676669495870378,3,-0.6912821334247348,0,-0.2088879996334169,13,13,13,1,5.394213422346294,0.061307884576234706,5.275723994152492,5.281981212932004
729,provo:14:14,14,14,widespread,widespread,217.6712328767123,5.3829858183823704,15.030213356018066,1.861909477452383,4.19,-1.1235319554798155,10,2.0765525939239744,0,-0.2088879996334169,14,14,14,1,5.330581500935714,0.0015103621134588963,5.3814754562689116,5.397086503399097
730,provo:14:15,14,15,weekend,weekend,183.14864864864865,5.210298110811846,14.41014575958252,1.7306473221436902,4.93,-0.5818689075279879,7,0.8903377107745275,0,-0.2088879996334169,15,15,15,1,5.1844542198047225,-0.14684529373964672,5.3571434045514925,5.37556995021149
731,provo:14:16,14,16,"snowstorm,",snowstorm,197.7875,5.287193222045102,14.490851402282717,1.7477319056105542,2.89,-2.0751021748546488,9,1.6811476328741586,0,-0.2088879996334169,16,18,18,3,5.203032543359053,-0.12794577292087084,5.4151389949659725,5.42119783259344
732,provo:14:17,14,17,officials,officials,233.4512195121951,5.452973145272203,7.758197784423828,0.32249596374355105,4.68,-0.7648631804846866,9,1.6811476328741586,0,-0.2088879996334169,19,19,19,1,5.415811350892685,0.08618061051687675,5.3667925347553265,5.364691821521082
733,provo:14:18,14,18,are,are,210.42105263157896,5.349110535893905,5.034530162811279,-0.25407743633820307,6.74,0.743009628678511,3,-0.6912821334247348,0,-0.2088879996334169,20,20,20,1,5.380298283163167,0.04664743804949101,5.302463097844414,5.305340308052899
734,provo:14:19,14,19,asking,asking,210.9041095890411,5.351403573255245,6.1207804679870605,-0.024129028968202394,4.96,-0.5599095947731839,6,0.49493274972471196,0,-0.2088879996334169,21,21,21,1,5.328724279739281,-0.003481139780928899,5.354884713036174,5.349859967102995
735,provo:14:20,14,20,people,people,189.6315789473684,5.245083131581652,3.612937688827514,-0.5550144522029276,6.25,0.38434085368338133,6,0.49493274972471196,0,-0.2088879996334169,22,22,22,1,5.2562745423983275,-0.07495971906807863,5.320042850649731,5.315823744329193
736,provo:14:21,14,21,to,to,191.75862068965515,5.25623739720109,0.3069398701190948,-1.2548613747385924,7.43,1.2480738220389989,2,-1.0866870944745504,0,-0.2088879996334169,23,23,23,1,5.307918939527047,-0.026140940000057178,5.2823783372011475,5.27603476443824
737,provo:14:22,14,22,pick,pick,202.96428571428572,5.313030031121918,9.32847785949707,0.654908668870023,5.08,-0.4720723437539684,4,-0.2958771723749192,0,-0.2088879996334169,24,24,24,1,5.298255314185137,-0.035716747144714844,5.348746778266633,5.353623717734439
738,provo:14:23,14,23,up,up,180.0857142857143,5.193432928023697,0.1817816197872162,-1.2813561339997868,6.39,0.48681764653913234,2,-1.0866870944745504,0,-0.2088879996334169,25,25,25,1,5.21780785600396,-0.1170349726517923,5.310467900675489,5.297351269736583
739,provo:14:24,14,24,a,a,171.66666666666666,5.145554611995626,5.340146064758301,-0.18938158347186804,7.36,1.1968354256111238,1,-1.482092055524366,0,-0.2088879996334169,26,26,26,1,5.197775115817964,-0.1372659532550431,5.2828205652506695,5.2904069095582305
740,provo:14:25,14,25,shovel,shovel,215.984126984127,5.375204918799326,2.6474926471710205,-0.7593895844117506,3.5,-1.628596148840304,6,0.49493274972471196,0,-0.2088879996334169,27,27,27,1,5.314191339759599,-0.019113219883521104,5.394318138682847,5.370379812796568
741,provo:14:26,14,26,and,and,199.54545454545453,5.296042052710901,1.7730079889297483,-0.9445093063339822,7.41,1.2334342802024634,3,-0.6912821334247348,0,-0.2088879996334169,28,28,28,1,5.344821561145178,0.011675115950919412,5.284366936759982,5.282075195761288
742,provo:14:27,14,27,help,help,218.56140350877192,5.387066997979541,4.9070820808410645,-0.28105693022812167,5.75,0.018352307769983985,4,-0.2958771723749192,0,-0.2088879996334169,29,29,29,1,5.389884042207774,0.056416380797339016,5.330650617182202,5.327050457332778
743,provo:14:28,14,28,out.,out,172.25,5.148946909893768,6.885537624359131,0.13776246997513797,6.38,0.4794978756208646,3,-0.6912821334247348,1,4.7854341734200965,30,31,31,2,5.161593916908973,-0.17145196793983697,5.320398877833605,5.329483623932476
744,provo:14:29,14,29,In,in,178.77272727272728,5.186115319073494,7.826440811157227,0.3369423351154918,7.27,1.1309574873467116,2,-1.0866870944745504,0,-0.2088879996334169,32,32,32,1,5.233595843807806,-0.10058448943139897,5.286699808504893,5.300815984826241
745,provo:14:30,14,30,"Boston,",boston,241.7012987012987,5.48770266089028,8.82650375366211,0.5486457333129643,4.67,-0.7721829514029543,6,0.49493274972471196,0,-0.2088879996334169,33,34,34,2,5.4574090229894585,0.12498528111606788,5.362717379774212,5.3636206955457375
746,provo:14:31,14,31,a,a,200.72727272727272,5.301947134598615,3.6728382110595703,-0.5423341062253366,7.36,1.1968354256111238,1,-1.482092055524366,0,-0.2088879996334169,35,35,35,1,5.354167638420953,0.019126569347945654,5.2828205652506695,5.285651476464157
747,provo:14:32,14,32,"""snow",snow,246.8684210526316,5.508855486399566,16.598661422729492,2.1939343645933675,4.66,-0.7795027223212222,4,-0.2958771723749192,0,-0.2088879996334169,36,38,38,3,5.483053098284716,0.1487648459606019,5.360090640438964,5.3831122136678555
748,provo:14:33,14,33,"angel""",angel,179.09803921568627,5.187933361020619,10.340641021728516,0.8691735634755446,4.45,-0.933217911604849,5,0.0995277886748964,0,-0.2088879996334169,39,40,40,2,5.15424023062401,-0.1792776261503759,5.367210987170995,5.37108186616188
749,provo:14:34,14,34,campaign,campaign,212.0375,5.356763145821841,10.701212882995604,0.9455030474312581,5.0,-0.5306305111001121,8,1.2857426718243432,0,-0.2088879996334169,41,41,41,1,5.3303802933183375,6.196931987023646e-05,5.3567011765019705,5.364974847914332
750,provo:14:35,14,35,is,is,201.0,5.303304908059076,1.8856680393218992,-0.9206602919415702,7.07,0.9845620689813532,2,-1.0866870944745504,0,-0.2088879996334169,42,42,42,1,5.345534160803831,0.011203260424502481,5.292101647634573,5.288039911285132
751,provo:14:36,14,36,using,using,220.8985507246377,5.397703549628804,7.926559925079346,0.3581365577398633,5.47,-0.1866012779415187,5,0.0995277886748964,0,-0.2088879996334169,43,43,43,1,5.390791906378933,0.05804194201918289,5.339661607609621,5.342939835013432
752,provo:14:37,14,37,social,social,228.06849315068493,5.429645992396461,6.871113300323486,0.1347089837541619,5.42,-0.2232001325328583,6,0.49493274972471196,0,-0.2088879996334169,44,44,44,1,5.419044624456476,0.0871855093585534,5.342460483037907,5.342413692754339
753,provo:14:38,14,38,media,media,196.1129032258065,5.2786905302513265,0.0153049575164914,-1.316597590937497,5.3,-0.3110373835520738,5,0.0995277886748964,0,-0.2088879996334169,45,45,45,1,5.267315305810333,-0.06556264061852346,5.34425317086985,5.323918429408962
754,provo:14:39,14,39,to,to,196.46428571428572,5.2804806627002545,0.287429004907608,-1.2589916312369471,7.43,1.2480738220389989,2,-1.0866870944745504,0,-0.2088879996334169,46,46,46,1,5.332162205026211,-0.001897674500892954,5.2823783372011475,5.275979116278295
755,provo:14:40,14,40,encourage,encourage,237.02702702702703,5.468174172722004,3.6260268688201904,-0.5522436027230666,4.45,-0.933217911604849,9,1.6811476328741586,0,-0.2088879996334169,47,47,47,1,5.424973415554496,0.09516952296754422,5.37300464975446,5.357699370994216
756,provo:14:41,14,41,neighbors,neighbors,228.7625,5.432684347471401,9.587925910949709,0.7098312460536766,4.24,-1.086933100888476,9,1.6811476328741586,0,-0.2088879996334169,48,48,48,1,5.383969754714859,0.05400776663077611,5.378676580840625,5.379080051594303
757,provo:14:42,14,42,and,and,175.0,5.1647859739235145,3.3445076942443848,-0.6118384175915862,7.41,1.2334342802024634,3,-0.6912821334247348,0,-0.2088879996334169,49,49,49,1,5.213565482357791,-0.11958096283646746,5.284366936759982,5.286557368438278
758,provo:14:43,14,43,friends,friends,199.97014925373136,5.298168101677247,4.206733226776123,-0.42931383089668124,5.43,-0.21588036161459054,7,0.8903377107745275,0,-0.2088879996334169,50,50,50,1,5.285452390644014,-0.045470705050043136,5.34363880672729,5.336048217792737
759,provo:14:44,14,44,to,to,185.15384615384616,5.221187080321536,0.1382855325937271,-1.2905638239118749,7.43,1.2480738220389989,2,-1.0866870944745504,0,-0.2088879996334169,51,51,51,1,5.272868622647493,-0.0611912568796118,5.2823783372011475,5.275553734845326
760,provo:14:45,14,45,be,be,196.3939393939394,5.280122536961236,7.2028398513793945,0.2049322018597765,6.79,0.7796084832698505,2,-1.0866870944745504,0,-0.2088879996334169,52,52,52,1,5.315000008920612,-0.019541685454891322,5.299664222416127,5.309040516715557
761,provo:14:46,14,46,an,an,211.6551724137931,5.354958405193208,10.135018348693848,0.8256452846265616,6.53,0.589294439394884,2,-1.0866870944745504,0,-0.2088879996334169,53,53,53,1,5.383009223566161,0.048271791908494954,5.306686613284713,5.322821935791
762,provo:14:47,14,47,angel,angel,187.11320754716985,5.231713821634004,7.492428302764893,0.26623520253241084,4.45,-0.933217911604849,5,0.0995277886748964,0,-0.2088879996334169,54,54,54,1,5.198020691237395,-0.1354971655369912,5.367210987170995,5.3629583003832675
763,provo:14:48,14,48,and,and,183.0952380952381,5.210006444216321,4.088054656982422,-0.4544369061059396,7.41,1.2334342802024634,3,-0.6912821334247348,0,-0.2088879996334169,55,55,55,1,5.258785952650598,-0.0743604925436605,5.284366936759982,5.2886780852727595
764,provo:14:49,14,49,help,help,205.45098039215685,5.325207467243839,1.6136096715927124,-0.9782523479096327,5.75,0.018352307769983985,4,-0.2958771723749192,0,-0.2088879996334169,56,56,56,1,5.328024511472072,-0.005443149938362701,5.330650617182202,5.317656938520632
765,provo:14:50,14,50,dig,dig,211.3448275862069,5.3534910534992575,9.527113914489746,0.6969579500294277,4.22,-1.101572642725012,3,-0.6912821334247348,0,-0.2088879996334169,57,57,57,1,5.318512773700109,-0.017035217379137713,5.370526270878395,5.370670389291816
766,provo:14:51,14,51,out,out,158.44444444444446,5.065404023638022,4.011363506317139,-0.47067166145728645,6.38,0.4794978756208646,3,-0.6912821334247348,0,-0.2088879996334169,58,58,58,1,5.0871394813260835,-0.2467823846398174,5.31218640827784,5.309924427802744
767,provo:14:52,14,52,the,the,233.6578947368421,5.453858057305941,2.124069929122925,-0.8701929782731308,7.73,1.4676669495870378,3,-0.6912821334247348,0,-0.2088879996334169,59,59,59,1,5.511039600923508,0.1781340631534487,5.275723994152492,5.276407719348325
768,provo:14:53,14,53,stranded,stranded,187.55128205128204,5.234052312288494,9.11690616607666,0.6101210414559856,3.7,-1.482200730474945,8,1.2857426718243432,0,-0.2088879996334169,60,60,60,1,5.1735361918528735,-0.15776081855640367,5.3918131308448976,5.387547993780833
770,provo:15:3,15,3,considered,considered,209.45,5.344485047393044,14.21540355682373,1.689422330851409,5.08,-0.4720723437539684,10,2.0765525939239744,0,-0.2088879996334169,2,2,2,1,5.315448890299913,-0.015265040647729045,5.359750088040773,5.37688951854081
771,provo:15:4,15,4,a,a,249.43478260869568,5.519197488672721,2.14231014251709,-0.8663317061518784,7.36,1.1968354256111238,1,-1.482092055524366,0,-0.2088879996334169,3,3,3,1,5.571417992495059,0.24188829957552826,5.277309189097193,5.275811785335287
772,provo:15:5,15,5,key,key,224.56896551724137,5.414182856075148,5.939257621765137,-0.06255561369836388,5.12,-0.4427932600808966,3,-0.6912821334247348,0,-0.2088879996334169,4,4,4,1,5.402835300229004,0.0729654956649517,5.341217360410196,5.33670932843999
773,provo:15:6,15,6,witness,witness,202.81690140845072,5.312303608522777,7.950456142425537,0.36319514975566475,4.52,-0.8819795151769738,7,0.8903377107745275,0,-0.2088879996334169,5,5,5,1,5.275694609937063,-0.05468317358727859,5.366986782110056,5.36434864729202
774,provo:15:7,15,7,by,by,194.77142857142857,5.2718267098733715,6.3325958251953125,0.02071017965108857,6.66,0.6844514613323672,2,-1.0866870944745504,0,-0.2088879996334169,6,6,6,1,5.303290855039537,-0.026390248697595986,5.2982169585709675,5.303680250337053
775,provo:15:8,15,8,the,the,199.22222222222223,5.294420896268914,1.559893012046814,-0.9896236315382407,7.73,1.4676669495870378,3,-0.6912821334247348,0,-0.2088879996334169,7,7,7,1,5.351602439886481,0.021848500708522955,5.272572395560391,5.271732559776446
776,provo:15:9,15,9,"prosecution,",prosecution,223.5185185185185,5.409494267527303,5.076138973236084,-0.24526926418473627,4.06,-1.2186889774172993,11,2.4719575549737898,0,-0.2088879996334169,8,9,9,2,5.351299716594709,0.020420169111630138,5.389074098415673,5.376279545674995
777,provo:15:10,15,10,vowed,vowed,252.52631578947367,5.531515464233199,12.537027359008787,1.3341267495140954,3.39,-1.7091136289412514,5,0.0995277886748964,0,-0.2088879996334169,10,10,10,1,5.469990592291941,0.1398033164461676,5.391712147787032,5.394520708675437
778,provo:15:11,15,11,he,he,214.6818181818182,5.369157016537801,5.750391483306885,-0.10253670050465863,6.69,0.7064107740871713,2,-1.0866870944745504,0,-0.2088879996334169,11,11,11,1,5.401408852502399,0.07172908055131444,5.297427935986486,5.301535498460735
779,provo:15:12,15,12,wouldn't,wouldn't,217.0909090909091,5.380316201714122,5.055330276489258,-0.24967425873670898,5.18,-0.3988746345712892,8,1.2857426718243432,0,-0.2088879996334169,12,13,13,2,5.35865949400122,0.028190673960075685,5.352125527754047,5.34573471263987
780,provo:15:13,15,13,testify,testify,216.30666666666667,5.376697153874089,3.4376184940338135,-0.5921277855038362,3.84,-1.379723937619194,7,0.8903377107745275,0,-0.2088879996334169,14,14,14,1,5.322233830523883,-0.008174140150859266,5.384871294024948,5.36641766060567
781,provo:15:14,15,14,when,when,217.8181818181818,5.383660686436969,7.839180946350098,0.3396392952758898,6.37,0.4721781047025968,4,-0.2958771723749192,0,-0.2088879996334169,15,15,15,1,5.402756673832828,0.07282202454423281,5.310838661892737,5.3186117857260955
782,provo:15:15,15,15,served,served,229.3918918918919,5.435431859222727,12.29041862487793,1.2819221283630375,4.81,-0.6697061585472033,6,0.49493274972471196,0,-0.2088879996334169,16,16,16,1,5.408814111714595,0.07856953793187849,5.356862321290849,5.3672989902239525
783,provo:15:16,15,16,a,a,150.2962962962963,5.012608654381431,4.822831153869629,-0.2988920151843397,7.36,1.1968354256111238,1,-1.482092055524366,0,-0.2088879996334169,17,17,17,1,5.064829158203769,-0.2647005347157618,5.277309189097193,5.28285693273593
784,provo:15:17,15,17,subpoena,subpoena,225.679012345679,5.419113690335703,1.1772586107254028,-1.0706235362283425,3.34,-1.7457124835325915,8,1.2857426718243432,0,-0.2088879996334169,18,18,18,1,5.349145280318881,0.01859477740018356,5.400518912935519,5.373234995738493
785,provo:15:18,15,18,last,last,179.12307692307692,5.188073150141379,6.976099967956543,0.15693361918328458,5.86,0.09886978787093163,4,-0.2958771723749192,0,-0.2088879996334169,19,19,19,1,5.193778393963868,-0.13617889568752695,5.3242520458289055,5.32679086630847
786,provo:15:19,15,19,week.,week,187.4255319148936,5.233381603399737,3.3625893592834473,-0.6080107085833412,5.56,-0.1207233396771073,4,-0.2958771723749192,1,4.7854341734200965,20,21,21,2,5.222121488565035,-0.10498047701436075,5.338362080414098,5.333570696933002
787,provo:15:20,15,20,His,his,210.02,5.3472027642778475,7.136014938354492,0.1907860310835773,6.51,0.5746548975583479,3,-0.6912821334247348,0,-0.2088879996334169,22,22,22,1,5.37235154875912,0.042543450281915085,5.304659313995932,5.31138019083831
788,provo:15:21,15,21,lawyers,lawyers,203.21052631578948,5.314242517097796,4.119051456451416,-0.4478751913358719,4.39,-0.977136537114457,7,0.8903377107745275,0,-0.2088879996334169,23,23,23,1,5.274220191718871,-0.05616336287834223,5.370405879976138,5.356941747635185
789,provo:15:22,15,22,said,said,215.18867924528303,5.371515221166367,2.981301784515381,-0.688725503460843,6.01,0.20866635164495045,4,-0.2958771723749192,0,-0.2088879996334169,24,24,24,1,5.381158918981023,0.0512082882598639,5.320306932906503,5.3132186438943805
790,provo:15:23,15,23,he,he,204.025,5.318242535355306,1.7508479356765747,-0.9492003696446407,6.69,0.7064107740871713,2,-1.0866870944745504,0,-0.2088879996334169,25,25,25,1,5.350494371319905,0.02081459936882002,5.297427935986486,5.291023596592027
791,provo:15:24,15,24,was,was,203.66666666666663,5.316484670503486,3.1333882808685303,-0.656530301809571,6.82,0.8015677960246546,3,-0.6912821334247348,0,-0.2088879996334169,26,26,26,1,5.349772926568571,0.019978589880518705,5.296506080622967,5.29450974752466
792,provo:15:25,15,25,prepared,prepared,224.2987012987013,5.412978651490236,6.470423698425293,0.04988697231979086,4.74,-0.7209445549750785,8,1.2857426718243432,0,-0.2088879996334169,27,27,27,1,5.379769145400309,0.049280792497141235,5.363697858993095,5.358467493015434
793,provo:15:26,15,26,for,for,184.43333333333337,5.217288061235954,6.073668956756592,-0.03410206826183658,7.01,0.9406434434717452,3,-0.6912821334247348,0,-0.2088879996334169,28,28,28,1,5.255565025691118,-0.07422087635196917,5.291508937587923,5.298345410810585
794,provo:15:27,15,27,a,a,173.72413793103448,5.157468626926081,2.2752110958099365,-0.8381978935287375,7.36,1.1968354256111238,1,-1.482092055524366,0,-0.2088879996334169,29,29,29,1,5.209689130748419,-0.11984056217111139,5.277309189097193,5.276161085639843
795,provo:15:28,15,28,third,third,204.87878787878788,5.322418525624197,9.198261260986328,0.6273431075090635,5.32,-0.2963978417155375,5,0.0995277886748964,0,-0.2088879996334169,30,30,30,1,5.311568428382159,-0.018533169227920254,5.340951694852118,5.346208912902871
796,provo:15:29,15,29,prison,prison,239.53333333333333,5.4786925860113085,12.086645126342772,1.2387853014004986,4.8,-0.6770259294654711,6,0.49493274972471196,0,-0.2088879996334169,31,31,31,1,5.451812274903699,0.1215672571923001,5.357125328819008,5.366968270197684
797,provo:15:30,15,30,stay,stay,227.94545454545457,5.4291063658835546,8.514215469360352,0.48253740333290635,5.33,-0.2890780707972697,4,-0.2958771723749192,0,-0.2088879996334169,32,32,32,1,5.420895738933719,0.09091492106215959,5.338191444821395,5.341690658189228
798,provo:15:31,15,31,to,to,228.23684210526315,5.43038387095807,5.3423237800598145,-0.18892058275877058,7.43,1.2480738220389989,2,-1.0866870944745504,0,-0.2088879996334169,33,33,33,1,5.482065413284027,0.15241849205543634,5.277965378902634,5.285303873657919
799,provo:15:32,15,32,maintain,maintain,217.4794520547945,5.382104372754565,9.329583168029783,0.6551426517149886,4.65,-0.7868224932394899,8,1.2857426718243432,0,-0.2088879996334169,34,34,34,1,5.346531794269338,0.016039446008028868,5.366064926746536,5.367825827080789
800,provo:15:33,15,33,his,his,154.6875,5.041406952763009,1.020459771156311,-1.103816294163211,6.51,0.5746548975583479,3,-0.6912821334247348,0,-0.2088879996334169,35,35,35,1,5.066555737244282,-0.26325236123292317,5.304659313995932,5.295306827709574
801,provo:15:34,15,34,silence.,silence,190.475,5.249520952359073,9.500940322875977,0.6914172604866385,4.46,-0.9258981406865813,7,0.8903377107745275,1,4.7854341734200965,36,37,37,2,5.202248121503636,-0.12526368366033047,5.374784636019403,5.3797844100527215
802,provo:15:35,15,35,Anderson,anderson,189.06172839506172,5.24207356700063,13.843297958374023,1.6106512692192332,4.36,-0.9990958498692605,8,1.2857426718243432,0,-0.2088879996334169,38,38,38,1,5.198886644130546,-0.13161857806255117,5.373692145063181,5.385629845065794
803,provo:15:36,15,36,was,was,209.65714285714284,5.345473543425814,3.6076228618621826,-0.5561395483159522,6.82,0.8015677960246546,3,-0.6912821334247348,0,-0.2088879996334169,39,39,39,1,5.378761799490899,0.04896746280284692,5.296506080622967,5.295756166601933
804,provo:15:37,15,37,released,released,218.3924050632911,5.386293467914842,3.817473173141479,-0.5117163204145669,5.05,-0.49403165650877245,8,1.2857426718243432,0,-0.2088879996334169,40,40,40,1,5.361223433408727,0.030748842294713086,5.355544625620129,5.345144370261564
805,provo:15:38,15,38,July,july,222.68421052631575,5.405754671553627,9.54233455657959,0.7001800088781404,5.17,-0.406194405489557,4,-0.2958771723749192,0,-0.2088879996334169,41,41,41,1,5.393343027012146,0.0633551062816693,5.342399565271958,5.347670483795809
806,provo:15:39,15,39,20,20,211.29787234042553,5.3532688551933,4.727632522583008,-0.3190446204760086,5.08,-0.4720723437539684,2,-1.0866870944745504,0,-0.2088879996334169,42,42,42,1,5.343247951641969,0.01349670717302498,5.339772148020275,5.331828714240275
807,provo:15:40,15,40,after,after,221.8448275862069,5.401978162638571,2.8144328594207764,-0.724049998544726,6.11,0.2818640608276303,5,0.0995277886748964,0,-0.2088879996334169,43,43,43,1,5.411870589755281,0.08180406251110739,5.320174100127463,5.313247079110132
808,provo:15:41,15,41,a,a,244.1578947368421,5.497815125585303,3.5971145629882812,-0.5583640508810682,7.36,1.1968354256111238,1,-1.482092055524366,0,-0.2088879996334169,44,44,44,1,5.550035629407641,0.22050593648811034,5.277309189097193,5.279635411987687
809,provo:15:42,15,42,two-week,two-week,229.74647887323945,5.4369764352129755,7.399631500244141,0.24659104054966938,5.45,-0.2012408197780543,8,1.2857426718243432,0,-0.2088879996334169,45,47,47,3,5.422408944685974,0.09195211071925335,5.345024324493722,5.34636515504316
810,provo:15:43,15,43,stay,stay,214.3921568627451,5.367806846730619,3.1632256507873535,-0.6502140267666537,5.33,-0.2890780707972697,4,-0.2958771723749192,0,-0.2088879996334169,48,48,48,1,5.359596219780784,0.02961540190922385,5.338191444821395,5.327626783348656
811,provo:15:44,15,44,for,for,209.71052631578948,5.345728133671362,6.321019172668457,0.018259517222233804,7.01,0.9406434434717452,3,-0.6912821334247348,0,-0.2088879996334169,49,49,49,1,5.384005098126527,0.05421919608343906,5.291508937587923,5.2989955152952355
812,provo:15:45,15,45,previously,previously,214.97058823529412,5.37050121986423,14.08681869506836,1.6622021919647694,4.83,-0.6550666167106671,10,2.0765525939239744,0,-0.2088879996334169,50,50,50,1,5.334900972784154,0.004175943619452838,5.366325276244777,5.38167288322889
813,provo:15:46,15,46,declining,declining,254.3823529411765,5.53883846169035,10.244755744934082,0.8488756021455879,3.83,-1.3870437085374618,9,1.6811476328741586,0,-0.2088879996334169,51,51,51,1,5.4793587613552175,0.14870967513211752,5.390128786558233,5.389544627049788
814,provo:15:47,15,47,to,to,183.8571428571429,5.2141590585408135,0.7830301523208618,-1.1540777877191029,7.43,1.2480738220389989,2,-1.0866870944745504,0,-0.2088879996334169,52,52,52,1,5.26584060086677,-0.06380632036182021,5.277965378902634,5.273320794430338
815,provo:15:48,15,48,testify,testify,214.4848484848485,5.368239099438928,1.7823238372802734,-0.9425372337082747,3.84,-1.379723937619194,7,0.8903377107745275,0,-0.2088879996334169,53,53,53,1,5.313775776088723,-0.016632194586019722,5.384871294024948,5.362067090399753
816,provo:15:49,15,49,before,before,200.5,5.300814246746624,4.670499801635742,-0.33113905039509844,5.93,0.15010818429880682,6,0.49493274972471196,0,-0.2088879996334169,54,54,54,1,5.303603622380009,-0.02659123139028452,5.3274054781369085,5.324328226526385
817,provo:15:50,15,50,a,a,200.72413793103448,5.3019315172852615,1.4607248306274414,-1.0106165511908376,7.36,1.1968354256111238,1,-1.482092055524366,0,-0.2088879996334169,55,55,55,1,5.354152021107599,0.024622328188068643,5.277309189097193,5.274020391435355
818,provo:15:51,15,51,different,different,179.8875,5.192331655496292,11.515850067138672,1.117953653139274,5.59,-0.09876402692230327,9,1.6811476328741586,0,-0.2088879996334169,56,56,56,1,5.179063148669256,-0.15150780610574888,5.343839461602041,5.356831312319464
819,provo:15:52,15,52,grand,grand,267.58730158730157,5.589445874165895,2.3059868812561035,-0.8316829652334937,4.91,-0.5965084493645235,5,0.0995277886748964,0,-0.2088879996334169,57,57,57,1,5.567830669345266,0.23771087065921037,5.351735003506684,5.336493084413981
820,provo:15:53,15,53,jury,jury,270.3611111111111,5.599758513970383,0.0088587459176778,-1.3179621899471858,4.49,-0.9039388279317772,4,-0.2958771723749192,0,-0.2088879996334169,58,58,58,1,5.569492544664411,0.2394744367835333,5.36028407718685,5.336543877396469
822,provo:16:3,16,3,is,is,224.12244897959184,5.412192549728191,5.289520263671875,-0.20009856304479456,7.07,0.9845620689813532,2,-1.0866870944745504,0,-0.2088879996334169,3,3,3,1,5.454421802472947,0.12111555617289493,5.291076993555296,5.2954554246982966
823,provo:16:4,16,4,limited,limited,212.14666666666668,5.357277859371546,9.245438575744627,0.6373300767563665,5.02,-0.5159909692635765,7,0.8903377107745275,0,-0.2088879996334169,4,4,4,1,5.333797040759723,0.0029326784249548155,5.354345180946591,5.357489727648929
824,provo:16:5,16,5,in,in,214.47058823529412,5.368172611182392,4.586697101593018,-0.34887925015965643,7.27,1.1309574873467116,2,-1.0866870944745504,0,-0.2088879996334169,5,5,5,1,5.415653135916704,0.0822849735551836,5.285887637627209,5.289680503626704
825,provo:16:6,16,6,the,the,202.43636363636364,5.310425583510982,2.7162580490112305,-0.7448326314148486,7.73,1.4676669495870378,3,-0.6912821334247348,0,-0.2088879996334169,6,6,6,1,5.367607127128549,0.03445800669269605,5.275967576818286,5.277864365682978
826,provo:16:7,16,7,types,types,202.05555555555551,5.308542687090824,12.050602912902832,1.2311555225740958,4.85,-0.6404270748741315,5,0.0995277886748964,0,-0.2088879996334169,7,7,7,1,5.285352100673329,-0.046182530743283046,5.354725217834107,5.363323749118777
827,provo:16:8,16,8,of,of,185.16,5.22122031616307,0.1535166203975677,-1.2873395538091943,7.4,1.2261145092841956,2,-1.0866870944745504,0,-0.2088879996334169,8,8,8,1,5.272114167690593,-0.06129424011088158,5.282514556273951,5.276902868817336
828,provo:16:9,16,9,medical,medical,218.56410256410257,5.387079347088862,9.940855979919434,0.7845430384332791,5.16,-0.4135141764078248,7,0.8903377107745275,0,-0.2088879996334169,9,9,9,1,5.367274418869728,0.036366715291931584,5.35071263179693,5.35614195929102
829,provo:16:10,16,10,waste,waste,211.4264705882353,5.353877281246485,9.49411678314209,0.6899727848561537,4.81,-0.6697061585472033,5,0.0995277886748964,0,-0.2088879996334169,10,10,10,1,5.329636440431078,-0.001885807773239101,5.3557630890197245,5.358358034257818
830,provo:16:11,16,11,it,it,203.64705882352945,5.316388391679938,5.394011497497559,-0.17797880603496427,6.95,0.8967248179621378,2,-1.0866870944745504,0,-0.2088879996334169,11,11,11,1,5.35546688123096,0.022197784567789647,5.2941906071121485,5.298200516196661
831,provo:16:12,16,12,can,can,208.80392156862743,5.341395637291058,2.9982476234436035,-0.6851382375659324,6.46,0.5380560429670082,3,-0.6912821334247348,0,-0.2088879996334169,12,12,12,1,5.365231603774942,0.03247565032941502,5.308919986961643,5.30504687619482
832,provo:16:13,16,13,"treat,",treat,202.19402985074623,5.3092277801897705,10.233843803405762,0.8465656524371312,4.75,-0.7136247840568107,5,0.0995277886748964,0,-0.2088879996334169,13,14,14,2,5.283411557777496,-0.048092115608380226,5.357319895798151,5.361290753381848
833,provo:16:14,16,14,but,but,198.06666666666663,5.288603674360398,2.395353078842163,-0.8127650282628783,6.63,0.6624921485775632,3,-0.6912821334247348,0,-0.2088879996334169,15,15,15,1,5.316903222035405,-0.0159053600623702,5.304509034422768,5.300125723231264
834,provo:16:15,16,15,is,is,205.19148936170217,5.323943637591003,5.297642707824707,-0.19837912224188195,7.07,0.9845620689813532,2,-1.0866870944745504,0,-0.2088879996334169,16,16,16,1,5.366172890335759,0.03286664403570683,5.291076993555296,5.295473857809424
835,provo:16:16,16,16,appropriate,appropriate,217.3116883116883,5.381332674640889,12.144415855407717,1.251014791305165,4.67,-0.7721829514029543,11,2.4719575549737898,0,-0.2088879996334169,17,17,17,1,5.3391545032764425,0.009844289517427107,5.371488385123462,5.37955350383094
836,provo:16:17,16,17,for,for,155.60416666666666,5.047315389449175,0.9328262209892272,-1.1223674468736713,7.01,0.9406434434717452,3,-0.6912821334247348,0,-0.2088879996334169,18,18,18,1,5.08559235390434,-0.24733386871022667,5.294649258159402,5.288864789254317
837,provo:16:18,16,18,laboratory,laboratory,206.0625,5.32817952083195,11.1439847946167,1.039233466120499,4.31,-1.0356947044606006,10,2.0765525939239744,0,-0.2088879996334169,19,19,19,1,5.278925966579027,-0.050634247136390975,5.3788137679683405,5.382764510765138
838,provo:16:19,16,19,cultures,cultures,211.43421052631575,5.3539138887554225,6.903242111206055,0.14151033410401795,4.2,-1.1162121845615476,8,1.2857426718243432,0,-0.2088879996334169,20,20,20,1,5.306525948293693,-0.02372310932200783,5.37763699807743,5.371354539983396
839,provo:16:20,16,20,and,and,197.1578947368421,5.284004903837594,2.7413601875305176,-0.7395187578568041,7.41,1.2334342802024634,3,-0.6912821334247348,0,-0.2088879996334169,21,21,21,1,5.33278441227187,-0.00026564246563332006,5.284270546303227,5.2846092222538
840,provo:16:21,16,21,substances,substances,248.1428571428571,5.514004617185791,13.30351734161377,1.4963850705707262,3.93,-1.3138459993547822,10,2.0765525939239744,0,-0.2088879996334169,22,22,22,1,5.454773646152711,0.12533107295408374,5.3886735442317075,5.395607232573754
841,provo:16:22,16,22,contaminated,contaminated,262.3164556962025,5.569551621070466,8.95938491821289,0.5767753568558349,3.7,-1.482200730474945,12,2.8673625160236056,0,-0.2088879996334169,23,23,23,1,5.499527873863946,0.1708794018700992,5.398672219200367,5.394640532120109
842,provo:16:23,16,23,with,with,195.48936170212767,5.27550596209893,0.3960227370262146,-1.2360034160603381,6.85,0.8235271087794579,4,-0.2958771723749192,0,-0.2088879996334169,24,24,24,1,5.307205002269724,-0.02531023862862103,5.300816200727551,5.293032996067617
843,provo:16:24,16,24,infectious,infectious,223.13333333333333,5.407769500109117,6.029273986816406,-0.04350004272899471,3.81,-1.4016832503739978,10,2.0765525939239744,0,-0.2088879996334169,25,25,25,1,5.345387765882303,0.015982342320556953,5.39178715778856,5.381606990759646
844,provo:16:25,16,25,organisms.,organisms,242.25714285714287,5.48999973581459,5.170437812805176,-0.2253071358682403,3.8,-1.4090030212922657,9,1.6811476328741586,1,4.7854341734200965,26,27,27,2,5.420643894008166,0.08401506962923744,5.405984666185352,5.3956221578436505
845,provo:16:26,16,26,The,the,179.65217391304347,5.19102261431038,3.875051975250244,-0.49952745954143657,7.73,1.4676669495870378,3,-0.6912821334247348,0,-0.2088879996334169,28,28,28,1,5.248204157927947,-0.0849449625079064,5.275967576818286,5.280494137807491
846,provo:16:27,16,27,waste,waste,218.84722222222223,5.3883738709459905,8.093914031982422,0.39356376099663365,4.81,-0.6697061585472033,5,0.0995277886748964,0,-0.2088879996334169,29,29,29,1,5.364133030130583,0.032610781926265986,5.3557630890197245,5.355180407865162
847,provo:16:28,16,28,is,is,205.3684210526316,5.324805542016616,2.8947315216064453,-0.7070515688130554,7.07,0.9845620689813532,2,-1.0866870944745504,0,-0.2088879996334169,30,30,30,1,5.367034794761372,0.033728548461319896,5.291076993555296,5.290020680404787
848,provo:16:29,16,29,subjected,subjected,223.10256410256412,5.407631594436378,10.380263328552246,0.8775612125349094,3.86,-1.3650843957826582,9,1.6811476328741586,0,-0.2088879996334169,31,31,31,1,5.348939584899679,0.019157233455518785,5.388474360980859,5.388393676481795
849,provo:16:30,16,30,to,to,225.8717948717949,5.419967558980149,0.0548988841474056,-1.3082159496832464,7.43,1.2480738220389989,2,-1.0866870944745504,0,-0.2088879996334169,32,32,32,1,5.471649101306106,0.13823140609541085,5.281736152884738,5.276052075629026
850,provo:16:31,16,31,steam,steam,223.5921052631579,5.409823433247775,12.166534423828123,1.2556970726885095,4.52,-0.8819795151769738,5,0.0995277886748964,0,-0.2088879996334169,33,33,33,1,5.377968248047511,0.04653577813232257,5.363287655115452,5.3704837308260505
851,provo:16:32,16,32,in,in,191.66,5.255722968915616,6.93250036239624,0.14770401546047646,7.27,1.1309574873467116,2,-1.0866870944745504,0,-0.2088879996334169,34,34,34,1,5.303203493649928,-0.030164668711592846,5.285887637627209,5.295004080049713
852,provo:16:33,16,33,a,a,230.71428571428572,5.4411800866014435,2.1884543895721436,-0.8565634270830128,7.36,1.1968354256111238,1,-1.482092055524366,0,-0.2088879996334169,35,35,35,1,5.493400590423781,0.15964311696755384,5.28153696963389,5.280314465699338
853,provo:16:34,16,34,"sealed,",sealed,203.04545454545453,5.313429867993802,10.307207107543944,0.8620959357112481,4.12,-1.1747703519076913,6,0.49493274972471196,0,-0.2088879996334169,36,37,37,2,5.268695232121701,-0.062251956803503816,5.375681824797306,5.376666513381858
854,provo:16:35,16,35,pressurized,pressurized,250.0125,5.521510916612288,10.685432434082031,0.9421624830346641,3.03,-1.9726253819988977,11,2.4719575549737898,0,-0.2088879996334169,38,39,39,2,5.436272314933479,0.10746981287850765,5.414041103733781,5.410517914856768
855,provo:16:36,16,36,chamber.,chamber,222.83823529411765,5.406446105960056,5.012812614440918,-0.25867482575752054,4.47,-0.9185783697683134,7,0.8903377107745275,1,4.7854341734200965,40,41,41,2,5.359435838704096,0.021876697785155663,5.3845694081749,5.3771767011048395
856,provo:16:37,16,37,The,the,194.21428571428572,5.268962115017212,2.2006099224090576,-0.853990221438546,7.73,1.4676669495870378,3,-0.6912821334247348,0,-0.2088879996334169,42,42,42,1,5.326143658634779,-0.007005461801074198,5.275967576818286,5.276694151515739
857,provo:16:38,16,38,liquid,liquid,227.05263157894737,5.425181847782661,7.523397445678711,0.2727910626842697,4.39,-0.977136537114457,6,0.49493274972471196,0,-0.2088879996334169,43,43,43,1,5.387536429096461,0.056505653488272856,5.368676194294388,5.364706016366102
858,provo:16:39,16,39,that,that,213.3703703703704,5.363029483728054,6.213918209075928,-0.004412693674783332,7.01,0.9406434434717452,4,-0.2958771723749192,0,-0.2088879996334169,44,44,44,1,5.398929541490493,0.06636476774297329,5.296664715985081,5.302892209267904
859,provo:16:40,16,40,may,may,231.55172413793105,5.444803278970864,8.870180130004883,0.5578915886483865,5.98,0.1867070388901471,3,-0.6912821334247348,0,-0.2088879996334169,45,45,45,1,5.456036192679812,0.12342883778181069,5.321374441189053,5.32840450061372
860,provo:16:41,16,41,form,form,215.7924528301887,5.374317079229095,6.608192443847656,0.07905124821852948,5.31,-0.303717612633806,4,-0.2958771723749192,0,-0.2088879996334169,46,46,46,1,5.365581325080304,0.03354283785526846,5.340774241373826,5.33931639082837
861,provo:16:42,16,42,is,is,200.0810810810811,5.298722689798874,2.473130702972412,-0.796300277263449,7.07,0.9845620689813532,2,-1.0866870944745504,0,-0.2088879996334169,47,47,47,1,5.340951942543629,0.007645696243577582,5.291076993555296,5.289063897619331
862,provo:16:43,16,43,drained,drained,240.7611940298507,5.483805546086821,8.933721542358398,0.5713426749248289,3.69,-1.4895205013932131,7,0.8903377107745275,0,-0.2088879996334169,48,48,48,1,5.425403768744449,0.0949511482184473,5.388854397868374,5.384578857039004
863,provo:16:44,16,44,off,off,213.4102564102564,5.363216399616449,4.201697826385498,-0.4303797751774583,5.93,0.15010818429880682,3,-0.6912821334247348,0,-0.2088879996334169,49,49,49,1,5.3731364953280085,0.0405446194453738,5.322671780171075,5.318854808731737
864,provo:16:45,16,45,to,to,214.9090909090909,5.370215105727619,4.548257350921631,-0.3570165638197478,7.43,1.2480738220389989,2,-1.0866870944745504,0,-0.2088879996334169,50,50,50,1,5.4218966480535755,0.08847895284288043,5.281736152884738,5.286249323451785
865,provo:16:46,16,46,the,the,204.82926829268297,5.322176794539831,2.385784864425659,-0.8147905242797413,7.73,1.4676669495870378,3,-0.6912821334247348,0,-0.2088879996334169,51,51,51,1,5.379358338157398,0.04620921772154496,5.275967576818286,5.277114388358241
866,provo:16:47,16,47,sewer,sewer,219.84722222222223,5.392932860669683,9.97670841217041,0.7921326424657666,3.64,-1.5261193559845527,5,0.0995277886748964,0,-0.2088879996334169,52,52,52,1,5.337972078715371,0.006812039470645459,5.386120821199038,5.383905826450123
867,provo:16:48,16,48,or,or,162.45454545454547,5.090398242361058,4.640950679779053,-0.33739430618444277,6.54,0.5966142103131519,2,-1.0866870944745504,0,-0.2088879996334169,53,53,53,1,5.118711624333488,-0.2144305444036707,5.304828786764729,5.305060375238861
868,provo:16:49,16,49,sent,sent,245.46875,5.503169647889995,9.121119499206545,0.6110129622575907,5.16,-0.4135141764078248,4,-0.2958771723749192,0,-0.2088879996334169,54,54,54,1,5.490495439749036,0.1585033895701029,5.344666258319892,5.3481541870196105
869,provo:16:50,16,50,for,for,194.43478260869568,5.270096798905786,4.339927673339844,-0.40111788866134174,7.01,0.9406434434717452,3,-0.6912821334247348,0,-0.2088879996334169,55,55,55,1,5.30837376336095,-0.024552459253616377,5.294649258159402,5.296596880545009
870,provo:16:51,16,51,processing.,processing,204.59722222222223,5.321043276798883,5.239295482635498,-0.21073065065369329,4.46,-0.9258981406865813,10,2.0765525939239744,1,4.7854341734200965,56,57,57,2,5.266639725865271,-0.0698319726494594,5.390875249448342,5.384027137523846
872,provo:17:3,17,3,more,more,202.95890410958904,5.313003515737569,9.45685863494873,0.6820856047119491,6.36,0.464858333784329,4,-0.2958771723749192,0,-0.2088879996334169,1,1,1,1,5.331836939533949,-0.0004942225506523457,5.313497738288222,5.324525939592001
873,provo:17:4,17,4,flexible,flexible,174.3913043478261,5.161301649840903,10.027251243591309,0.8028320581840667,4.13,-1.1674505809894236,8,1.2857426718243432,0,-0.2088879996334169,2,2,2,1,5.112075764182829,-0.22256125078424116,5.383862900625144,5.384698961924954
874,provo:17:5,17,5,than,than,204.70149253731344,5.321552783980738,2.2821242809295654,-0.8367344408599207,6.13,0.2965036026641659,4,-0.2958771723749192,0,-0.2088879996334169,3,3,3,1,5.334347244989128,0.001909666510369945,5.319643117470368,5.3120341294432585
875,provo:17:6,17,6,humans,humans,196.91044776119404,5.28274904549281,10.768264770507812,0.9596972664534473,4.61,-0.8161015769125618,6,0.49493274972471196,0,-0.2088879996334169,4,4,4,1,5.250880025995122,-0.0828978643145808,5.365646909807391,5.370844521377612
876,provo:17:7,17,7,because,because,215.3846153846154,5.372425338701759,5.818995952606201,-0.08801381532923024,6.03,0.2233058934814867,7,0.8903377107745275,0,-0.2088879996334169,5,5,5,1,5.375463443637196,0.04202403975663582,5.330401298945123,5.330722472961855
877,provo:17:8,17,8,a,a,187.30769230769232,5.232752678055154,7.4219183921813965,0.2513089543507338,7.36,1.1968354256111238,1,-1.482092055524366,0,-0.2088879996334169,6,6,6,1,5.284973181877492,-0.045939742828172925,5.278692420883327,5.290028619116945
878,provo:17:9,17,9,bird's,bird's,201.84415584415584,5.307495893915504,12.337151527404783,1.2918150199522267,3.23,-1.8262299636335386,6,0.49493274972471196,0,-0.2088879996334169,7,8,8,2,5.239393097689876,-0.09502329098476725,5.402519184900271,5.404510635461126
879,provo:17:10,17,10,head,head,225.8,5.419649651715562,4.348425388336182,-0.3993190067458371,5.51,-0.1573221942684469,4,-0.2958771723749192,0,-0.2088879996334169,9,9,9,1,5.4161651695563275,0.08344072949332126,5.336208922222241,5.33047379144753
880,provo:17:11,17,11,is,is,224.2941176470588,5.412958215801347,1.46554434299469,-1.009596308261682,7.07,0.9845620689813532,2,-1.0866870944745504,0,-0.2088879996334169,10,10,10,1,5.455187468546103,0.12382184751302461,5.289136368288323,5.2844389298685135
881,provo:17:12,17,12,only,only,206.11666666666667,5.328442351519956,6.534843921661377,0.06352409413690305,6.12,0.2891838317458981,4,-0.2958771723749192,0,-0.2088879996334169,11,11,11,1,5.340974248928869,0.008532043650364862,5.319910307869591,5.322603291984582
882,provo:17:13,17,13,connected,connected,228.16455696202533,5.430067109686129,10.764984130859377,0.9590027876038505,4.68,-0.7648631804846866,9,1.6811476328741586,0,-0.2088879996334169,12,12,12,1,5.392905315306611,0.05820425519078576,5.371862854495343,5.377237888610978
883,provo:17:14,17,14,by,by,193.5,5.2652775124698366,3.623119354248047,-0.5528590946976913,6.66,0.6844514613323672,2,-1.0866870944745504,0,-0.2088879996334169,13,13,13,1,5.296741657636002,-0.03481366218665993,5.3000911746564965,5.29855888697
884,provo:17:15,17,15,one,one,217.17543859649123,5.38070549969726,4.597259521484375,-0.3466432907123559,6.47,0.545375813885276,3,-0.6912821334247348,0,-0.2088879996334169,14,14,14,1,5.404804029780622,0.07284228162800677,5.3078632180692535,5.307678129363958
885,provo:17:16,17,16,socket,socket,244.225,5.498089931539006,8.445487976074219,0.46798847520061804,3.52,-1.6139566070037683,6,0.49493274972471196,0,-0.2088879996334169,15,15,15,1,5.437601479698236,0.10331926821622428,5.394770663322782,5.388764561823065
886,provo:17:17,17,17,pivot.,pivot,202.69117647058823,5.311683522518332,23.383485794067383,3.630214337119445,3.5,-1.628596148840304,5,0.0995277886748964,1,4.7854341734200965,16,17,17,2,5.2439583994984735,-0.09126022873799133,5.402943751256323,5.435370916084221
887,provo:17:18,17,18,People,people,214.5,5.368309738368072,9.984345436096191,0.7937493246249452,6.25,0.38434085368338133,6,0.49493274972471196,0,-0.2088879996334169,18,18,18,1,5.379501149184747,0.04648205403337702,5.3218276843346946,5.333466034228925
888,provo:17:19,17,19,have,have,171.04225352112675,5.141910622594096,3.741399049758911,-0.5278204572148412,6.71,0.7210503159237068,4,-0.2958771723749192,0,-0.2088879996334169,19,19,19,1,5.169933772372199,-0.16223545172129406,5.30414607431539,5.303042304158113
889,provo:17:20,17,20,"two,",two,174.0,5.159055299214529,14.952308654785156,1.845417825491701,6.1,0.27454428990936186,3,-0.6912821334247348,0,-0.2088879996334169,20,21,21,2,5.173438976117211,-0.1586939636260043,5.317749262840533,5.340889010080823
890,provo:17:21,17,21,which,which,209.1290322580645,5.342951440689849,5.309383392333984,-0.19589373587054734,6.3,0.42093970827472094,5,0.0995277886748964,0,-0.2088879996334169,22,22,22,1,5.357832576196637,0.025155134178779903,5.317796306511069,5.318365393805283
891,provo:17:22,17,22,limits,limits,209.3918918918919,5.344207577017679,11.049317359924316,1.0191933098751167,4.47,-0.9185783697683134,6,0.49493274972471196,0,-0.2088879996334169,23,23,23,1,5.308662667127301,-0.025179998378844992,5.369387575396524,5.37455665541358
892,provo:17:23,17,23,our,our,214.3235294117647,5.367486693054121,6.629200458526611,0.08349843639828293,6.14,0.30382337358243366,3,-0.6912821334247348,0,-0.2088879996334169,24,24,24,1,5.382920624354715,0.05080619181048274,5.3166805012436384,5.319761992167536
893,provo:17:24,17,24,ability,ability,197.82666666666665,5.287391226414483,0.8028367757797241,-1.1498849221355063,4.96,-0.5599095947731839,7,0.8903377107745275,0,-0.2088879996334169,25,25,25,1,5.262335026205793,-0.07159944524758277,5.358990671662066,5.341653142642639
894,provo:17:25,17,25,to,to,180.7,5.196838197598183,0.0123967537656426,-1.3172132288044127,7.43,1.2480738220389989,2,-1.0866870944745504,0,-0.2088879996334169,26,26,26,1,5.24851973992414,-0.08267931631808434,5.279517513916267,5.273115246514145
895,provo:17:26,17,26,"twist,",twist,213.0810810810811,5.361672755628386,15.845378875732422,2.0344719265565256,4.22,-1.101572642725012,5,0.0995277886748964,0,-0.2088879996334169,27,28,28,2,5.3219406624437875,-0.011699153921226113,5.373371909549612,5.389000843425939
896,provo:17:27,17,27,Forsman,forsman,240.47368421052633,5.482610662396831,30.834327697753903,5.207483610283078,1.56,-3.048631706984286,7,0.8903377107745275,0,-0.2088879996334169,29,30,30,2,5.368282838365682,0.032775254998686165,5.449835407398145,5.48829781184906
897,provo:17:28,17,28,added.,added,204.9558823529412,5.322794747943403,7.393442630767822,0.24528091831290746,5.16,-0.4135141764078248,5,0.0995277886748964,1,4.7854341734200965,31,32,32,2,5.298655182436863,-0.0357953970417757,5.358590144985179,5.36054186169713
898,provo:17:29,17,29,Owls,owls,211.52,5.354319556663322,14.96210479736328,1.8474915716379394,3.41,-1.6944740871047155,4,-0.2958771723749192,0,-0.2088879996334169,33,34,34,2,5.295696718613745,-0.037999349395908766,5.392318906059231,5.401730918154516
899,provo:17:30,17,30,also,also,231.66666666666663,5.445299556896682,4.435060501098633,-0.380979213323342,6.19,0.34042222817377393,4,-0.2958771723749192,0,-0.2088879996334169,35,35,35,1,5.459669399501939,0.1272595818216571,5.318039975075025,5.315977581438965
900,provo:17:31,17,31,have,have,204.35384615384615,5.319853031236867,1.2798768281936646,-1.0489002781896195,6.71,0.7210503159237068,4,-0.2958771723749192,0,-0.2088879996334169,36,36,36,1,5.34787618101497,0.015706956921476944,5.30414607431539,5.297049939308557
901,provo:17:32,17,32,multiple,multiple,174.60294117647058,5.162514488489686,6.787174224853516,0.1169399146653329,4.92,-0.5891886784462557,8,1.2857426718243432,0,-0.2088879996334169,37,37,37,1,5.13403112719036,-0.2002403705967808,5.362754859086467,5.359725064138183
902,provo:17:33,17,33,"vertebrae,",vertebrae,221.96385542168676,5.402514555200911,9.559366226196287,0.7037854442778366,3.21,-1.8408695054700746,9,1.6811476328741586,0,-0.2088879996334169,38,41,41,4,5.326755911698153,-0.008625287980325247,5.411139843181236,5.406096238950892
903,provo:17:34,17,34,the,the,201.30434782608697,5.30481793115113,6.662595748901367,0.09056788788542534,7.73,1.4676669495870378,3,-0.6912821334247348,0,-0.2088879996334169,42,42,42,1,5.361999474768697,0.03062070338406997,5.27419722776706,5.285454592984531
904,provo:17:35,17,35,small,small,232.95945945945945,5.450864444690809,7.99768590927124,0.37319322258922627,5.51,-0.1573221942684469,5,0.0995277886748964,0,-0.2088879996334169,43,43,43,1,5.445003055838849,0.1119600966410621,5.338904348049747,5.341996043864895
905,provo:17:36,17,36,bones,bones,206.03030303030303,5.32802326005998,2.932602643966675,-0.6990346281221711,4.32,-1.0283749335423322,5,0.0995277886748964,0,-0.2088879996334169,44,44,44,1,5.290916802870159,-0.04267674549739464,5.370700005557374,5.35540298541617
906,provo:17:37,17,37,that,that,211.6046511627907,5.354719680663129,1.4104193449020386,-1.0212657231813198,7.01,0.9406434434717452,4,-0.2958771723749192,0,-0.2088879996334169,45,45,45,1,5.390619738425568,0.05858931832445169,5.296130362338677,5.290879300450093
907,provo:17:38,17,38,make,make,200.58490566037736,5.301237626736484,4.270232677459717,-0.4158716274892452,6.08,0.2599047480728263,4,-0.2958771723749192,0,-0.2088879996334169,46,46,46,1,5.312719269747485,-0.019741442730002667,5.320979069466486,5.317955414487161
908,provo:17:39,17,39,up,up,203.71428571428572,5.316718451918928,0.4696160852909088,-1.2204244347280808,6.39,0.48681764653913234,2,-1.0866870944745504,0,-0.2088879996334169,47,47,47,1,5.341093379899191,0.009413136483390261,5.307305315435538,5.296721543659278
909,provo:17:40,17,40,the,the,191.74285714285713,5.256155188668825,1.401827335357666,-1.0230845663166657,7.73,1.4676669495870378,3,-0.6912821334247348,0,-0.2088879996334169,48,48,48,1,5.313336732286392,-0.018042039098235207,5.27419722776706,5.272647703228756
910,provo:17:41,17,41,neck,neck,206.6296296296296,5.3309279618411995,5.075882434844971,-0.2453235708157077,4.63,-0.8014620350760262,4,-0.2958771723749192,0,-0.2088879996334169,49,49,49,1,5.304337882927917,-0.02879371551273202,5.359721677353932,5.351277461318426
911,provo:17:42,17,42,and,and,191.86666666666667,5.256800686345103,1.817461013793945,-0.9350990422156702,7.41,1.2334342802024634,3,-0.6912821334247348,0,-0.2088879996334169,50,50,50,1,5.305580194779379,-0.02594663419711729,5.28274732054222,5.28058052344507
912,provo:17:43,17,43,"spine,",spine,207.8360655737705,5.3367496226708,6.1031060218811035,-0.0278705337704073,3.93,-1.3138459993547822,5,0.0995277886748964,0,-0.2088879996334169,51,52,52,2,5.289403185101345,-0.044370808456300814,5.381120431127101,5.37155626757088
913,provo:17:44,17,44,helping,helping,219.29577464788733,5.390421387786729,10.37069034576416,0.8755347071011138,4.78,-0.6916654713020067,7,0.8903377107745275,0,-0.2088879996334169,53,53,53,1,5.360639042787438,0.026621288938635246,5.363800098848094,5.368838322068662
914,provo:17:45,17,45,them,them,207.94117647058823,5.3372552342744575,1.4734874963760376,-1.0079148215354334,6.19,0.34042222817377393,4,-0.2958771723749192,0,-0.2088879996334169,54,54,54,1,5.3516250768797144,0.019215259199432566,5.318039975075025,5.308767885821588
915,provo:17:46,17,46,achieve,achieve,212.10294117647055,5.357071728407403,9.341195106506348,0.6576007838291447,4.57,-0.8453806605856335,7,0.8903377107745275,0,-0.2088879996334169,55,55,55,1,5.321775547819079,-0.012339368824389574,5.369411097231793,5.370874007553638
916,provo:17:47,17,47,a,a,192.58333333333337,5.26052896048638,3.283952236175537,-0.6246574069848634,7.36,1.1968354256111238,1,-1.482092055524366,0,-0.2088879996334169,56,56,56,1,5.312749464308718,-0.018163460396946718,5.278692420883327,5.2799550952118315
917,provo:17:48,17,48,wide,wide,234.33928571428572,5.456770004161138,6.79504919052124,0.11860696672944594,4.96,-0.5599095947731839,4,-0.2958771723749192,0,-0.2088879996334169,57,57,57,1,5.438844524030623,0.10586560998159023,5.3509043941795476,5.348325348652149
918,provo:17:49,17,49,range,range,201.125,5.303926605312547,0.4253945350646972,-1.2297856979631732,5.12,-0.4427932600808966,5,0.0995277886748964,0,-0.2088879996334169,58,58,58,1,5.287825236080953,-0.04539816830692622,5.349324773619474,5.331996913055535
919,provo:17:50,17,50,of,of,191.625,5.255540337191978,0.062727190554142,-1.30655877492154,7.4,1.2261145092841956,2,-1.0866870944745504,0,-0.2088879996334169,59,59,59,1,5.306434188719502,-0.024778747921959443,5.280319085113938,5.273886614990784
920,provo:17:51,17,51,motion.,motion,230.34615384615384,5.439583194242981,3.680817127227783,-0.540645048872094,4.59,-0.830741118749098,6,0.49493274972471196,1,4.7854341734200965,60,61,61,2,5.398100596873481,0.06306777067454128,5.376515423568439,5.366470257148614
922,provo:18:3,18,3,the,the,243.625,5.4956301578277245,5.385766506195068,-0.1797241888530435,7.73,1.4676669495870378,3,-0.6912821334247348,0,-0.2088879996334169,1,1,1,1,5.552811701445291,0.2199061636752324,5.275723994152492,5.285710608320524
923,provo:18:4,18,4,same,same,205.3661971830986,5.32479471327497,6.359106540679932,0.026322234971009415,5.8,0.054951162361323594,4,-0.2958771723749192,0,-0.2088879996334169,2,2,2,1,5.328924575500592,-0.004505444124811575,5.329300157399781,5.330149873098138
924,provo:18:5,18,5,"animal,",animal,200.01351351351352,5.298384931833019,15.589685440063477,1.9803441642655653,4.81,-0.6697061585472033,6,0.49493274972471196,0,-0.2088879996334169,3,4,4,2,5.2717671843248874,-0.06055116055041587,5.358936092383435,5.379992805933069
925,provo:18:6,18,6,not,not,215.02083333333337,5.370734922658042,7.684470176696777,0.3068885610157866,6.69,0.7064107740871713,3,-0.6912821334247348,0,-0.2088879996334169,5,5,5,1,5.400609851929916,0.0669213650312086,5.3038135576268335,5.313940361924047
926,provo:18:7,18,7,all,all,198.72131147540983,5.291903398337919,7.735630989074707,0.3177187971685457,6.52,0.5819746684766156,3,-0.6912821334247348,0,-0.2088879996334169,6,6,6,1,5.31731474641867,-0.01650172254914395,5.308405120887063,5.317629060770115
927,provo:18:8,18,8,bites,bites,184.37142857142857,5.216952356446426,12.34164333343506,1.2927658907026933,3.79,-1.4163227922105337,5,0.0995277886748964,0,-0.2088879996334169,7,7,7,1,5.165930028484281,-0.16808469985251584,5.385037056298942,5.390543372035692
928,provo:18:9,18,9,are,are,200.17391304347825,5.299186553912624,1.7424839735031128,-0.9509709374151872,6.74,0.743009628678511,3,-0.6912821334247348,0,-0.2088879996334169,8,8,8,1,5.3303743011818865,-0.003276543931789888,5.302463097844414,5.295950857051919
929,provo:18:10,18,10,the,the,209.23076923076923,5.3434378018285065,3.7145400047302246,-0.5335062504416851,7.73,1.4676669495870378,3,-0.6912821334247348,0,-0.2088879996334169,9,9,9,1,5.400619345446073,0.06771380767601443,5.275723994152492,5.280943998605871
930,provo:18:11,18,11,same.,same,194.0,5.267858159063328,0.8464329838752747,-1.1406560376222628,5.8,0.054951162361323594,4,-0.2958771723749192,1,4.7854341734200965,10,11,11,2,5.262899570616094,-0.06965446789221819,5.337512626955546,5.325788416002708
931,provo:18:12,18,12,A,a,164.5,5.1029105702054265,5.624024391174316,-0.1292873595759672,7.36,1.1968354256111238,1,-1.482092055524366,0,-0.2088879996334169,12,12,12,1,5.155131074027764,-0.17990999504524297,5.2828205652506695,5.291216576702263
932,provo:18:13,18,13,new,new,248.28571428571428,5.514580156770024,8.549405097961426,0.48998669841176884,6.25,0.38434085368338133,3,-0.6912821334247348,0,-0.2088879996334169,13,13,13,1,5.532902287664874,0.19888255305789215,5.315697603712132,5.325576844905657
933,provo:18:14,18,14,study,study,212.69565217391303,5.3598622808779135,1.4292927980422974,-1.0172704004914241,5.26,-0.3403164672251456,5,0.0995277886748964,0,-0.2088879996334169,14,14,14,1,5.347436802039009,0.014528742182126742,5.345333538695787,5.328784947905387
934,provo:18:15,18,15,finds,finds,226.33333333333337,5.422008838890586,4.680956840515137,-0.3289253990620074,4.61,-0.8161015769125618,5,0.0995277886748964,0,-0.2088879996334169,15,15,15,1,5.392516726085622,0.059119323023336,5.36288951586725,5.351605145569141
935,provo:18:16,18,16,that,that,188.0,5.236441962829949,0.3583680093288421,-1.243974548149052,7.01,0.9406434434717452,4,-0.2958771723749192,0,-0.2088879996334169,16,16,16,1,5.272342020592388,-0.06017706783526133,5.296619030665211,5.2878185342497455
936,provo:18:17,18,17,because,because,221.32432432432432,5.399629156625964,10.571295738220217,0.9180008774536639,6.03,0.2233058934814867,7,0.8903377107745275,0,-0.2088879996334169,17,17,17,1,5.402667261561401,0.07219586728771699,5.327433289338247,5.341697055893169
937,provo:18:18,18,18,the,the,191.12121212121212,5.252907845197171,3.682933568954468,-0.5401970191665797,7.73,1.4676669495870378,3,-0.6912821334247348,0,-0.2088879996334169,18,18,18,1,5.310089388814738,-0.022816148955320692,5.275723994152492,5.280853851912001
938,provo:18:19,18,19,force,force,210.28169014084503,5.348448013491921,11.343635559082031,1.0814975512031513,5.23,-0.362275779979949,5,0.0995277886748964,0,-0.2088879996334169,19,19,19,1,5.3352348438545825,0.0023041989266818774,5.346143814565239,5.357687461930188
939,provo:18:20,18,20,in,in,180.79166666666663,5.197345355450405,6.371604919433594,0.02896801769292688,7.27,1.1309574873467116,2,-1.0866870944745504,0,-0.2088879996334169,20,20,20,1,5.244825880184718,-0.08935445305448741,5.286699808504893,5.296666556314523
940,provo:18:21,18,21,a,a,177.2258064516129,5.177424662170073,1.9798617362976072,-0.9007204212684371,7.36,1.1968354256111238,1,-1.482092055524366,0,-0.2088879996334169,21,21,21,1,5.229645165992411,-0.10539590308059665,5.2828205652506695,5.280822832289231
941,provo:18:22,18,22,muscle,muscle,225.95774647887325,5.420348019309761,10.03288459777832,0.804024583348186,4.44,-0.9405376825231168,6,0.49493274972471196,0,-0.2088879996334169,22,22,22,1,5.384015418620949,0.051418524536415156,5.3689294947733455,5.371854662657508
942,provo:18:23,18,23,depends,depends,186.1052631578947,5.226312444591094,7.776040077209473,0.3262730000217819,4.53,-0.8746597442587054,7,0.8903377107745275,0,-0.2088879996334169,23,23,23,1,5.189966009604858,-0.1416346382197613,5.367947082810855,5.364984354819302
943,provo:18:24,18,24,on,on,174.46428571428572,5.1617200543016795,0.3493784070014953,-1.2458775577300054,6.91,0.8674457342890659,2,-1.0866870944745504,0,-0.2088879996334169,24,24,24,1,5.1997482894547895,-0.13470306463663917,5.296423118938319,5.286992544534883
944,provo:18:25,18,25,how,how,219.30434782608697,5.39046048115566,3.571983337402344,-0.5636840818824012,6.24,0.37702108276511354,3,-0.6912821334247348,0,-0.2088879996334169,25,25,25,1,5.408520048451032,0.07449278548704363,5.315967695668617,5.311588827559531
945,provo:18:26,18,26,much,much,208.8679245283019,5.341702112150561,2.1861696243286133,-0.8570470892062461,6.0,0.20134658072668266,4,-0.2958771723749192,0,-0.2088879996334169,26,26,26,1,5.351083246365739,0.017803793880460717,5.3238983182701,5.314080002173528
946,provo:18:27,18,27,it,it,225.96875,5.420396715375225,3.977600574493408,-0.4778189389899288,6.95,0.8967248179621378,2,-1.0866870944745504,0,-0.2088879996334169,27,27,27,1,5.459475204926247,0.1250539642628432,5.295342751112382,5.296507228817658
947,provo:18:28,18,28,is,is,205.8095238095238,5.326951099343408,3.5286705493927,-0.5728529691767162,7.07,0.9845620689813532,2,-1.0866870944745504,0,-0.2088879996334169,28,28,28,1,5.369180352088164,0.03484945170883513,5.292101647634573,5.292726021587259
948,provo:18:29,18,29,"stretched,",stretched,220.7027027027027,5.396816559235297,5.787749290466309,-0.09462842354656378,3.88,-1.3504448539461222,9,1.6811476328741586,0,-0.2088879996334169,29,30,30,2,5.338649676897552,0.008416667961244961,5.388399891274052,5.3757436873999085
949,provo:18:30,18,30,an,an,187.8823529411765,5.235815984718742,6.940952777862549,0.1494933079151218,6.53,0.589294439394884,2,-1.0866870944745504,0,-0.2088879996334169,31,31,31,1,5.263866803091695,-0.07087062856597104,5.306686613284713,5.313711941445039
950,provo:18:31,18,31,animal's,animal's,211.5,5.354224998486333,3.5924108028411865,-0.5593597902141862,2.93,-2.045823091181577,8,1.2857426718243432,0,-0.2088879996334169,32,33,33,2,5.273491480890921,-0.0583852130078375,5.4126102114941705,5.387837943668201
951,provo:18:32,18,32,bite,bite,201.83636363636364,5.307457288100176,3.95307731628418,-0.483010269332361,4.31,-1.0356947044606006,4,-0.2958771723749192,0,-0.2088879996334169,34,34,34,1,5.272465174003603,-0.06208657081572966,5.369543858915906,5.35433891029053
952,provo:18:33,18,33,force,force,222.75438596491227,5.406069756235241,4.4275336265563965,-0.3825725779513786,5.23,-0.362275779979949,5,0.0995277886748964,0,-0.2088879996334169,35,35,35,1,5.392856586597903,0.0599259416700022,5.346143814565239,5.3379616146975035
953,provo:18:34,18,34,depends,depends,216.78666666666663,5.378913767059244,4.9569830894470215,-0.27049338202894335,4.53,-0.8746597442587054,7,0.8903377107745275,0,-0.2088879996334169,36,36,36,1,5.342567332073009,0.010966684248389313,5.367947082810855,5.3569439459266395
954,provo:18:35,18,35,on,on,201.8695652173913,5.307621772090772,0.5393519401550293,-1.2056620464588366,6.91,0.8674457342890659,2,-1.0866870944745504,0,-0.2088879996334169,37,37,37,1,5.345650007243882,0.011198653152453275,5.296423118938319,5.287534379940116
955,provo:18:36,18,36,the,the,184.23529411764707,5.2162137130544775,2.7858448028564453,-0.730101806351314,7.73,1.4676669495870378,3,-0.6912821334247348,0,-0.2088879996334169,38,38,38,1,5.273395256672044,-0.059510281098014595,5.275723994152492,5.278295208889262
956,provo:18:37,18,37,size,size,201.19642857142856,5.304281687429016,3.2606348991394043,-0.6295934557850528,5.13,-0.4354734891626288,4,-0.2958771723749192,0,-0.2088879996334169,39,39,39,1,5.290819788489625,-0.04311463105519664,5.347396318484213,5.335275248927244
957,provo:18:38,18,38,of,of,177.63636363636363,5.179738559804357,0.4315389096736908,-1.228484994848163,7.4,1.2261145092841956,2,-1.0866870944745504,0,-0.2088879996334169,40,40,40,1,5.2306324113318805,-0.10345005326624257,5.2831886130706,5.277015337609485
958,provo:18:39,18,39,what,what,189.5,5.244389024522481,9.582743644714355,0.7087342117313765,6.38,0.4794978756208646,4,-0.2958771723749192,0,-0.2088879996334169,41,41,41,1,5.263747575517817,-0.06924579940122477,5.313634823923706,5.3272570788731946
959,provo:18:40,18,40,it,it,166.61764705882354,5.1157016488459455,0.9227537512779236,-1.124499688731152,6.95,0.8967248179621378,2,-1.0866870944745504,0,-0.2088879996334169,42,42,42,1,5.154780138396967,-0.17964110226643637,5.295342751112382,5.28779430897612
960,provo:18:41,18,41,is,is,258.2307692307692,5.553853639518498,1.2508776187896729,-1.0550391229712168,7.07,0.9845620689813532,2,-1.0866870944745504,0,-0.2088879996334169,43,43,43,1,5.5960828922632535,0.2617519918839246,5.292101647634573,5.286229385792252
961,provo:18:42,18,42,biting.,biting,203.57333333333332,5.31602630032881,7.883849620819092,0.34909521027497653,3.77,-1.4309623340470696,6,0.49493274972471196,1,4.7854341734200965,44,45,45,2,5.253013487802128,-0.07921182508473201,5.395238125413542,5.391049570447078
962,provo:18:43,18,43,The,the,163.35714285714286,5.095938864407523,3.8535876274108887,-0.5040712489216355,7.73,1.4676669495870378,3,-0.6912821334247348,0,-0.2088879996334169,46,46,46,1,5.15312040802509,-0.1797851297449693,5.275723994152492,5.281340585034154
963,provo:18:44,18,44,finding,finding,224.0,5.41164605185504,8.994556427001953,0.5842208161503538,4.85,-0.6404270748741315,7,0.8903377107745275,0,-0.2088879996334169,47,47,47,1,5.383701652052095,0.05234191165167523,5.359304140203365,5.3617909994259545
964,provo:18:45,18,45,has,has,195.09756097560975,5.273499746144514,4.70834493637085,-0.32312761102649656,6.37,0.4721781047025968,3,-0.6912821334247348,0,-0.2088879996334169,48,48,48,1,5.294972640233098,-0.03895675408980903,5.312456500234323,5.312120730983803
965,provo:18:46,18,46,direct,direct,226.68421052631575,5.42355790588767,9.519911766052246,0.6954333266944981,4.91,-0.5965084493645235,6,0.49493274972471196,0,-0.2088879996334169,49,49,49,1,5.399565794374317,0.06732273306907555,5.356235172818595,5.360596836331113
966,provo:18:47,18,47,implications,implications,217.3125,5.38133640976808,0.4586403965950012,-1.2227478790791546,4.1,-1.1894098937442275,12,2.8673625160236056,0,-0.2088879996334169,50,50,50,1,5.321815206540673,-0.005466705400920979,5.386803115169001,5.360285935491381
967,provo:18:48,18,48,for,for,199.0,5.293304824724492,0.1821328997611999,-1.2812817715161369,7.01,0.9406434434717452,3,-0.6912821334247348,0,-0.2088879996334169,51,51,51,1,5.331581789179657,-0.001865790294852232,5.2951706150193445,5.285873714023194
968,provo:18:49,18,49,ecology,ecology,248.26315789473685,5.514489304117821,13.414448738098145,1.5198681460896641,3.74,-1.4529216468018733,7,0.8903377107745275,0,-0.2088879996334169,52,52,52,1,5.457400344772837,0.12520495674472532,5.389284347373096,5.397529519646059
969,provo:18:50,18,50,and,and,219.70833333333337,5.3923009091825245,1.8628275394439695,-0.9254953990485042,7.41,1.2334342802024634,3,-0.6912821334247348,0,-0.2088879996334169,53,53,53,1,5.441080417616801,0.10793397242254255,5.284366936759982,5.282331375723532
971,provo:19:3,19,3,heaviest,heaviest,219.4567901234568,5.391155357206973,17.020511627197266,2.283235865549334,3.35,-1.7383927126143233,8,1.2857426718243432,0,-0.2088879996334169,1,1,1,1,5.321449510789629,-0.010110992114866768,5.40126634932184,5.417384320238337
972,provo:19:4,19,4,isotopes,isotopes,251.75,5.528436531598672,16.489219665527344,2.1707666309241596,3.12,-1.906747443734486,8,1.2857426718243432,0,-0.2088879996334169,2,3,3,2,5.452691722393338,0.12095806727769887,5.407478464320973,5.420662161971718
973,provo:19:5,19,5,physicists,physicists,259.87654320987656,5.560206684438088,17.86810302734375,2.4626625516782306,3.3,-1.774991567205663,10,2.0765525939239744,0,-0.2088879996334169,4,4,4,1,5.484434206637905,0.15469304404209527,5.405513640395993,5.423728120889233
974,provo:19:6,19,6,have,have,192.8409090909091,5.261865543750066,1.1532286405563354,-1.0757104423891022,6.71,0.7210503159237068,4,-0.2958771723749192,0,-0.2088879996334169,5,5,5,1,5.2898886935281695,-0.04285624560966639,5.304721789359732,5.296337570523073
975,provo:19:7,19,7,managed,managed,235.5675675675676,5.461997783420286,9.18704605102539,0.6249689588836963,4.76,-0.706305013138543,7,0.8903377107745275,0,-0.2088879996334169,6,6,6,1,5.43169031122204,0.10026281560856454,5.361734967811722,5.364215600485347
976,provo:19:8,19,8,to,to,203.46153846153845,5.315476986830863,0.2121932655572891,-1.2749182904594831,7.43,1.2480738220389989,2,-1.0866870944745504,0,-0.2088879996334169,7,7,7,1,5.36715852915682,0.033098649629715204,5.2823783372011475,5.27576453171674
977,provo:19:9,19,9,synthesize,synthesize,237.57894736842104,5.47049997821104,7.934518337249756,0.35982127460029606,2.94,-2.038503320263309,10,2.0765525939239744,0,-0.2088879996334169,8,9,9,2,5.385275210829656,0.05526302738162148,5.415236950829419,5.4028982796210165
978,provo:19:10,19,10,so,so,204.16666666666663,5.3189366537507725,4.412829875946045,-0.38568521600460237,6.52,0.5819746684766156,2,-1.0866870944745504,0,-0.2088879996334169,10,10,10,1,5.346724908524248,0.011979948509575955,5.306956705241197,5.306709722686634
979,provo:19:11,19,11,far,far,225.68421052631575,5.419136723584198,0.0052003148011863,-1.3187366435005718,5.5,-0.1646419651867147,3,-0.6912821334247348,0,-0.2088879996334169,11,11,11,1,5.417766584518211,0.08318222313576129,5.3359545004484366,5.316837294904627
980,provo:19:12,19,12,don't,don't,192.3582089552239,5.2593593054658445,10.258657455444336,0.851818456270756,6.2,0.34774199909204173,5,0.0995277886748964,0,-0.2088879996334169,12,13,13,2,5.271614804977855,-0.060585589320441,5.3199448947862855,5.334378242708332
981,provo:19:13,19,13,behave,behave,196.53623188405797,5.280846800490686,9.98758316040039,0.7944347187221494,4.0,-1.2626076029269067,6,0.49493274972471196,0,-0.2088879996334169,14,14,14,1,5.23296140142485,-0.09996674036795827,5.380813540858644,5.3808950035447145
982,provo:19:14,19,14,quite,quite,225.6,5.418763519623904,6.245208740234375,0.0022112011783297124,5.29,-0.3183571544703416,5,0.0995277886748964,0,-0.2088879996334169,15,15,15,1,5.407125731583433,0.07424025679756951,5.344523262826335,5.341895526763351
983,provo:19:15,19,15,like,like,178.2,5.182906515036709,1.4825252294540403,-1.006001623152317,6.41,0.5014571883756685,4,-0.2958771723749192,0,-0.2088879996334169,16,16,16,1,5.203052756830479,-0.12991803301754423,5.3128245480542535,5.303528742449456
984,provo:19:16,19,16,science's,science's,207.93506493506493,5.337225843148371,20.738834381103516,3.0703678840853508,2.23,-2.5582070554603336,9,1.6811476328741586,0,-0.2088879996334169,17,18,18,2,5.235735966896787,-0.09573922094554987,5.432965064093921,5.452772417866164
985,provo:19:17,19,17,best,best,233.37142857142857,5.4526312983550875,5.209517478942871,-0.21703435845580019,5.84,0.08423024603439541,4,-0.2958771723749192,0,-0.2088879996334169,19,19,19,1,5.457811414978621,0.1244115087812423,5.328219789573845,5.326037462908643
986,provo:19:18,19,18,current,current,239.53424657534248,5.4786963985924455,12.843023300170898,1.3989030529099553,5.27,-0.3329966963068778,7,0.8903377107745275,0,-0.2088879996334169,20,20,20,1,5.4617796699675685,0.13073612056141037,5.347960278031035,5.364014702370148
987,provo:19:19,19,19,models,models,230.53731343283584,5.440412729738243,5.089297771453857,-0.24248367721766007,4.74,-0.7209445549750785,6,0.49493274972471196,0,-0.2088879996334169,21,21,21,1,5.411957037033767,0.07958599365941943,5.360826736078824,5.3515027847151115
988,provo:19:20,19,20,"predict,",predict,243.30882352941177,5.4943315151796055,8.70294189453125,0.5224889142230772,4.08,-1.2040494355807632,7,0.8903377107745275,0,-0.2088879996334169,22,23,23,2,5.446169718216868,0.11423029432696818,5.380101220852637,5.377005976281051
989,provo:19:21,19,21,so,so,205.0,5.3230099791384085,5.387424468994141,-0.17937321458559446,6.52,0.5819746684766156,2,-1.0866870944745504,0,-0.2088879996334169,24,24,24,1,5.350798233911884,0.016053273897211895,5.306956705241197,5.3094894249298665
990,provo:19:22,19,22,stable,stable,237.025974025974,5.468169730176337,17.429943084716797,2.369908441046156,4.48,-0.911258598850045,6,0.49493274972471196,0,-0.2088879996334169,25,25,25,1,5.432887383885437,0.1003206032289281,5.367849126947409,5.392118680915939
991,provo:19:23,19,23,superheavy,superheavy,225.8717948717949,5.419967558980149,16.75814437866211,2.227695323319571,1.87,-2.8217188085179794,10,2.0765525939239744,0,-0.2088879996334169,26,27,27,2,5.3066484864546375,-0.024169231193063467,5.4441367901732125,5.450363369195096
992,provo:19:24,19,24,nuclei,nuclei,269.8030303030303,5.597692175374889,7.066803932189941,0.17613474807432805,3.19,-1.8555090473066105,6,0.49493274972471196,0,-0.2088879996334169,28,29,29,2,5.528539124751351,0.19500118604103722,5.402690989333852,5.389444770467866
993,provo:19:25,19,25,are,are,188.2,5.23750522715128,2.2313172817230225,-0.8474897782762842,6.74,0.743009628678511,3,-0.6912821334247348,0,-0.2088879996334169,30,30,30,1,5.268692974420542,-0.06495787069313419,5.302463097844414,5.297345089128639
994,provo:19:26,19,26,likely,likely,226.27142857142857,5.4217352900130615,3.531123638153076,-0.5723336746357638,5.2,-0.384235092734753,6,0.49493274972471196,0,-0.2088879996334169,31,31,31,1,5.405357522884565,0.07333278393250442,5.348402506080557,5.337472273149594
995,provo:19:27,19,27,to,to,173.96428571428572,5.158850023631339,0.8074079155921936,-1.148917257210825,7.43,1.2480738220389989,2,-1.0866870944745504,0,-0.2088879996334169,32,32,32,1,5.210531565957296,-0.12352831356980865,5.2823783372011475,5.277462180677352
996,provo:19:28,19,28,be,be,194.76190476190476,5.271777811313425,2.3680217266082764,-0.8185508042368917,6.79,0.7796084832698505,2,-1.0866870944745504,0,-0.2088879996334169,33,33,33,1,5.306655283272801,-0.027886411102702624,5.299664222416127,5.295250829308185
997,provo:19:29,19,29,full,full,171.3653846153846,5.143798029031292,13.065096855163574,1.44591382017625,5.54,-0.13536288151364287,4,-0.2958771723749192,0,-0.2088879996334169,34,34,34,1,5.141101237670491,-0.19252451923707437,5.336322548268367,5.354694817077731
998,provo:19:30,19,30,of,of,223.95833333333337,5.411460022647918,1.1707727909088137,-1.0719965199045791,7.4,1.2261145092841956,2,-1.0866870944745504,0,-0.2088879996334169,35,35,35,1,5.462353874175442,0.12827140957731853,5.2831886130706,5.279123752834236
999,provo:19:31,19,31,surprises.,surprises,183.79012345679013,5.213794473204619,8.143548965454102,0.40407098373097544,3.89,-1.343125083027854,9,1.6811476328741586,1,4.7854341734200965,36,37,37,2,5.146801703793496,-0.1825477956687136,5.396342268873332,5.3936159965160435
1000,provo:19:32,19,32,Chemists,chemists,240.96296296296296,5.484643241028968,13.985997200012209,1.6408592822262331,3.25,-1.8115904217970027,8,1.2857426718243432,0,-0.2088879996334169,38,39,39,2,5.412311758616846,0.08067597214228694,5.403967268886681,5.4108133798672124
1001,provo:19:33,19,33,cannot,cannot,249.77142857142857,5.520546213933846,9.540325164794922,0.699754640582762,5.11,-0.4501130309991644,6,0.49493274972471196,0,-0.2088879996334169,40,40,40,1,5.501805374410049,0.16971288024493258,5.350833333688914,5.356487082321446
1002,provo:19:34,19,34,even,even,216.6190476190476,5.378140269846581,7.078850746154785,0.17868493901273264,5.99,0.19402680980841489,4,-0.2958771723749192,0,-0.2088879996334169,41,41,41,1,5.387258840462282,0.05397185961999629,5.3241684102265845,5.328243123073813
1003,provo:19:35,19,35,predict,predict,214.8823529411765,5.370090682739066,2.727043628692627,-0.7425494312551045,4.08,-1.2040494355807632,7,0.8903377107745275,0,-0.2088879996334169,42,42,42,1,5.3219288857763285,-0.010010538113570888,5.380101220852637,5.359961742777838
1004,provo:19:36,19,36,with,with,236.74418604651163,5.466980174410951,8.800357818603516,0.5431108983883838,6.85,0.8235271087794579,4,-0.2958771723749192,0,-0.2088879996334169,43,43,43,1,5.4986792145817445,0.1660396724419959,5.300940501968955,5.3152308428817046
1005,provo:19:37,19,37,any,any,212.10204081632656,5.357067483477795,2.953524112701416,-0.6946057608597435,6.07,0.2525849771545585,3,-0.6912821334247348,0,-0.2088879996334169,44,44,44,1,5.370663469582044,0.03650822454894964,5.320559258928846,5.313367661183219
1006,provo:19:38,19,38,certainty,certainty,238.12,5.47277474828519,1.2510595321655271,-1.05500061371524,3.82,-1.39436347945573,9,1.6811476328741586,0,-0.2088879996334169,45,45,45,1,5.413032484350579,0.08275430527223371,5.390020443012956,5.364054703470383
1007,provo:19:39,19,39,whether,whether,226.54545454545453,5.422945607108973,3.442387580871582,-0.5911182171587421,5.32,-0.2963978417155375,7,0.8903377107745275,0,-0.2088879996334169,46,46,46,1,5.4073416964814855,0.07633578886035863,5.346609818248615,5.336160566720205
1008,provo:19:40,19,40,these,these,203.64814814814815,5.31639374074666,4.4583048820495605,-0.37605860860222073,6.04,0.2306256643997545,5,0.0995277886748964,0,-0.2088879996334169,47,47,47,1,5.324448222667025,-0.007872625343369855,5.32426636609003,5.321169075136349
1009,provo:19:41,19,41,materials,materials,204.35294117647055,5.319848602744834,9.670099258422852,0.7272265280523805,4.78,-0.6916654713020067,9,1.6811476328741586,0,-0.2088879996334169,48,48,48,1,5.285312444360094,-0.04424301244565232,5.364091615190486,5.368060887218868
1010,provo:19:42,19,42,will,will,190.375,5.248995811215326,1.263771414756775,-1.0523096343501674,6.45,0.5307362720487404,4,-0.2958771723749192,0,-0.2088879996334169,49,49,49,1,5.270192307407006,-0.06274836901299174,5.311744180228318,5.302071225733343
1011,provo:19:43,19,43,exist,exist,201.53521126760563,5.3059641118654195,6.400620460510254,0.03511031972751838,4.73,-0.7282643258933463,5,0.0995277886748964,0,-0.2088879996334169,50,50,50,1,5.279622762254189,-0.05368430052402218,5.359648412389442,5.354009120016265
1012,provo:19:44,19,44,as,as,197.94285714285715,5.287978388752857,5.6818766593933105,-0.117040608641755,6.77,0.7649689414333143,2,-1.0866870944745504,0,-0.2088879996334169,51,51,51,1,5.322330733513278,-0.012226017576238313,5.300204406329096,5.305119280025745
1013,provo:19:45,19,45,"gases,",gases,227.01388888888889,5.425011200142255,11.905041694641112,1.200341657524177,3.73,-1.4602414177201413,5,0.0995277886748964,0,-0.2088879996334169,52,53,53,2,5.372413490583243,0.03835359210440803,5.386657608037847,5.390548506075362
1014,provo:19:46,19,46,"liquids,",liquids,164.48,5.102788982266801,7.767612934112549,0.32448905747687906,3.48,-1.64323569067684,7,0.8903377107745275,0,-0.2088879996334169,54,55,55,2,5.038873369335394,-0.2935177559748805,5.396306738241681,5.386842195032432
1015,provo:19:47,19,47,or,or,170.2173913043478,5.137076392495754,0.4070560932159424,-1.2336677640732363,6.54,0.5966142103131519,2,-1.0866870944745504,0,-0.2088879996334169,56,56,56,1,5.165389774468184,-0.1693401288324745,5.306416521328228,5.294867806906732
1016,provo:19:48,19,48,solids,solids,217.78082191780825,5.383489152984667,8.331336975097656,0.4438238413688197,3.33,-1.7530322544508592,6,0.49493274972471196,0,-0.2088879996334169,57,58,58,2,5.318011992753817,-0.015420548958408276,5.398909701943075,5.390133840873143
1017,provo:19:49,19,49,at,at,259.6,5.559141984829935,5.660053730010986,-0.12166030617528194,6.7,0.7137305450054391,2,-1.0866870944745504,0,-0.2088879996334169,59,59,59,1,5.591656384394011,0.2570469348054516,5.302095050024484,5.306515829202552
1018,provo:19:50,19,50,room,room,259.7692307692308,5.559793662924031,8.067154884338379,0.38789911505452673,5.39,-0.24515944528766234,4,-0.2958771723749192,0,-0.2088879996334169,60,60,60,1,5.553158417571063,0.21941973530840375,5.3403739276156275,5.343565856194843
1019,provo:19:51,19,51,temperature,temperature,253.91044776119404,5.536981636982558,0.0707073137164115,-1.3048694620596362,4.64,-0.7941422641577583,11,2.4719575549737898,0,-0.2088879996334169,61,61,61,1,5.494015774819678,0.1662119031095628,5.370769733872995,5.346483782100616
1021,provo:20:3,20,3,not,not,182.55737704918033,5.207064518400889,6.472997188568115,0.05043175463829029,6.69,0.7064107740871713,3,-0.6912821334247348,0,-0.2088879996334169,1,1,1,1,5.236939447672763,-0.09492051088544162,5.301985029286331,5.307486267416418
1022,provo:20:4,20,4,like,like,195.4923076923077,5.275521031808897,6.916474342346191,0.1443114660918555,6.41,0.5014571883756685,4,-0.2958771723749192,0,-0.2088879996334169,2,2,2,1,5.295667273602667,-0.03664075448320503,5.312161786292102,5.317260186219564
1023,provo:20:5,20,5,"it,",it,180.1,5.19351225218191,5.78810977935791,-0.0945521116264627,6.95,0.8967248179621378,2,-1.0866870944745504,0,-0.2088879996334169,3,4,4,2,5.232590741732932,-0.09883040089709727,5.292342653079007,5.297557218268194
1024,provo:20:6,20,6,but,but,203.47272727272727,5.3155319775855565,2.2316701412200928,-0.8474150814232753,6.63,0.6624921485775632,3,-0.6912821334247348,0,-0.2088879996334169,5,5,5,1,5.343831525260564,0.011943805903882776,5.303588171681674,5.298458806966397
1025,provo:20:7,20,7,he,he,208.6086956521739,5.34046022747049,3.637609243392944,-0.5497917289938928,6.69,0.7064107740871713,2,-1.0866870944745504,0,-0.2088879996334169,6,6,6,1,5.372712063435088,0.041170624011664714,5.299289603458825,5.297945318020523
1026,provo:20:8,20,8,bore,bore,222.03030303030303,5.402813872693484,15.508809089660645,1.9632234436725156,3.93,-1.3138459993547822,4,-0.2958771723749192,0,-0.2088879996334169,7,7,7,1,5.357844341816754,0.024388867393888347,5.378425005299595,5.391815204953828
1027,provo:20:9,20,9,up,up,242.66666666666663,5.491688759528576,9.648468017578123,0.722647409079542,6.39,0.48681764653913234,2,-1.0866870944745504,0,-0.2088879996334169,8,8,8,1,5.516063687508839,0.1843834440930383,5.307305315435538,5.319066671887836
1028,provo:20:10,20,10,well,well,216.6056338028169,5.378078344398608,8.657200813293457,0.5128059813558591,6.03,0.2233058934814867,4,-0.2958771723749192,0,-0.2088879996334169,9,9,9,1,5.38824716941222,0.05576332293600217,5.322315021462606,5.329716517938908
1029,provo:20:11,20,11,to,to,222.53488372093025,5.405083870085701,4.675144195556641,-0.3301558783027908,7.43,1.2480738220389989,2,-1.0866870944745504,0,-0.2088879996334169,10,10,10,1,5.456765412411658,0.12556635616943357,5.279517513916267,5.284466305475855
1030,provo:20:12,20,12,the,the,202.20833333333337,5.309298519057271,2.4744532108306885,-0.7960203154772052,7.73,1.4676669495870378,3,-0.6912821334247348,0,-0.2088879996334169,11,11,11,1,5.366480062674838,0.03510129129021067,5.27419722776706,5.275258918978343
1031,provo:20:13,20,13,"work,",work,200.13725490196077,5.299003405679173,12.57219696044922,1.341571805041842,5.96,0.17206749705361085,4,-0.2958771723749192,0,-0.2088879996334169,12,13,13,2,5.307334285496441,-0.025181948577999158,5.324185354257172,5.340761208269475
1032,provo:20:14,20,14,taking,taking,221.7058823529412,5.40135164921092,8.323753356933594,0.4422184646792857,5.39,-0.24515944528766234,6,0.49493274972471196,0,-0.2088879996334169,14,14,14,1,5.389962590472502,0.05654559054298147,5.344806058667938,5.348023640975827
1033,provo:20:15,20,15,pride,pride,196.234375,5.279309735658455,7.8604559898376465,0.3441430108038663,4.49,-0.9039388279317772,5,0.0995277886748964,0,-0.2088879996334169,15,15,15,1,5.246666859659757,-0.08684803311211642,5.366157768770571,5.36372264303571
1034,provo:20:16,20,16,in,in,187.76315789473685,5.235181370184551,0.3329026103019714,-1.2493653203507895,7.27,1.1309574873467116,2,-1.0866870944745504,0,-0.2088879996334169,16,16,16,1,5.2826618949188635,-0.0486111901192956,5.283792560303847,5.27735598837539
1035,provo:20:17,20,17,it.,it,196.35,5.279898781024019,5.116179943084717,-0.23679298831869328,6.95,0.8967248179621378,2,-1.0866870944745504,1,4.7854341734200965,17,18,18,2,5.309888819902184,-0.022778005017588754,5.302676786041608,5.308368419981209
1036,provo:20:18,20,18,It,it,254.54545454545453,5.5394794233649245,4.79793643951416,-0.304161979105818,6.95,0.8967248179621378,2,-1.0866870944745504,0,-0.2088879996334169,19,19,19,1,5.578557912915946,0.24713677028591707,5.292342653079007,5.29514672614886
1037,provo:20:19,20,19,was,was,221.50943396226415,5.400465179829966,1.0567909479141235,-1.0961253446706951,6.82,0.8015677960246546,3,-0.6912821334247348,0,-0.2088879996334169,20,20,20,1,5.433753435895051,0.10195362573354316,5.2985115540964225,5.291489323110138
1038,provo:20:20,20,20,a,a,208.9375,5.342035164180317,2.4155783653259277,-0.8084835358726036,7.36,1.1968354256111238,1,-1.482092055524366,0,-0.2088879996334169,21,21,21,1,5.394255668002655,0.06334274329699063,5.278692420883327,5.277841113459255
1039,provo:20:21,20,21,monotonous,monotonous,207.4805194805195,5.335037453241967,14.87287425994873,1.828602352579056,2.95,-2.031183549345041,10,2.0765525939239744,0,-0.2088879996334169,22,24,24,3,5.25007524946006,-0.08574476614659243,5.42078221938856,5.427293268249546
1040,provo:20:22,20,22,"life,",life,227.4264705882353,5.426826979943064,7.528193473815918,0.2738063342350326,5.89,0.12082910062573501,4,-0.2958771723749192,0,-0.2088879996334169,25,26,26,2,5.433319914563986,0.10077129289132536,5.326055687051738,5.329995981946693
1041,provo:20:23,20,23,operating,operating,177.9506172839506,5.181506080811948,14.15657901763916,1.676969759804649,4.75,-0.7136247840568107,9,1.6811476328741586,0,-0.2088879996334169,27,27,27,1,5.146182231628774,-0.1884864408888287,5.369992521700777,5.383980467839974
1042,provo:20:24,20,24,with,with,216.4782608695652,5.377490130713033,4.0006561279296875,-0.4729383071793366,6.85,0.8235271087794579,4,-0.2958771723749192,0,-0.2088879996334169,28,28,28,1,5.409189170883827,0.0770847219867763,5.300405408726257,5.300645507693165
1043,provo:20:25,20,25,machine-like,machine-like,206.97560975609755,5.332600959057962,18.01795196533203,2.494384084433902,4.89,-0.6111479912010597,12,2.8673625160236056,0,-0.2088879996334169,29,31,31,3,5.293822280189303,-0.04173717453620007,5.374338133594162,5.398268035158808
1044,provo:20:26,20,26,regularity.,regularity,217.77215189873417,5.383449341436606,11.876391410827637,1.1942766768266195,3.03,-1.9726253819988977,10,2.0765525939239744,1,4.7854341734200965,32,34,34,3,5.291499195777665,-0.04552948772076437,5.42897882915737,5.430715295997334
1045,provo:20:27,20,27,One,one,226.54054054054055,5.4229239158407925,6.917175769805908,0.1444599513226342,6.47,0.545375813885276,3,-0.6912821334247348,0,-0.2088879996334169,35,35,35,1,5.447022445924154,0.11506069777153893,5.3078632180692535,5.313325766609953
1046,provo:20:28,20,28,day,day,224.4179104477612,5.413509985293103,1.9806349277496336,-0.9005567443128234,5.95,0.16474772613534305,3,-0.6912821334247348,0,-0.2088879996334169,36,36,36,1,5.423955208203617,0.09175286646421288,5.32175711882889,5.312554799021975
1047,provo:20:29,20,29,was,was,214.72413793103448,5.3693541248859775,10.103918075561523,0.8190616655090575,6.82,0.8015677960246546,3,-0.6912821334247348,0,-0.2088879996334169,37,37,37,1,5.402642380951063,0.07084257078955503,5.2985115540964225,5.3135137785931
1048,provo:20:30,20,30,very,very,216.5873015873016,5.377993706750906,6.81227970123291,0.12225449481523007,6.0,0.20134658072668266,4,-0.2958771723749192,0,-0.2088879996334169,38,38,38,1,5.387374840966085,0.05487711409062879,5.323116592660277,5.325874058978648
1049,provo:20:31,20,31,like,like,220.57575757575756,5.396241207651777,10.436837196350098,0.8895373387895039,6.41,0.5014571883756685,4,-0.2958771723749192,0,-0.2088879996334169,39,39,39,1,5.416387449445547,0.08407942135967517,5.312161786292102,5.325830207826195
1050,provo:20:32,20,32,another.,another,195.234375,5.274200759909381,7.243019104003906,0.2134377508168636,5.74,0.011032536851716195,7,0.8903377107745275,1,4.7854341734200965,40,41,41,2,5.260536069787105,-0.07428319357583124,5.348483953485212,5.35290824487194
1051,provo:20:33,20,33,At,at,202.17391304347825,5.309128282652252,5.860100269317627,-0.07931243948722767,6.7,0.7137305450054391,2,-1.0866870944745504,0,-0.2088879996334169,42,42,42,1,5.341642682216328,0.010105869592650585,5.2990224130596015,5.30313950079959
1052,provo:20:34,20,34,a,a,238.28125,5.473451698675886,5.1341753005981445,-0.23298354975692748,7.36,1.1968354256111238,1,-1.482092055524366,0,-0.2088879996334169,43,43,43,1,5.525672202498224,0.19475927779255908,5.278692420883327,5.284459304663183
1053,provo:20:35,20,35,certain,certain,212.7051282051282,5.359906831953763,3.979727268218994,-0.4773687390380097,5.16,-0.4135141764078248,7,0.8903377107745275,0,-0.2088879996334169,44,44,44,1,5.34010190373463,0.0062599682761730335,5.35364686367759,5.345061387943471
1054,provo:20:36,20,36,time,time,196.05555555555551,5.278398065779105,2.8804500102996826,-0.7100748229969014,6.29,0.41361993735645314,4,-0.2958771723749192,0,-0.2088879996334169,45,45,45,1,5.295393544379141,-0.036970005303682996,5.315368071082788,5.310030204316719
1055,provo:20:37,20,37,each,each,173.03636363636363,5.153501766839873,9.897539138793944,0.775373293134571,5.69,-0.02556631773962341,4,-0.2958771723749192,0,-0.2088879996334169,46,46,46,1,5.154743429471239,-0.1778977281963403,5.331399495036213,5.340089573154131
1056,provo:20:38,20,38,morning,morning,206.7532467532467,5.33152603754469,5.352363109588623,-0.18679535634897126,5.33,-0.2890780707972697,7,0.8903377107745275,0,-0.2088879996334169,47,47,47,1,5.31618469051668,-0.017578589346096685,5.349104626890787,5.3447261732974445
1057,provo:20:39,20,39,the,the,184.4468085106383,5.217361121158582,3.358968496322632,-0.6087772093310762,7.73,1.4676669495870378,3,-0.6912821334247348,0,-0.2088879996334169,48,48,48,1,5.274542664776149,-0.056836106608478154,5.27419722776706,5.277412195621244
1058,provo:20:40,20,40,cooks,cooks,209.14084507042253,5.343007924854746,11.479215621948242,1.1101985047298475,3.65,-1.518799585066285,5,0.0995277886748964,0,-0.2088879996334169,49,49,49,1,5.288309706499911,-0.045593837450621066,5.388601762305367,5.390699816755407
1059,provo:20:41,20,41,turned,turned,232.22058823529412,5.447687731290537,7.522550106048584,0.27261168929535484,5.09,-0.46475257283570065,6,0.49493274972471196,0,-0.2088879996334169,50,50,50,1,5.428421764567784,0.09486596064588593,5.352821770644651,5.352561613765202
1060,provo:20:42,20,42,"out,",out,188.84444444444443,5.240923630904437,9.278648376464844,0.644360261924833,6.38,0.4794978756208646,3,-0.6912821334247348,0,-0.2088879996334169,51,52,52,2,5.262659088592498,-0.06934430075783116,5.310267931662268,5.321021099275789
1061,provo:20:43,20,43,fires,fires,216.13888888888889,5.37592120516082,16.84096336364746,2.245227280370943,4.17,-1.1381714973163517,5,0.0995277886748964,0,-0.2088879996334169,53,53,53,1,5.334876293978832,0.0012133436150891797,5.374707861545731,5.392505914092321
1062,provo:20:44,20,44,were,were,215.2982456140351,5.372024255772487,2.0317907333374023,-0.8897275680478435,6.34,0.45021879194779274,4,-0.2958771723749192,0,-0.2088879996334169,54,54,54,1,5.390332552369912,0.05799213668581871,5.314032119086669,5.306882810482143
1063,provo:20:45,20,45,"built,",built,198.1904761904762,5.289228569230157,10.56947422027588,0.9176152801854282,5.07,-0.4793921146722362,5,0.0995277886748964,0,-0.2088879996334169,55,56,56,2,5.271814382001173,-0.0614321563854352,5.350660725615592,5.357773211081284
1064,provo:20:46,20,46,and,and,178.8235294117647,5.186399450344052,1.6037724018096924,-0.9803348002769151,7.41,1.2334342802024634,3,-0.6912821334247348,0,-0.2088879996334169,57,57,57,1,5.235178958778328,-0.09634787019816837,5.28274732054222,5.280060316836336
1065,provo:20:47,20,47,breakfast,breakfast,227.2911392405063,5.426231747434802,9.064175605773926,0.5989585052490296,4.61,-0.8161015769125618,9,1.6811476328741586,0,-0.2088879996334169,58,58,58,1,5.387232007858938,0.05249856014489218,5.3737331872899095,5.374611383847269
1066,provo:20:48,20,48,was,was,268.77777777777777,5.593884933273808,0.758252739906311,-1.1593229199840402,6.82,0.8015677960246546,3,-0.6912821334247348,0,-0.2088879996334169,59,59,59,1,5.627173189338893,0.29537337917738515,5.2985115540964225,5.290762557433094
1067,provo:20:49,20,49,eaten.,eaten,218.875,5.388500790606016,6.619633674621582,0.08147324320649971,4.13,-1.1674505809894236,5,0.0995277886748964,1,4.7854341734200965,60,61,61,2,5.33731717435326,0.002390034500789895,5.386110756105226,5.38093504488407
1069,provo:21:3,21,3,neuroscience,neuroscience,225.59036144578317,5.418720794623363,18.381309509277344,2.5713032697616134,3.45,-1.6651950034316436,12,2.8673625160236056,0,-0.2088879996334169,2,2,2,1,5.3421329574298975,0.005635807478764576,5.4130849871445985,5.430061449392182
1070,provo:21:4,21,4,is,is,221.95833333333337,5.402489676569053,4.287483215332031,-0.4122198598523444,7.07,0.9845620689813532,2,-1.0866870944745504,0,-0.2088879996334169,3,3,3,1,5.444718929313809,0.11310604019577841,5.289383636373275,5.291798826130246
1071,provo:21:5,21,5,beginning,beginning,215.23376623376623,5.37172472226986,8.974844932556152,0.5800480884345618,5.0,-0.5306305111001121,9,1.6811476328741586,0,-0.2088879996334169,4,4,4,1,5.342964963073633,0.0075223348681889846,5.364202387401671,5.3665342610655955
1072,provo:21:6,21,6,to,to,188.25,5.237770866680003,0.0327878221869468,-1.31289664202353,7.43,1.2480738220389989,2,-1.0866870944745504,0,-0.2088879996334169,5,5,5,1,5.28945240900596,-0.04247917050329164,5.280250037183294,5.274111986104638
1073,provo:21:7,21,7,catch,catch,205.2753623188406,5.324352308634535,5.893227577209473,-0.0722997172316948,4.87,-0.6257875330375953,5,0.0995277886748964,0,-0.2088879996334169,6,6,6,1,5.3016868494159946,-0.03040514824135343,5.354757456875888,5.349354889941631
1074,provo:21:8,21,8,up,up,181.1071428571429,5.199088805619815,0.1230784729123115,-1.2937830074995436,6.39,0.48681764653913234,2,-1.0866870944745504,0,-0.2088879996334169,7,7,7,1,5.223463733600078,-0.10754718477897818,5.306635990398793,5.2953361485935275
1075,provo:21:9,21,9,to,to,184.2972972972973,5.216550199876428,2.035291910171509,-0.8889864036651157,7.43,1.2480738220389989,2,-1.0866870944745504,0,-0.2088879996334169,8,8,8,1,5.268231742202385,-0.06369983730686624,5.280250037183294,5.279014605014625
1076,provo:21:10,21,10,musicians,musicians,232.8,5.450179715857283,15.933441162109377,2.053113838466934,4.09,-1.1967296646624954,9,1.6811476328741586,0,-0.2088879996334169,9,9,9,1,5.397526669108573,0.06288961939205073,5.387290096465232,5.401948323861693
1077,provo:21:11,21,11,who,who,197.14705882352945,5.283949941741796,4.535599231719971,-0.3596961620089058,6.34,0.45021879194779274,3,-0.6912821334247348,0,-0.2088879996334169,10,10,10,1,5.304635145031947,-0.02714039776947974,5.311090339511276,5.310213893583989
1078,provo:21:12,21,12,practice,practice,226.07692307692307,5.42087530895738,8.94912052154541,0.5746024859668191,5.06,-0.48671188559050466,8,1.2857426718243432,0,-0.2088879996334169,11,11,11,1,5.396067838050744,0.06138098175680273,5.3594943272005775,5.362194511581153
1079,provo:21:13,21,13,mentally.,mentally,235.0632911392405,5.45985480187973,20.22067642211914,2.9606789874592034,4.2,-1.1162121845615476,8,1.2857426718243432,1,4.7854341734200965,12,13,13,2,5.403378410745144,0.0736833595884443,5.386171442291285,5.4148902236377
1080,provo:21:14,21,14,Although,although,218.07692307692307,5.384847858700316,8.160808563232422,0.40772466926004813,5.3,-0.3110373835520738,8,1.2857426718243432,0,-0.2088879996334169,14,14,14,1,5.366341914181147,0.03144259762639123,5.353405261073925,5.355417660152328
1081,provo:21:15,21,15,the,the,150.97368421052633,5.017105544875485,3.3389506340026855,-0.6130147920847847,7.73,1.4676669495870378,3,-0.6912821334247348,0,-0.2088879996334169,15,15,15,1,5.074287088493052,-0.2587189533189225,5.275824498194408,5.279212742760969
1082,provo:21:16,21,16,details,details,201.23376623376623,5.304467248368165,10.32898998260498,0.8667071541425421,4.91,-0.5965084493645235,7,0.8903377107745275,0,-0.2088879996334169,16,16,16,1,5.278098230162087,-0.05564695149214138,5.360114199860306,5.3655370114455945
1083,provo:21:17,21,17,are,are,170.33333333333334,5.137757301535594,2.0258853435516357,-0.8909776804479651,6.74,0.743009628678511,3,-0.6912821334247348,0,-0.2088879996334169,17,17,17,1,5.168945048804857,-0.1631845944312591,5.3009418959668535,5.29599138243016
1084,provo:21:18,21,18,still,still,202.37313432835825,5.310113193071343,1.312040090560913,-1.0420916348024256,5.92,0.14278841338053905,5,0.0995277886748964,0,-0.2088879996334169,18,18,18,1,5.315016911797974,-0.018004599500436314,5.3281177925717795,5.316933962595115
1085,provo:21:19,21,19,somewhat,somewhat,212.52702702702703,5.359069166286556,6.801831245422363,0.12004266043261759,4.55,-0.8600202024221698,8,1.2857426718243432,0,-0.2088879996334169,19,19,19,1,5.32087095180655,-0.013364426433160936,5.372433592719717,5.367237024677358
1086,provo:21:20,21,20,"elusive,",elusive,208.56410256410257,5.340246440337523,6.467625617980957,0.04929464646376813,3.47,-1.650555461595108,7,0.8903377107745275,0,-0.2088879996334169,20,21,21,2,5.276068263806638,-0.056402156282704397,5.396648596620228,5.385164676497587
1087,provo:21:21,21,21,the,the,212.54166666666663,5.359138047574981,3.273867130279541,-0.6267923237972152,7.73,1.4676669495870378,3,-0.6912821334247348,0,-0.2088879996334169,22,22,22,1,5.416319591192548,0.08331354938057345,5.275824498194408,5.279053402454003
1088,provo:21:22,21,22,key,key,236.1034482758621,5.464270049134589,8.058228492736816,0.3860094865567855,5.12,-0.4427932600808966,3,-0.6912821334247348,0,-0.2088879996334169,23,23,23,1,5.452922493288445,0.12222695681282403,5.342043092321765,5.34347641245028
1089,provo:21:23,21,23,to,to,203.68421052631575,5.316570806857387,2.517183303833008,-0.7869747789320483,7.43,1.2480738220389989,2,-1.0866870944745504,0,-0.2088879996334169,24,24,24,1,5.368252349183344,0.03632076967409237,5.280250037183294,5.2801943927979815
1090,provo:21:24,21,24,the,the,196.32432432432432,5.279768007636905,4.103199005126953,-0.4512309979281479,7.73,1.4676669495870378,3,-0.6912821334247348,0,-0.2088879996334169,25,25,25,1,5.336949551254472,0.00394350944249755,5.275824498194408,5.281083809361373
1091,provo:21:25,21,25,success,success,221.17567567567568,5.398957298301714,3.5879385471343994,-0.5603065223552287,5.06,-0.48671188559050466,7,0.8903377107745275,0,-0.2088879996334169,26,26,26,1,5.376526734087803,0.04264876477056667,5.3563085335311476,5.346003977175907
1092,provo:21:26,21,26,of,of,193.42857142857144,5.264908304416907,0.1086349934339523,-1.2968405487376033,7.4,1.2261145092841956,2,-1.0866870944745504,0,-0.2088879996334169,27,27,27,1,5.31580215594443,-0.016102866032219332,5.281011170449126,5.274903537409101
1093,provo:21:27,21,27,mental,mental,228.6865671641791,5.4323523636858,5.151347637176514,-0.22934833655772052,4.83,-0.6550666167106671,6,0.49493274972471196,0,-0.2088879996334169,28,28,28,1,5.406259743376625,0.07339426878603916,5.358958094899761,5.3514114506264825
1094,provo:21:28,21,28,imagery,imagery,226.55714285714285,5.422997199449242,9.212668418884276,0.630392959829082,3.83,-1.3870437085374618,7,0.8903377107745275,0,-0.2088879996334169,29,29,29,1,5.368271312499559,0.035482202018994435,5.387514997430247,5.384614904526427
1095,provo:21:29,21,29,as,as,189.06451612903223,5.242088311991283,5.437960147857666,-0.1686753129926932,6.77,0.7649689414333143,2,-1.0866870944745504,0,-0.2088879996334169,30,30,30,1,5.276440656751704,-0.05490665704030828,5.296994969031592,5.300674063659928
1096,provo:21:30,21,30,a,a,214.96428571428572,5.370471901372567,0.8275411128997803,-1.1446552591850603,7.36,1.1968354256111238,1,-1.482092055524366,0,-0.2088879996334169,31,31,31,1,5.422692405194905,0.09163168023842871,5.278840221134138,5.274406354966533
1097,provo:21:31,21,31,rehearsal,rehearsal,214.83098591549296,5.369851606958618,14.366140365600586,1.7213318170399217,3.68,-1.4968402723114809,9,1.6811476328741586,0,-0.2088879996334169,32,32,32,1,5.3064334526313175,-0.027840644139647708,5.397692251098266,5.406391260652655
1098,provo:21:32,21,32,technique,technique,200.65432098765433,5.301583631430737,3.559826135635376,-0.5662576408227944,4.47,-0.9185783697683134,9,1.6811476328741586,0,-0.2088879996334169,33,33,33,1,5.258908001462184,-0.07606544366729384,5.377649075098031,5.363980480434037
1099,provo:21:33,21,33,is,is,161.52631578947367,5.084668075453296,0.7085832357406616,-1.169837460991143,7.07,0.9845620689813532,2,-1.0866870944745504,0,-0.2088879996334169,34,34,34,1,5.126897328198051,-0.2047155609199791,5.289383636373275,5.283036805207455
1100,provo:21:34,21,34,that,that,218.36507936507937,5.386168338069463,2.3712351322174072,-0.8178705581660435,7.01,0.9406434434717452,4,-0.2958771723749192,0,-0.2088879996334169,35,35,35,1,5.422068395831902,0.08889084782566492,5.297277490243798,5.294449204847787
1101,provo:21:35,21,35,most,most,227.7301587301587,5.4281614137068575,8.806968688964844,0.5445103540236768,6.0,0.20134658072668266,4,-0.2958771723749192,0,-0.2088879996334169,36,36,36,1,5.437542547922036,0.10525910351339274,5.322902310193465,5.33060270187121
1102,provo:21:36,21,36,of,of,209.65384615384616,5.345457819042799,2.2744498252868652,-0.8383590469420198,7.4,1.2261145092841956,2,-1.0866870944745504,0,-0.2088879996334169,37,37,37,1,5.396351670570322,0.06444664859367233,5.281011170449126,5.28020598089168
1103,provo:21:37,21,37,the,the,189.5,5.244389024522481,1.1693949699401855,-1.0722881909272408,7.73,1.4676669495870378,3,-0.6912821334247348,0,-0.2088879996334169,38,38,38,1,5.301570568140048,-0.03143547367192667,5.275824498194408,5.273901140807833
1104,provo:21:38,21,38,same,same,198.0909090909091,5.2887260621462495,10.219115257263184,0.8434477654158582,5.8,0.054951162361323594,4,-0.2958771723749192,0,-0.2088879996334169,39,39,39,1,5.292855924371872,-0.039250469819426925,5.327976531965676,5.338099040849773
1105,provo:21:39,21,39,neurological,neurological,222.58024691358025,5.405287696869761,9.08974552154541,0.6043714026081576,3.54,-1.5993170651672324,12,2.8673625160236056,0,-0.2088879996334169,40,40,40,1,5.331062932071597,-0.005513890477342187,5.410801587347104,5.4054958555210835
1106,provo:21:40,21,40,regions,regions,237.93150684931507,5.471982845905622,9.0282564163208,0.5913547693794864,4.53,-0.8746597442587054,7,0.8903377107745275,0,-0.2088879996334169,41,41,41,1,5.435636410919386,0.10222762467811375,5.369755221227508,5.370026710985872
1107,provo:21:41,21,41,are,are,200.8,5.302309387817574,2.278066396713257,-0.8375934546695242,6.74,0.743009628678511,3,-0.6912821334247348,0,-0.2088879996334169,42,42,42,1,5.333497135086836,0.0013674918507202705,5.3009418959668535,5.2966087832171995
1108,provo:21:42,21,42,invoked,invoked,231.47222222222223,5.444459875926097,13.729113578796388,1.5864795694689073,3.33,-1.7530322544508592,7,0.8903377107745275,0,-0.2088879996334169,43,43,43,1,5.376605809002522,0.044259324065321515,5.400200551860776,5.405769913473118
1109,provo:21:43,21,43,by,by,188.54545454545453,5.239339115991102,4.176438331604004,-0.435726959494277,6.66,0.6844514613323672,2,-1.0866870944745504,0,-0.2088879996334169,44,44,44,1,5.270803261157267,-0.06044667501520529,5.2997857910063075,5.299807032934197
1110,provo:21:44,21,44,mental,mental,257.3333333333333,5.550372261356666,7.758225440979004,0.32250181836175984,4.83,-0.6550666167106671,6,0.49493274972471196,0,-0.2088879996334169,45,45,45,1,5.524279641047491,0.19141416645690512,5.358958094899761,5.357793723947987
1111,provo:21:45,21,45,practice,practice,234.53125,5.457588841267836,9.596224784851074,0.7115880352830934,5.06,-0.48671188559050466,8,1.2857426718243432,0,-0.2088879996334169,46,46,46,1,5.4327813703612,0.09809451406725866,5.3594943272005775,5.363778780805396
1112,provo:21:46,21,46,as,as,214.46153846153845,5.368130414418878,5.038208961486816,-0.2532986711747376,6.77,0.7649689414333143,2,-1.0866870944745504,0,-0.2088879996334169,47,47,47,1,5.402482759179298,0.07113544538728611,5.296994969031592,5.299695375158191
1113,provo:21:47,21,47,by,by,241.04444444444445,5.484981333269898,11.34911823272705,1.082658178792202,6.66,0.6844514613323672,2,-1.0866870944745504,0,-0.2088879996334169,48,48,48,1,5.516445478436063,0.1851955422635907,5.2997857910063075,5.317367504510523
1114,provo:21:48,21,48,real,real,199.66071428571428,5.296619497412219,7.120022773742676,0.18740064857517746,5.6,-0.09144425600403548,4,-0.2958771723749192,0,-0.2088879996334169,49,49,49,1,5.2954980876482844,-0.03643125632566857,5.333050753737887,5.334550765230231
1115,provo:21:49,21,49,practice.,practice,202.48101265822783,5.3106461174996875,5.011533737182617,-0.2589455513788316,5.06,-0.48671188559050466,8,1.2857426718243432,1,4.7854341734200965,50,51,51,2,5.276750195920195,-0.05370617117108978,5.364352288670777,5.360286573636543
1117,provo:22:3,22,3,smoke,smoke,205.4090909090909,5.325003556052963,14.964975357055664,1.8480992406313377,4.67,-0.7721829514029543,5,0.0995277886748964,0,-0.2088879996334169,1,1,1,1,5.297086824844866,-0.033043628129565406,5.358047184182529,5.374680860530343
1118,provo:22:4,22,4,came,came,227.0857142857143,5.425327542182294,11.468088150024414,1.1078429293760395,5.5,-0.1646419651867147,4,-0.2958771723749192,0,-0.2088879996334169,2,2,2,1,5.421580496423582,0.09160722533962229,5.333720316842672,5.345971750696016
1119,provo:22:5,22,5,out,out,213.98245614035088,5.365894031008688,1.9868085384368896,-0.8992498522102457,6.38,0.4794978756208646,3,-0.6912821334247348,0,-0.2088879996334169,3,3,3,1,5.387629488696749,0.0578156191466741,5.308078411862014,5.3005097453707055
1120,provo:22:6,22,6,of,of,204.12121212121212,5.318713994455682,1.0603729486465454,-1.0953670706709606,7.4,1.2261145092841956,2,-1.0866870944745504,0,-0.2088879996334169,4,4,4,1,5.3696078459832055,0.0399595929685681,5.278754401487114,5.274664286209764
1121,provo:22:7,22,7,it.,it,168.80555555555554,5.128747493679245,5.54005241394043,-0.14706339364163085,6.95,0.8967248179621378,2,-1.0866870944745504,1,4.7854341734200965,5,6,6,2,5.15873753255741,-0.16806205531546414,5.296809548994709,5.305788041783851
1122,provo:22:8,22,8,There,there,214.64406779661016,5.368981157655129,6.179470062255859,-0.011705024420633679,6.31,0.42825947919298873,5,0.0995277886748964,0,-0.2088879996334169,7,7,7,1,5.384124856761395,0.054067208090868846,5.31491394956426,5.317994266677025
1123,provo:22:9,22,9,came,came,215.65,5.373656723093852,10.408774375915527,0.8835967182580367,5.5,-0.1646419651867147,4,-0.2958771723749192,0,-0.2088879996334169,8,8,8,1,5.36990967733514,0.03993640625118022,5.333720316842672,5.343187582375558
1124,provo:22:10,22,10,also,also,199.88135593220335,5.297723970184251,8.060029983520508,0.38639084427390447,6.19,0.34042222817377393,4,-0.2958771723749192,0,-0.2088879996334169,9,9,9,1,5.312093812789508,-0.017848827215368956,5.31557279739962,5.322879589018055
1125,provo:22:11,22,11,children's,children's,189.3918918918919,5.2438183703947185,17.621170043945312,2.4103892901757584,4.47,-0.9185783697683134,10,2.0765525939239744,0,-0.2088879996334169,10,11,11,2,5.19876583373344,-0.13197517686382465,5.375793547258543,5.398336834297301
1126,provo:22:12,22,12,"voices,",voices,200.18571428571428,5.299245507120859,8.19839859008789,0.41568210482275836,4.35,-1.0064156207875288,6,0.49493274972471196,0,-0.2088879996334169,12,13,13,2,5.260549834036747,-0.06971516046535786,5.368960667586217,5.36596726553257
1127,provo:22:13,22,13,for,for,209.12121212121212,5.342914046154122,8.363082885742188,0.4505441355389917,7.01,0.9406434434717452,3,-0.6912821334247348,0,-0.2088879996334169,14,14,14,1,5.381191010609286,0.05140510856619862,5.291508937587923,5.304362621092645
1128,provo:22:14,22,14,so,so,202.80392156862743,5.312239608653478,10.102821350097656,0.8188294996145701,6.52,0.5819746684766156,2,-1.0866870944745504,0,-0.2088879996334169,15,15,15,1,5.340027863426953,0.01034054468826806,5.30189906396521,5.3164573811153115
1129,provo:22:15,22,15,safe,safe,219.90769230769232,5.393207877884287,16.66718292236328,2.2084396859141697,5.07,-0.4793921146722362,4,-0.2958771723749192,0,-0.2088879996334169,16,16,16,1,5.378170597348029,0.04817823733072757,5.34502964055356,5.3684450758436615
1130,provo:22:16,22,16,did,did,208.44444444444449,5.339672552229951,5.141601085662842,-0.23141158476786103,5.96,0.17206749705361085,3,-0.6912821334247348,0,-0.2088879996334169,17,17,17,1,5.350380338739944,0.020547824185209507,5.319124728044741,5.317405228450224
1131,provo:22:17,22,17,the,the,213.59259259259255,5.364070427611083,2.970609188079834,-0.6909890199904023,7.73,1.4676669495870378,3,-0.6912821334247348,0,-0.2088879996334169,18,18,18,1,5.42125197122865,0.0914980320506924,5.272572395560391,5.275440310381097
1132,provo:22:18,22,18,boys,boys,187.72,5.234951490926217,9.636038780212402,0.7200162629031468,5.03,-0.508671198345308,4,-0.2958771723749192,0,-0.2088879996334169,19,19,19,1,5.218863955992047,-0.11113017973998307,5.3460816706662,5.350784704125184
1133,provo:22:19,22,19,feel,feel,183.65,5.213031772265676,7.062443256378174,0.17521163628950734,5.67,-0.040205859576159644,4,-0.2958771723749192,0,-0.2088879996334169,20,20,20,1,5.213748307698087,-0.116217416598273,5.329249188863949,5.3309100042960935
1134,provo:22:20,22,20,in,in,188.2439024390244,5.2377384753932565,5.502742290496826,-0.15496157643040015,7.27,1.1309574873467116,2,-1.0866870944745504,0,-0.2088879996334169,21,21,21,1,5.285219000127569,-0.04443502395993981,5.282173499353196,5.289003143194556
1135,provo:22:21,22,21,their,their,192.66101694915255,5.260932255780991,1.9004662036895752,-0.9175276674330819,6.33,0.442899021029525,5,0.0995277886748964,0,-0.2088879996334169,22,22,22,1,5.276601082086213,-0.05345567872694801,5.3143879345079394,5.306338160461976
1136,provo:22:22,22,22,hiding-place,hiding-place,162.55555555555554,5.091019823683905,16.369461059570312,2.1454149227796777,4.3,-1.0430144753788684,12,2.8673625160236056,0,-0.2088879996334169,23,25,25,3,5.036749892446055,-0.2942393365584852,5.3852591602423905,5.40356057904101
1137,provo:22:23,22,23,that,that,188.38636363636363,5.238494979673265,2.7153913974761963,-0.7450160929423403,7.01,0.9406434434717452,4,-0.2958771723749192,0,-0.2088879996334169,26,26,26,1,5.2743950374357045,-0.0555112004172198,5.294006180090485,5.292034473706855
1138,provo:22:24,22,24,they,they,193.05769230769232,5.262989068110099,0.8045493960380554,-1.1495223774264678,6.5,0.56733512664008,4,-0.2958771723749192,0,-0.2088879996334169,27,27,27,1,5.285498382299169,-0.044430495916555124,5.307419564026654,5.297459749780056
1139,provo:22:25,22,25,were,were,199.58490566037736,5.296239738073804,3.803710460662842,-0.514629750036151,6.34,0.45021879194779274,4,-0.2958771723749192,0,-0.2088879996334169,28,28,28,1,5.314548034671229,-0.015387946403413011,5.311627684477217,5.30862001650419
1140,provo:22:26,22,26,gaily,gaily,216.82432432432432,5.379087460339788,15.73764991760254,2.011666775449491,2.2,-2.5801663682151372,5,0.0995277886748964,0,-0.2088879996334169,29,30,30,2,5.28631752006067,-0.04392258329830412,5.423010043638092,5.4273103146815265
1141,provo:22:27,22,27,chattering.,chattering,211.77777777777777,5.355537506877928,17.99405288696289,2.4893248867679407,2.83,-2.1190208003642566,10,2.0765525939239744,1,4.7854341734200965,31,33,33,3,5.258336089229431,-0.06960908373927044,5.4251465906171985,5.443044285895991
1142,provo:22:28,22,28,The,the,200.71428571428572,5.3018824327125325,3.6223089694976807,-0.5530306451053789,7.73,1.4676669495870378,3,-0.6912821334247348,0,-0.2088879996334169,34,34,34,1,5.359063976330099,0.029310037152141533,5.272572395560391,5.277153156876839
1143,provo:22:29,22,29,pirates,pirates,250.66233766233765,5.524106765168524,14.454809188842772,1.7401021267841503,3.99,-1.2699273738451746,7,0.8903377107745275,0,-0.2088879996334169,35,35,35,1,5.473581895810486,0.14318058406597878,5.380926181102545,5.392301079082351
1144,provo:22:30,22,30,listened,listened,224.46052631578948,5.413699862394188,10.285139083862305,0.8574243541473883,4.21,-1.1088924136432798,8,1.2857426718243432,0,-0.2088879996334169,36,36,36,1,5.366574485531937,0.0360626044086052,5.377637257985583,5.3793508163392865
1145,provo:22:31,22,31,"grimly,",grimly,228.84285714285716,5.4330355546521245,14.973628997802734,1.8499311304805368,2.57,-2.309334844239223,6,0.49493274972471196,0,-0.2088879996334169,37,39,39,3,5.347603560860961,0.017259547053396496,5.415776007598728,5.420238243202099
1146,provo:22:32,22,32,and,and,169.9375,5.135430722392689,2.540623903274536,-0.7820126367041523,7.41,1.2334342802024634,3,-0.6912821334247348,0,-0.2088879996334169,40,40,40,1,5.184210230826966,-0.145557914068827,5.280988636461516,5.280865481667734
1147,provo:22:33,22,33,then,then,190.74545454545455,5.250939840499015,4.0855255126953125,-0.4549723008469663,6.07,0.2525849771545585,4,-0.2958771723749192,0,-0.2088879996334169,41,41,41,1,5.262158919910538,-0.06778904723852719,5.318728887737542,5.314891730874076
1148,provo:22:34,22,34,replaced,replaced,198.9041095890411,5.292822847230396,13.844199180603027,1.610842049019486,4.55,-0.8600202024221698,8,1.2857426718243432,0,-0.2088879996334169,42,42,42,1,5.2546246327503905,-0.07587215479774123,5.368695002028137,5.381740009678235
1149,provo:22:35,22,35,the,the,214.7878787878788,5.369650930818437,1.484644055366516,-1.0055530887383366,7.73,1.4676669495870378,3,-0.6912821334247348,0,-0.2088879996334169,43,43,43,1,5.4268324744360035,0.09707853525804566,5.272572395560391,5.271534784795644
1150,provo:22:36,22,36,mushroom.,mushroom,195.8875,5.277540514849334,20.609865188598633,3.0430663861939475,3.63,-1.533439126902821,8,1.2857426718243432,1,4.7854341734200965,44,45,45,2,5.206097998544513,-0.12157098850992654,5.3991115033592605,5.4285000511164645
1151,provo:22:37,22,37,They,they,195.25581395348837,5.274310565246961,3.7680106163024902,-0.5221870527267968,6.5,0.56733512664008,4,-0.2958771723749192,0,-0.2088879996334169,46,46,46,1,5.296819879436031,-0.03310899877969309,5.307419564026654,5.305248541968004
1152,provo:22:38,22,38,looked,looked,232.43055555555551,5.448591494629372,4.7786760330200195,-0.30823921597979037,5.11,-0.4501130309991644,6,0.49493274972471196,0,-0.2088879996334169,47,47,47,1,5.429850655105574,0.09961939918332874,5.348972095446043,5.341410476711642
1153,provo:22:39,22,39,around,around,207.5072463768116,5.335166261358871,5.770049095153809,-0.09837537920020449,5.77,0.03299184960651957,6,0.49493274972471196,0,-0.2088879996334169,48,48,48,1,5.33375461940061,0.0035526627713986514,5.331613598587472,5.330495790386126
1154,provo:22:40,22,40,them,them,197.48888888888888,5.285682323968155,5.356897830963135,-0.18583540084611233,6.19,0.34042222817377393,4,-0.2958771723749192,0,-0.2088879996334169,49,49,49,1,5.300052166573412,-0.02989047343146467,5.31557279739962,5.315775013311493
1155,provo:22:41,22,41,and,and,192.6,5.260615499364025,4.40740966796875,-0.38683262023183657,7.41,1.2334342802024634,3,-0.6912821334247348,0,-0.2088879996334169,50,50,50,1,5.309395007798302,-0.02037313709749089,5.280988636461516,5.2857719087473924
1156,provo:22:42,22,42,noted,noted,222.5820895522388,5.405295975371816,9.203072547912598,0.6283616091940105,4.69,-0.7575434095664181,5,0.0995277886748964,0,-0.2088879996334169,51,51,51,1,5.377904371362675,0.04777480624560759,5.357521169126208,5.359127287500885
1157,provo:22:43,22,43,the,the,182.97142857142856,5.209330012627191,2.302577257156372,-0.8324047488111165,7.73,1.4676669495870378,3,-0.6912821334247348,0,-0.2088879996334169,52,52,52,1,5.266511556244758,-0.06324238293319961,5.272572395560391,5.273684538498781
1158,provo:22:44,22,44,holes,holes,210.2608695652174,5.348348995805534,10.10312843322754,0.8188945060650269,4.35,-1.0064156207875288,5,0.0995277886748964,0,-0.2088879996334169,53,53,53,1,5.312030229414146,-0.018114429278120348,5.366463425083654,5.36845787894896
1159,provo:22:45,22,45,in,in,202.1764705882353,5.309140932793618,1.199483871459961,-1.0659186691411313,7.27,1.1309574873467116,2,-1.0866870944745504,0,-0.2088879996334169,54,54,54,1,5.35662145752793,0.026967433440421296,5.282173499353196,5.2776929950044185
1160,provo:22:46,22,46,the,the,200.96,5.303105883279834,0.3515146970748901,-1.2454253263265094,7.73,1.4676669495870378,3,-0.6912821334247348,0,-0.2088879996334169,55,55,55,1,5.360287426897401,0.030533487719442753,5.272572395560391,5.268556608792042
1161,provo:22:47,22,47,seven,seven,247.22222222222223,5.5102876172641215,15.010974884033203,1.8578368838963004,5.08,-0.4720723437539684,5,0.0995277886748964,0,-0.2088879996334169,56,56,56,1,5.493135993634615,0.1630237417361604,5.347263875527961,5.366402793325567
1162,provo:22:48,22,48,trees.,trees,233.74074074074073,5.45421255557991,7.841850280761719,0.34020436687473354,4.69,-0.7575434095664181,5,0.0995277886748964,1,4.7854341734200965,57,58,58,2,5.4177325008979125,0.09047157771331538,5.363740977866595,5.365681166801117
1164,provo:23:3,23,3,nucleus,nucleus,189.26829268292684,5.243165546472957,18.204124450683594,2.5337949516149965,3.59,-1.5627182105758928,7,0.8903377107745275,0,-0.2088879996334169,1,1,1,1,5.182138133135806,-0.14828352935946132,5.391449075832418,5.407707116426236
1165,provo:23:4,23,4,has,has,222.43859649122808,5.404651092693398,7.178027629852295,0.19967970085123143,6.37,0.4721781047025968,3,-0.6912821334247348,0,-0.2088879996334169,2,2,2,1,5.426123986781982,0.09339589556411543,5.311255197129283,5.316413456623989
1166,provo:23:5,23,5,all,all,218.48387096774192,5.386712194729757,9.877208709716797,0.7710695431009339,6.52,0.5819746684766156,3,-0.6912821334247348,0,-0.2088879996334169,3,3,3,1,5.412123542810508,0.07934901454654053,5.307363180183216,5.3194040419711675
1167,provo:23:6,23,6,of,of,210.48648648648648,5.3494214538478655,3.2559986114501953,-0.6305749118685751,7.4,1.2261145092841956,2,-1.0866870944745504,0,-0.2088879996334169,4,4,4,1,5.400315305375389,0.06690689757391421,5.282514556273951,5.283943655338676
1168,provo:23:7,23,7,its,its,205.5084745762712,5.325487271899965,1.9890629053115845,-0.8987726251199574,6.14,0.30382337358243366,3,-0.6912821334247348,0,-0.2088879996334169,5,5,5,1,5.340921203200558,0.008264315453381244,5.317222956446583,5.30944451754231
1169,provo:23:8,23,8,proton,proton,232.05714285714285,5.44698364675683,11.406526565551758,1.0948109530099934,3.42,-1.6871543161864477,6,0.49493274972471196,0,-0.2088879996334169,6,7,7,2,5.383869558921281,0.05313907621121672,5.393844570545613,5.393791072524671
1170,provo:23:9,23,9,shells,shells,220.7972972972973,5.397245073826654,12.181089401245115,1.2587782169334376,3.93,-1.3138459993547822,6,0.49493274972471196,0,-0.2088879996334169,8,8,8,1,5.347521729564474,0.016633360897664318,5.38061171292899,5.384890044737936
1171,provo:23:10,23,10,or,or,191.72,5.25603597429143,10.059884071350098,0.8097401039036937,6.54,0.5966142103131519,2,-1.0866870944745504,0,-0.2088879996334169,9,9,9,1,5.284349356263861,-0.04879281247329814,5.304828786764729,5.317358126940062
1172,provo:23:11,23,11,neutron,neutron,248.33783783783784,5.514790068491255,7.781771183013916,0.3274862182330186,3.44,-1.6725147743499118,7,0.8903377107745275,0,-0.2088879996334169,10,10,10,1,5.449824201161936,0.11944897571277124,5.395341092778484,5.387189529536839
1173,provo:23:12,23,12,shells,shells,192.03333333333333,5.257668968070227,6.243476390838623,0.0018444800067328197,3.93,-1.3138459993547822,6,0.49493274972471196,0,-0.2088879996334169,11,11,11,1,5.2079456238080475,-0.12294274485876233,5.38061171292899,5.3714151991874495
1174,provo:23:13,23,13,loaded,loaded,209.61428571428573,5.345269107158108,11.3604736328125,1.0850620042753862,4.25,-1.079613329970208,6,0.49493274972471196,0,-0.2088879996334169,12,12,12,1,5.303947798079219,-0.027039636285941526,5.37230874344405,5.376339845973609
1175,provo:23:14,23,14,to,to,201.47222222222223,5.305651516907303,5.360471725463867,-0.18507884285516307,7.43,1.2480738220389989,2,-1.0866870944745504,0,-0.2088879996334169,13,13,13,1,5.35733305923326,0.023915364022564667,5.281736152884738,5.288092566389925
1176,provo:23:15,23,15,full,full,206.43396226415095,5.329980565924668,9.882951736450195,0.772285284854502,5.54,-0.13536288151364287,4,-0.2958771723749192,0,-0.2088879996334169,14,14,14,1,5.327283774563867,-0.004825916131857788,5.334806482056526,5.341941223532273
1177,provo:23:16,23,16,"capacity,",capacity,196.68571428571428,5.281607095842016,5.232658386230469,-0.2121356580821153,4.71,-0.7429038677298826,8,1.2857426718243432,0,-0.2088879996334169,15,16,16,2,5.247609898953656,-0.08279704461879067,5.364404140460807,5.356904485644144
1178,provo:23:17,23,17,the,the,201.0952380952381,5.30377861721052,4.831464767456055,-0.2970643648862573,7.73,1.4676669495870378,3,-0.6912821334247348,0,-0.2088879996334169,17,17,17,1,5.360960160828087,0.027811040392234254,5.275967576818286,5.282664625280301
1179,provo:23:18,23,18,layers,layers,192.8552631578947,5.26193997574097,12.970970153808594,1.4259881318110192,4.17,-1.1381714973163517,6,0.49493274972471196,0,-0.2088879996334169,18,18,18,1,5.218518157866257,-0.11244451007431522,5.374384485815285,5.3816666864054055
1180,provo:23:19,23,19,can,can,238.1086956521739,5.472727273834652,6.107183933258057,-0.02700728040968706,6.46,0.5380560429670082,3,-0.6912821334247348,0,-0.2088879996334169,19,19,19,1,5.496563240318536,0.16380728687300916,5.308919986961643,5.312102310176056
1181,provo:23:20,23,20,align,align,199.84722222222223,5.297553185747362,14.64071559906006,1.7794566685004096,3.63,-1.533439126902821,5,0.0995277886748964,0,-0.2088879996334169,20,20,20,1,5.242329840193572,-0.08882710324807963,5.386380288995442,5.394699341794404
1182,provo:23:21,23,21,so,so,199.73809523809524,5.297006984562926,6.755336284637451,0.11020013874836265,6.52,0.5819746684766156,2,-1.0866870944745504,0,-0.2088879996334169,21,21,21,1,5.324795239336401,-0.008340737794611641,5.305347722357538,5.310276764501415
1183,provo:23:22,23,22,well,well,199.25806451612905,5.294600791210753,6.566920280456543,0.07031434090050101,6.03,0.2233058934814867,4,-0.2958771723749192,0,-0.2088879996334169,22,22,22,1,5.304769616224365,-0.027491768821957585,5.3220925600327105,5.32417497584911
1184,provo:23:23,23,23,that,that,202.1190476190476,5.308856868454599,0.6809012293815613,-1.1756974669628342,7.01,0.9406434434717452,4,-0.2958771723749192,0,-0.2088879996334169,23,23,23,1,5.3447569262170385,0.012192152469518547,5.296664715985081,5.290335555761026
1185,provo:23:24,23,24,each,each,215.640625,5.373613248928368,6.524922847747803,0.06142390126703106,5.69,-0.02556631773962341,4,-0.2958771723749192,0,-0.2088879996334169,24,24,24,1,5.374854911559734,0.042698783817908925,5.330914465110459,5.33118554945664
1186,provo:23:25,23,25,shell,shell,193.64705882352945,5.266037217740744,5.942870140075684,-0.06179087943026092,4.39,-0.977136537114457,5,0.0995277886748964,0,-0.2088879996334169,25,25,25,1,5.230768705747269,-0.10062351872796427,5.366660736468709,5.359076674411604
1187,provo:23:26,23,26,can,can,212.6122448979592,5.359470060194511,2.455274820327759,-0.8000801903799376,6.46,0.5380560429670082,3,-0.6912821334247348,0,-0.2088879996334169,26,26,26,1,5.383306026678395,0.05055007323286809,5.308919986961643,5.303814651284358
1188,provo:23:27,23,27,spoon,spoon,228.7,5.432411101028736,17.97286605834961,2.4848398454532163,3.88,-1.3504448539461222,5,0.0995277886748964,0,-0.2088879996334169,27,27,27,1,5.383751845461891,0.052517506943403625,5.379893594085332,5.397036425164865
1189,provo:23:28,23,28,intimately,intimately,234.88888888888889,5.459112589093963,21.772510528564453,3.2891868641237836,3.24,-1.8189101927152707,10,2.0765525939239744,0,-0.2088879996334169,28,28,28,1,5.381764729696913,0.052535766910353665,5.4065768221836095,5.429247565721473
1190,provo:23:29,23,29,with,with,201.1590909090909,5.3040960920506155,3.624332427978515,-0.5526022990300498,6.85,0.8235271087794579,4,-0.2958771723749192,0,-0.2088879996334169,29,29,29,1,5.335795132221409,0.0032798913230642768,5.300816200727551,5.300359336534481
1191,provo:23:30,23,30,its,its,209.25925925925927,5.343573958136157,2.8017795085906982,-0.7267285873169514,6.14,0.30382337358243366,3,-0.6912821334247348,0,-0.2088879996334169,30,30,30,1,5.359007889436751,0.026351001689573827,5.317222956446583,5.311288900240595
1192,provo:23:31,23,31,attractive,attractive,216.17333333333335,5.3760805550137585,16.009357452392578,2.0691845635667407,4.53,-0.8746597442587054,10,2.0765525939239744,0,-0.2088879996334169,31,31,31,1,5.332603399949348,0.002975078566314515,5.373105476447444,5.389208085113711
1193,provo:23:32,23,32,"neighbors,",neighbors,238.48648648648648,5.474312648289114,10.806488990783691,0.9677889544681872,4.24,-1.086933100888476,9,1.6811476328741586,0,-0.2088879996334169,32,33,33,2,5.425598055532572,0.09569806357162225,5.378614584717492,5.381419085930502
1194,provo:23:33,23,33,forming,forming,228.4788732394366,5.4314437475889745,4.833591461181641,-0.29661416493433823,4.21,-1.1088924136432798,7,0.8903377107745275,0,-0.2088879996334169,34,34,34,1,5.386695277419449,0.05608167513362794,5.375362072455347,5.36440618276906
1195,provo:23:34,23,34,a,a,131.5909090909091,4.87969793664878,1.1998579502105713,-1.0658394803827724,7.36,1.1968354256111238,1,-1.482092055524366,0,-0.2088879996334169,35,35,35,1,4.931918440471118,-0.4018390329851096,5.28153696963389,5.278070940513576
1196,provo:23:35,23,35,more,more,220.0909090909091,5.3940406841396875,7.031167507171631,0.16859087062888523,6.36,0.464858333784329,4,-0.2958771723749192,0,-0.2088879996334169,36,36,36,1,5.412874107936068,0.08051056138832102,5.3135301227513665,5.318331654366691
1197,provo:23:36,23,36,compact,compact,179.6578947368421,5.191054457691894,4.608327388763428,-0.34430033307020463,4.06,-1.2186889774172993,7,0.8903377107745275,0,-0.2088879996334169,37,37,37,1,5.142367533530201,-0.1881996317095176,5.379254089401412,5.367029915755131
1198,provo:23:37,23,37,sphere,sphere,236.8219178082192,5.467308457038331,7.491151332855225,0.26596488067787283,3.91,-1.3284855411913181,6,0.49493274972471196,0,-0.2088879996334169,38,38,38,1,5.417059985577195,0.08617780851653212,5.381130648521799,5.374664671391198
1199,provo:23:38,23,38,that,that,234.2173913043478,5.456249706751384,4.169862270355225,-0.4371190463859623,7.01,0.9406434434717452,4,-0.2958771723749192,0,-0.2088879996334169,39,39,39,1,5.492149764513823,0.1595849907663034,5.296664715985081,5.298253419568653
1200,provo:23:39,23,39,fits,fits,220.0597014925373,5.393898879958693,8.009307861328125,0.3756534744789403,4.27,-1.0649737881336725,4,-0.2958771723749192,0,-0.2088879996334169,40,40,40,1,5.357856511464209,0.026139987758810435,5.367758892199882,5.364231729842207
1201,provo:23:40,23,40,well,well,215.66666666666663,5.373734005832791,6.972568988800049,0.1561861459447283,6.03,0.2233058934814867,4,-0.2958771723749192,0,-0.2088879996334169,41,41,41,1,5.383902830846403,0.051641445800080454,5.3220925600327105,5.325095556844049
1202,provo:23:41,23,41,within,within,214.1384615384615,5.366622822331763,3.2164394855499268,-0.6389491861535835,5.44,-0.2085605906963221,6,0.49493274972471196,0,-0.2088879996334169,42,42,42,1,5.3565465815907345,0.025190746659834673,5.3414320756719285,5.3329871487235145
1203,provo:23:42,23,42,the,the,218.4814814814815,5.386701257998746,0.7024365067481995,-1.1711386625057636,7.73,1.4676669495870378,3,-0.6912821334247348,0,-0.2088879996334169,43,43,43,1,5.443882801616313,0.11073368118046023,5.275967576818286,5.273294190058417
1204,provo:23:43,23,43,strong,strong,217.36486486486487,5.381577346468957,11.253442764282228,1.062404631807278,5.22,-0.3695955508982174,6,0.49493274972471196,0,-0.2088879996334169,44,44,44,1,5.365724706539416,0.03443697927613254,5.347140367192824,5.355824284093487
1205,provo:23:44,23,44,nuclear,nuclear,224.13432835820896,5.412245552289314,7.414360523223877,0.24970902851263563,4.73,-0.7282643258933463,7,0.8903377107745275,0,-0.2088879996334169,45,45,45,1,5.3811503892926345,0.05037580524699603,5.361869747042318,5.359395170927348
1206,provo:23:45,23,45,force's,force's,208.421875,5.339564270781373,12.219767570495604,1.2669660014401567,2.92,-2.053142862099845,7,0.8903377107745275,0,-0.2088879996334169,46,47,47,2,5.260945096279207,-0.06926914741013945,5.408833418191512,5.40812895911505
1207,provo:23:46,23,46,area,area,264.6333333333333,5.578345220062958,9.346916198730469,0.6588118822648231,5.46,-0.1939210488597865,4,-0.2958771723749192,0,-0.2088879996334169,48,48,48,1,5.573547919906334,0.2414629956351968,5.336882224427761,5.342396714499281
1208,provo:23:47,23,47,of,of,211.3,5.353278924622011,0.7466140985488892,-1.1617867048330182,7.4,1.2261145092841956,2,-1.0866870944745504,0,-0.2088879996334169,49,49,49,1,5.404172776149535,0.0707643683480601,5.282514556273951,5.278248846889747
1209,provo:23:48,23,48,influence.,influence,239.40298507462688,5.478148262029539,3.207106113433838,-0.6409249683865182,4.78,-0.6916654713020067,9,1.6811476328741586,1,4.7854341734200965,50,51,51,2,5.434523652971943,0.09759143989181673,5.380556822137723,5.3706849019947
1211,provo:24:3,24,3,have,have,206.7076923076923,5.331305680836546,7.11582612991333,0.18651226073283664,6.71,0.7210503159237068,4,-0.2958771723749192,0,-0.2088879996334169,2,2,2,1,5.35932883061465,0.026416857934430382,5.304888822902115,5.312123711096209
1212,provo:24:4,24,4,a,a,200.95,5.30305612089521,4.536006450653076,-0.3596099578028657,7.36,1.1968354256111238,1,-1.482092055524366,0,-0.2088879996334169,3,3,3,1,5.355276624717548,0.024215899761071746,5.278840221134138,5.28348558351892
1213,provo:24:5,24,5,halo,halo,214.16901408450704,5.366765488747067,14.136028289794922,1.6726193747087275,3.75,-1.4456018758836053,4,-0.2958771723749192,0,-0.2088879996334169,4,5,5,2,5.317069813079736,-0.01322181638377451,5.379987305130841,5.389088959202765
1214,provo:24:6,24,6,that,that,197.68965517241375,5.286698402921909,4.415826320648193,-0.3850508984041854,7.01,0.9406434434717452,4,-0.2958771723749192,0,-0.2088879996334169,6,6,6,1,5.322598460684348,-0.010579087321889169,5.297277490243798,5.299454863255047
1215,provo:24:7,24,7,makes,makes,228.0,5.429345628954441,4.881200790405273,-0.2865357425129454,5.46,-0.1939210488597865,5,0.0995277886748964,0,-0.2088879996334169,7,7,7,1,5.422171422105092,0.08955712630657597,5.339788502647865,5.334961976026216
1216,provo:24:8,24,8,owners,owners,236.44871794871796,5.4657313469932145,16.23371124267578,2.1166780340101825,4.65,-0.7868224932394899,6,0.49493274972471196,0,-0.2088879996334169,8,8,8,1,5.434912581893438,0.10220645249846338,5.363524894494751,5.382178935912243
1217,provo:24:9,24,9,feel,feel,205.75438596491227,5.326683156291883,3.774015426635742,-0.5209158939836315,5.67,-0.040205859576159644,4,-0.2958771723749192,0,-0.2088879996334169,9,9,9,1,5.327399691724294,-0.004591619825730753,5.331274776117613,5.324945251537988
1218,provo:24:10,24,10,righteous,righteous,207.3896103896104,5.334599199987183,14.265345573425291,1.6999945600362067,3.8,-1.4090030212922657,9,1.6811476328741586,0,-0.2088879996334169,10,10,10,1,5.274331808853616,-0.060048518047755906,5.394647718034939,5.40372105474682
1219,provo:24:11,24,11,and,and,180.5625,5.196076978226454,2.814251184463501,-0.7240884573298563,7.41,1.2334342802024634,3,-0.6912821334247348,0,-0.2088879996334169,11,11,11,1,5.244856486660731,-0.08786627480349107,5.283943253029945,5.284390645461379
1220,provo:24:12,24,12,their,their,228.78333333333333,5.4327754130295585,6.991668701171875,0.1602293654680736,6.33,0.442899021029525,5,0.0995277886748964,0,-0.2088879996334169,12,12,12,1,5.44844423933478,0.11505977509081156,5.317715637938747,5.322559008299896
1221,provo:24:13,24,13,neighbors,neighbors,225.9873417721519,5.42047898784594,7.81492805480957,0.3345051988735333,4.24,-1.086933100888476,9,1.6811476328741586,0,-0.2088879996334169,13,13,13,1,5.371764395089398,0.036994557709865816,5.3834844301360745,5.379042927118134
1222,provo:24:14,24,14,feel,feel,216.5471698113207,5.377808398128546,1.0245660543441772,-1.1029470347717423,5.67,-0.040205859576159644,4,-0.2958771723749192,0,-0.2088879996334169,14,14,14,1,5.378524933560957,0.046533622010932696,5.331274776117613,5.318213928208599
1223,provo:24:15,24,15,guilty,guilty,187.52631578947367,5.233919186439396,5.324911594390869,-0.19260656962968503,4.61,-0.8161015769125618,6,0.49493274972471196,0,-0.2088879996334169,15,15,15,1,5.202050166941707,-0.13062055240979742,5.364539738849193,5.35627934291959
1224,provo:24:16,24,16,for,for,136.93478260869566,4.919504773132834,3.773344039916992,-0.521058019887735,7.01,0.9406434434717452,3,-0.6912821334247348,0,-0.2088879996334169,16,16,16,1,4.9577817375879984,-0.37458692344153377,5.294091696574368,5.2948168577497885
1225,provo:24:17,24,17,not,not,216.41463414634143,5.37719617013103,2.8502604961395264,-0.7164656434802877,6.69,0.7064107740871713,3,-0.6912821334247348,0,-0.2088879996334169,17,17,17,1,5.407071099402904,0.07498571872112336,5.302210451409906,5.299019418923771
1226,provo:24:18,24,18,doing,doing,188.82608695652175,5.240826416605672,3.433344602584839,-0.5930325259004843,5.6,-0.09144425600403548,5,0.0995277886748964,0,-0.2088879996334169,18,18,18,1,5.237328100149012,-0.09541013080164529,5.336236547407317,5.328589929003707
1227,provo:24:19,24,19,as,as,169.65853658536585,5.133787808769866,7.319097518920898,0.2295427960923772,6.77,0.7649689414333143,2,-1.0866870944745504,0,-0.2088879996334169,19,19,19,1,5.168140153530286,-0.16320716026172555,5.296994969031592,5.305279547215739
1228,provo:24:20,24,20,much,much,210.75,5.350672596881965,3.3423142433166504,-0.6123027493805611,6.0,0.20134658072668266,4,-0.2958771723749192,0,-0.2088879996334169,20,20,20,1,5.3600537310971434,0.0277702866884999,5.322902310193465,5.317223893616819
1229,provo:24:21,24,21,to,to,191.12121212121212,5.252907845197171,2.7674360275268555,-0.7339987613611323,7.43,1.2480738220389989,2,-1.0866870944745504,0,-0.2088879996334169,21,21,21,1,5.304589387523128,-0.027342191986122977,5.280250037183294,5.28080707256369
1230,provo:24:22,24,22,save,save,218.5873015873016,5.3871854843355935,6.604994297027588,0.07837423228186546,5.14,-0.42815371824436105,4,-0.2958771723749192,0,-0.2088879996334169,22,22,22,1,5.373986148995679,0.042464020521619794,5.344721463813974,5.342579686420218
1231,provo:24:23,24,23,the,the,184.72727272727272,5.218880535900002,3.032034158706665,-0.6779859634194739,7.73,1.4676669495870378,3,-0.6912821334247348,0,-0.2088879996334169,23,23,23,1,5.276062079517569,-0.05694396229440546,5.275824498194408,5.278461336297132
1232,provo:24:24,24,24,planet.,planet,194.91836734693877,5.2725808419241105,5.554807186126709,-0.1439399548272288,4.68,-0.7648631804846866,6,0.49493274972471196,1,4.7854341734200965,24,25,25,2,5.233461316949911,-0.0950408807750085,5.367621722699119,5.3631607485107455
1233,provo:24:25,24,25,They,they,208.16666666666663,5.338339040897522,5.840519905090332,-0.08345740823737444,6.5,0.56733512664008,4,-0.2958771723749192,0,-0.2088879996334169,26,26,26,1,5.360848355086592,0.028122285134585034,5.310216755762937,5.313242462477883
1234,provo:24:26,24,26,also,also,199.47058823529412,5.295666798069423,3.207336187362671,-0.6408762640195225,6.19,0.34042222817377393,4,-0.2958771723749192,0,-0.2088879996334169,27,27,27,1,5.31003664067468,-0.022415001440441173,5.318081799509864,5.313056327942071
1235,provo:24:27,24,27,cost,cost,207.2463768115942,5.333908311650739,11.09238338470459,1.028309959843172,5.24,-0.3549560090616812,4,-0.2958771723749192,0,-0.2088879996334169,28,28,28,1,5.323334612305604,-0.008276041277128776,5.342184352927868,5.351546380778254
1236,provo:24:28,24,28,more,more,201.37704918032787,5.305179017387402,3.2803213596343994,-0.6254260275081567,6.36,0.464858333784329,4,-0.2958771723749192,0,-0.2088879996334169,29,29,29,1,5.324012441183782,-0.008589693616083416,5.313768711003485,5.309801812964327
1237,provo:24:29,24,29,and,and,180.9090909090909,5.1979946449201675,3.976073741912842,-0.4781421542917326,7.41,1.2334342802024634,3,-0.6912821334247348,0,-0.2088879996334169,30,30,30,1,5.246774153354444,-0.08594860810977778,5.283943253029945,5.287235070735902
1238,provo:24:30,24,30,a,a,219.33333333333337,5.390592642657207,8.389874458312988,0.45621564551623994,7.36,1.1968354256111238,1,-1.482092055524366,0,-0.2088879996334169,31,31,31,1,5.442813146479545,0.11175242152306897,5.278840221134138,5.292920793306663
1239,provo:24:31,24,31,new,new,224.80769230769232,5.415245335884687,6.27392578125,0.008290313712943326,6.25,0.38434085368338133,3,-0.6912821334247348,0,-0.2088879996334169,32,32,32,1,5.433567466779537,0.10187159657591582,5.313373739308771,5.316287318116537
1240,provo:24:32,24,32,report,report,217.013698630137,5.379960478875834,10.219539642333984,0.8435376035228555,5.32,-0.2963978417155375,6,0.49493274972471196,0,-0.2088879996334169,33,33,33,1,5.366733474941071,0.03343422731799084,5.346526251557843,5.353923926477556
1241,provo:24:33,24,33,from,from,208.37142857142857,5.339322201494819,2.600675582885742,-0.7693002922097996,6.63,0.6624921485775632,4,-0.2958771723749192,0,-0.2088879996334169,34,34,34,1,5.365244842477101,0.03240368988381981,5.306918511610999,5.302685143966848
1242,provo:24:34,24,34,the,the,196.525,5.280789649679821,0.7844108939170837,-1.15378549842857,7.73,1.4676669495870378,3,-0.6912821334247348,0,-0.2088879996334169,35,35,35,1,5.3379711932973875,0.0049651514854129886,5.275824498194408,5.2729586057975535
1243,provo:24:35,24,35,very,very,202.23333333333332,5.309422146280142,14.44084358215332,1.7371457464720867,6.0,0.20134658072668266,4,-0.2958771723749192,0,-0.2088879996334169,36,36,36,1,5.318803280495321,-0.013480163913322407,5.322902310193465,5.34439580309561
1244,provo:24:36,24,36,green,green,167.10714285714286,5.118635180691013,10.91659450531006,0.9910971989744071,5.13,-0.4354734891626288,5,0.0995277886748964,0,-0.2088879996334169,37,37,37,1,5.102796375058896,-0.2295257878810011,5.348160968572014,5.35640254138169
1245,provo:24:37,24,37,Union,union,213.75384615384615,5.364825101357189,15.053492546081545,1.866837450917112,5.08,-0.4720723437539684,5,0.0995277886748964,0,-0.2088879996334169,38,38,38,1,5.347673477727683,0.01539557734212238,5.349429524015067,5.367540442643525
1246,provo:24:38,24,38,of,of,172.77272727272728,5.151977015630933,0.95680433511734,-1.1172915181220533,7.4,1.2261145092841956,2,-1.0866870944745504,0,-0.2088879996334169,39,39,39,1,5.202870867158456,-0.1290341548181937,5.281011170449126,5.2769800630343715
1247,provo:24:39,24,39,Concerned,concerned,195.91780821917808,5.27769522545995,0.07423947006464,-1.3041217396212745,4.75,-0.7136247840568107,9,1.6811476328741586,0,-0.2088879996334169,40,41,41,2,5.242371376276776,-0.09284993915698525,5.370545164616935,5.349792230112047
1248,provo:24:40,24,40,Scientists,scientists,205.54929577464787,5.32568588728425,0.0412756353616714,-1.3110998562253744,4.5,-0.8966190570135094,10,2.0765525939239744,0,-0.2088879996334169,42,42,42,1,5.281421041421406,-0.054387848217380075,5.38007373550163,5.357825402881975
1249,provo:24:41,24,41,says,says,234.0,5.455321115357702,3.69266676902771,-0.5381365973238504,5.49,-0.17196173610498247,4,-0.2958771723749192,0,-0.2088879996334169,43,43,43,1,5.451311505999511,0.11947953964509761,5.335841575712604,5.328381243632219
1250,provo:24:42,24,42,buyers,buyers,220.04347826086956,5.393825155284929,15.009284019470217,1.8574789446520168,4.16,-1.1454912682346194,6,0.49493274972471196,0,-0.2088879996334169,44,44,44,1,5.350140773810739,0.017868417448259954,5.375956737836669,5.389076934685721
1251,provo:24:43,24,43,aren't,aren't,209.5806451612903,5.345108606395385,8.08721923828125,0.39214653962332774,5.05,-0.49403165650877245,6,0.49493274972471196,0,-0.2088879996334169,45,46,46,2,5.324792385274721,-0.008267844554943338,5.3533764509503285,5.35415621573521
1252,provo:24:44,24,44,always,always,211.76470588235293,5.3554757803879856,6.588891506195068,0.07496543130063038,5.76,0.025672078688251776,6,0.49493274972471196,0,-0.2088879996334169,47,47,47,1,5.353801574830247,0.02011281672900722,5.335362963658978,5.336149282731515
1253,provo:24:45,24,45,getting,getting,205.3571428571429,5.324750623616192,5.8392534255981445,-0.08372550937466079,5.57,-0.11340356875883885,7,0.8903377107745275,0,-0.2088879996334169,48,48,48,1,5.31571080297565,-0.01861864439581673,5.343369268012009,5.341216144151627
1254,provo:24:46,24,46,their,their,202.92,5.312811812698489,4.923393249511719,-0.277604017726934,6.33,0.442899021029525,5,0.0995277886748964,0,-0.2088879996334169,49,49,49,1,5.32848063900371,-0.0049038252402580085,5.317715637938747,5.3174953650338415
1255,provo:24:47,24,47,money's,money's,238.72058823529412,5.475293781134738,1.8895500898361208,-0.9198385003813546,3.1,-1.921386985571022,7,0.8903377107745275,0,-0.2088879996334169,50,51,51,2,5.401400751423173,0.06925787423591956,5.406035906898818,5.381428689796049
1256,provo:24:48,24,48,worth,worth,270.875,5.601657459856523,0.0033809978049248,-1.319121774849947,5.16,-0.4135141764078248,5,0.0995277886748964,0,-0.2088879996334169,52,52,52,1,5.586606345022839,0.2542576245503403,5.347399835306183,5.3290784713905515
1258,provo:25:3,25,3,feet,feet,191.90769230769232,5.257014487190431,9.016349792480469,0.5888342552988989,4.99,-0.5379502820183798,4,-0.2958771723749192,0,-0.2088879996334169,2,2,2,1,5.2398766978583495,-0.09416311868455818,5.351177605874989,5.354609067090852
1259,provo:25:4,25,4,were,were,183.36507936507937,5.211479134741075,3.588038921356201,-0.5602852741287984,6.34,0.45021879194779274,4,-0.2958771723749192,0,-0.2088879996334169,3,3,3,1,5.2297874313385,-0.10323605700856753,5.3147151917496425,5.310992801563703
1260,provo:25:5,25,5,then,then,208.0806451612903,5.337925721680045,9.570459365844728,0.7061337518297311,6.07,0.2525849771545585,4,-0.2958771723749192,0,-0.2088879996334169,4,4,4,1,5.349144801091568,0.015918047105333066,5.322007674574712,5.333682405442586
1261,provo:25:6,25,6,re-wrapped,re-wrapped,207.92207792207793,5.337163384137076,18.28561210632324,2.551045079458799,4.11,-1.182090122825959,10,2.0765525939239744,0,-0.2088879996334169,5,8,8,4,5.282658557894597,-0.04647280778370799,5.383636191920784,5.40803862048216
1262,provo:25:7,25,7,even,even,215.7377049180328,5.374063340705997,13.106115341186523,1.4545970265134665,5.99,0.19402680980841489,4,-0.2958771723749192,0,-0.2088879996334169,9,9,9,1,5.3831819113216985,0.049894930479412736,5.3241684102265845,5.345433861699776
1263,provo:25:8,25,8,tighter,tighter,198.7246376811594,5.291920136240302,3.1479952335357666,-0.6534381549200781,3.58,-1.5700379814941605,7,0.8903377107745275,0,-0.2088879996334169,10,10,10,1,5.230630159303673,-0.1016856824365382,5.39360581867684,5.371582306054302
1264,provo:25:9,25,9,than,than,208.64102564102564,5.340615194567011,5.846129894256592,-0.08226982921622458,6.13,0.2965036026641659,4,-0.2958771723749192,0,-0.2088879996334169,11,11,11,1,5.353409655575401,0.020228071731203556,5.3203871228358075,5.321809619331
1265,provo:25:10,25,10,"before,",before,186.51470588235293,5.228510087891323,3.5142722129821777,-0.5759009540754099,5.93,0.15010818429880682,6,0.49493274972471196,0,-0.2088879996334169,12,13,13,2,5.231299463524707,-0.10017570536589826,5.328685793257221,5.322211096496789
1266,provo:25:11,25,11,causing,causing,209.8235294117647,5.3462668413026755,7.011167049407959,0.16435697224698045,4.53,-0.8746597442587054,7,0.8903377107745275,0,-0.2088879996334169,14,14,14,1,5.30992040631644,-0.0216802415081796,5.367947082810855,5.362802812579755
1267,provo:25:12,25,12,her,her,185.0,5.220355825078324,1.964289307594299,-0.9040169498513488,6.3,0.42093970827472094,3,-0.6912821334247348,0,-0.2088879996334169,15,15,15,1,5.239990773970563,-0.0939913188513879,5.314347143929712,5.305753029881485
1268,provo:25:13,25,13,footprint,footprint,197.02666666666667,5.2833390833673235,18.858875274658203,2.6723992019243146,3.52,-1.6139566070037683,9,1.6811476328741586,0,-0.2088879996334169,16,16,16,1,5.215719911448378,-0.1147841183401539,5.398123201707477,5.420527021417464
1269,provo:25:14,25,14,to,to,198.72222222222223,5.291907981362853,0.0714468136429786,-1.3047129172655365,7.43,1.2480738220389989,2,-1.0866870944745504,0,-0.2088879996334169,17,17,17,1,5.34358952368881,0.009529644161705875,5.2823783372011475,5.275363099951261
1270,provo:25:15,25,15,shrink,shrink,189.74285714285713,5.2456697720513,7.778488636016846,0.32679133561664836,3.73,-1.4602414177201413,6,0.49493274972471196,0,-0.2088879996334169,18,18,18,1,5.190695155799563,-0.14243625163241358,5.388106023683713,5.380221074835926
1271,provo:25:16,25,16,further,further,203.52702702702703,5.3157988070076785,4.686328411102295,-0.32778829088748523,5.31,-0.303717612633806,7,0.8903377107745275,0,-0.2088879996334169,19,19,19,1,5.299932332780712,-0.031081103197420745,5.346879910205099,5.339916887043237
1272,provo:25:17,25,17,as,as,188.5,5.2390980068880655,5.036875247955322,-0.25358100509077297,6.77,0.7649689414333143,2,-1.0866870944745504,0,-0.2088879996334169,20,20,20,1,5.273450351648486,-0.061106399441030135,5.300204406329096,5.30327963112655
1273,provo:25:18,25,18,the,the,174.41071428571428,5.161412944712327,3.039907455444336,-0.6763192646512872,7.73,1.4676669495870378,3,-0.6912821334247348,0,-0.2088879996334169,21,21,21,1,5.218594488329894,-0.11431104944016468,5.275723994152492,5.279019836883669
1274,provo:25:19,25,19,bones,bones,218.64705882352945,5.387458826241036,9.873893737792969,0.7703677964494223,4.32,-1.0283749335423322,5,0.0995277886748964,0,-0.2088879996334169,22,22,22,1,5.350352369051215,0.016736643635749004,5.370722182605287,5.372459811639782
1275,provo:25:20,25,20,slowly,slowly,215.375,5.372380694848093,6.928787708282471,0.14691808343678986,4.63,-0.8014620350760262,6,0.49493274972471196,0,-0.2088879996334169,23,23,23,1,5.341036802549361,0.008582947247945505,5.363797747600148,5.359041696094251
1276,provo:25:21,25,21,fused,fused,220.0597014925373,5.393898879958693,7.507406711578369,0.26940598300094964,3.4,-1.7017938580229837,5,0.0995277886748964,0,-0.2088879996334169,24,24,24,1,5.332636571616913,-0.001671762643128183,5.395570642601821,5.384882897036063
1277,provo:25:22,25,22,into,into,211.94117647058823,5.356308766691877,2.8074066638946533,-0.7255373743948444,6.11,0.2818640608276303,4,-0.2958771723749192,0,-0.2088879996334169,25,25,25,1,5.3685781005013125,0.03538145994310238,5.320927306748775,5.31355948423209
1278,provo:25:23,25,23,their,their,203.82142857142856,5.317244260361504,5.933960914611816,-0.06367687402704493,6.33,0.442899021029525,5,0.0995277886748964,0,-0.2088879996334169,26,26,26,1,5.332913086666726,0.0008105610095121563,5.316433699351992,5.319334320379095
1279,provo:25:24,25,24,new,new,192.79166666666663,5.261610158559054,5.6922807693481445,-0.11483816183661527,6.25,0.38434085368338133,3,-0.6912821334247348,0,-0.2088879996334169,27,27,27,1,5.279932289453904,-0.05408744515307795,5.315697603712132,5.317427861767344
1280,provo:25:25,25,25,configuration.,configuration,217.71794871794873,5.383200411869717,9.569820404052734,0.7059984899607685,3.97,-1.2845669156817106,13,3.2627674770734205,1,4.7854341734200965,28,29,29,2,5.308800524483517,-0.01677478393520815,5.399975195804926,5.401785440182943
1281,provo:25:26,25,26,Occasionally,occasionally,228.9873417721519,5.433666725922319,13.392030715942385,1.515122473322955,4.39,-0.977136537114457,12,2.8673625160236056,0,-0.2088879996334169,30,30,30,1,5.3817598670797695,0.05469627749135597,5.378970448430963,5.391130501886249
1282,provo:25:27,25,27,girls',girls',212.27397260273972,5.357877763938441,20.601091384887695,3.041209059038048,5.17,-0.406194405489557,6,0.49493274972471196,0,-0.2088879996334169,31,32,32,2,5.34071230601151,0.008664981988431464,5.349212781950009,5.386783793099883
1283,provo:25:28,25,28,feet,feet,184.9821428571429,5.220259295322953,0.8918602466583252,-1.1310395370069182,4.99,-0.5379502820183798,4,-0.2958771723749192,0,-0.2088879996334169,33,33,33,1,5.203121505990872,-0.13091831055203595,5.351177605874989,5.331436701907694
1284,provo:25:29,25,29,would,would,191.12121212121212,5.252907845197171,1.021062254905701,-1.103688754333783,6.27,0.39898039551991693,5,0.0995277886748964,0,-0.2088879996334169,34,34,34,1,5.267001289905526,-0.06514640589372522,5.318054251090897,5.3065723274932095
1285,provo:25:30,25,30,"fester,",fester,234.3717948717949,5.456908721417493,17.015161514282227,2.2821032997510082,2.76,-2.1702591967921325,6,0.49493274972471196,0,-0.2088879996334169,35,37,37,3,5.376465436016408,0.042603777954826505,5.414304943462667,5.426780252976918
1286,provo:25:31,25,31,and,and,174.71875,5.163177538226919,3.1397998332977295,-0.6551730398020588,7.41,1.2334342802024634,3,-0.6912821334247348,0,-0.2088879996334169,38,38,38,1,5.211957046661196,-0.12118939853306276,5.284366936759982,5.2859735083344574
1287,provo:25:32,25,32,blood,blood,215.55844155844156,5.37323206330471,12.072978019714355,1.2358921105884126,5.1,-0.45743280191743285,5,0.0995277886748964,0,-0.2088879996334169,39,39,39,1,5.356605566874159,0.023577053305178453,5.349655009999531,5.362476849837382
1288,provo:25:33,25,33,poisoning,poisoning,215.7051282051282,5.373912327823337,14.31865406036377,1.7112794375753888,3.84,-1.379723937619194,9,1.6811476328741586,0,-0.2088879996334169,40,40,40,1,5.314695191087682,-0.015567931276650349,5.3894802590999875,5.400908810151466
1289,provo:25:34,25,34,from,from,206.59183673469389,5.330745043488125,4.922849178314209,-0.27771919219893837,6.63,0.6624921485775632,4,-0.2958771723749192,0,-0.2088879996334169,41,41,41,1,5.356667684470407,0.023862518476520655,5.306882525011605,5.308756331753658
1290,provo:25:35,25,35,gangrene,gangrene,242.8181818181818,5.4923129403115905,11.112345695495604,1.0325357828896158,2.68,-2.228817364138276,8,1.2857426718243432,0,-0.2088879996334169,42,43,43,2,5.405015332729232,0.07295042990531897,5.4193625104062715,5.414495991110665
1291,provo:25:36,25,36,could,could,207.74545454545455,5.336313554051937,3.54243803024292,-0.5699385301381995,6.06,0.24526520623629006,5,0.0995277886748964,0,-0.2088879996334169,44,44,44,1,5.344893163171258,0.012587371874875686,5.323726182177062,5.318140076325754
1292,provo:25:37,25,37,be,be,198.96666666666667,5.293137306506495,1.882933259010315,-0.9212392177878133,6.79,0.7796084832698505,2,-1.0866870944745504,0,-0.2088879996334169,45,45,45,1,5.328014778465871,-0.0065269159096326135,5.299664222416127,5.293867278125809
1293,provo:25:38,25,38,a,a,212.2962962962963,5.357982922943734,5.81085205078125,-0.08973779850833934,7.36,1.1968354256111238,1,-1.482092055524366,0,-0.2088879996334169,46,46,46,1,5.4102034267660715,0.07516235769306423,5.2828205652506695,5.291749439564639
1294,provo:25:39,25,39,cause,cause,214.0151515151515,5.366046813988216,6.427318572998047,0.0407620451328886,5.35,-0.2744385289607342,5,0.0995277886748964,0,-0.2088879996334169,47,47,47,1,5.355984407544612,0.023144102900785946,5.34290271108743,5.341164540713879
1295,provo:25:40,25,40,for,for,178.75,5.185988181574117,1.913149118423462,-0.9148428202758746,7.01,0.9406434434717452,3,-0.6912821334247348,0,-0.2088879996334169,48,48,48,1,5.224265146029281,-0.10918243344522782,5.2951706150193445,5.290810853732783
1296,provo:25:41,25,41,"concern,",concern,208.68055555555551,5.340804640387353,6.788515567779541,0.11722386364846037,4.66,-0.7795027223212222,7,0.8903377107745275,0,-0.2088879996334169,49,50,50,2,5.307871532194329,-0.023631246989209487,5.364435887376563,5.359458589729918
1297,provo:25:42,25,42,but,but,209.6086956521739,5.345242438476473,1.0500158071517944,-1.0975595747193145,6.63,0.6624921485775632,3,-0.6912821334247348,0,-0.2088879996334169,51,51,51,1,5.37354198615148,0.039808329110734064,5.305434109365739,5.296268212237965
1298,provo:25:43,25,43,an,an,217.27777777777777,5.381176616859349,9.655795097351074,0.7241984791381049,6.53,0.589294439394884,2,-1.0866870944745504,0,-0.2088879996334169,52,52,52,1,5.409227435232302,0.07449000357463653,5.306686613284713,5.321455113159037
1299,provo:25:44,25,44,estimated,estimated,215.3108108108108,5.372082615886339,7.121799468994141,0.18777675732424712,4.62,-0.808781805994294,9,1.6811476328741586,0,-0.2088879996334169,53,53,53,1,5.333345439909954,0.003669529392108295,5.368413086494231,5.364127102953117
1300,provo:25:45,25,45,0.9,0.9,190.85185185185185,5.251497482323895,14.622498512268066,1.7756002920512801,2.19,-2.5874861391334054,3,-0.6912821334247348,0,-0.2088879996334169,54,56,56,3,5.163218791830749,-0.17385745572076328,5.425354938044658,5.427508214518122
1301,provo:25:46,25,46,survived,survived,226.71604938271605,5.423698350696674,20.456878662109375,3.010680657096656,4.32,-1.0283749335423322,8,1.2857426718243432,0,-0.2088879996334169,57,57,57,1,5.379461173428679,0.04863092115378809,5.375067429542886,5.406970712498122
1302,provo:25:47,25,47,the,the,195.32075471698113,5.27464310318856,2.8517255783081055,-0.7161555001277605,7.73,1.4676669495870378,3,-0.6912821334247348,0,-0.2088879996334169,58,58,58,1,5.331824646806127,-0.0010808909639319353,5.275723994152492,5.2784831115727116
1303,provo:25:48,25,48,process,process,256.36986301369865,5.546621179190138,5.750851631164551,-0.10243929177066716,5.26,-0.3403164672251456,7,0.8903377107745275,0,-0.2088879996334169,59,59,59,1,5.529441886965784,0.19839080920261942,5.348230369987519,5.343995074438124
1305,provo:26:3,26,3,task,task,234.44776119402985,5.4572327963069345,14.677907943725586,1.7873299186909448,4.65,-0.7868224932394899,4,-0.2958771723749192,0,-0.2088879996334169,1,1,1,1,5.431167844592608,0.09933368037041923,5.357899115936515,5.371423611749227
1306,provo:26:4,26,4,will,will,208.9264705882353,5.34198237469597,7.284812450408936,0.22228498740562042,6.45,0.5307362720487404,4,-0.2958771723749192,0,-0.2088879996334169,2,2,2,1,5.36317887088765,0.030787462112243702,5.311194912583726,5.317026308368168
1307,provo:26:5,26,5,be,be,201.89795918367344,5.307762417212596,1.5653313398361206,-0.9884723915266629,6.79,0.7796084832698505,2,-1.0866870944745504,0,-0.2088879996334169,3,3,3,1,5.342639889171973,0.009420325357977433,5.298342091854619,5.292855637137226
1308,provo:26:6,26,6,to,to,231.66,5.4452707795042,1.7779247760772705,-0.9434684712994024,7.43,1.2480738220389989,2,-1.0866870944745504,0,-0.2088879996334169,4,4,4,1,5.496952321830157,0.1635346266194615,5.281736152884738,5.279962318302732
1309,provo:26:7,26,7,make,make,202.9142857142857,5.31278365201362,5.2003631591796875,-0.2189722370829175,6.08,0.2599047480728263,4,-0.2958771723749192,0,-0.2088879996334169,5,5,5,1,5.324265295024621,-0.008011569037069677,5.320795221050689,5.320028722239354
1310,provo:26:8,26,8,sure,sure,198.0,5.288267030694535,1.3097875118255615,-1.0425684833613642,5.67,-0.040205859576159644,4,-0.2958771723749192,0,-0.2088879996334169,6,6,6,1,5.288983566126946,-0.043166370008733246,5.331433400703268,5.31976829107948
1311,provo:26:9,26,9,the,the,192.05882352941177,5.257801697654315,3.104175329208374,-0.6627143937051702,7.73,1.4676669495870378,3,-0.6912821334247348,0,-0.2088879996334169,7,7,7,1,5.314983241271882,-0.018165879163970722,5.275967576818286,5.278744706895492
1312,provo:26:10,26,10,newfound,newfound,224.5185185185185,5.413958191613419,17.409770965576172,2.3656382036546795,3.14,-1.89210790189795,8,1.2857426718243432,0,-0.2088879996334169,8,8,8,1,5.338738509607041,0.008817607117124204,5.405140584496295,5.4173517381229574
1313,provo:26:11,26,11,microbes,microbes,247.51282051282053,5.511462380718969,13.870338439941406,1.6163754707603608,3.18,-1.8628288182248782,8,1.2857426718243432,0,-0.2088879996334169,9,9,9,1,5.437292953110502,0.10735966740829195,5.404102713310677,5.408483347893905
1314,provo:26:12,26,12,were,were,211.22033898305085,5.352901849198448,7.792731285095215,0.3298063630524941,6.34,0.45021879194779274,4,-0.2958771723749192,0,-0.2088879996334169,10,10,10,1,5.371210145795873,0.03885279085427307,5.314049058344175,5.320477943718165
1315,provo:26:13,26,13,not,not,193.45098039215685,5.265024149069358,3.3295629024505615,-0.6150020816707505,6.69,0.7064107740871713,3,-0.6912821334247348,0,-0.2088879996334169,11,11,11,1,5.294899078341232,-0.037928078574983815,5.302952227644342,5.30099184387549
1316,provo:26:14,26,14,introduced,introduced,214.2962962962963,5.367359619531752,7.791756629943848,0.32960003823148004,4.72,-0.7355840968116147,10,2.0765525939239744,0,-0.2088879996334169,12,12,12,1,5.328871172857419,-0.0008159687840096908,5.368175588315761,5.3665880905255525
1317,provo:26:15,26,15,while,while,223.21052631578948,5.408115390308151,8.350075721740723,0.44779064803037066,5.86,0.09886978787093163,5,0.0995277886748964,0,-0.2088879996334169,13,13,13,1,5.411443727437915,0.07959641991088606,5.328518970397265,5.333817104386634
1318,provo:26:16,26,16,drilling,drilling,219.7012987012987,5.392268890621608,10.566620826721191,0.9170112450929875,3.93,-1.3138459993547822,8,1.2857426718243432,0,-0.2088879996334169,14,14,14,1,5.337791732973978,0.007626262041259935,5.384642628580348,5.385311134947629
1319,provo:26:17,26,17,through,through,185.49295774647888,5.223016917696011,5.459902763366699,-0.16403027909415915,5.87,0.10618955878919943,7,0.8903377107745275,0,-0.2088879996334169,15,15,15,1,5.221854005039804,-0.10927350055620799,5.332290418252219,5.331134108803825
1320,provo:26:18,26,18,the,the,196.05263157894737,5.278383151647219,1.1482813358306885,-1.0767577376920503,7.73,1.4676669495870378,3,-0.6912821334247348,0,-0.2088879996334169,16,16,16,1,5.335564695264786,0.0024155748289329537,5.275967576818286,5.274305992309732
1321,provo:26:19,26,19,ice,ice,203.05797101449275,5.313491509773972,7.416146278381348,0.25008705515387714,5.0,-0.5306305111001121,3,-0.6912821334247348,0,-0.2088879996334169,17,17,17,1,5.298993190734095,-0.03331077546271022,5.3468022852366826,5.345586371780559
1322,provo:26:20,26,20,into,into,174.24285714285713,5.160450056793879,8.975903511047363,0.5802721789935887,6.11,0.2818640608276303,4,-0.2958771723749192,0,-0.2088879996334169,18,18,18,1,5.172719390603314,-0.15956676086759636,5.320016817661475,5.327969960762114
1323,provo:26:21,26,21,the,the,183.4318181818182,5.211843035406111,0.6463247537612915,-1.183016963641882,7.73,1.4676669495870378,3,-0.6912821334247348,0,-0.2088879996334169,19,19,19,1,5.269024579023678,-0.06412454141217516,5.275967576818286,5.273166849794957
1324,provo:26:22,26,22,"lake,",lake,197.82978723404256,5.287407000540472,9.517962455749512,0.6950206770524701,4.83,-0.6550666167106671,4,-0.2958771723749192,0,-0.2088879996334169,20,21,21,2,5.2660681936167455,-0.06582169506076507,5.353228695601237,5.355951670419303
1325,provo:26:23,26,23,which,which,204.03508771929825,5.31829197767816,3.684515476226806,-0.539862145099205,6.3,0.42093970827472094,5,0.0995277886748964,0,-0.2088879996334169,22,22,22,1,5.333173113184948,0.0011895903226886162,5.3171023873554715,5.314033212786445
1326,provo:26:24,26,24,involved,involved,219.08860759493672,5.389476248877754,15.588800430297852,1.980156816482883,5.1,-0.45743280191743285,8,1.2857426718243432,0,-0.2088879996334169,23,23,23,1,5.365719032369029,0.03519135247671823,5.354284896401036,5.372255895237291
1327,provo:26:25,26,25,a,a,203.66666666666663,5.316484670503486,3.9518723487854,-0.4832653489912176,7.36,1.1968354256111238,1,-1.482092055524366,0,-0.2088879996334169,24,24,24,1,5.368705174325823,0.03494770086959598,5.28153696963389,5.284316374311386
1328,provo:26:26,26,26,hot-water,hot-water,223.24358974358975,5.408263505989791,17.09496307373047,2.29899649776746,5.0,-0.5306305111001121,9,1.6811476328741586,0,-0.2088879996334169,25,27,27,3,5.379503746793564,0.04936847379903231,5.358895032190759,5.379806439214903
1329,provo:26:27,26,27,drilling,drilling,229.55844155844156,5.436157644396947,3.4156882762908936,-0.5967701949183455,3.93,-1.3138459993547822,8,1.2857426718243432,0,-0.2088879996334169,28,28,28,1,5.381680486749317,0.0515150158165989,5.384642628580348,5.369082776600576
1330,provo:26:28,26,28,technique,technique,225.1081081081081,5.416580767291116,4.630411148071289,-0.339625420430467,4.47,-0.9185783697683134,9,1.6811476328741586,0,-0.2088879996334169,29,29,29,1,5.373905137322563,0.043933941890924366,5.372646825400191,5.362596146524976
1331,provo:26:29,26,29,designed,designed,253.43661971830983,5.535113770935749,8.351075172424316,0.448002221819434,4.96,-0.5599095947731839,8,1.2857426718243432,0,-0.2088879996334169,30,30,30,1,5.507680664034334,0.1771963253850517,5.357917445550697,5.3587565208599255
1332,provo:26:30,26,30,to,to,205.75,5.326661839557179,0.262243390083313,-1.264323175900167,7.43,1.2480738220389989,2,-1.0866870944745504,0,-0.2088879996334169,31,31,31,1,5.378343381883136,0.04492568667244079,5.281736152884738,5.2765226241791465
1333,provo:26:31,26,31,greatly,greatly,236.23287671232876,5.46481808422255,10.905534744262695,0.9887559573410408,4.33,-1.0210551626240645,7,0.8903377107745275,0,-0.2088879996334169,32,32,32,1,5.423220377246758,0.09256962532405577,5.372248458898494,5.375677919417318
1334,provo:26:32,26,32,reduce,reduce,218.85135135135135,5.38839273840126,1.339421272277832,-1.0362953104214672,4.73,-0.7282643258933463,6,0.49493274972471196,0,-0.2088879996334169,33,33,33,1,5.359674482097305,0.02853844918462034,5.359854289216639,5.34356619038111
1335,provo:26:33,26,33,or,or,142.16666666666666,4.957000078263624,8.732376098632812,0.5287198430643469,6.54,0.5966142103131519,2,-1.0866870944745504,0,-0.2088879996334169,34,34,34,1,4.985313460236054,-0.3478287085011047,5.304828786764729,5.314345474403082
1336,provo:26:34,26,34,eliminate,eliminate,200.4375,5.3005024774533736,0.3113884031772613,-1.2539196644467894,4.15,-1.1528110391528874,9,1.6811476328741586,0,-0.2088879996334169,35,35,35,1,5.249424812301531,-0.0804473174317577,5.380949794885131,5.359482426635287
1337,provo:26:35,26,35,any,any,202.4390243902439,5.310438727080381,3.60159969329834,-0.5574145933143079,6.07,0.2525849771545585,3,-0.6912821334247348,0,-0.2088879996334169,36,36,36,1,5.32403471318463,-0.0086005039410324,5.319039231021414,5.314566991613111
1338,provo:26:36,26,36,contamination,contamination,238.74358974358975,5.475390129758884,4.3573431968688965,-0.3974311951985745,3.7,-1.482200730474945,13,3.2627674770734205,0,-0.2088879996334169,37,37,37,1,5.402989475859639,0.07470245273283727,5.400687677026046,5.386239124243433
1339,provo:26:37,26,37,that,that,238.6122448979592,5.47483982812051,5.311636924743652,-0.1954166854282223,7.01,0.9406434434717452,4,-0.2958771723749192,0,-0.2088879996334169,38,38,38,1,5.510739885882949,0.17817511213542936,5.296664715985081,5.300844568081427
1340,provo:26:38,26,38,might,might,225.1578947368421,5.41680191047591,1.277782320976257,-1.0493436645772438,5.66,-0.047525630494427436,5,0.0995277886748964,0,-0.2088879996334169,39,39,39,1,5.4148789756161175,0.08309358415055801,5.333708326325352,5.3219471411187245
1341,provo:26:39,26,39,come,come,213.33962264150944,5.3628853683831235,4.750181674957275,-0.31427118874365373,5.78,0.04031162052478801,4,-0.2958771723749192,0,-0.2088879996334169,40,40,40,1,5.36649010340979,0.03430611344030332,5.32857925494282,5.325276974924644
1342,provo:26:40,26,40,from,from,204.41666666666663,5.320160394470489,0.5722705721855164,-1.1986934988118145,6.63,0.6624921485775632,4,-0.2958771723749192,0,-0.2088879996334169,41,41,41,1,5.346083035452771,0.013635902222040919,5.306524492248448,5.298030897838725
1343,provo:26:41,26,41,other,other,209.6078431372549,5.345238371294765,7.183901786804199,0.20092320157044477,6.16,0.3184629154189699,5,0.0995277886748964,0,-0.2088879996334169,42,42,42,1,5.356443616408863,0.024503434789632017,5.320734936505133,5.324900687476144
1344,provo:26:42,26,42,kerosene-based,kerosene-based,224.85333333333332,5.415448337804778,28.701026916503903,4.755885010262217,3.02,-1.9799451529171657,14,3.6581724381232363,0,-0.2088879996334169,43,47,47,5,5.322816452448317,-0.004898607202445504,5.420346945007224,5.457739040820877
1345,provo:26:43,26,43,drilling,drilling,217.5606060606061,5.3824774602679515,3.571934938430786,-0.5636943274642666,3.93,-1.3138459993547822,8,1.2857426718243432,0,-0.2088879996334169,48,48,48,1,5.328000302620321,-0.002165168312396659,5.384642628580348,5.369437363475205
1346,provo:26:44,26,44,"technology,",technology,191.69444444444449,5.255902669164492,14.652084350585938,1.781863320351005,5.09,-0.46475257283570065,10,2.0765525939239744,0,-0.2088879996334169,49,50,50,2,5.227129075670839,-0.10267261068430678,5.3585752798487984,5.374424076545274
1347,provo:26:45,26,45,Christner,christner,259.7307692307692,5.55964559155336,22.954021453857425,3.539300999205577,1.21,-3.304823689123664,9,1.6811476328741586,0,-0.2088879996334169,51,52,52,2,5.431374228155038,0.10241226452533958,5.45723332702802,5.472312705758829
1348,provo:26:46,26,46,said.,said,198.1034482758621,5.288789360296382,0.4394316673278808,-1.2268141763971205,6.01,0.20866635164495045,4,-0.2958771723749192,1,4.7854341734200965,53,54,54,2,5.289344607438181,-0.049775633755205106,5.338564994051587,5.328484922260926
1350,provo:27:3,27,3,but,but,190.43478260869568,5.249309787441343,2.5017905235290527,-0.7902332777320261,6.63,0.6624921485775632,3,-0.6912821334247348,0,-0.2088879996334169,2,2,2,1,5.27760933511635,-0.05427838424033116,5.303588171681674,5.299116391882721
1351,provo:27:4,27,4,even,even,208.27272727272728,5.338848409655125,8.754064559936523,0.5333110750403759,5.99,0.19402680980841489,4,-0.2958771723749192,0,-0.2088879996334169,3,3,3,1,5.347966980270827,0.015464626595624864,5.3233837830595006,5.330817448883787
1352,provo:27:5,27,5,more,more,178.52542372881356,5.184731020930823,1.2576498985290527,-1.053605498572757,6.36,0.464858333784329,4,-0.2958771723749192,0,-0.2088879996334169,4,4,4,1,5.203564444727203,-0.12876671735739897,5.313497738288222,5.304565668749898
1353,provo:27:6,27,6,"striking,",striking,196.82089552238807,5.282294155416733,10.141992568969728,0.8271216578321156,4.2,-1.1162121845615476,8,1.2857426718243432,0,-0.2088879996334169,5,6,6,2,5.234906214955004,-0.09969841241384447,5.381992567830578,5.383464322046826
1354,provo:27:7,27,7,is,is,203.25,5.31443674842792,0.8630269765853882,-1.1371432540792628,7.07,0.9845620689813532,2,-1.0866870944745504,0,-0.2088879996334169,7,7,7,1,5.356666001172676,0.025300380139597678,5.289136368288323,5.2829721529870834
1355,provo:27:8,27,8,the,the,202.19607843137257,5.309237911894697,1.3922665119171145,-1.0251084977372833,7.73,1.4676669495870378,3,-0.6912821334247348,0,-0.2088879996334169,8,8,8,1,5.366419455512264,0.03504068412763672,5.27419722776706,5.272624428223633
1356,provo:27:9,27,9,evidence,evidence,197.61971830985917,5.28634456935268,9.666057586669922,0.7263709462603477,5.14,-0.42815371824436105,8,1.2857426718243432,0,-0.2088879996334169,9,9,9,1,5.263637607241866,-0.07053210095086371,5.356876670303544,5.361975274395978
1357,provo:27:10,27,10,from,from,187.5,5.233778845410465,6.042538166046143,-0.04069214764770906,6.63,0.6624921485775632,4,-0.2958771723749192,0,-0.2088879996334169,10,10,10,1,5.259701486392747,-0.07250475209871432,5.3062835975091796,5.310374478999175
1358,provo:27:11,27,11,athletic,athletic,213.975,5.365859185767674,16.994977951049805,2.277830639758893,4.12,-1.1747703519076913,8,1.2857426718243432,0,-0.2088879996334169,11,11,11,1,5.316370736510121,-0.018270905256693837,5.3841300910243675,5.401877576442951
1359,provo:27:12,27,12,training.,training,212.97368421052633,5.361168609769316,7.387846946716309,0.24409636754255526,5.18,-0.3988746345712892,8,1.2857426718243432,1,4.7854341734200965,12,13,13,2,5.330423451383557,-0.004973431899933267,5.366142041669249,5.368010998724245
1360,provo:27:13,27,13,As,as,216.32,5.3767587928545995,5.955682277679443,-0.05907867707418139,6.77,0.7649689414333143,2,-1.0866870944745504,0,-0.2088879996334169,14,14,14,1,5.41111113761502,0.07960671258956431,5.297152080265035,5.3018582192064985
1361,provo:27:14,27,14,with,with,229.48611111111111,5.435842509634935,5.583705902099609,-0.13782238350748488,6.85,0.8235271087794579,4,-0.2958771723749192,0,-0.2088879996334169,15,15,15,1,5.467541549805729,0.13543710090867833,5.300405408726257,5.3044993066711825
1362,provo:27:15,27,15,rehearsing,rehearsing,225.126582278481,5.416662831915534,22.267187118530273,3.3939049880072614,3.13,-1.8994276728162183,10,2.0765525939239744,0,-0.2088879996334169,16,17,17,2,5.336426772924228,0.0006900397130022995,5.415972792202532,5.441401029016536
1363,provo:27:16,27,16,a,a,149.45454545454547,5.006992302817755,3.6632838249206543,-0.5443566749330953,7.36,1.1968354256111238,1,-1.482092055524366,0,-0.2088879996334169,18,18,18,1,5.059212806640093,-0.2717001180655716,5.278692420883327,5.280878545448766
1364,provo:27:17,27,17,piece,piece,214.0704225352113,5.366305038155145,7.71506929397583,0.3133660904136793,5.04,-0.5013514274270402,5,0.0995277886748964,0,-0.2088879996334169,19,19,19,1,5.348103160127728,0.014842741341881904,5.3514622968132635,5.351473250307047
1365,provo:27:18,27,18,on,on,187.97674418604652,5.236318254040282,7.341744899749756,0.23433702181354277,6.91,0.8674457342890659,2,-1.0866870944745504,0,-0.2088879996334169,20,20,20,1,5.274346489193392,-0.05709316063562042,5.293411414675902,5.302204534249703
1366,provo:27:19,27,19,the,the,166.3265306122449,5.113952908124282,2.118314027786255,-0.8714114454524168,7.73,1.4676669495870378,3,-0.6912821334247348,0,-0.2088879996334169,21,21,21,1,5.171134451741849,-0.16024431964277852,5.27419722776706,5.274391928665062
1367,provo:27:20,27,20,"piano,",piano,175.61666666666667,5.168303589377427,6.065921306610107,-0.03574216889385043,4.31,-1.0356947044606006,5,0.0995277886748964,0,-0.2088879996334169,22,23,23,2,5.1309345685881285,-0.20266360657917204,5.370967195956599,5.363247062230097
1368,provo:27:21,27,21,practicing,practicing,231.4691358024691,5.444446541970512,9.70637321472168,0.7349053645417059,3.99,-1.2699273738451746,10,2.0765525939239744,0,-0.2088879996334169,24,24,24,1,5.386790952534299,0.051452124101223795,5.392994417869288,5.3922226284466
1369,provo:27:22,27,22,a,a,174.72222222222223,5.163197411238376,3.8944480419158936,-0.495421504755733,7.36,1.1968354256111238,1,-1.482092055524366,0,-0.2088879996334169,25,25,25,1,5.215417915060714,-0.11549500964495074,5.278692420883327,5.281441294919911
1370,provo:27:23,27,23,complex,complex,227.29166666666663,5.426234067919226,9.304180145263672,0.6497650839485005,4.86,-0.6331073039558631,7,0.8903377107745275,0,-0.2088879996334169,26,26,26,1,5.398552231715758,0.06457149226492209,5.361662575654304,5.364511745492117
1371,provo:27:24,27,24,physical,physical,244.03947368421052,5.497329989602956,9.467697143554688,0.6843800093996446,4.94,-0.5745491366097194,8,1.2857426718243432,0,-0.2088879996334169,27,27,27,1,5.469371755502586,0.1351095113149361,5.36222047828802,5.365818005184067
1372,provo:27:25,27,25,task,task,210.5681818181818,5.349809504801199,2.688199281692505,-0.7507723939419231,4.65,-0.7868224932394899,4,-0.2958771723749192,0,-0.2088879996334169,28,28,28,1,5.323744553086872,-0.00937779175428588,5.3591872965554845,5.345032289123158
1373,provo:27:26,27,26,in,in,199.825,5.2974419835120825,4.961843490600586,-0.269464483349591,7.27,1.1309574873467116,2,-1.0866870944745504,0,-0.2088879996334169,29,29,29,1,5.344922508246395,0.01364942320823559,5.283792560303847,5.288624748161007
1374,provo:27:27,27,27,the,the,211.58333333333337,5.354618931916678,3.0359153747558594,-0.6771643485072215,7.73,1.4676669495870378,3,-0.6912821334247348,0,-0.2088879996334169,30,30,30,1,5.411800475534245,0.08042170414961802,5.27419722776706,5.27662575048853
1375,provo:27:28,27,28,mind,mind,216.01538461538465,5.375349630219005,7.299613952636719,0.2254183185059613,5.41,-0.2305199034511261,4,-0.2958771723749192,0,-0.2088879996334169,31,31,31,1,5.3692395120649925,0.036468804004526234,5.338880826214479,5.3398210181766546
1376,provo:27:29,27,29,alone,alone,215.94915254237287,5.375042975075662,9.405488967895508,0.6712111560975442,5.16,-0.4135141764078248,5,0.0995277886748964,0,-0.2088879996334169,32,32,32,1,5.359991860241978,0.026786963053083035,5.348256012022579,5.352993058732205
1377,provo:27:30,27,30,is,is,214.1282051282051,5.366574925023583,2.034263610839844,-0.8892040844266208,7.07,0.9845620689813532,2,-1.0866870944745504,0,-0.2088879996334169,33,33,33,1,5.408804177768339,0.07743855673526046,5.289136368288323,5.285823428176123
1378,provo:27:31,27,31,nearly,nearly,229.04285714285712,5.433909135139478,8.512038230895996,0.4820765035615021,5.0,-0.5306305111001121,6,0.49493274972471196,0,-0.2088879996334169,34,34,34,1,5.4122800960214255,0.07868265090181303,5.355226484237665,5.356916967814994
1379,provo:27:32,27,32,as,as,189.0,5.241747015059643,1.9634981155395508,-0.9041844373558828,6.77,0.7649689414333143,2,-1.0866870944745504,0,-0.2088879996334169,35,35,35,1,5.276099359820063,-0.05540506520539257,5.297152080265035,5.292139589069188
1380,provo:27:33,27,33,effective,effective,218.93421052631575,5.388771276129176,2.068868398666382,-0.8818785943345362,4.89,-0.6111479912010597,9,1.6811476328741586,0,-0.2088879996334169,36,36,36,1,5.357123317338692,0.02251942001753182,5.366251856111644,5.351526036884152
1381,provo:27:34,27,34,a,a,146.125,4.984462419792233,8.342156410217285,0.4461142083887849,7.36,1.1968354256111238,1,-1.482092055524366,0,-0.2088879996334169,37,37,37,1,5.0366829236145705,-0.2942300010910941,5.278692420883327,5.292268859690112
1382,provo:27:35,27,35,learning,learning,221.9620253164557,5.402506310107257,6.419347286224365,0.03907460284673797,4.92,-0.5891886784462557,8,1.2857426718243432,0,-0.2088879996334169,38,38,38,1,5.374022948807931,0.03975145102079036,5.362754859086467,5.358829620985791
1383,provo:27:36,27,36,strategy,strategy,188.32,5.238142643511966,5.411830902099609,-0.1742066149580097,4.74,-0.7209445549750785,8,1.2857426718243432,0,-0.2088879996334169,39,39,39,1,5.20493313742204,-0.12942164276052814,5.367564286272494,5.360269968767043
1384,provo:27:37,27,37,as,as,235.32258064516128,5.4609572564717395,0.4728892147541046,-1.2197315457101525,6.77,0.7649689414333143,2,-1.0866870944745504,0,-0.2088879996334169,40,40,40,1,5.49530960123216,0.16380517620670432,5.297152080265035,5.288510829473501
1385,provo:27:38,27,38,actually,actually,229.98666666666668,5.438021336228318,10.417498588562012,0.8854435474778376,5.49,-0.17196173610498247,8,1.2857426718243432,0,-0.2088879996334169,41,41,41,1,5.424504100099227,0.09049632989760603,5.347525006330712,5.356234754106086
1386,provo:27:39,27,39,physically,physically,236.73076923076923,5.466923500597072,11.504103660583496,1.1154670554676203,4.3,-1.0430144753788684,10,2.0765525939239744,0,-0.2088879996334169,42,42,42,1,5.417407382744671,0.08221198510371952,5.384711515493352,5.389894334578053
1387,provo:27:40,27,40,doing,doing,233.88524590163937,5.454830592941503,4.583433151245117,-0.3495701960499897,5.6,-0.09144425600403548,5,0.0995277886748964,0,-0.2088879996334169,43,43,43,1,5.451332276484844,0.11833095848477004,5.336499634456733,5.3317378081636555
1388,provo:27:41,27,41,it.,it,192.57575757575756,5.260489622157074,0.729692816734314,-1.1653687722307262,6.95,0.8967248179621378,2,-1.0866870944745504,1,4.7854341734200965,44,45,45,2,5.290479661035239,-0.042187163884533696,5.302676786041608,5.297689893076723
1389,provo:27:42,27,42,But,but,191.3617021276596,5.254165365620594,6.5385003089904785,0.06429811504078552,6.63,0.6624921485775632,3,-0.6912821334247348,0,-0.2088879996334169,46,46,46,1,5.282464913295601,-0.04942280606107996,5.303588171681674,5.308943415833322
1390,provo:27:43,27,43,it,it,207.86486486486487,5.33688818041283,4.140936851501465,-0.4432422704405285,6.95,0.8967248179621378,2,-1.0866870944745504,0,-0.2088879996334169,47,47,47,1,5.3759666699638515,0.04454552733382222,5.292342653079007,5.293547316969089
1391,provo:27:44,27,44,doesn't,doesn't,226.4102564102564,5.422348647468359,5.4768290519714355,-0.16044715180867197,5.53,-0.14268265243191067,7,0.8903377107745275,0,-0.2088879996334169,48,49,49,2,5.412258572429906,0.07858782856204805,5.343760818906311,5.3407035526814735
1392,provo:27:45,27,45,stop,stop,225.96923076923076,5.420398842964635,5.2137017250061035,-0.216148595097484,5.52,-0.1500024233501791,4,-0.2958771723749192,0,-0.2088879996334169,50,50,50,1,5.4171769244048775,0.08445711114161725,5.335941731823017,5.332363951404483
1393,provo:27:46,27,46,there.,there,296.8474576271187,5.693218396176451,0.8018007278442383,-1.150104243199527,6.31,0.42825947919298873,5,0.0995277886748964,1,4.7854341734200965,51,52,52,2,5.69927364460986,0.36535514710200445,5.327863249074446,5.319622746381557
1395,provo:28:3,28,3,was,was,202.17543859649123,5.309135828369869,7.326861381530762,0.23118632874196177,6.82,0.8015677960246546,3,-0.6912821334247348,0,-0.2088879996334169,1,1,1,1,5.342424084434954,0.008833466177327942,5.300302362192541,5.310211218872666
1396,provo:28:4,28,4,drafted,drafted,210.45714285714288,5.349282035515597,10.364481925964355,0.8742204462549285,3.91,-1.3284855411913181,7,0.8903377107745275,0,-0.2088879996334169,2,2,2,1,5.296656657361736,-0.035410748597269226,5.3846927841128664,5.385287738498898
1397,provo:28:5,28,5,and,and,187.04,5.231322497723759,4.401203155517578,-0.3881464773112489,7.41,1.2334342802024634,3,-0.6912821334247348,0,-0.2088879996334169,3,3,3,1,5.280102006158035,-0.053044439036223245,5.284366936759982,5.28957123570685
1398,provo:28:6,28,6,introduced,introduced,220.42307692307693,5.395548776530256,8.560392379760742,0.4923125969077599,4.72,-0.7355840968116147,10,2.0765525939239744,0,-0.2088879996334169,4,4,4,1,5.357060329855924,0.028388193954999252,5.367160582575257,5.367588384710308
1399,provo:28:7,28,7,into,into,195.2741935483871,5.274404691662649,2.4004974365234375,-0.8116760188051924,6.11,0.2818640608276303,4,-0.2958771723749192,0,-0.2088879996334169,5,5,5,1,5.286674025472084,-0.04652261508612643,5.320927306748775,5.312398912954366
1400,provo:28:8,28,8,Parliament,parliament,211.07407407407408,5.35220913383067,6.47396993637085,0.05063767569253132,4.74,-0.7209445549750785,10,2.0765525939239744,0,-0.2088879996334169,6,6,6,1,5.314245814355294,-0.014411264831618809,5.366620398662289,5.361220771026449
1401,provo:28:9,28,9,several,several,234.77027027027023,5.45860746268973,11.645430564880373,1.145384558281431,5.39,-0.24515944528766234,7,0.8903377107745275,0,-0.2088879996334169,7,7,7,1,5.444841497258587,0.11388828813650331,5.3447191745532265,5.358098187361742
1402,provo:28:10,28,10,times,times,203.43636363636364,5.31535324657525,2.5715510845184326,-0.7754656594213,5.56,-0.1207233396771073,5,0.0995277886748964,0,-0.2088879996334169,8,8,8,1,5.3108046757206795,-0.021877533426014395,5.337230780001264,5.325790889750508
1403,provo:28:11,28,11,but,but,181.1190476190476,5.199154536713933,7.173440933227539,0.19870874270380767,6.63,0.6624921485775632,3,-0.6912821334247348,0,-0.2088879996334169,9,9,9,1,5.22745408438894,-0.10627957265180576,5.305434109365739,5.313733216333653
1404,provo:28:12,28,12,met,met,235.0727272727273,5.459894944022082,12.378137588500977,1.3004913622543022,5.09,-0.46475257283570065,3,-0.6912821334247348,0,-0.2088879996334169,10,10,10,1,5.447759697377505,0.11286667335779921,5.347028270664283,5.360671275283613
1405,provo:28:13,28,13,with,with,215.45454545454547,5.372749961330807,0.8755695223808289,-1.1344881216330076,6.85,0.8235271087794579,4,-0.2958771723749192,0,-0.2088879996334169,11,11,11,1,5.4044490015016,0.07180945936185168,5.300940501968955,5.292628058132757
1406,provo:28:14,28,14,great,great,213.859375,5.365318672851594,7.709208965301514,0.31212551700357033,5.88,0.11350932970746722,5,0.0995277886748964,0,-0.2088879996334169,12,12,12,1,5.369172137180314,0.036730835457818856,5.328587837393775,5.333775563234964
1407,provo:28:15,28,15,"opposition,",opposition,204.16,5.318904000156425,5.481189727783203,-0.1595240400238513,4.57,-0.8453806605856335,10,2.0765525939239744,0,-0.2088879996334169,13,14,14,2,5.2764770994899255,-0.052307961766092426,5.371211961922517,5.361931980341506
1408,provo:28:16,28,16,mostly,mostly,214.2054794520548,5.366935738695119,6.261895179748535,0.005743554792109415,4.83,-0.6550666167106671,6,0.49493274972471196,0,-0.2088879996334169,15,15,15,1,5.340843118385943,0.008539830224652434,5.358395908470467,5.352971633827729
1409,provo:28:17,28,17,from,from,174.77586206896552,5.163504364835981,1.0956815481185913,-1.0878925906396308,6.63,0.6624921485775632,4,-0.2958771723749192,0,-0.2088879996334169,16,16,16,1,5.1894270058182626,-0.1433781601756241,5.306882525011605,5.297840627395387
1410,provo:28:18,28,18,farmers.,farmers,199.43835616438355,5.2955051969249345,11.009601593017578,1.0107858762438737,4.43,-0.9478574534413853,7,0.8903377107745275,1,4.7854341734200965,17,18,18,2,5.247444675271064,-0.08335527500652606,5.3788604719314606,5.387652570412923
1411,provo:28:19,28,19,"Eventually,",eventually,226.91139240506328,5.424559599450285,9.890204429626465,0.7738206080089167,4.88,-0.6184677621193275,10,2.0765525939239744,0,-0.2088879996334169,19,20,20,2,5.390272170367599,0.06172048817877318,5.362839111271512,5.3680468438232465
1412,provo:28:20,28,20,in,in,187.02564102564105,5.2312457252389795,5.436578750610352,-0.1689677410780541,7.27,1.1309574873467116,2,-1.0866870944745504,0,-0.2088879996334169,21,21,21,1,5.278726249973292,-0.05545408326591339,5.286699808504893,5.293999709650794
1413,provo:28:21,28,21,"1925,",1925,231.9459459459459,5.446504352907246,7.66786527633667,0.30337346843155355,3.94,-1.3065262284365144,4,-0.2958771723749192,0,-0.2088879996334169,22,23,23,2,5.401797385629993,0.06696709160143044,5.379537261305815,5.372644845789902
1414,provo:28:22,28,22,it,it,184.9393939393939,5.220028171078015,4.783267498016357,-0.30726724841543407,6.95,0.8967248179621378,2,-1.0866870944745504,0,-0.2088879996334169,24,24,24,1,5.259106660629037,-0.07531458003436686,5.295342751112382,5.298805121880671
1415,provo:28:23,28,23,was,was,208.24074074074073,5.338694817829142,0.529338538646698,-1.2077817841640652,6.82,0.8015677960246546,3,-0.6912821334247348,0,-0.2088879996334169,25,25,25,1,5.371983073894227,0.03839245563660043,5.300302362192541,5.2908235784839635
1416,provo:28:24,28,24,decided,decided,215.27777777777777,5.371929183891282,6.399318218231201,0.03483464796323787,5.09,-0.46475257283570065,7,0.8903377107745275,0,-0.2088879996334169,26,26,26,1,5.350286310475805,0.019107250643534357,5.352821933247748,5.349387386472323
1417,provo:28:25,28,25,that,that,200.27083333333337,5.2996706171579255,0.9340059757232666,-1.1221177045068458,7.01,0.9406434434717452,4,-0.2958771723749192,0,-0.2088879996334169,27,27,27,1,5.335570674920365,0.003051586492714975,5.296619030665211,5.2894603473255515
1418,provo:28:26,28,26,summer,summer,217.7391304347826,5.383297696850785,16.433732986450195,2.1590206517301875,5.23,-0.362275779979949,6,0.49493274972471196,0,-0.2088879996334169,28,28,28,1,5.367707620520722,0.035705466639679884,5.347592230211105,5.373647416454793
1419,provo:28:27,28,27,time,time,216.953125,5.3796813163812285,7.519798278808594,0.2720291547835779,6.29,0.41361993735645314,4,-0.2958771723749192,0,-0.2088879996334169,29,29,29,1,5.396676794981264,0.06361566484916636,5.316065651532062,5.323248812619663
1420,provo:28:28,28,28,should,should,203.2615384615385,5.314493516615043,2.11596941947937,-0.8719077757581537,5.99,0.19402680980841489,6,0.49493274972471196,0,-0.2088879996334169,30,30,30,1,5.3188582738452945,-0.01257172490327374,5.327065241518317,5.316972516670579
1421,provo:28:29,28,29,begin,begin,232.515625,5.448957427070378,6.864842414855957,0.13338149954616005,4.84,-0.6477468457923993,5,0.0995277886748964,0,-0.2088879996334169,31,31,31,1,5.425504277053404,0.09228002620226139,5.356677400868117,5.353040769521966
1422,provo:28:30,28,30,on,on,193.44827586206895,5.265010168530268,3.946783781051636,-0.4843425482707925,6.91,0.8674457342890659,2,-1.0866870944745504,0,-0.2088879996334169,32,32,32,1,5.303038403683378,-0.03141295040805048,5.296423118938319,5.297252929580515
1423,provo:28:31,28,31,the,the,216.64705882352945,5.37826957238885,1.4538663625717163,-1.0120684208003534,7.73,1.4676669495870378,3,-0.6912821334247348,0,-0.2088879996334169,33,33,33,1,5.4354511160064165,0.10254557823635757,5.275723994152492,5.274496189805012
1424,provo:28:32,28,32,day,day,181.18421052631575,5.199514251436369,5.731696605682373,-0.1064942205304301,5.95,0.16474772613534305,3,-0.6912821334247348,0,-0.2088879996334169,34,34,34,1,5.209959474346884,-0.12428611097028508,5.323800362406654,5.323792246654358
1425,provo:28:33,28,33,following,following,200.2875,5.299753834333998,5.672223091125488,-0.1190841732217107,5.46,-0.1939210488597865,9,1.6811476328741586,0,-0.2088879996334169,35,35,35,1,5.28307200071375,-0.045971527815572344,5.345725362149571,5.342487174793722
1426,provo:28:34,28,34,the,the,166.4516129032258,5.114704653990462,1.3161016702651978,-1.0412318386946995,7.73,1.4676669495870378,3,-0.6912821334247348,0,-0.2088879996334169,36,36,36,1,5.171886197608029,-0.16101934016202968,5.275723994152492,5.274103262502752
1427,provo:28:35,28,35,third,third,204.33802816901408,5.319775623361478,9.9295654296875,0.7821529410203776,5.32,-0.2963978417155375,5,0.0995277886748964,0,-0.2088879996334169,37,37,37,1,5.30892552611944,-0.02393736359540455,5.3437129869568825,5.351778714647032
1428,provo:28:36,28,36,Saturday,saturday,233.83561643835617,5.454618374640095,7.957114219665527,0.36460459861859,4.87,-0.6257875330375953,8,1.2857426718243432,0,-0.2088879996334169,38,38,38,1,5.4248221953433795,0.09440600270383115,5.360212371936264,5.359857416973067
1429,provo:28:37,28,37,in,in,194.03846153846155,5.268056394766227,1.132452130317688,-1.08010862337678,7.27,1.1309574873467116,2,-1.0866870944745504,0,-0.2088879996334169,39,39,39,1,5.3155369195005395,-0.018643413738665515,5.286699808504893,5.28172364070179
1430,provo:28:38,28,38,April,april,223.33823529411765,5.408687372554163,3.522442102432251,-0.5741714695740183,5.19,-0.3915548636530208,5,0.0995277886748964,0,-0.2088879996334169,40,40,40,1,5.394423948518913,0.06146319016298829,5.347224182391175,5.336213741776066
1431,provo:28:39,28,39,and,and,195.6153846153846,5.276150407960583,3.489054918289185,-0.5812392050523753,7.41,1.2334342802024634,3,-0.6912821334247348,0,-0.2088879996334169,41,41,41,1,5.32492991639486,-0.008216528799398937,5.284366936759982,5.286969640623858
1432,provo:28:40,28,40,close,close,226.28358208955223,5.421789000690615,7.649072170257568,0.29939515441697145,5.36,-0.2671187580424657,5,0.0995277886748964,0,-0.2088879996334169,42,42,42,1,5.411989157846488,0.07915638155966942,5.342632619130946,5.344440781806753
1433,provo:28:41,28,41,after,after,227.55,5.427369994462651,7.775328636169434,0.3261223950154448,6.11,0.2818640608276303,5,0.0995277886748964,0,-0.2088879996334169,43,43,43,1,5.43726242157936,0.1049942720680086,5.322375722394642,5.329170974493694
1434,provo:28:42,28,42,the,the,177.3548387096774,5.1781524642400445,2.616751194000244,-0.76589724490508,7.73,1.4676669495870378,3,-0.6912821334247348,0,-0.2088879996334169,44,44,44,1,5.235334007857611,-0.09757152991244755,5.275723994152492,5.277812926423089
1435,provo:28:43,28,43,first,first,226.76923076923077,5.423932895847691,3.2205841541290283,-0.6380718009558075,6.11,0.2818640608276303,5,0.0995277886748964,0,-0.2088879996334169,45,45,45,1,5.433825322964401,0.10155717345304893,5.322375722394642,5.316180102653863
1436,provo:28:44,28,44,Saturday,saturday,231.72222222222223,5.44553933630078,1.6710083484649658,-0.9661016177611297,4.87,-0.6257875330375953,8,1.2857426718243432,0,-0.2088879996334169,46,46,46,1,5.415743157004065,0.08532696436451648,5.360212371936264,5.341928420941266
1437,provo:28:45,28,45,in,in,214.95833333333337,5.3704442108967045,0.922350525856018,-1.124585047550511,7.27,1.1309574873467116,2,-1.0866870944745504,0,-0.2088879996334169,47,47,47,1,5.417924735631017,0.08374440239181169,5.286699808504893,5.281124396764469
1438,provo:28:46,28,46,October,october,260.1694915254237,5.5613333091096235,3.975989818572998,-0.47815992002974556,5.11,-0.4501130309991644,7,0.8903377107745275,0,-0.2088879996334169,48,48,48,1,5.540215562893101,0.2090515597748439,5.35228174933478,5.342058862222084
1440,provo:29:3,29,3,Europeans,europeans,201.53164556962025,5.305946419028984,16.46293830871582,2.165203128558695,3.87,-1.35776462486439,9,1.6811476328741586,0,-0.2088879996334169,1,1,1,1,5.247516973091762,-0.08313033741660814,5.389076756445592,5.405068311860603
1441,provo:29:4,29,4,discovered,discovered,218.3625,5.386156525831348,9.978846549987791,0.7925852650183235,4.74,-0.7209445549750785,10,2.0765525939239744,0,-0.2088879996334169,2,2,2,1,5.348193206355972,0.017464181833129366,5.368692343998219,5.372719676747741
1442,provo:29:5,29,5,Easter,easter,218.40540540540545,5.386352993589223,12.729137420654297,1.374794542659607,4.12,-1.1747703519076913,6,0.49493274972471196,0,-0.2088879996334169,3,3,3,1,5.341618357717121,0.01134315285532228,5.375009840733901,5.382586910315777
1443,provo:29:6,29,6,"Island,",island,192.87692307692308,5.262052281220388,5.360385894775391,-0.18509701235994905,5.01,-0.5233107401818442,6,0.49493274972471196,0,-0.2088879996334169,4,5,5,2,5.240685805701813,-0.08954988950725706,5.351602170727645,5.344987898870331
1444,provo:29:7,29,7,its,its,219.15555555555557,5.389781777013751,8.696788787841797,0.5211863626133094,6.14,0.30382337358243366,3,-0.6912821334247348,0,-0.2088879996334169,6,6,6,1,5.405215708314345,0.07539118447589299,5.314390592537858,5.32306188958376
1445,provo:29:8,29,8,somewhat,somewhat,228.41772151898735,5.4311760646098675,15.399347305297852,1.940051470452191,4.55,-0.8600202024221698,8,1.2857426718243432,0,-0.2088879996334169,7,7,7,1,5.392977850129862,0.06248106258173003,5.368695002028137,5.385827367218768
1446,provo:29:9,29,9,isolated,isolated,238.44,5.474117706351726,7.958841323852539,0.3649702094315611,4.24,-1.086933100888476,8,1.2857426718243432,0,-0.2088879996334169,8,8,8,1,5.4277800202879085,0.09726947095062322,5.376848235401103,5.3726221066580795
1447,provo:29:10,29,10,ecosystem,ecosystem,263.05128205128204,5.572349001958067,9.719574928283691,0.7377000362611751,3.78,-1.4236425631288017,9,1.6811476328741586,0,-0.2088879996334169,9,9,9,1,5.511556483625545,0.18090517775903336,5.391443824199033,5.389188571458331
1448,provo:29:11,29,11,was,was,214.3421052631579,5.36757336130976,4.529390811920166,-0.3610104228550912,6.82,0.8015677960246546,3,-0.6912821334247348,0,-0.2088879996334169,10,10,10,1,5.400861617374845,0.07106728068679313,5.296506080622967,5.298178826618342
1449,provo:29:12,29,12,suffering,suffering,210.3783783783784,5.348907711221616,11.94636344909668,1.2090890627783044,4.53,-0.8746597442587054,9,1.6811476328741586,0,-0.2088879996334169,11,11,11,1,5.307807462849931,-0.022810548365403527,5.37171825958702,5.379677221575009
1450,provo:29:13,29,13,from,from,169.8793103448276,5.135088245776055,0.9783213138580322,-1.1127365873024613,6.63,0.6624921485775632,4,-0.2958771723749192,0,-0.2088879996334169,12,12,12,1,5.161010886758337,-0.1689122203845166,5.304000466160572,5.295253383254707
1451,provo:29:14,29,14,the,the,182.12121212121212,5.204672466062773,4.1959228515625,-0.43160228002447454,7.73,1.4676669495870378,3,-0.6912821334247348,0,-0.2088879996334169,13,13,13,1,5.26185400968034,-0.06789992949761814,5.272572395560391,5.278660772125175
1452,provo:29:15,29,15,effects,effects,172.84722222222223,5.1524080957856375,3.0433664321899414,-0.6755870336084125,4.89,-0.6111479912010597,7,0.8903377107745275,0,-0.2088879996334169,14,14,14,1,5.125513950380603,-0.20484740778249222,5.35725550356813,5.34387190892993
1453,provo:29:16,29,16,of,of,190.4,5.249127122357265,0.0207529608160257,-1.315444302716444,7.4,1.2261145092841956,2,-1.0866870944745504,0,-0.2088879996334169,15,15,15,1,5.300020973884789,-0.029627279129848638,5.278754401487114,5.271931878583075
1454,provo:29:17,29,17,limited,limited,224.42307692307693,5.413533006699175,11.176830291748049,1.0461865318353183,5.02,-0.5159909692635765,7,0.8903377107745275,0,-0.2088879996334169,16,16,16,1,5.390052188087352,0.05969660099712737,5.353836405702047,5.362585804829594
1455,provo:29:18,29,18,natural,natural,245.88888888888889,5.504879762714831,5.223301410675049,-0.21411643692886614,5.11,-0.4501130309991644,7,0.8903377107745275,0,-0.2088879996334169,17,17,17,1,5.483762016498308,0.1534104247662249,5.351469337948606,5.345094615799287
1456,provo:29:19,29,19,"resources,",resources,235.89705882352945,5.463395518440735,2.4907028675079346,-0.7925804244544474,4.91,-0.5965084493645235,9,1.6811476328741586,0,-0.2088879996334169,18,19,19,2,5.432272686849207,0.1016715449238017,5.361723973516933,5.347040733497417
1457,provo:29:20,29,20,"deforestation,",deforestation,245.9268292682927,5.505034049688907,8.931880950927734,0.5709530399888632,3.2,-1.8481892763883423,13,3.2627674770734205,0,-0.2088879996334169,20,21,21,2,5.4195052158157715,0.08834681884633522,5.416687230842572,5.409061924355463
1458,provo:29:21,29,21,and,and,177.0,5.176149732573829,0.842362105846405,-1.1415178020930075,7.41,1.2334342802024634,3,-0.6912821334247348,0,-0.2088879996334169,22,22,22,1,5.224929241008105,-0.10483890388768735,5.280988636461516,5.276401981983497
1459,provo:29:22,29,22,overpopulation.,overpopulation,242.8780487804878,5.49255946049782,10.74156379699707,0.9540449353979176,2.71,-2.206858051383472,14,3.6581724381232363,1,4.7854341734200965,23,25,25,3,5.382699652884689,0.05426780953245025,5.43829165096537,5.436503146058944
1460,provo:29:23,29,23,Over,over,239.95348837209303,5.480445106111032,7.10115385055542,0.18340628483136778,6.08,0.2599047480728263,4,-0.2958771723749192,0,-0.2088879996334169,26,26,26,1,5.491926749122034,0.16197922590165081,5.318465880209382,5.322612779768635
1461,provo:29:24,29,24,the,the,202.78333333333333,5.312138085565349,1.1620783805847168,-1.0738370402685518,7.73,1.4676669495870378,3,-0.6912821334247348,0,-0.2088879996334169,27,27,27,1,5.3693196291829155,0.03956569000495769,5.272572395560391,5.270686993371664
1462,provo:29:25,29,25,following,following,194.5,5.270432163058501,6.202381610870361,-0.006854877001404642,5.46,-0.1939210488597865,9,1.6811476328741586,0,-0.2088879996334169,28,28,28,1,5.253750329438253,-0.07682639640962208,5.3472585594681235,5.345529140932002
1463,provo:29:26,29,26,years,years,208.16666666666663,5.338339040897522,3.455897808074951,-0.5882582361637367,5.96,0.17206749705361085,5,0.0995277886748964,0,-0.2088879996334169,29,29,29,1,5.344293014022065,0.014219827847655964,5.324119213049866,5.3180058183161085
1464,provo:29:27,29,27,the,the,169.14545454545456,5.130759022536088,3.90667986869812,-0.4928321484403453,7.73,1.4676669495870378,3,-0.6912821334247348,0,-0.2088879996334169,30,30,30,1,5.187940566153655,-0.14181337302430297,5.272572395560391,5.277900561912216
1465,provo:29:28,29,28,island's,island's,190.1818181818182,5.247980552386443,3.8375067710876465,-0.5074754065849808,3.41,-1.6944740871047155,8,1.2857426718243432,0,-0.2088879996334169,31,32,32,2,5.179850087565966,-0.15069730785195468,5.398677860238398,5.3787928905915035
1466,provo:29:29,29,29,population,population,225.64197530864195,5.418949563082004,2.0519282817840576,-0.8854646489291278,5.01,-0.5233107401818442,10,2.0765525939239744,0,-0.2088879996334169,33,33,33,1,5.388075460792528,0.057358422344109705,5.361591140737894,5.346354525757531
1467,provo:29:30,29,30,of,of,197.64,5.2864471939775495,5.867262363433838,-0.07779629525453147,7.4,1.2261145092841956,2,-1.0866870944745504,0,-0.2088879996334169,34,34,34,1,5.337341045505073,0.007692792490435529,5.278754401487114,5.28729811535057
1468,provo:29:31,29,31,four,four,243.6969696969697,5.495925525990739,10.11388874053955,0.821172356315028,5.53,-0.14268265243191067,4,-0.2958771723749192,0,-0.2088879996334169,35,35,35,1,5.49296617103046,0.16299423173254723,5.3329312942581915,5.341797983184024
1469,provo:29:32,29,32,thousand,thousand,202.90769230769232,5.312751157930248,6.129180908203125,-0.022350739158121892,4.64,-0.7941422641577583,8,1.2857426718243432,0,-0.2088879996334169,36,36,36,1,5.276916015845543,-0.05357677634444791,5.366327934274696,5.359619141434816
1470,provo:29:33,29,33,or,or,238.08695652173913,5.47263597047919,5.737058639526367,-0.10535913118977305,6.54,0.5966142103131519,2,-1.0866870944745504,0,-0.2088879996334169,37,37,37,1,5.50094935245162,0.17126292157030054,5.301373048908889,5.304573248744863
1471,provo:29:34,29,34,so,so,225.2826086956522,5.4173556526951225,1.963856816291809,-0.9041085039671315,6.52,0.5819746684766156,2,-1.0866870944745504,0,-0.2088879996334169,38,38,38,1,5.445143907468598,0.11545658872991282,5.30189906396521,5.295065940948858
1472,provo:29:35,29,35,was,was,219.09803921568627,5.389519297294768,3.3709464073181152,-0.606241604467347,6.82,0.8015677960246546,3,-0.6912821334247348,0,-0.2088879996334169,39,39,39,1,5.422807553359854,0.0930132166718014,5.296506080622967,5.295134115701581
1473,provo:29:36,29,36,slowly,slowly,212.65151515151516,5.359654746769557,6.5735249519348145,0.07171248429378164,4.63,-0.8014620350760262,6,0.49493274972471196,0,-0.2088879996334169,40,40,40,1,5.328310854470825,-0.0019417100281744482,5.361596456797732,5.3559607704917775
1474,provo:29:37,29,37,eroded,eroded,251.97058823529412,5.529312367347883,7.41654109954834,0.2501706348758926,3.33,-1.7530322544508592,6,0.49493274972471196,0,-0.2088879996334169,41,41,41,1,5.463835207117033,0.1335249318893279,5.395787435458555,5.3848073188845555
1475,provo:29:38,29,38,by,by,217.53333333333333,5.38235209549111,2.4460136890411377,-0.8020406799463441,6.66,0.6844514613323672,2,-1.0866870944745504,0,-0.2088879996334169,42,42,42,1,5.413816240657275,0.08413513692014263,5.2982169585709675,5.293465242165901
1476,provo:29:39,29,39,Western,western,206.34782608695653,5.329563221066559,11.36668872833252,1.0863776783052772,5.01,-0.5233107401818442,7,0.8903377107745275,0,-0.2088879996334169,43,43,43,1,5.305819838855259,-0.024536192163647996,5.354099413230207,5.363289657930256
1477,provo:29:40,29,40,disease,disease,224.0958904109589,5.41207404244578,11.408658027648926,1.095262162378845,4.9,-0.6038282202827913,7,0.8903377107745275,0,-0.2088879996334169,44,44,44,1,5.385442460640223,0.055081546405810755,5.356992496039969,5.365653346097503
1478,provo:29:41,29,41,and,and,162.05714285714285,5.08794900672255,1.3949309587478638,-1.0245444607907954,7.41,1.2334342802024634,3,-0.6912821334247348,0,-0.2088879996334169,45,45,45,1,5.136728515156826,-0.1930396297389665,5.280988636461516,5.2778542850996475
1479,provo:29:42,29,42,deportation,deportation,212.0379746835443,5.356765384496665,17.598682403564453,2.4056288799218337,3.57,-1.5773577524124287,11,2.4719575549737898,0,-0.2088879996334169,46,46,46,1,5.285705217189658,-0.04519608279885645,5.401961467295521,5.419230027752033
1480,provo:29:43,29,43,by,by,212.65853658536585,5.359687764723507,6.074999809265137,-0.033820339995960735,6.66,0.6844514613323672,2,-1.0866870944745504,0,-0.2088879996334169,47,47,47,1,5.391151909889672,0.0614708061525393,5.2982169585709675,5.303003217068387
1481,provo:29:44,29,44,slave,slave,241.04166666666663,5.484969809279831,8.624204635620117,0.5058210180659715,4.31,-1.0356947044606006,5,0.0995277886748964,0,-0.2088879996334169,48,48,48,1,5.447600788490533,0.11745435408353622,5.367515455196295,5.36539027130974
1482,provo:29:45,29,45,traders.,traders,270.63157894736844,5.600758408659394,1.9472559690475464,-0.9076227385469718,3.95,-1.2992064575182463,7,0.8903377107745275,1,4.7854341734200965,49,50,50,2,5.5400948342305885,0.21256038870382188,5.388198019955572,5.370378742453848
1484,provo:30:3,30,3,may,may,216.5813953488372,5.377966436828095,11.423406600952148,1.0983842889512347,5.98,0.1867070388901471,3,-0.6912821334247348,0,-0.2088879996334169,2,2,2,1,5.3891993505370435,0.05936772383967437,5.318598712988421,5.3335058375878255
1485,provo:30:4,30,4,not,not,220.6904761904762,5.396761159592464,3.6046910285949703,-0.5567601883169332,6.69,0.7064107740871713,3,-0.6912821334247348,0,-0.2088879996334169,3,3,3,1,5.426636088864338,0.09683598110341585,5.299925178489048,5.298411547916764
1486,provo:30:5,30,5,necessarily,necessarily,207.6125,5.335673361425117,6.238725662231445,0.0008387979168292026,4.48,-0.911258598850045,11,2.4719575549737898,0,-0.2088879996334169,4,4,4,1,5.288506481670592,-0.04235442080782814,5.378027782232945,5.370731324181874
1487,provo:30:6,30,6,kill,kill,200.7076923076923,5.301849582460404,8.736202239990234,0.5295297992110284,5.09,-0.46475257283570065,4,-0.2958771723749192,0,-0.2088879996334169,5,5,5,1,5.2873374291231015,-0.042654043036835176,5.344503625497239,5.347190568825752
1488,provo:30:7,30,7,or,or,198.68965517241375,5.291744085657999,6.273993015289307,0.008304546491692339,6.54,0.5966142103131519,2,-1.0866870944745504,0,-0.2088879996334169,6,6,6,1,5.32005746763043,-0.00962896325088991,5.301373048908889,5.30598446014955
1489,provo:30:8,30,8,even,even,226.16949152542372,5.421284680692809,4.009739875793457,-0.4710153679228211,5.99,0.19402680980841489,4,-0.2958771723749192,0,-0.2088879996334169,7,7,7,1,5.43040325130851,0.10045173272998564,5.320832947962823,5.316331368106811
1490,provo:30:9,30,9,damage,damage,190.3661971830986,5.248949570792865,7.0227813720703125,0.16681560906960238,4.9,-0.6038282202827913,6,0.49493274972471196,0,-0.2088879996334169,8,8,8,1,5.224694895680034,-0.10554568274454201,5.354495253537407,5.35161051327892
1491,provo:30:10,30,10,brain,brain,201.66153846153847,5.3065907399230685,12.871374130249023,1.404904642224149,4.94,-0.5745491366097194,5,0.0995277886748964,0,-0.2088879996334169,9,9,9,1,5.285763225900873,-0.04435524099913568,5.350945980922204,5.363647273149325
1492,provo:30:11,30,11,"cells,",cells,176.6590909090909,5.1742218353119585,2.1966164112091064,-0.8548356081195599,4.75,-0.7136247840568107,5,0.0995277886748964,0,-0.2088879996334169,10,11,11,2,5.148405612899684,-0.18172128864528858,5.355943123957247,5.3394832742133085
1493,provo:30:12,30,12,as,as,186.875,5.230439944144951,5.2437663078308105,-0.20978422133773061,6.77,0.7649689414333143,2,-1.0866870944745504,0,-0.2088879996334169,12,12,12,1,5.2647922889053715,-0.06488393161625439,5.295323875761206,5.2985651252242345
1494,provo:30:13,30,13,commonly,commonly,230.8552631578947,5.4417909477309845,11.196857452392578,1.050426082952045,4.38,-0.9844563080327249,8,1.2857426718243432,0,-0.2088879996334169,13,13,13,1,5.399129152059856,0.06862481772412377,5.373166130006861,5.378264564929384
1495,provo:30:14,30,14,"thought,",thought,200.41666666666663,5.300398532751861,4.0384521484375,-0.4649372648051401,5.59,-0.09876402692230327,7,0.8903377107745275,0,-0.2088879996334169,14,15,15,2,5.291883839310274,-0.038446443845056244,5.338844976596917,5.332147569103369
1496,provo:30:15,30,15,a,a,167.64705882352942,5.1218609292064805,8.350568771362305,0.4478950217411968,7.36,1.1968354256111238,1,-1.482092055524366,0,-0.2088879996334169,16,16,16,1,5.174081433028818,-0.15544825989071231,5.277309189097193,5.292128798690635
1497,provo:30:16,30,16,new,new,197.68333333333337,5.286666423807175,3.4920670986175537,-0.580601556376081,6.25,0.38434085368338133,3,-0.6912821334247348,0,-0.2088879996334169,17,17,17,1,5.3049885547020255,-0.02483108592092087,5.311497509728096,5.307129066376765
1498,provo:30:17,30,17,animal,animal,200.86666666666667,5.302641338028091,10.264419555664062,0.8530382356920544,4.81,-0.6697061585472033,6,0.49493274972471196,0,-0.2088879996334169,18,18,18,1,5.2760235905199595,-0.05422098326275737,5.356862321290849,5.361974106734613
1499,provo:30:18,30,18,study,study,179.0281690140845,5.187543162253354,0.6236405968666077,-1.1878189744911396,5.26,-0.3403164672251456,5,0.0995277886748964,0,-0.2088879996334169,19,19,19,1,5.175117683414449,-0.1549865777677244,5.342529740021078,5.32490156551928
1500,provo:30:19,30,19,suggests.,suggests,189.73333333333332,5.245619577547587,1.8358641862869265,-0.9312032732707477,4.49,-0.9039388279317772,8,1.2857426718243432,1,4.7854341734200965,20,21,21,2,5.196757530797858,-0.13087327838989804,5.376492855937485,5.361539461714143
1501,provo:30:20,30,20,But,but,193.45454545454547,5.265042577663165,5.511813640594482,-0.1530412616579093,6.63,0.6624921485775632,3,-0.6912821334247348,0,-0.2088879996334169,22,22,22,1,5.293342125338172,-0.03646064599484511,5.30150322365801,5.304653108407131
1502,provo:30:21,30,21,it,it,196.35555555555555,5.279927074769688,3.3754374980926514,-0.6052908851294209,6.95,0.8967248179621378,2,-1.0866870944745504,0,-0.2088879996334169,23,23,23,1,5.31900556432071,-0.010662665484633571,5.290589740254322,5.289967291394121
1503,provo:30:22,30,22,can,can,189.3921568627451,5.24381976945497,3.832690477371216,-0.508494968157707,6.46,0.5380560429670082,3,-0.6912821334247348,0,-0.2088879996334169,24,24,24,1,5.267655735938854,-0.06215458218176284,5.305974351636733,5.303722408682655
1504,provo:30:23,30,23,block,block,195.2676056338028,5.274370954354127,9.155329704284668,0.6182549230985063,4.88,-0.6184677621193275,5,0.0995277886748964,0,-0.2088879996334169,25,25,25,1,5.251968058735065,-0.07815307173703889,5.3525240260911655,5.355109602112272
1505,provo:30:24,30,24,key,key,214.91304347826087,5.37023349737781,8.542962074279785,0.4886227742525018,5.12,-0.4427932600808966,3,-0.6912821334247348,0,-0.2088879996334169,26,26,26,1,5.358885941531666,0.029016136967613626,5.341217360410196,5.343552580769663
1506,provo:30:25,30,25,receptors,receptors,228.2207792207792,5.430313490341162,6.602009296417236,0.07774233728208663,3.65,-1.518799585066285,9,1.6811476328741586,0,-0.2088879996334169,27,27,27,1,5.366107645215428,0.035450568276046646,5.394862922065116,5.383657837418265
1507,provo:30:26,30,26,in,in,178.28,5.183355348078355,2.258399486541748,-0.8417567443369968,7.27,1.1309574873467116,2,-1.0866870944745504,0,-0.2088879996334169,28,28,28,1,5.230835872812667,-0.09881815127484117,5.282173499353196,5.280476116853304
1508,provo:30:27,30,27,the,the,194.6904761904762,5.271410995878609,0.6734970211982727,-1.1772648643402808,7.73,1.4676669495870378,3,-0.6912821334247348,0,-0.2088879996334169,29,29,29,1,5.328592539496176,-0.0011613996817816385,5.272572395560391,5.269402867009846
1509,provo:30:28,30,28,brain,brain,205.63076923076923,5.326082178175378,0.4185139238834381,-1.2312422550525697,4.94,-0.5745491366097194,5,0.0995277886748964,0,-0.2088879996334169,30,30,30,1,5.305254664153183,-0.024863802746826202,5.350945980922204,5.330917727161106
1510,provo:30:29,30,29,and,and,199.28571428571428,5.294739545200152,3.164235830307007,-0.6500001817894921,7.41,1.2334342802024634,3,-0.6912821334247348,0,-0.2088879996334169,31,31,31,1,5.343519053634429,0.01375090873863627,5.280988636461516,5.282504505547098
1511,provo:30:30,30,30,trigger,trigger,238.16901408450704,5.47298056485131,5.4982171058654785,-0.15591951309939395,4.25,-1.079613329970208,7,0.8903377107745275,0,-0.2088879996334169,32,32,32,1,5.4292823490796955,0.09889257948093011,5.37408798537038,5.363434514591919
1512,provo:30:31,30,31,production,production,220.3947368421053,5.395420196966882,10.918903350830078,0.9915859586531494,5.14,-0.42815371824436105,10,2.0765525939239744,0,-0.2088879996334169,33,33,33,1,5.367959421470617,0.037248154095069985,5.358172042871812,5.3669962911157745
1513,provo:30:32,30,32,of,of,168.2972972972973,5.125732042228227,0.0699002593755722,-1.3050403074526848,7.4,1.2261145092841956,2,-1.0866870944745504,0,-0.2088879996334169,34,34,34,1,5.176625893755751,-0.15302235925888663,5.278754401487114,5.272061051218256
1514,provo:30:33,30,33,a,a,220.3548387096774,5.395239150246703,3.786172151565552,-0.5183424359849313,7.36,1.1968354256111238,1,-1.482092055524366,0,-0.2088879996334169,35,35,35,1,5.447459654069041,0.11792996114951038,5.277309189097193,5.280132307394624
1515,provo:30:34,30,34,steroid,steroid,214.14864864864865,5.366670393738638,11.319260597229004,1.0763376137273215,3.33,-1.7530322544508592,7,0.8903377107745275,0,-0.2088879996334169,36,36,36,1,5.298816326815063,-0.031614284222478695,5.398284677961117,5.397580281636592
1516,provo:30:35,30,35,that,that,172.0,5.147494476813453,4.477665901184082,-0.37196007303097145,7.01,0.9406434434717452,4,-0.2958771723749192,0,-0.2088879996334169,37,37,37,1,5.183394534575892,-0.14651170327703245,5.294006180090485,5.296666216411515
1517,provo:30:36,30,36,interferes,interferes,235.679012345679,5.462470762047355,10.65308666229248,0.9353152042143769,3.05,-1.9579858401623618,10,2.0765525939239744,0,-0.2088879996334169,38,40,40,3,5.3801341942602265,0.04933014579006656,5.413140616257288,5.409111896181009
1518,provo:30:37,30,37,with,with,191.2,5.2533200006173,0.0262079983949661,-1.3142895254082636,6.85,0.8235271087794579,4,-0.2958771723749192,0,-0.2088879996334169,41,41,41,1,5.285019040788094,-0.04489429992374738,5.298214300541048,5.28824420467965
1519,provo:30:38,30,38,brain,brain,214.12328767123287,5.36655195974708,3.544553518295288,-0.5694907023160719,4.94,-0.5745491366097194,5,0.0995277886748964,0,-0.2088879996334169,42,42,42,1,5.345724445724885,0.015605978824876132,5.350945980922204,5.339133820088415
1520,provo:30:39,30,39,functions,functions,202.77777777777777,5.312110688680373,4.222072124481201,-0.4260667385080413,4.5,-0.8966190570135094,9,1.6811476328741586,0,-0.2088879996334169,43,43,43,1,5.270222749510254,-0.06039659349112814,5.372507282171501,5.359990215332112
1521,provo:30:40,30,40,critical,critical,252.51351351351352,5.531464766148731,11.054121971130373,1.0202103983763584,4.83,-0.6550666167106671,8,1.2857426718243432,0,-0.2088879996334169,44,44,44,1,5.5006183324541045,0.17013397490907867,5.361330791239652,5.368671038769157
1522,provo:30:41,30,41,to,to,218.44,5.386511377283953,1.390765905380249,-1.025426161245958,7.43,1.2480738220389989,2,-1.0866870944745504,0,-0.2088879996334169,45,45,45,1,5.43819291960991,0.10854599838131929,5.277965378902634,5.274918091352395
1523,provo:30:42,30,42,learning,learning,252.34722222222223,5.530806005086386,4.106273651123047,-0.45058012589003704,4.92,-0.5891886784462557,8,1.2857426718243432,0,-0.2088879996334169,46,46,46,1,5.50232264378706,0.171842281600175,5.358963723486211,5.348566504429878
1524,provo:30:43,30,43,and,and,213.3703703703704,5.363029483728054,0.7693120837211609,-1.156981766674656,7.41,1.2334342802024634,3,-0.6912821334247348,0,-0.2088879996334169,47,47,47,1,5.411808992162331,0.08204084726653793,5.280988636461516,5.276209986408266
1525,provo:30:44,30,44,memory.,memory,241.52727272727273,5.486982397264167,0.6470719575881958,-1.1828587880085506,4.81,-0.6697061585472033,6,0.49493274972471196,1,4.7854341734200965,48,49,49,2,5.451276199083178,0.12390026723293168,5.363082130031235,5.346828615028907
1527,provo:31:3,31,3,to,to,211.0,5.351858133476067,3.2804713249206543,-0.6253942813456278,7.43,1.2480738220389989,2,-1.0866870944745504,0,-0.2088879996334169,2,2,2,1,5.4035396758020235,0.07160809629277232,5.280250037183294,5.282063108227031
1528,provo:31:4,31,4,check,check,191.8939393939394,5.25694282040935,11.140955924987791,1.0385922844849402,5.31,-0.303717612633806,5,0.0995277886748964,0,-0.2088879996334169,3,3,3,1,5.245830159567833,-0.08665134856767409,5.343594168977024,5.353316679444945
1529,provo:31:5,31,5,out,out,175.11111111111111,5.165420693081605,3.7431256771087646,-0.5274549473435634,6.38,0.4794978756208646,3,-0.6912821334247348,0,-0.2088879996334169,4,4,4,1,5.187156150769666,-0.1446548020752294,5.310075495156834,5.3074659129613595
1530,provo:31:6,31,6,of,of,200.86363636363637,5.302626251772424,8.032275199890137,0.38051543207628025,7.4,1.2261145092841956,2,-1.0866870944745504,0,-0.2088879996334169,5,5,5,1,5.353520103299948,0.021615081323298035,5.281011170449126,5.294302543156552
1531,provo:31:7,31,7,their,their,200.5,5.300814246746624,6.528169631958008,0.06211121325640712,6.33,0.442899021029525,5,0.0995277886748964,0,-0.2088879996334169,6,6,6,1,5.316483073051845,-0.016901391192122972,5.317715637938747,5.321424249417193
1532,provo:31:8,31,8,hotel,hotel,187.21666666666667,5.232266591419468,6.101563930511475,-0.028196979206395283,4.95,-0.5672293656914517,5,0.0995277886748964,0,-0.2088879996334169,7,7,7,1,5.2117016409967505,-0.12046117674753631,5.3527277681670045,5.348249324434935
1533,provo:31:9,31,9,"room,",room,172.0,5.147494476813453,4.910770416259766,-0.2802761462307911,5.39,-0.24515944528766234,4,-0.2958771723749192,0,-0.2088879996334169,8,9,9,2,5.140859231460484,-0.19088420978525633,5.338378686598709,5.333382988460297
1534,provo:31:10,31,10,some,some,205.44,5.325154020501596,9.264354705810549,0.6413344337278093,6.2,0.34774199909204173,4,-0.2958771723749192,0,-0.2088879996334169,10,10,10,1,5.339786426706332,0.00732593208034249,5.317828088421254,5.32768343509927
1535,provo:31:11,31,11,frequent,frequent,211.6315789473684,5.354846927730834,14.420868873596191,1.7329172989416177,4.27,-1.0649737881336725,8,1.2857426718243432,0,-0.2088879996334169,11,11,11,1,5.3092969324654495,-0.02469057546997888,5.379537503200813,5.391544972119746
1536,provo:31:12,31,12,travelers,travelers,225.13698630136983,5.416709044949928,3.392472743988037,-0.6016846926670248,3.84,-1.379723937619194,9,1.6811476328741586,0,-0.2088879996334169,12,12,12,1,5.357491908214273,0.023076171269432066,5.393632873680496,5.376293795614094
1537,provo:31:13,31,13,pile,pile,227.15384615384616,5.425627524282386,14.015771865844728,1.6471622834364872,4.14,-1.1601308100711558,4,-0.2958771723749192,0,-0.2088879996334169,13,13,13,1,5.38617182899469,0.05553495160735622,5.37009257267503,5.380918376267414
1538,provo:31:14,31,14,up,up,228.4878048780488,5.431482838573245,2.8473238945007324,-0.7170872928982012,6.39,0.48681764653913234,2,-1.0866870944745504,0,-0.2088879996334169,14,14,14,1,5.455857766553509,0.12484684817445224,5.306635990398793,5.302005766498161
1539,provo:31:15,31,15,their,their,203.46875,5.315512430437136,4.37394380569458,-0.39391701108958077,6.33,0.442899021029525,5,0.0995277886748964,0,-0.2088879996334169,15,15,15,1,5.331181256742357,-0.002203207501611182,5.317715637938747,5.316150178649702
1540,provo:31:16,31,16,used,used,212.044776119403,5.356797460481111,15.531238555908203,1.9679715390398635,5.8,0.054951162361323594,4,-0.2958771723749192,0,-0.2088879996334169,16,16,16,1,5.3609273227067336,0.02882092851543483,5.327976531965676,5.351104415616488
1541,provo:31:17,31,17,bath,bath,204.85454545454544,5.322300192931695,12.486339569091797,1.3233966475210461,4.44,-0.9405376825231168,4,-0.2958771723749192,0,-0.2088879996334169,17,17,17,1,5.290721405628333,-0.04018104708501813,5.362481240016713,5.371115363485812
1542,provo:31:18,31,18,towels,towels,202.22368421052633,5.309374432320981,1.364267349243164,-1.0310356425527007,3.65,-1.518799585066285,6,0.49493274972471196,0,-0.2088879996334169,18,18,18,1,5.252299307273422,-0.07952157103482627,5.388896003355807,5.365970204001385
1543,provo:31:19,31,19,on,on,169.48837209302326,5.132784323246232,4.593379020690918,-0.3474647542120684,6.91,0.8674457342890659,2,-1.0866870944745504,0,-0.2088879996334169,19,19,19,1,5.170812558399342,-0.1606586905448122,5.293443013791044,5.2957789812728615
1544,provo:31:20,31,20,the,the,170.71794871794873,5.140012772005324,0.6978414058685303,-1.1721113997505308,7.73,1.4676669495870378,3,-0.6912821334247348,0,-0.2088879996334169,20,20,20,1,5.197194315622891,-0.13581172618908344,5.275824498194408,5.2727466625552495
1545,provo:31:21,31,21,bathroom,bathroom,205.65277777777777,5.326189201892664,7.217916011810303,0.2081236753754327,4.54,-0.8673399733404376,8,1.2857426718243432,0,-0.2088879996334169,21,21,21,1,5.2877284238131805,-0.04649810191566317,5.372687303808327,5.368457654741247
1546,provo:31:22,31,22,"floor,",floor,191.36363636363637,5.254175473318111,3.618647575378418,-0.5538057258970406,4.94,-0.5745491366097194,5,0.0995277886748964,0,-0.2088879996334169,22,23,23,2,5.233347959295916,-0.09880600593750355,5.3529814792556145,5.342372491974917
1547,provo:31:23,31,23,which,which,193.16666666666663,5.263553374111696,6.085907936096191,-0.03151119782105005,6.3,0.42093970827472094,5,0.0995277886748964,0,-0.2088879996334169,24,24,24,1,5.278434509618484,-0.05492339709288174,5.318476771204578,5.320947343720964
1548,provo:31:24,31,24,would,would,199.8030303030303,5.297332032781274,7.74234676361084,0.3191404599763548,6.27,0.39898039551991693,5,0.0995277886748964,0,-0.2088879996334169,25,25,25,1,5.311425477489628,-0.02190587168913627,5.31923790447041,5.3256085692944986
1549,provo:31:25,31,25,make,make,212.4181818181818,5.358556887484678,4.130836009979248,-0.4453805183287578,6.08,0.2599047480728263,4,-0.2958771723749192,0,-0.2088879996334169,26,26,26,1,5.3700385304956795,0.03768426600009711,5.320872621484581,5.317538763651756
1550,provo:31:26,31,26,them,them,189.58823529411765,5.244854537759222,2.9639439582824707,-0.6923999829787263,6.19,0.34042222817377393,4,-0.2958771723749192,0,-0.2088879996334169,27,27,27,1,5.259224380364479,-0.07322726175064176,5.318081799509864,5.312460444342136
1551,provo:31:27,31,27,easy,easy,206.6071428571429,5.330819129452573,7.718995571136475,0.3141972443159443,5.29,-0.3183571544703416,4,-0.2958771723749192,0,-0.2088879996334169,28,28,28,1,5.321558248104827,-0.010096668032241851,5.340915797484815,5.3422777389602905
1552,provo:31:28,31,28,for,for,209.92592592592592,5.346754734806242,4.046170711517334,-0.4633033216164148,7.01,0.9406434434717452,3,-0.6912821334247348,0,-0.2088879996334169,29,29,29,1,5.385031699261407,0.05266303823187446,5.294091696574368,5.295484804051303
1553,provo:31:29,31,29,housekeepers,housekeepers,188.92307692307693,5.241339931805497,16.57607650756836,2.1891533622340185,2.45,-2.3971720952584383,12,2.8673625160236056,0,-0.2088879996334169,30,31,31,2,5.138495734664249,-0.19711616420015776,5.4384560960056545,5.445837095314122
1554,provo:31:30,31,30,to,to,183.5483870967742,5.2124783226352305,0.231626808643341,-1.2708044022875753,7.43,1.2480738220389989,2,-1.0866870944745504,0,-0.2088879996334169,32,32,32,1,5.264159864961187,-0.06777171454806385,5.280250037183294,5.274598792489152
1555,provo:31:31,31,31,spot.,spot,218.72307692307692,5.387806440740061,6.877089977264404,0.1359741869374252,4.89,-0.6111479912010597,4,-0.2958771723749192,1,4.7854341734200965,33,34,34,2,5.358954564740345,0.031884238240623475,5.355922202499437,5.356026903186943
1556,provo:31:32,31,32,Other,other,207.64912280701753,5.33584974568555,7.751004695892334,0.32097325830079326,6.16,0.3184629154189699,5,0.0995277886748964,0,-0.2088879996334169,35,35,35,1,5.3470549907996485,0.013821019240424448,5.322028726445126,5.327851248702004
1557,provo:31:33,31,33,travelers,travelers,191.76,5.256244590126129,2.128203868865967,-0.869317864263453,3.84,-1.379723937619194,9,1.6811476328741586,0,-0.2088879996334169,36,36,36,1,5.197027453390474,-0.13738828355436716,5.393632873680496,5.3731985567420875
1558,provo:31:34,31,34,neatly,neatly,220.74603174603175,5.397012863087078,15.091144561767578,1.8748080088999455,3.49,-1.635915919758572,6,0.49493274972471196,0,-0.2088879996334169,37,37,37,1,5.3357367204478745,0.004057482313502447,5.392955380773576,5.402808198302559
1559,provo:31:35,31,35,fold,fold,169.07575757575756,5.130346884159276,6.041818618774414,-0.04084446866283147,4.08,-1.2040494355807632,4,-0.2958771723749192,0,-0.2088879996334169,38,38,38,1,5.089315807274713,-0.24126795504741683,5.371614839206693,5.362607909735823
1560,provo:31:36,31,36,"them,",them,174.58333333333334,5.162402182568238,11.817781448364258,1.1818695295418244,6.19,0.34042222817377393,4,-0.2958771723749192,0,-0.2088879996334169,39,40,40,2,5.176772025173495,-0.1556796169416259,5.318081799509864,5.334136800143494
1561,provo:31:37,31,37,or,or,195.3571428571429,5.274829385240823,6.889970302581787,0.13870082395564023,6.54,0.5966142103131519,2,-1.0866870944745504,0,-0.2088879996334169,41,41,41,1,5.303142767213253,-0.028000938828811606,5.302830324069634,5.308873857342077
1562,provo:31:38,31,38,hang,hang,194.52631578947367,5.270567453595135,7.71019983291626,0.3123352738421551,4.6,-0.8234213478308302,4,-0.2958771723749192,0,-0.2088879996334169,42,42,42,1,5.243189683883418,-0.08785440900380959,5.358421862598944,5.3561909598100845
1563,provo:31:39,31,39,them,them,200.58490566037736,5.301237626736484,0.4453260004520416,-1.2255664045825114,6.19,0.34042222817377393,4,-0.2958771723749192,0,-0.2088879996334169,43,43,43,1,5.3156074693417406,-0.01684417277338035,5.318081799509864,5.306294252671826
1564,provo:31:40,31,40,from,from,183.3653846153846,5.211480799453092,3.328052759170532,-0.6153217640132905,6.63,0.6624921485775632,4,-0.2958771723749192,0,-0.2088879996334169,44,44,44,1,5.237403440435374,-0.0954377121579073,5.306918511610999,5.304465940880344
1565,provo:31:41,31,41,the,the,195.52631578947367,5.275694977985419,2.0350873470306396,-0.8890297076515222,7.73,1.4676669495870378,3,-0.6912821334247348,0,-0.2088879996334169,45,45,45,1,5.332876521602986,-0.0001295202089881542,5.275824498194408,5.276020567101952
1566,provo:31:42,31,42,shower,shower,203.1780821917808,5.314082846657246,7.433072090148926,0.25367008149767106,4.5,-0.8966190570135094,6,0.49493274972471196,0,-0.2088879996334169,46,46,46,1,5.279325627565302,-0.05324771416666341,5.367330560823909,5.3636621171868395
1567,provo:31:43,31,43,curtain,curtain,238.69736842105263,5.475196508654991,2.3548672199249268,-0.8213354827287286,3.86,-1.3650843957826582,7,0.8903377107745275,0,-0.2088879996334169,47,47,47,1,5.421258312503742,0.08844264449057615,5.386753864164415,5.367219473977758
1568,provo:31:44,31,44,pole,pole,261.2708333333333,5.5655575449161585,13.783439636230469,1.5979798565814956,4.23,-1.0942528718067437,4,-0.2958771723749192,0,-0.2088879996334169,48,48,48,1,5.528464922023763,0.19774837203862372,5.367809172877535,5.378531993511936
1570,provo:32:3,32,3,celestial,celestial,188.9156626506024,5.241300686107801,17.832181930541992,2.455058412041914,3.53,-1.6066368360855003,9,1.6811476328741586,0,-0.2088879996334169,1,1,1,1,5.173944077788333,-0.16128906429827516,5.402589750406076,5.419314703993107
1571,provo:32:4,32,4,"hurry,",hurry,220.81333333333333,5.397317699053181,20.326086044311523,2.982993158170244,4.14,-1.1601308100711558,5,0.0995277886748964,0,-0.2088879996334169,2,3,3,2,5.355485097072759,0.021808266309778723,5.375509432743402,5.401638989860247
1572,provo:32:5,32,5,Neptune,neptune,242.675,5.49172309959829,13.987987518310549,1.6412806128538813,3.36,-1.7310729416960555,7,0.8903377107745275,0,-0.2088879996334169,4,4,4,1,5.424656723473149,0.08998196406042247,5.4017411355378675,5.408356240178422
1573,provo:32:6,32,6,has,has,196.71428571428572,5.281752349673342,21.74444007873535,3.283244628525224,6.37,0.4721781047025968,3,-0.6912821334247348,0,-0.2088879996334169,5,5,5,1,5.303225243761926,-0.028782772388149525,5.310535122061491,5.351584281735869
1574,provo:32:7,32,7,just,just,196.29508196721312,5.279619047311986,8.104104042053223,0.3957208849815017,6.43,0.5160967302122041,4,-0.2958771723749192,0,-0.2088879996334169,6,6,6,1,5.300290416304711,-0.03200835818166947,5.311627405493655,5.319718806692891
1575,provo:32:8,32,8,completed,completed,215.5,5.372960909543803,3.6200246810913086,-0.5535142062869189,4.77,-0.6989852422202751,9,1.6811476328741586,0,-0.2088879996334169,7,7,7,1,5.338162187559585,0.003502768641473253,5.36945814090233,5.357897567260564
1576,provo:32:9,32,9,its,its,209.73809523809524,5.345859586826427,1.2854608297348022,-1.047718200490752,6.14,0.30382337358243366,3,-0.6912821334247348,0,-0.2088879996334169,8,8,8,1,5.361293518127021,0.02917908558278892,5.3166805012436384,5.306753116100436
1577,provo:32:10,32,10,first,first,212.47692307692307,5.358833385182291,5.037079811096191,-0.2535377011043664,6.11,0.2818640608276303,5,0.0995277886748964,0,-0.2088879996334169,9,9,9,1,5.368725812299001,0.03596046108596962,5.3228729240963215,5.321811835247752
1578,provo:32:11,32,11,orbit,orbit,214.91666666666663,5.370250356093345,4.094791889190674,-0.45301070092193396,4.03,-1.2406482901721028,5,0.0995277886748964,0,-0.2088879996334169,10,10,10,1,5.325529554518667,-0.008198171041518876,5.378448527134863,5.364504387823403
1579,provo:32:12,32,12,around,around,205.1296296296296,5.323642118952659,1.927415370941162,-0.9118227962262128,5.77,0.03299184960651957,6,0.49493274972471196,0,-0.2088879996334169,11,11,11,1,5.322230476994398,-0.01101070454477604,5.334652823497435,5.324233622096751
1580,provo:32:13,32,13,the,the,192.36111111111111,5.25937439259943,0.7870067358016968,-1.1532359844681994,7.73,1.4676669495870378,3,-0.6912821334247348,0,-0.2088879996334169,12,12,12,1,5.3165559362169965,-0.014822835167630721,5.27419722776706,5.271150975180849
1581,provo:32:14,32,14,sun,sun,193.8108108108108,5.26688248123835,1.5464249849319458,-0.9924746791933932,4.97,-0.5525898238549161,3,-0.6912821334247348,0,-0.2088879996334169,13,13,13,1,5.251596471400039,-0.08105929671446788,5.347941777952818,5.3326933013259215
1582,provo:32:15,32,15,since,since,202.38571428571427,5.310175353329992,10.248861312866213,0.8497447101245174,5.75,0.018352307769983985,5,0.0995277886748964,0,-0.2088879996334169,14,14,14,1,5.3106154908655,-0.022316425138384943,5.332491778468377,5.34228559067644
1583,provo:32:16,32,16,being,being,181.2173913043478,5.199697367504053,6.8016676902771,0.12000803743183099,5.95,0.16474772613534305,5,0.0995277886748964,0,-0.2088879996334169,15,15,15,1,5.205388777029118,-0.1274506029798479,5.327147970483901,5.32956807100808
1584,provo:32:17,32,17,discovered,discovered,184.50617283950615,5.2176829200456,2.8795700073242188,-0.7102611108918043,4.74,-0.7209445549750785,10,2.0765525939239744,0,-0.2088879996334169,16,16,16,1,5.179719600570223,-0.15527221788190726,5.372955137927507,5.35938227766029
1585,provo:32:18,32,18,165,165,222.32075471698113,5.404121180161219,12.877337455749512,1.406167019040001,3.74,-1.4529216468018733,3,-0.6912821334247348,0,-0.2088879996334169,17,17,17,1,5.356539847587135,0.02331498310387836,5.380806197057341,5.386880013507678
1586,provo:32:19,32,19,years,years,228.93650793650792,5.433444707191978,1.1528682708740234,-1.07578672907378,5.96,0.17206749705361085,5,0.0995277886748964,0,-0.2088879996334169,18,18,18,1,5.43939868031652,0.10656392710729978,5.326880780084678,5.31560027191593
1587,provo:32:20,32,20,ago,ago,198.7906976744186,5.292252500745476,0.0360057093203067,-1.3122154472584866,5.42,-0.2232001325328583,3,-0.6912821334247348,0,-0.2088879996334169,19,19,19,1,5.288781852883666,-0.043665709242272754,5.3359182099877485,5.319283664932687
1588,provo:32:21,32,21,by,by,227.87234042553192,5.428785561731736,3.5691444873809814,-0.5642850382531973,6.66,0.6844514613323672,2,-1.0866870944745504,0,-0.2088879996334169,20,20,20,1,5.460249706897901,0.12869438707523972,5.3000911746564965,5.2984274897832755
1589,provo:32:22,32,22,Earthlings.,earthlings,233.11111111111111,5.451515211620023,18.75591468811035,2.6506034677498342,2.53,-2.338613927912295,10,2.0765525939239744,1,4.7854341734200965,21,23,23,3,5.346436885987192,0.009176862501464988,5.442338349118558,5.458276961420145
1590,provo:32:23,32,23,As,as,251.53846153846155,5.527595906429762,7.1437225341796875,0.1924176526133577,6.77,0.7649689414333143,2,-1.0866870944745504,0,-0.2088879996334169,24,24,24,1,5.5619482511901825,0.23044382616472703,5.297152080265035,5.304750401373509
1591,provo:32:24,32,24,Space.com,space.com,225.83132530120483,5.419788372391034,11.132213592529297,1.0367416194807961,1.82,-2.858317663109319,9,1.6811476328741586,0,-0.2088879996334169,25,27,27,3,5.307533388560859,-0.028490936282304702,5.448279308673339,5.43998827591276
1592,provo:32:25,32,25,"notes,",notes,231.45945945945945,5.444404737065349,4.555608749389648,-0.35546034573482915,4.84,-0.6477468457923993,5,0.0995277886748964,0,-0.2088879996334169,28,29,29,2,5.420951587048375,0.08759863226760967,5.356806104797739,5.348107436720188
1593,provo:32:26,32,26,the,the,182.44,5.2064213518435,1.8991132974624632,-0.9178140642522709,7.73,1.4676669495870378,3,-0.6912821334247348,0,-0.2088879996334169,30,30,30,1,5.263602895461067,-0.06777587592356049,5.27419722776706,5.273858303276722
1594,provo:32:27,32,27,big,big,230.71153846153845,5.4411681789335,9.788143157958984,0.752215249867916,5.67,-0.040205859576159644,3,-0.6912821334247348,0,-0.2088879996334169,31,31,31,1,5.4442616210586365,0.111929728926345,5.329238450007155,5.337617379754899
1595,provo:32:28,32,28,blue-green,blue-green,222.06493506493507,5.402969839394909,18.60172462463379,2.617962961818766,4.83,-0.6550666167106671,10,2.0765525939239744,0,-0.2088879996334169,32,34,34,3,5.367369592314833,0.032419415060416235,5.370550424334493,5.39570998536355
1596,provo:32:29,32,29,gas,gas,227.69230769230768,5.42799518985657,8.612900733947754,0.5034280942856588,5.01,-0.5233107401818442,3,-0.6912821334247348,0,-0.2088879996334169,35,35,35,1,5.4137594344161695,0.08112217350064643,5.346873016355923,5.34903090635003
1597,provo:32:30,32,30,bag,bag,239.2058823529412,5.477324613550614,14.067096710205078,1.6580272435317258,4.79,-0.6843457003837389,3,-0.6912821334247348,0,-0.2088879996334169,36,36,36,1,5.4573124589217015,0.12457340841176823,5.352751205138846,5.367066863438831
1598,provo:32:31,32,31,is,is,244.41509433962264,5.49886798619074,2.9683895111083984,-0.6914589035725062,7.07,0.9845620689813532,2,-1.0866870944745504,0,-0.2088879996334169,37,37,37,1,5.541097238935496,0.2097316179024178,5.289136368288323,5.288097477608133
1599,provo:32:32,32,32,the,the,231.37254901960785,5.444029177729431,4.270177364349365,-0.41588333672566286,7.73,1.4676669495870378,3,-0.6912821334247348,0,-0.2088879996334169,38,38,38,1,5.501210721346998,0.1698319499623704,5.27419722776706,5.279630455502683
1600,provo:32:33,32,33,only,only,172.84745762711864,5.152409457709382,4.590370178222656,-0.34810169629651,6.12,0.2891838317458981,4,-0.2958771723749192,0,-0.2088879996334169,39,39,39,1,5.1649413551182946,-0.16750085016020932,5.319910307869591,5.317869637334225
1601,provo:32:34,32,34,planet,planet,190.04,5.2472345763187205,6.015742778778076,-0.046364465158503385,4.68,-0.7648631804846866,6,0.49493274972471196,0,-0.2088879996334169,40,40,40,1,5.2172035020173775,-0.11654200069410425,5.363776577012825,5.357760946170178
1602,provo:32:35,32,35,in,in,191.0,5.25227342804663,2.3718273639678955,-0.8177451885830203,7.27,1.1309574873467116,2,-1.0866870944745504,0,-0.2088879996334169,41,41,41,1,5.299753952780942,-0.03151913225721703,5.283792560303847,5.282319575913913
1603,provo:32:36,32,36,our,our,166.2,5.113191882421348,2.604597806930542,-0.7684699963119273,6.14,0.30382337358243366,3,-0.6912821334247348,0,-0.2088879996334169,42,42,42,1,5.128625813721942,-0.2034886188222904,5.3166805012436384,5.30996444199652
1604,provo:32:37,32,37,solar,solar,175.16666666666666,5.165737901648896,0.3558515012264251,-1.2445072679352074,4.53,-0.8746597442587054,5,0.0995277886748964,0,-0.2088879996334169,43,43,43,1,5.13414528004811,-0.1993511055247792,5.365089007173675,5.344588202237497
1605,provo:32:38,32,38,system,system,173.91379310344828,5.158559734508416,0.0043128910474479,-1.318924502300576,5.56,-0.1207233396771073,6,0.49493274972471196,0,-0.2088879996334169,44,44,44,1,5.151634256961121,-0.18170408737271782,5.340263821881134,5.324093897353381
1606,provo:32:39,32,39,to,to,201.76,5.30707887221661,2.2402775287628174,-0.8455929829183219,7.43,1.2480738220389989,2,-1.0866870944745504,0,-0.2088879996334169,45,45,45,1,5.358760414542567,0.027561358300342675,5.279517513916267,5.278538831289507
1607,provo:32:40,32,40,be,be,206.71428571428572,5.33133757757617,3.24717378616333,-0.6324430397856529,6.79,0.7796084832698505,2,-1.0866870944745504,0,-0.2088879996334169,46,46,46,1,5.366215049535547,0.03471987810958321,5.296617699466587,5.294832025225762
1608,provo:32:41,32,41,discovered,discovered,209.66265060240963,5.345499813329372,5.865373611450195,-0.07819612530151612,4.74,-0.7209445549750785,10,2.0765525939239744,0,-0.2088879996334169,47,47,47,1,5.307536493853996,-0.027455324598134823,5.372955137927507,5.366650960594896
1609,provo:32:42,32,42,by,by,254.44444444444449,5.539082519212066,3.3949248790740967,-0.601165600009459,6.66,0.6844514613323672,2,-1.0866870944745504,0,-0.2088879996334169,48,48,48,1,5.570546664378231,0.23899134455556936,5.3000911746564965,5.2980033670807565
1610,provo:32:43,32,43,mathematics,mathematics,248.7051282051282,5.516267970641514,15.767815589904783,2.0180525488482135,4.15,-1.1528110391528874,11,2.4719575549737898,0,-0.2088879996334169,49,49,49,1,5.460436492104221,0.1248531733322995,5.391414797309214,5.406156632991786
1612,provo:33:3,33,3,a,a,183.42105263157896,5.2117843440281835,6.9553141593933105,0.15253346983258814,7.36,1.1968354256111238,1,-1.482092055524366,0,-0.2088879996334169,3,3,3,1,5.264004847850521,-0.07103622122248598,5.2828205652506695,5.295013631581808
1613,provo:33:4,33,4,skunk's,skunk's,219.975,5.393513903531624,24.97693252563477,3.967531193471038,1.1,-3.385341169224611,7,0.8903377107745275,0,-0.2088879996334169,4,6,6,3,5.267108153924496,-0.06707472035326134,5.4605886238848855,5.485524891120308
1614,provo:33:5,33,5,natural,natural,232.96103896103895,5.450871224824264,12.097908973693848,1.2411697460785782,5.11,-0.4501130309991644,7,0.8903377107745275,0,-0.2088879996334169,7,7,7,1,5.429753478607742,0.09858947548948471,5.35228174933478,5.36522389623303
1615,provo:33:6,33,6,inclination,inclination,222.8625,5.406554989360889,4.977387428283691,-0.26617398603285125,3.37,-1.7237531707777873,11,2.4719575549737898,0,-0.2088879996334169,8,8,8,1,5.330243550064326,0.0014835770144188132,5.40507141234647,5.386945081358902
1616,provo:33:7,33,7,is,is,199.53846153846155,5.296007007414852,3.0349833965301514,-0.6773616390466892,7.07,0.9845620689813532,2,-1.0866870944745504,0,-0.2088879996334169,9,9,9,1,5.338236260159608,0.0039053597802789497,5.292101647634573,5.291317945556409
1617,provo:33:8,33,8,to,to,218.8421052631579,5.3883504892515175,0.3234362006187439,-1.2513692653161423,7.43,1.2480738220389989,2,-1.0866870944745504,0,-0.2088879996334169,10,10,10,1,5.440032031577474,0.10597215205037003,5.2823783372011475,5.27608181465504
1618,provo:33:9,33,9,turn,turn,204.984375,5.322933756721358,7.507681846618652,0.269464226357958,5.32,-0.2963978417155375,4,-0.2958771723749192,0,-0.2088879996334169,11,11,11,1,5.314460566172046,-0.01933081458965713,5.3422645713110155,5.343428939843644
1619,provo:33:10,33,10,"around,",around,202.30645161290323,5.309783634979583,6.768298149108887,0.11294403679612437,5.77,0.03299184960651957,6,0.49493274972471196,0,-0.2088879996334169,12,13,13,2,5.308371993021322,-0.023223629581383243,5.333007264560966,5.334826488627399
1620,provo:33:11,33,11,lick,lick,213.91379310344828,5.365573097896452,11.530116081237791,1.1209736267180888,3.77,-1.4309623340470696,4,-0.2958771723749192,0,-0.2088879996334169,14,14,14,1,5.316402549428076,-0.018555726669592154,5.384128824566044,5.387203392957462
1621,provo:33:12,33,12,its,its,215.8135593220339,5.374414883667717,5.5885467529296875,-0.136797623437556,6.14,0.30382337358243366,3,-0.6912821334247348,0,-0.2088879996334169,15,15,15,1,5.38984881496831,0.05574626843425978,5.318668615233457,5.3194243824740175
1622,provo:33:13,33,13,tail,tail,222.8823529411765,5.406644066962385,2.958185911178589,-0.693618904395632,4.34,-1.0137353917057967,4,-0.2958771723749192,0,-0.2088879996334169,16,16,16,1,5.372439643664245,0.03791048391593144,5.3687335830464535,5.3508761217878575
1623,provo:33:14,33,14,and,and,208.54166666666663,5.340138861401376,2.043949604034424,-0.8871536558115238,7.41,1.2334342802024634,3,-0.6912821334247348,0,-0.2088879996334169,17,17,17,1,5.388918369835652,0.05577192464139369,5.284366936759982,5.2828479653012215
1624,provo:33:15,33,15,spray,spray,244.5142857142857,5.499273735487348,10.239322662353516,0.8477254724926359,4.18,-1.130851726398084,5,0.0995277886748964,0,-0.2088879996334169,18,18,18,1,5.4584913879048385,0.1247702654912839,5.374503469996064,5.376419657788808
1625,provo:33:16,33,16,a,a,207.76,5.336383567354493,4.9517717361450195,-0.27159657379453167,7.36,1.1968354256111238,1,-1.482092055524366,0,-0.2088879996334169,19,19,19,1,5.388604071176831,0.053563002103823365,5.2828205652506695,5.28929920282544
1626,provo:33:17,33,17,noxious,noxious,194.06578947368425,5.268197222573171,11.999716758728027,1.220383428836652,2.91,-2.060462633018113,7,0.8903377107745275,0,-0.2088879996334169,20,21,21,2,5.189315484471528,-0.14350475718810074,5.411701979761272,5.410791575832317
1627,provo:33:18,33,18,scent.,scent,223.8961038961039,5.411182122364,8.860718727111816,0.5558887035708128,3.82,-1.39436347945573,5,0.0995277886748964,1,4.7854341734200965,22,23,23,2,5.351859034527432,0.018742872378744835,5.392439249985255,5.3913515968472305
1628,provo:33:19,33,19,That,that,158.26865671641792,5.0642939480179505,6.127000331878662,-0.02281234552137887,7.01,0.9406434434717452,4,-0.2958771723749192,0,-0.2088879996334169,24,24,24,1,5.10019400578039,-0.23232508264726004,5.296619030665211,5.304271611582368
1629,provo:33:20,33,20,works,works,206.9324324324324,5.332392326611038,10.826774597167969,0.9720832159826588,5.29,-0.3183571544703416,5,0.0995277886748964,0,-0.2088879996334169,25,25,25,1,5.320754538570567,-0.012130936215296373,5.344523262826335,5.354962897525389
1630,provo:33:21,33,21,when,when,205.24561403508773,5.3242073792130515,7.292189121246338,0.22384655540028137,6.37,0.4721781047025968,4,-0.2958771723749192,0,-0.2088879996334169,26,26,26,1,5.34330336660891,0.010302463332861223,5.31390491588019,5.320932443757469
1631,provo:33:22,33,22,a,a,209.06451612903223,5.342642893942569,5.044308185577393,-0.2520075259763077,7.36,1.1968354256111238,1,-1.482092055524366,0,-0.2088879996334169,27,27,27,1,5.394863397764907,0.05982232869189996,5.2828205652506695,5.289563131825152
1632,provo:33:23,33,23,skunk,skunk,208.43055555555551,5.3396059188799345,2.500708818435669,-0.790462263963176,3.1,-1.921386985571022,5,0.0995277886748964,0,-0.2088879996334169,28,29,29,2,5.270466702553819,-0.0640674824164078,5.403673401296342,5.376854945095552
1633,provo:33:24,33,24,faces,faces,212.08955223880596,5.35700860170018,11.7866792678833,1.1752855066575474,4.59,-0.830741118749098,5,0.0995277886748964,0,-0.2088879996334169,30,30,30,1,5.326991361696261,-0.006421098080037879,5.363429699780218,5.372288618918592
1634,provo:33:25,33,25,a,a,192.46153846153845,5.25989633356532,2.199608325958252,-0.8542022494652289,7.36,1.1968354256111238,1,-1.482092055524366,0,-0.2088879996334169,31,31,31,1,5.3121168373876575,-0.02292423168534974,5.2828205652506695,5.281449585292561
1635,provo:33:26,33,26,natural,natural,233.9041095890411,5.454911243290599,6.47048807144165,0.04990059944838034,5.11,-0.4501130309991644,7,0.8903377107745275,0,-0.2088879996334169,32,32,32,1,5.433793497074077,0.10262949395581966,5.35228174933478,5.349173576831317
1636,provo:33:27,33,27,predator,predator,218.94117647058823,5.38880309314598,1.7728886604309082,-0.9445345669927193,3.71,-1.4748809595566772,8,1.2857426718243432,0,-0.2088879996334169,33,33,33,1,5.328549536309837,-0.002739945742433747,5.391543038888414,5.366393262939731
1637,provo:33:28,33,28,in,in,197.95454545454547,5.288037435928287,6.57940149307251,0.07295648972146128,7.27,1.1309574873467116,2,-1.0866870944745504,0,-0.2088879996334169,34,34,34,1,5.3355179606625995,0.001337627423394494,5.286699808504893,5.297259225929151
1638,provo:33:29,33,29,the,the,189.73809523809524,5.24564467511438,2.104419231414795,-0.8743528359230327,7.73,1.4676669495870378,3,-0.6912821334247348,0,-0.2088879996334169,35,35,35,1,5.302826218731947,-0.030079319038112118,5.275723994152492,5.276351672363363
1639,provo:33:30,33,30,"wild,",wild,205.1176470588235,5.323583702619435,4.068455219268799,-0.4585859125238166,4.8,-0.6770259294654711,4,-0.2958771723749192,0,-0.2088879996334169,36,37,37,2,5.301457204897275,-0.03272565042875186,5.356309353048187,5.344456444791794
1640,provo:33:31,33,31,but,but,195.70967741935485,5.276632323457152,2.0500364303588867,-0.8858651350971186,6.63,0.6624921485775632,3,-0.6912821334247348,0,-0.2088879996334169,38,38,38,1,5.304931871132159,-0.02880178590858673,5.305434109365739,5.299120433653348
1641,provo:33:32,33,32,it's,it's,194.52941176470588,5.2705833689255766,4.69066858291626,-0.3268695195954745,6.33,0.442899021029525,4,-0.2958771723749192,0,-0.2088879996334169,39,40,40,2,5.288629101923523,-0.04440191478054967,5.314985283706126,5.3143460794572475
1642,provo:33:33,33,33,not,not,196.54761904761904,5.28090473807086,1.7381727695465088,-0.9518835764993326,6.69,0.7064107740871713,3,-0.6912821334247348,0,-0.2088879996334169,41,41,41,1,5.310779667342734,-0.02290881955597346,5.3038135576268335,5.2969805548827535
1643,provo:33:34,33,34,as,as,209.21951219512195,5.343383998372518,4.604083061218262,-0.34519881508187106,6.77,0.7649689414333143,2,-1.0866870944745504,0,-0.2088879996334169,42,42,42,1,5.377736343132939,0.04317959204342259,5.300204406329096,5.302045237440285
1644,provo:33:35,33,35,helpful,helpful,196.39705882352945,5.280138420367955,9.120356559753418,0.6108514555483817,4.43,-0.9478574534413853,7,0.8903377107745275,0,-0.2088879996334169,43,43,43,1,5.2411663493869405,-0.09050958200774062,5.370648002375695,5.37090255217717
1645,provo:33:36,33,36,when,when,150.09615384615384,5.011276114368105,1.078896403312683,-1.0914458391839144,6.37,0.4721781047025968,4,-0.2958771723749192,0,-0.2088879996334169,44,44,44,1,5.030372101763963,-0.3026288015120855,5.31390491588019,5.303211122677814
1646,provo:33:37,33,37,faced,faced,215.5625,5.37325089069706,6.822133541107178,0.12434045490635305,4.49,-0.9039388279317772,5,0.0995277886748964,0,-0.2088879996334169,45,45,45,1,5.340608014698362,0.007120271352000884,5.366130619345059,5.360212915468284
1647,provo:33:38,33,38,"with,",with,178.34782608695653,5.183735722703176,10.753244400024414,0.9565176031159021,6.85,0.8235271087794579,4,-0.2958771723749192,0,-0.2088879996334169,46,47,47,2,5.2154347628739695,-0.1172047792657791,5.300940501968955,5.320800792940813
1648,provo:33:39,33,39,let's,let's,179.06153846153848,5.187729537046339,9.534463882446287,0.6985138652892663,5.16,-0.4135141764078248,5,0.0995277886748964,0,-0.2088879996334169,48,49,49,2,5.172678422212655,-0.16030492121428797,5.348034458260627,5.353986201866498
1649,provo:33:40,33,40,"say,",say,194.94117647058823,5.272697853930292,0.3309820890426636,-1.2497718756380873,5.89,0.12082910062573501,3,-0.6912821334247348,0,-0.2088879996334169,50,51,51,2,5.28156769524394,-0.05272306021526685,5.325420914145559,5.3096389236282535
1650,provo:33:41,33,41,an,an,232.5897435897436,5.449276144485298,3.155707359313965,-0.6518055744442117,6.53,0.589294439394884,2,-1.0866870944745504,0,-0.2088879996334169,52,52,52,1,5.477326962858251,0.14258953120058493,5.306686613284713,5.302915806050713
1651,provo:33:42,33,42,oncoming,oncoming,258.87179487179486,5.556332938651348,9.526361465454102,0.6967986640374707,3.07,-1.943346298325826,8,1.2857426718243432,0,-0.2088879996334169,53,54,54,2,5.479275311448625,0.14750401454795448,5.4088289241033936,5.401844952347166
1652,provo:33:43,33,43,car,car,256.5,5.547128664610824,3.2081527709960938,-0.6407034013698226,5.45,-0.2012408197780543,3,-0.6912821334247348,0,-0.2088879996334169,55,55,55,1,5.544445707547448,0.2098237043799669,5.337304960230857,5.327014630178102
1654,provo:34:3,34,3,YouTube,youtube,211.8170731707317,5.355723039789759,13.635966300964355,1.5667612153416228,4.66,-0.7795027223212222,7,0.8903377107745275,0,-0.2088879996334169,3,3,3,1,5.322789931596735,-0.008712847586803463,5.364435887376563,5.378988632579766
1655,provo:34:4,34,4,account,account,217.3013698630137,5.381285191260064,4.119080066680908,-0.4478691348342766,5.21,-0.3769153218164852,7,0.8903377107745275,0,-0.2088879996334169,4,4,4,1,5.36279308103832,0.031704361490124455,5.349580829769939,5.3403829907044
1656,provo:34:5,34,5,was,was,178.72222222222223,5.185832769342862,4.754109859466553,-0.3134396310746157,6.82,0.8015677960246546,3,-0.6912821334247348,0,-0.2088879996334169,5,5,5,1,5.219121025407947,-0.11446959284967928,5.300302362192541,5.302873313216124
1657,provo:34:6,34,6,suspended,suspended,225.08860759493672,5.416494136214063,4.6354546546936035,-0.33855776014090455,4.32,-1.0283749335423322,9,1.6811476328741586,0,-0.2088879996334169,6,6,6,1,5.369880052253343,0.03997829102531014,5.376515845188753,5.363287607789371
1658,provo:34:7,34,7,Thursday.,thursday,219.8860759493671,5.393109575634902,10.052809715270996,0.8082425329425564,4.62,-0.808781805994294,8,1.2857426718243432,1,4.7854341734200965,7,8,8,2,5.347660855678385,0.01793243523077237,5.37517714040413,5.3824062359226446
1659,provo:34:8,34,8,The,the,171.69230769230768,5.145703966039664,3.971819877624512,-0.47904265513726396,7.73,1.4676669495870378,3,-0.6912821334247348,0,-0.2088879996334169,9,9,9,1,5.202885509657231,-0.13002002811282765,5.275723994152492,5.281677802635694
1660,provo:34:9,34,9,notice,notice,213.93589743589743,5.365676425457311,10.614912033081056,0.9272340141357359,4.9,-0.6038282202827913,6,0.49493274972471196,0,-0.2088879996334169,10,10,10,1,5.341421750344479,0.009171160682232227,5.356505264775079,5.363928353950956
1661,provo:34:10,34,10,read,read,237.3272727272727,5.469440086156319,5.968894004821777,-0.05628188557915384,5.54,-0.13536288151364287,4,-0.2958771723749192,0,-0.2088879996334169,11,11,11,1,5.466743294795518,0.13311753788795233,5.336322548268367,5.334455292743991
1662,provo:34:11,34,11,that,that,209.3921568627451,5.34420884244722,4.054718017578125,-0.4614939417648116,7.01,0.9406434434717452,4,-0.2958771723749192,0,-0.2088879996334169,12,12,12,1,5.380108900209659,0.04758981178200905,5.296619030665211,5.298361125479981
1663,provo:34:12,34,12,the,the,195.25641025641025,5.274313619199615,2.1574912071228027,-0.863118025463706,7.73,1.4676669495870378,3,-0.6912821334247348,0,-0.2088879996334169,13,13,13,1,5.331495162817182,-0.0014103749528766585,5.275723994152492,5.276503042267302
1664,provo:34:13,34,13,suspension,suspension,208.76543209876544,5.341211287220188,7.339428424835205,0.233846647067708,4.24,-1.086933100888476,10,2.0765525939239744,0,-0.2088879996334169,14,14,14,1,5.29011978777092,-0.03891370926630433,5.380124996486492,5.374109140209439
1665,provo:34:14,34,14,was,was,197.41666666666663,5.285316554370785,1.6132280826568604,-0.9783331264996603,6.82,0.8015677960246546,3,-0.6912821334247348,0,-0.2088879996334169,15,15,15,1,5.31860481043587,-0.014985807821756403,5.300302362192541,5.293915007698113
1666,provo:34:15,34,15,due,due,197.23809523809524,5.2844116042321065,3.2473819255828857,-0.6323989787365469,5.35,-0.2744385289607342,3,-0.6912821334247348,0,-0.2088879996334169,16,16,16,1,5.2791030111739525,-0.055594275563590756,5.340005879795697,5.3292105062764294
1667,provo:34:16,34,16,to,to,131.2173913043478,4.876855423398644,0.0850399360060691,-1.3018353881880442,7.43,1.2480738220389989,2,-1.0866870944745504,0,-0.2088879996334169,17,17,17,1,4.928536965724601,-0.4055229138025034,5.2823783372011475,5.27540186974641
1668,provo:34:17,34,17,"""multiple",multiple,193.06024096385545,5.263002269549056,10.20554542541504,0.8405751667091962,4.92,-0.5891886784462557,8,1.2857426718243432,0,-0.2088879996334169,18,19,19,2,5.23451890824973,-0.09585964260478708,5.358861912153843,5.365228314269235
1669,provo:34:18,34,18,or,or,171.41379310344828,5.144080476108199,9.743887901306152,0.7428468513168817,6.54,0.5966142103131519,2,-1.0866870944745504,0,-0.2088879996334169,20,20,20,1,5.172393858080629,-0.1623360452200293,5.306416521328228,5.321497969342236
1670,provo:34:19,34,19,severe,severe,206.27631578947367,5.3292166087821995,8.389015197753906,0.4560337485849937,4.56,-0.852700431503902,6,0.49493274972471196,0,-0.2088879996334169,21,21,21,1,5.296034771287123,-0.03647178251333738,5.365688391295537,5.364665294039087
1671,provo:34:20,34,20,violations,violations,231.12987012987017,5.442979760896302,3.645189046859741,-0.5481871598379048,3.99,-1.2699273738451746,10,2.0765525939239744,0,-0.2088879996334169,22,22,22,1,5.385324171460089,0.05610246549770892,5.386877295398593,5.368782539267411
1672,provo:34:21,34,21,of,of,169.8,5.134621273877247,0.6218547821044922,-1.1881970137500928,7.4,1.2261145092841956,2,-1.0866870944745504,0,-0.2088879996334169,23,23,23,1,5.185515125404771,-0.1485673391933524,5.2831886130706,5.277558149421998
1673,provo:34:22,34,22,YouTube's,youtube's,210.94871794871796,5.351615061039284,9.048439979553224,0.5956274293716016,2.7,-2.21417782230174,9,1.6811476328741586,0,-0.2088879996334169,24,25,25,2,5.262465673963157,-0.0686556810998864,5.42027074213917,5.409634767833766
1674,provo:34:23,34,23,copyright,copyright,241.80246913580248,5.488121149608301,7.324806690216064,0.230751370985724,4.24,-1.086933100888476,9,1.6811476328741586,0,-0.2088879996334169,26,26,26,1,5.439406556851759,0.10944456876767639,5.378676580840625,5.37262526760571
1675,provo:34:24,34,24,"policy.""",policy,186.9855072463768,5.231031112494928,3.3323493003845215,-0.6144122288862126,5.17,-0.406194405489557,6,0.49493274972471196,1,4.7854341734200965,27,28,28,2,5.204777203895141,-0.12639413901084673,5.3574252515057745,5.348892117089696
1676,provo:34:25,34,25,The,the,174.5,5.161924741642482,4.199573040008545,-0.4308295713626044,7.73,1.4676669495870378,3,-0.6912821334247348,0,-0.2088879996334169,29,29,29,1,5.2191062852600485,-0.11379925251001044,5.275723994152492,5.282327391686257
1677,provo:34:26,34,26,Google,google,208.5921052631579,5.340380695556897,10.55491065979004,0.9145323189900215,4.86,-0.6331073039558631,6,0.49493274972471196,0,-0.2088879996334169,30,30,30,1,5.315075766046155,-0.017204937044117408,5.3575856326010145,5.364590815546826
1678,provo:34:27,34,27,Inc.-owned,inc.-owned,227.4625,5.426985389639361,15.928802490234377,2.0521318776749453,4.46,-0.9258981406865813,10,2.0765525939239744,0,-0.2088879996334169,31,33,33,3,5.381670289378605,0.05280241619551873,5.374182973443842,5.394022657653974
1679,provo:34:28,34,28,YouTube,youtube,215.73529411764707,5.37405216596092,1.7848025560379028,-0.9420125135513098,4.66,-0.7795027223212222,7,0.8903377107745275,0,-0.2088879996334169,34,34,34,1,5.341119057767896,0.009616278584357651,5.364435887376563,5.3451871866435035
1680,provo:34:29,34,29,declined,declined,216.1038961038961,5.375759292521516,6.646501541137695,0.08716090385466885,4.21,-1.1088924136432798,8,1.2857426718243432,0,-0.2088879996334169,35,35,35,1,5.328633915659265,-0.002279148542695175,5.378038441064211,5.369873658443875
1681,provo:34:30,34,30,to,to,174.27083333333334,5.160610602513033,0.4716373682022095,-1.219996549199227,7.43,1.2480738220389989,2,-1.0866870944745504,0,-0.2088879996334169,36,36,36,1,5.21229214483899,-0.12176773468811408,5.2823783372011475,5.276504508481704
1682,provo:34:31,34,31,comment.,comment,201.3717948717949,5.305152925153441,1.415247678756714,-1.020243612830839,4.88,-0.6184677621193275,7,0.8903377107745275,1,4.7854341734200965,37,38,38,2,5.268907765476072,-0.061553408736237714,5.366706333889678,5.350909966289427
1683,provo:34:32,34,32,It's,it's,208.8,5.341376856008484,11.838821411132812,1.186323480815026,6.33,0.442899021029525,4,-0.2958771723749192,0,-0.2088879996334169,39,40,40,2,5.359422589006431,0.02639157230235778,5.314985283706126,5.334733773574675
1684,provo:34:33,34,33,YouTube,youtube,207.7532467532467,5.336351061787912,14.95612907409668,1.8462265703380636,4.66,-0.7795027223212222,7,0.8903377107745275,0,-0.2088879996334169,41,41,41,1,5.303417953594888,-0.028084825588650553,5.364435887376563,5.382753951460134
1685,provo:34:34,34,34,policy,policy,201.25714285714287,5.304583408126683,10.711941719055176,0.9477742355295052,5.17,-0.406194405489557,6,0.49493274972471196,0,-0.2088879996334169,42,42,42,1,5.287417950199752,-0.044629373823326546,5.349212781950009,5.3585783303301735
1686,provo:34:35,34,35,to,to,190.93548387096777,5.251935590205579,0.8180636167526245,-1.1466615510447815,7.43,1.2480738220389989,2,-1.0866870944745504,0,-0.2088879996334169,43,43,43,1,5.303617132531536,-0.03044274699556837,5.2823783372011475,5.277492572469622
1687,provo:34:36,34,36,remove,remove,243.19736842105263,5.493873329396349,2.8924059867858887,-0.707543861451062,4.71,-0.7429038677298826,6,0.49493274972471196,0,-0.2088879996334169,44,44,44,1,5.4646299458934395,0.13223631744807296,5.361637011948276,5.345862088593703
1688,provo:34:37,34,37,accounts,accounts,218.16216216216216,5.385238649389221,7.322472095489502,0.23025716045554573,4.73,-0.7282643258933463,8,1.2857426718243432,0,-0.2088879996334169,45,45,45,1,5.351766579699816,0.021244990062180946,5.36399365932704,5.360964897884901
1689,provo:34:38,34,38,after,after,209.47058823529412,5.344583339221562,5.82914400100708,-0.08586557421336867,6.11,0.2818640608276303,5,0.0995277886748964,0,-0.2088879996334169,46,46,46,1,5.354475766338272,0.022207616826920074,5.322375722394642,5.3236201394750156
1690,provo:34:39,34,39,three,three,220.69354838709677,5.396775080334718,7.701860427856445,0.3105699045688113,5.78,0.04031162052478801,5,0.0995277886748964,0,-0.2088879996334169,47,47,47,1,5.398002908668659,0.06548632337610272,5.331288756958616,5.335838592182332
1691,provo:34:40,34,40,copyright,copyright,228.24657534246575,5.430426515386463,11.579983711242676,1.1315301089987397,4.24,-1.086933100888476,9,1.6811476328741586,0,-0.2088879996334169,48,48,48,1,5.381711922629921,0.051749934545838094,5.378676580840625,5.384761724338665
1692,provo:34:41,34,41,violations.,violations,264.6714285714286,5.578489164500653,2.4120068550109863,-0.8092395891550866,3.99,-1.2699273738451746,10,2.0765525939239744,1,4.7854341734200965,49,50,50,2,5.511745124391584,0.18339939954629525,5.395089764954358,5.376626887367203
1694,provo:35:3,35,3,used,used,240.58823529411765,5.483086904980631,12.691279411315918,1.3667803778652874,5.8,0.054951162361323594,4,-0.2958771723749192,0,-0.2088879996334169,3,3,3,1,5.487216767206253,0.155026585630619,5.328060319350012,5.342880544578394
1695,provo:35:4,35,4,a,a,202.4102564102564,5.310296610093146,3.474952220916748,-0.5842246061012507,7.36,1.1968354256111238,1,-1.482092055524366,0,-0.2088879996334169,4,4,4,1,5.362517113915484,0.028759640459256275,5.28153696963389,5.283234049637871
1696,provo:35:5,35,5,hefty,hefty,219.58823529411765,5.391754134858368,13.8512601852417,1.612336793613212,3.36,-1.7310729416960555,5,0.0995277886748964,0,-0.2088879996334169,5,5,5,1,5.329441572118676,-0.001631784639992695,5.39338591949836,5.398550655048705
1697,provo:35:6,35,6,robotic,robotic,249.62337662337663,5.519953288453447,12.783308029174805,1.3862619227801942,3.54,-1.5993170651672324,7,0.8903377107745275,0,-0.2088879996334169,6,6,6,1,5.457613057118907,0.12720687363900662,5.39274641481444,5.396450074128663
1698,provo:35:7,35,7,arm,arm,222.05,5.402902581738111,0.5900092124938965,-1.1949384047341551,4.73,-0.7282643258933463,3,-0.6912821334247348,0,-0.2088879996334169,7,7,7,1,5.3813150455123315,0.04909466599850987,5.353807915739601,5.335738012665423
1699,provo:35:8,35,8,to,to,202.94736842105263,5.312946676563996,0.96384859085083,-1.1158003191053028,7.43,1.2480738220389989,2,-1.0866870944745504,0,-0.2088879996334169,8,8,8,1,5.364628218889953,0.031210523679257918,5.281736152884738,5.278114850163089
1700,provo:35:9,35,9,move,move,208.61194029850745,5.34047578109394,5.757384300231934,-0.10105639057306809,5.35,-0.2744385289607342,4,-0.2958771723749192,0,-0.2088879996334169,9,9,9,1,5.332790281343061,0.0007394109057310416,5.339736370188209,5.3365495768097375
1701,provo:35:10,35,10,the,the,226.27272727272728,5.421741029569222,2.369943380355835,-0.8181440092130724,7.73,1.4676669495870378,3,-0.6912821334247348,0,-0.2088879996334169,10,10,10,1,5.4789225731867885,0.14577345275093556,5.275967576818286,5.2770784376233655
1702,provo:35:11,35,11,bus-size,bus-size,234.96296296296296,5.459427897310355,26.146224975585938,4.215058798604853,4.65,-0.7868224932394899,8,1.2857426718243432,0,-0.2088879996334169,11,13,13,3,5.423855318825128,0.0934669500711216,5.365960947239233,5.405619806611266
1703,provo:35:12,35,12,"canister,",canister,254.43835616438355,5.539058591187563,15.778138160705566,2.0202377346238074,3.09,-1.9287067564892901,8,1.2857426718243432,0,-0.2088879996334169,14,16,16,3,5.462526091183795,0.1326206677092463,5.406437923478316,5.41469388609042
1704,provo:35:13,35,13,stuffed,stuffed,257.75342465753425,5.552003409549962,14.672019958496094,1.786083490662627,3.96,-1.2918866865999785,7,0.8903377107745275,0,-0.2088879996334169,17,17,17,1,5.50069084939349,0.1701546421845057,5.381848767365456,5.391958470251783
1705,provo:35:14,35,14,with,with,213.23076923076923,5.362375002848257,0.9867558479309082,-1.1109510801613132,6.85,0.8235271087794579,4,-0.2958771723749192,0,-0.2088879996334169,18,18,18,1,5.39407404301905,0.061558802120705636,5.300816200727551,5.294373608434413
1706,provo:35:15,35,15,nearly,nearly,230.8947368421053,5.4419619219997735,8.062352180480957,0.38688243032005826,5.0,-0.5306305111001121,6,0.49493274972471196,0,-0.2088879996334169,19,19,19,1,5.420332882881721,0.08911326328605274,5.352848658713721,5.3531803329799095
1707,provo:35:16,35,16,three,three,154.2923076923077,5.038848905192571,5.638904094696045,-0.12613747403793224,5.78,0.04031162052478801,5,0.0995277886748964,0,-0.2088879996334169,20,20,20,1,5.040076733526512,-0.2917458075759285,5.3305947127685,5.32933633177372
1708,provo:35:17,35,17,tons,tons,212.5686274509804,5.359264888936966,1.649155855178833,-0.9707275736796385,4.46,-0.9258981406865813,4,-0.2958771723749192,0,-0.2088879996334169,21,21,21,1,5.3282112288325605,-0.003564115131232448,5.362829004068199,5.345827037914177
1709,provo:35:18,35,18,of,of,192.84615384615384,5.261892740696757,0.02346165291965,-1.3148708994848717,7.4,1.2261145092841956,2,-1.0866870944745504,0,-0.2088879996334169,22,22,22,1,5.31278659222428,-0.020621815577194447,5.282514556273951,5.276607721491842
1710,provo:35:19,35,19,packing,packing,183.2948717948718,5.211096177339573,12.032525062561035,1.227328621099397,4.06,-1.2186889774172993,7,0.8903377107745275,0,-0.2088879996334169,23,23,23,1,5.162409253177879,-0.16815791206183928,5.379254089401412,5.383878423196651
1711,provo:35:20,35,20,foam,foam,229.94117647058823,5.437823521736739,6.68046236038208,0.09435007219001218,3.78,-1.4236425631288017,4,-0.2958771723749192,0,-0.2088879996334169,24,24,24,1,5.388915536867842,0.05735070751304239,5.380472814223697,5.3714568729626295
1712,provo:35:21,35,21,and,and,201.0,5.303304908059076,3.025078535079956,-0.6794583998989905,7.41,1.2334342802024634,3,-0.6912821334247348,0,-0.2088879996334169,25,25,25,1,5.352084416493352,0.019034361755848828,5.284270546303227,5.28525309394203
1713,provo:35:22,35,22,other,other,233.15625,5.451708829671788,5.617131233215332,-0.13074657269366738,6.16,0.3184629154189699,5,0.0995277886748964,0,-0.2088879996334169,26,26,26,1,5.462914074785886,0.1309738931666553,5.320734936505133,5.321345051366876
1714,provo:35:23,35,23,space,space,226.94444444444449,5.424705249397938,9.986173629760742,0.7941363350768864,5.23,-0.362275779979949,5,0.0995277886748964,0,-0.2088879996334169,27,27,27,1,5.4114920797606,0.0798398078271978,5.34486544157074,5.350696855082962
1715,provo:35:24,35,24,station,station,226.01351351351352,5.42059479179226,11.656319618225098,1.1476896627886113,5.01,-0.5233107401818442,7,0.8903377107745275,0,-0.2088879996334169,28,28,28,1,5.396851409580959,0.0659901430492642,5.3546046487429955,5.363169988433091
1716,provo:35:25,35,25,refuse.,refuse,209.77777777777777,5.346048769369227,13.58582878112793,1.5561476000625898,4.39,-0.977136537114457,6,0.49493274972471196,1,4.7854341734200965,29,30,30,2,5.29931490001017,-0.03858092335122887,5.3846296927204556,5.39626182858347
1717,provo:35:26,35,26,It,it,201.45454545454547,5.305563775068804,5.060708999633789,-0.24853563643678797,6.95,0.8967248179621378,2,-1.0866870944745504,0,-0.2088879996334169,31,31,31,1,5.344642264619826,0.01137316795665555,5.2941906071121485,5.297444118015703
1718,provo:35:27,35,27,was,was,214.4821428571429,5.368226484819341,2.0033295154571533,-0.8957525253640256,6.82,0.8015677960246546,3,-0.6912821334247348,0,-0.2088879996334169,32,32,32,1,5.401514740884426,0.06864733852825555,5.2995791462910855,5.29526512871254
1719,provo:35:28,35,28,the,the,182.5744680851064,5.207158134097062,3.3270769119262695,-0.6155283411885376,7.73,1.4676669495870378,3,-0.6912821334247348,0,-0.2088879996334169,33,33,33,1,5.264339677714629,-0.06880944272122402,5.275967576818286,5.279250560745317
1720,provo:35:29,35,29,last,last,222.60655737704917,5.405405896525483,6.222520351409912,-0.002591705528455795,5.86,0.09886978787093163,4,-0.2958771723749192,0,-0.2088879996334169,34,34,34,1,5.411111140347972,0.07890238395389826,5.326503512571585,5.326946334492816
1721,provo:35:30,35,30,job,job,220.125,5.394195566816371,10.009164810180664,0.7990033397588892,5.5,-0.1646419651867147,3,-0.6912821334247348,0,-0.2088879996334169,35,35,35,1,5.392825427750384,0.06036667139990648,5.333828895416464,5.341021152044439
1722,provo:35:31,35,31,shared,shared,235.70149253731344,5.462566142282297,13.294448852539062,1.494465361448395,4.68,-0.7648631804846866,6,0.49493274972471196,0,-0.2088879996334169,36,36,36,1,5.432535067980954,0.10141451408363533,5.3611516281986615,5.371741966258593
1723,provo:35:32,35,32,by,by,221.31428571428572,5.399583798585284,0.7960318326950073,-1.1513254610399541,6.66,0.6844514613323672,2,-1.0866870944745504,0,-0.2088879996334169,37,37,37,1,5.431047943751449,0.0978686253774077,5.301715173207876,5.2938267405678285
1724,provo:35:33,35,33,the,the,209.0487804878049,5.342567624194575,1.5526947975158691,-0.991147422104201,7.73,1.4676669495870378,3,-0.6912821334247348,0,-0.2088879996334169,38,38,38,1,5.399749167812142,0.06660004737628888,5.275967576818286,5.275223770030374
1725,provo:35:34,35,34,shuttle,shuttle,209.92105263157896,5.346731520184743,6.965334415435791,0.15465465857465727,3.9,-1.3358053121095863,7,0.8903377107745275,0,-0.2088879996334169,39,39,39,1,5.293843578431405,-0.03667405395913903,5.383405574143882,5.375722862887204
1726,provo:35:35,35,35,and,and,135.61290322580646,4.909804527511696,3.9566361904144287,-0.4822568910047494,7.41,1.2334342802024634,3,-0.6912821334247348,0,-0.2088879996334169,40,40,40,1,4.9585840359459725,-0.37446601879153096,5.284270546303227,5.28736717505594
1727,provo:35:36,35,36,station,station,235.04109589041096,5.459760374984519,12.201408386230469,1.2630795443664373,5.01,-0.5233107401818442,7,0.8903377107745275,0,-0.2088879996334169,41,41,41,1,5.436016992773219,0.1051557262415237,5.3546046487429955,5.364407015323746
1728,provo:35:37,35,37,"crews,",crews,154.87878787878788,5.0426427973017995,6.175484657287598,-0.01254869509286237,3.89,-1.343125083027854,5,0.0995277886748964,0,-0.2088879996334169,42,43,43,2,4.994246105334433,-0.33699132898712847,5.379634126288928,5.370054398440451
1729,provo:35:38,35,38,numbering,numbering,208.9367088607595,5.342031377685608,15.257380485534668,1.9099985038860319,3.27,-1.796950879960467,9,1.6811476328741586,0,-0.2088879996334169,44,44,44,1,5.267848115779716,-0.06175158328310992,5.403782960968718,5.41179262456468
1730,provo:35:39,35,39,ten,ten,196.2962962962963,5.279625233535884,10.351642608642578,0.8715024902223334,5.05,-0.49403165650877245,3,-0.6912821334247348,0,-0.2088879996334169,45,45,45,1,5.266439732493395,-0.06587971271877713,5.345504946254661,5.351203217535449
1731,provo:35:40,35,40,astronauts,astronauts,249.26666666666668,5.518523273874903,4.985787391662598,-0.264395797164464,3.46,-1.6578752325133759,10,2.0765525939239744,0,-0.2088879996334169,46,46,46,1,5.446951813666366,0.11765474321219038,5.400868530662713,5.386553776929962
1732,provo:35:41,35,41,altogether,altogether,271.4868421052632,5.603913674498899,14.859955787658691,1.8258676402253804,4.07,-1.211369206499031,10,2.0765525939239744,0,-0.2088879996334169,47,47,47,1,5.5483585938585085,0.21887267941685273,5.385040995082046,5.396213469223343
1734,provo:36:3,36,3,with,with,220.2,5.394536224288579,6.783936977386475,0.11625462150982195,6.85,0.8235271087794579,4,-0.2958771723749192,0,-0.2088879996334169,2,2,2,1,5.426235264459373,0.09632192374753146,5.298214300541048,5.306005377432618
1735,provo:36:4,36,4,no,no,207.91666666666663,5.3371373583976185,6.327441215515137,0.01961899994699762,6.35,0.45753856286606054,2,-1.0866870944745504,0,-0.2088879996334169,3,3,3,1,5.360462031979971,0.03076716645368638,5.306370191943932,5.3100171407864885
1736,provo:36:5,36,5,ties,ties,203.70833333333337,5.3166892322307,6.995316028594971,0.16100146847978422,4.35,-1.0064156207875288,4,-0.2958771723749192,0,-0.2088879996334169,4,4,4,1,5.282747372532038,-0.047276950350392255,5.363966182581092,5.357774150945177
1737,provo:36:6,36,6,to,to,200.41176470588235,5.30037407360475,0.048131451010704,-1.3096485481040272,7.43,1.2480738220389989,2,-1.0866870944745504,0,-0.2088879996334169,5,5,5,1,5.352055615930707,0.022408694702116705,5.277965378902634,5.271389278261152
1738,provo:36:7,36,7,"farming,",farming,220.28395061728395,5.39491739875899,18.911203384399418,2.6834765433421635,4.21,-1.1088924136432798,7,0.8903377107745275,0,-0.2088879996334169,6,7,7,2,5.350168928589464,0.019777383275968674,5.375140015483021,5.399506947683289
1739,provo:36:8,36,8,no,no,228.35135135135135,5.43088545750862,8.506501197814941,0.4809043686194204,6.35,0.45753856286606054,2,-1.0866870944745504,0,-0.2088879996334169,8,8,8,1,5.4542101310909725,0.12451526556468817,5.306370191943932,5.315744310506528
1740,provo:36:9,36,9,dirt,dirt,221.4848484848485,5.400354183013912,14.07784938812256,1.6603034787146356,4.24,-1.086933100888476,4,-0.2958771723749192,0,-0.2088879996334169,9,9,9,1,5.363524123720994,0.033494917623057674,5.366859265390854,5.378642380348171
1741,provo:36:10,36,10,under,under,219.48333333333332,5.391276299488119,7.87200927734375,0.3465887270897515,5.73,0.003712765933448404,5,0.0995277886748964,0,-0.2088879996334169,10,10,10,1,5.391191309824672,0.061107913290569194,5.33016838619755,5.334324190826848
1742,provo:36:11,36,11,their,their,201.93333333333337,5.307937609925027,0.9453540444374084,-1.1197154310021953,6.33,0.442899021029525,5,0.0995277886748964,0,-0.2088879996334169,11,11,11,1,5.323606436230248,-0.006450324582912614,5.3143879345079394,5.303827862681216
1743,provo:36:12,36,12,"nails,",nails,195.05084745762713,5.273260280765719,9.18887710571289,0.6253565749857971,4.04,-1.233328519253835,5,0.0995277886748964,0,-0.2088879996334169,12,13,13,2,5.2288020427905195,-0.10135637769090078,5.3746166584566195,5.372405412869773
1744,provo:36:13,36,13,are,are,208.94285714285715,5.342060803781537,7.169209003448486,0.19781288517616594,6.74,0.743009628678511,3,-0.6912821334247348,0,-0.2088879996334169,14,14,14,1,5.3732485510508,0.043450662933289586,5.298610140848248,5.30675581855638
1745,provo:36:14,36,14,confident,confident,229.05194805194805,5.433948825216681,11.53469181060791,1.121942263206568,4.43,-0.9478574534413853,9,1.6811476328741586,0,-0.2088879996334169,15,15,15,1,5.390222940850217,0.0596004903480587,5.374348334868622,5.380643763585901
1746,provo:36:15,36,15,enough,enough,225.3181818181818,5.417513544662258,6.006357669830322,-0.0483511995651563,5.54,-0.13536288151364287,6,0.49493274972471196,0,-0.2088879996334169,16,16,16,1,5.410062939916007,0.0798507729271023,5.337662771735156,5.335828489823116
1747,provo:36:16,36,16,to,to,216.3793103448276,5.377032934013511,0.9697009325027466,-1.1145614364685559,7.43,1.2480738220389989,2,-1.0866870944745504,0,-0.2088879996334169,17,17,17,1,5.428714476339468,0.09906755511087706,5.277965378902634,5.273811416647513
1748,provo:36:17,36,17,wager,wager,180.52380952380952,5.195862677792912,12.976643562316896,1.4271891360773723,3.43,-1.6798345452681795,5,0.0995277886748964,0,-0.2088879996334169,18,19,19,2,5.135388060249566,-0.19479743988147824,5.390660117674391,5.394856729744198
1749,provo:36:18,36,18,big,big,242.26415094339623,5.49002866369183,6.894444465637207,0.1396479598634557,5.67,-0.040205859576159644,3,-0.6912821334247348,0,-0.2088879996334169,20,20,20,1,5.493122105816966,0.1632767173304437,5.326751946361386,5.3279529160584485
1750,provo:36:19,36,19,on,on,196.44230769230768,5.280368788670295,2.4968855381011963,-0.7912716144596978,6.91,0.8674457342890659,2,-1.0866870944745504,0,-0.2088879996334169,21,21,21,1,5.318397023823405,-0.011272981696667905,5.2916417703669625,5.28847762627924
1751,provo:36:20,36,20,a,a,207.025,5.332839558919764,4.188936710357666,-0.4330811767723595,7.36,1.1968354256111238,1,-1.482092055524366,0,-0.2088879996334169,22,22,22,1,5.3850600627421015,0.05553036982257087,5.277309189097193,5.281190883571579
1752,provo:36:21,36,21,patch,patch,188.36986301369865,5.238407386574553,10.899007797241213,0.9873742674437611,4.2,-1.1162121845615476,5,0.0995277886748964,0,-0.2088879996334169,23,23,23,1,5.198150166190999,-0.1320011514315036,5.370408538006057,5.3736224617623485
1753,provo:36:22,36,22,of,of,188.74193548387095,5.24038066130309,1.0404934883117676,-1.0995753550982017,7.4,1.2261145092841956,2,-1.0866870944745504,0,-0.2088879996334169,24,24,24,1,5.291274512830613,-0.038373740184024285,5.278754401487114,5.274612037513443
1754,provo:36:23,36,23,earth,earth,239.38666666666663,5.478080096780324,8.284098625183105,0.4338239515847796,5.06,-0.48671188559050466,5,0.0995277886748964,0,-0.2088879996334169,25,25,25,1,5.460403345951862,0.13029020619604204,5.347789890584282,5.349132415706832
1755,provo:36:24,36,24,betting,betting,243.89743589743588,5.4967477922409715,19.25145721435547,2.755504901748264,4.0,-1.2626076029269067,7,0.8903377107745275,0,-0.2088879996334169,26,26,26,1,5.446485486482411,0.11608461866658626,5.380663173574385,5.404703138187171
1756,provo:36:25,36,25,that,that,237.11111111111111,5.468528854525479,2.714716911315918,-0.74515887496745,7.01,0.9406434434717452,4,-0.2958771723749192,0,-0.2088879996334169,27,27,27,1,5.504428912287918,0.1745226744349937,5.294006180090485,5.292032700971481
1757,provo:36:26,36,26,it's,it's,224.0909090909091,5.41205181367842,7.263669967651367,0.21780933366836874,6.33,0.442899021029525,4,-0.2958771723749192,0,-0.2088879996334169,28,29,29,2,5.430097546676366,0.10016112167304225,5.3118906920053774,5.317918595763844
1758,provo:36:27,36,27,a,a,208.94285714285715,5.342060803781537,4.043309211730957,-0.4639090727176405,7.36,1.1968354256111238,1,-1.482092055524366,0,-0.2088879996334169,30,30,30,1,5.394281307603875,0.06475161468434454,5.277309189097193,5.28080813440115
1759,provo:36:28,36,28,smart,smart,212.8615384615385,5.360641900161422,7.443116664886475,0.25579641826609617,4.83,-0.6550666167106671,5,0.0995277886748964,0,-0.2088879996334169,31,31,31,1,5.336926186544971,0.006802836429455894,5.353839063731966,5.351633698945231
1760,provo:36:29,36,29,investment,investment,227.4,5.426710581316436,2.108295202255249,-0.8735323313694062,4.84,-0.6477468457923993,10,2.0765525939239744,0,-0.2088879996334169,32,32,32,1,5.391372897835837,0.06064831259981851,5.366062268716617,5.349985171905816
1761,provo:36:30,36,30,because,because,232.95652173913044,5.450851834175404,6.267972946166992,0.007030157614342829,6.03,0.2233058934814867,7,0.8903377107745275,0,-0.2088879996334169,33,33,33,1,5.453889939110842,0.12357918881753527,5.327272645357869,5.32899383857941
1762,provo:36:31,36,31,food,food,200.85185185185185,5.302567580836731,13.123610496520996,1.4583005772390074,5.4,-0.2378396743693939,4,-0.2958771723749192,0,-0.2088879996334169,34,34,34,1,5.296194899083241,-0.03378281128754246,5.336350392124274,5.352371447779472
1763,provo:36:32,36,32,will,will,210.53846153846155,5.349668351579142,4.144477844238281,-0.44249267742641385,6.45,0.5307362720487404,4,-0.2958771723749192,0,-0.2088879996334169,35,35,35,1,5.3708648477708225,0.0409337499116873,5.308734601667455,5.3072622657406
1764,provo:36:33,36,33,only,only,208.3548387096774,5.339242581547326,7.070028781890869,0.17681741674581436,6.12,0.2891838317458981,4,-0.2958771723749192,0,-0.2088879996334169,36,36,36,1,5.351774478956239,0.021828731450585614,5.317413850096741,5.321711563138244
1765,provo:36:34,36,34,get,get,200.72549019607845,5.301938254195445,3.980041027069092,-0.4773023194038476,6.28,0.40630016643818534,3,-0.6912821334247348,0,-0.2088879996334169,37,37,37,1,5.321048075888728,-0.008770232948171142,5.310708487143616,5.30779703770895
1766,provo:36:35,36,35,more,more,167.07692307692307,5.11845432359229,3.0529160499572754,-0.6735654743175865,6.36,0.464858333784329,4,-0.2958771723749192,0,-0.2088879996334169,38,38,38,1,5.13728774738867,-0.19264734582860754,5.311101669420897,5.30623701634399
1767,provo:36:36,36,36,expensive,expensive,196.25,5.279389356662517,1.157037615776062,-1.074904120143378,4.69,-0.7575434095664181,9,1.6811476328741586,0,-0.2088879996334169,39,39,39,1,5.242490125882477,-0.08812078247393984,5.367510139136457,5.348042256522334
1768,provo:36:37,36,37,around,around,221.72602739726028,5.401442508907256,9.551170349121094,0.702050458454163,5.77,0.03299184960651957,6,0.49493274972471196,0,-0.2088879996334169,40,40,40,1,5.400030866948995,0.06982891031978422,5.331613598587472,5.340433618316251
1769,provo:36:38,36,38,the,the,230.25581395348837,5.439190925428952,0.625383198261261,-1.1874500830731378,7.73,1.4676669495870378,3,-0.6912821334247348,0,-0.2088879996334169,41,41,41,1,5.496372469046519,0.16661852986856118,5.272572395560391,5.269276410633207
1770,provo:36:39,36,39,world,world,299.1372549019608,5.70090251455593,1.8167076110839844,-0.9352585300910138,5.89,0.12082910062573501,5,0.0995277886748964,0,-0.2088879996334169,42,42,42,1,5.705018542484127,0.3749422488089422,5.325960265746987,5.315131544977753
1772,provo:37:3,37,3,asked,asked,231.38888888888889,5.444099796704778,9.675244331359863,0.7283156889226063,5.3,-0.3110373835520738,5,0.0995277886748964,0,-0.2088879996334169,2,2,2,1,5.432724572263784,0.10025191663914335,5.343847880065635,5.349930212587179
1773,provo:37:4,37,4,little,little,197.3783783783784,5.285122588975885,14.178611755371094,1.6816338716832082,5.75,0.018352307769983985,6,0.49493274972471196,0,-0.2088879996334169,3,3,3,1,5.2831858198186685,-0.050494085771704,5.335616674747589,5.354932723868948
1774,provo:37:5,37,5,of,of,226.3404255319149,5.422040173592205,3.4828898906707764,-0.5825442802044746,7.4,1.2261145092841956,2,-1.0866870944745504,0,-0.2088879996334169,4,4,4,1,5.472934025119728,0.1410290031430783,5.281011170449126,5.283164537207089
1775,provo:37:6,37,6,man,man,223.0,5.407171771460119,14.484807968139648,1.7464525705902354,5.82,0.06959070419785983,3,-0.6912821334247348,0,-0.2088879996334169,5,5,5,1,5.414203667577422,0.08288845534109335,5.3242833161190255,5.345073540092396
1776,provo:37:7,37,7,or,or,203.7678571428571,5.316981390699531,6.235156536102295,8.324934281248333e-05,6.54,0.5966142103131519,2,-1.0866870944745504,0,-0.2088879996334169,6,6,6,1,5.345294772671961,0.014151066629896292,5.302830324069634,5.307270713371823
1777,provo:37:8,37,8,nature.,nature,205.88888888888889,5.3273366489491405,9.594436645507812,0.7112095039333857,4.98,-0.5452700529366477,6,0.49493274972471196,1,4.7854341734200965,7,8,8,2,5.296094031959275,-0.03267374109166177,5.360010390040802,5.3669921585701905
1778,provo:37:9,37,9,He,he,202.44444444444449,5.3104655004836845,2.862435817718506,-0.7138882487555508,6.69,0.7064107740871713,2,-1.0866870944745504,0,-0.2088879996334169,9,9,9,1,5.342717336448283,0.011440842743208002,5.2990246577404765,5.295984175060752
1779,provo:37:10,37,10,was,was,209.67241379310343,5.34554637843458,3.3593332767486572,-0.6086999889357357,6.82,0.8015677960246546,3,-0.6912821334247348,0,-0.2088879996334169,10,10,10,1,5.378834634499666,0.046634171176611616,5.298912207257969,5.29764036476211
1780,provo:37:11,37,11,unafraid,unafraid,216.1948051948052,5.376179877140327,13.005878448486328,1.433377871290861,2.71,-2.206858051383472,8,1.2857426718243432,0,-0.2088879996334169,11,13,13,3,5.289669960356402,-0.04293655588373291,5.41911643302406,5.419585393493133
1781,provo:37:12,37,12,of,of,201.63636363636363,5.306465895111942,1.8496372699737549,-0.9282876481673352,7.4,1.2261145092841956,2,-1.0866870944745504,0,-0.2088879996334169,14,14,14,1,5.357359746639466,0.025454724662815842,5.281011170449126,5.27916593604015
1782,provo:37:13,37,13,the,the,200.0,5.298317366548036,3.3311972618103027,-0.6146561040171177,7.73,1.4676669495870378,3,-0.6912821334247348,0,-0.2088879996334169,15,15,15,1,5.355498910165603,0.022492868353628737,5.275824498194408,5.279193760612891
1783,provo:37:14,37,14,wild.,wild,215.33333333333337,5.372187215114492,11.23602294921875,1.0587170298692712,4.8,-0.6770259294654711,4,-0.2958771723749192,1,4.7854341734200965,16,17,17,2,5.340972266719476,0.013981612817559608,5.358205602296932,5.368516212051164
1784,provo:37:15,37,15,With,with,201.48979591836735,5.305738739500823,8.559184074401855,0.4920568106570507,6.85,0.8235271087794579,4,-0.2958771723749192,0,-0.2088879996334169,18,18,18,1,5.337437779671617,0.004401871839255556,5.3013368676615675,5.312830062146857
1785,provo:37:16,37,16,a,a,193.26666666666668,5.2640709278194455,3.044185161590576,-0.675413716721093,7.36,1.1968354256111238,1,-1.482092055524366,0,-0.2088879996334169,19,19,19,1,5.316291431641783,-0.014769293314692788,5.278840221134138,5.279833240781662
1786,provo:37:17,37,17,handful,handful,211.3896103896104,5.353702925537815,10.486054420471191,0.899956136600554,4.11,-1.182090122825959,7,0.8903377107745275,0,-0.2088879996334169,20,20,20,1,5.30632881937351,-0.026708161411336917,5.3804110869491515,5.382077781175967
1787,provo:37:18,37,18,of,of,190.69230769230768,5.250661174573653,0.0552630722522735,-1.3081388546764157,7.4,1.2261145092841956,2,-1.0866870944745504,0,-0.2088879996334169,21,21,21,1,5.301555026101177,-0.030349995875472935,5.281011170449126,5.274772869915528
1788,provo:37:19,37,19,salt,salt,187.36507936507937,5.2330590096712974,9.747791290283203,0.7436731600178704,4.6,-0.8234213478308302,4,-0.2958771723749192,0,-0.2088879996334169,22,22,22,1,5.205681239959581,-0.1253628529276467,5.358421862598944,5.361179481166746
1789,provo:37:20,37,20,and,and,198.7674418604651,5.292135507472455,2.7632434368133545,-0.7348862911990804,7.41,1.2334342802024634,3,-0.6912821334247348,0,-0.2088879996334169,23,23,23,1,5.340915015906732,0.008192254442509928,5.283943253029945,5.284265766041813
1790,provo:37:21,37,21,a,a,170.7173913043478,5.14000950688578,3.286862373352051,-0.6240413598309256,7.36,1.1968354256111238,1,-1.482092055524366,0,-0.2088879996334169,24,24,24,1,5.192230010708117,-0.1388307142483587,5.278840221134138,5.280427373844632
1791,provo:37:22,37,22,rifle,rifle,183.9324324324324,5.214568475127904,11.779474258422852,1.173760277672458,4.18,-1.130851726398084,5,0.0995277886748964,0,-0.2088879996334169,25,25,25,1,5.1737861275453945,-0.15769504686211366,5.372263521990018,5.377700613882982
1792,provo:37:23,37,23,he,he,191.89743589743588,5.256961041264334,2.184835433959961,-0.8573295240639747,6.69,0.7064107740871713,2,-1.0866870944745504,0,-0.2088879996334169,26,26,26,1,5.289212877228932,-0.04206361647614276,5.2990246577404765,5.294325243888147
1793,provo:37:24,37,24,could,could,202.8955223880597,5.3126911785156175,5.323659420013428,-0.19287164251617372,6.06,0.24526520623629006,5,0.0995277886748964,0,-0.2088879996334169,27,27,27,1,5.321270787634938,-0.011874658815614225,5.324565837331232,5.323928044545921
1794,provo:37:25,37,25,plunge,plunge,200.6056338028169,5.30134095989327,11.704254150390623,1.157836927444804,3.49,-1.635915919758572,6,0.49493274972471196,0,-0.2088879996334169,28,28,28,1,5.2400648172540665,-0.09161442088030558,5.392955380773576,5.394516263681051
1795,provo:37:26,37,26,into,into,203.83333333333337,5.317302666459117,2.9678056240081787,-0.6915825066758974,6.11,0.2818640608276303,4,-0.2958771723749192,0,-0.2088879996334169,29,29,29,1,5.329572000268552,-0.002808821759631819,5.320111488218749,5.3140855224066295
1796,provo:37:27,37,27,the,the,202.29032258064515,5.309703906057875,0.8949781060218811,-1.1303795171278561,7.73,1.4676669495870378,3,-0.6912821334247348,0,-0.2088879996334169,30,30,30,1,5.366885449675442,0.033879407863467215,5.275824498194408,5.273229301327286
1797,provo:37:28,37,28,wilderness,wilderness,196.55128205128204,5.280923374620863,6.143314361572266,-0.01935882737003164,3.95,-1.2992064575182463,10,2.0765525939239744,0,-0.2088879996334169,31,31,31,1,5.222217530786739,-0.11310447075434737,5.39402784537521,5.383872096847181
1798,provo:37:29,37,29,and,and,203.13333333333333,5.313862577883499,3.38317608833313,-0.6036527023895789,7.41,1.2334342802024634,3,-0.6912821334247348,0,-0.2088879996334169,32,32,32,1,5.362642086317775,0.02991932485355342,5.283943253029945,5.285783512526574
1799,provo:37:30,37,30,fare,fare,247.37878787878788,5.510920716099739,14.534540176391602,1.7569803854300012,3.94,-1.3065262284365144,4,-0.2958771723749192,0,-0.2088879996334169,33,33,33,1,5.4662137488224865,0.13575392165249855,5.3751667944472405,5.3862275071566135
1800,provo:37:31,37,31,wherever,wherever,223.92307692307693,5.411302586284086,11.654830932617188,1.1473745228222678,4.27,-1.0649737881336725,8,1.2857426718243432,0,-0.2088879996334169,34,34,34,1,5.365752591018702,0.03176508308327364,5.379537503200813,5.384773035924184
1801,provo:37:32,37,32,he,he,218.30434782608697,5.385890180105556,0.6239569187164307,-1.1877520122953764,6.69,0.7064107740871713,2,-1.0866870944745504,0,-0.2088879996334169,35,35,35,1,5.4181420160701546,0.0868655223650796,5.2990246577404765,5.290503832201178
1802,provo:37:33,37,33,pleased,pleased,252.73972602739727,5.5323602083202825,0.5869724750518799,-1.1955812519076523,4.44,-0.9405376825231168,7,0.8903377107745275,0,-0.2088879996334169,36,36,36,1,5.493650700938746,0.16032158729527968,5.372038621025003,5.351177963729637
1803,provo:37:34,37,34,and,and,187.55172413793105,5.234054669436487,6.980338096618652,0.15783078895293862,7.41,1.2334342802024634,3,-0.6912821334247348,0,-0.2088879996334169,37,37,37,1,5.282834177870764,-0.04988858359345816,5.283943253029945,5.294590243354203
1804,provo:37:35,37,35,as,as,194.23529411764707,5.269070280423858,7.9097723960876465,0.3545828044871135,6.77,0.7649689414333143,2,-1.0866870944745504,0,-0.2088879996334169,38,38,38,1,5.303422625184278,-0.027924688607734005,5.296994969031592,5.306725663525727
1805,provo:37:36,37,36,long,long,202.88333333333333,5.312631101187495,4.3615193367004395,-0.39654714784904366,5.81,0.062270933279591385,4,-0.2958771723749192,0,-0.2088879996334169,39,39,39,1,5.317023527012595,-0.015091719689570127,5.3277228208770655,5.323556262959353
1806,provo:37:37,37,37,as,as,204.4,5.320078858329549,0.0276736952364444,-1.3139792519355848,6.77,0.7649689414333143,2,-1.0866870944745504,0,-0.2088879996334169,40,40,40,1,5.35443120308997,0.023083889297957683,5.296994969031592,5.287428361526175
1807,provo:37:38,37,38,he,he,181.9512195121951,5.203738626493498,0.612165093421936,-1.1902482246633126,6.69,0.7064107740871713,2,-1.0866870944745504,0,-0.2088879996334169,41,41,41,1,5.235990462458097,-0.0952860312469781,5.2990246577404765,5.290474962933935
1808,provo:37:39,37,39,pleased.,pleased,227.5375,5.427315059972017,4.845630645751953,-0.2940655890630257,4.44,-0.9405376825231168,7,0.8903377107745275,1,4.7854341734200965,42,43,43,2,5.379517101917624,0.05041847747681416,5.376896582495203,5.369336434512321
1810,provo:38:3,38,3,the,the,192.93846153846152,5.262371285928412,4.983213424682617,-0.2649406804246567,7.73,1.4676669495870378,3,-0.6912821334247348,0,-0.2088879996334169,1,1,1,1,5.319552829545979,-0.011825941838647935,5.27419722776706,5.281366280670936
1811,provo:38:4,38,4,brain,brain,181.4857142857143,5.201176941437558,11.097647666931152,1.0294243561367116,4.94,-0.5745491366097194,5,0.0995277886748964,0,-0.2088879996334169,2,2,2,1,5.180349427415363,-0.1529572593679429,5.354134200805501,5.361870658547104
1812,provo:38:5,38,5,has,has,211.4,5.353752073436137,4.309038162231445,-0.40765689155042695,6.37,0.4721781047025968,3,-0.6912821334247348,0,-0.2088879996334169,3,3,3,1,5.375224967524721,0.04321695137464587,5.310535122061491,5.309139290312672
1813,provo:38:6,38,6,to,to,191.6530612244898,5.255686764693987,4.881777286529541,-0.2864137040057996,7.43,1.2480738220389989,2,-1.0866870944745504,0,-0.2088879996334169,4,4,4,1,5.307368307019944,-0.023830749222280012,5.279517513916267,5.2849693360234795
1814,provo:38:7,38,7,work,work,204.2063492063492,5.319130998324312,4.288756370544434,-0.41195034553135246,5.96,0.17206749705361085,4,-0.2958771723749192,0,-0.2088879996334169,5,5,5,1,5.3274618781415795,-0.00505435593286041,5.324185354257172,5.32059588220032
1815,provo:38:8,38,8,with,with,206.07407407407408,5.328235687039005,4.355061054229736,-0.39791430214249485,6.85,0.8235271087794579,4,-0.2958771723749192,0,-0.2088879996334169,6,6,6,1,5.359934727209798,0.027830278312747758,5.300405408726257,5.301508276107062
1816,provo:38:9,38,9,are,are,210.24489795918367,5.348273032014904,13.566829681396484,1.5521256792365214,6.74,0.743009628678511,3,-0.6912821334247348,0,-0.2088879996334169,7,7,7,1,5.379460779284167,0.04762395472469194,5.300649077290212,5.323674188974168
1817,provo:38:10,38,10,imperfect,imperfect,215.58666666666667,5.373362994203505,12.61935329437256,1.3515543328546422,3.45,-1.6651950034316436,9,1.6811476328741586,0,-0.2088879996334169,8,8,8,1,5.303905877088214,-0.031364279396361106,5.404727273599866,5.408354768429457
1818,provo:38:11,38,11,incoming,incoming,279.8101265822785,5.634111253793322,21.555187225341797,3.2431816780056995,3.93,-1.3138459993547822,8,1.2857426718243432,0,-0.2088879996334169,9,9,9,1,5.579634096145692,0.24490454518370264,5.38920670860962,5.417088356194782
1819,provo:38:12,38,12,electrical,electrical,259.05,5.557021093260797,8.53879451751709,0.4877405438534495,4.42,-0.955177224359653,10,2.0765525939239744,0,-0.2088879996334169,10,10,10,1,5.51065573860213,0.17551586255813056,5.3815052307026665,5.3800801702819605
1820,provo:38:13,38,13,impulses,impulses,217.95714285714288,5.384298451063843,2.1895604133605957,-0.8563292928255068,3.29,-1.782311338123931,8,1.2857426718243432,0,-0.2088879996334169,11,11,11,1,5.313017223049632,-0.022008443096096286,5.40630689415994,5.383786389027795
1821,provo:38:14,38,14,announcing,announcing,241.14666666666668,5.485405323764115,21.415210723876953,3.213550042067188,3.87,-1.35776462486439,10,2.0765525939239744,0,-0.2088879996334169,12,12,12,1,5.424598971134168,0.08920462110414107,5.396200702659974,5.423322163064775
1822,provo:38:15,38,15,that,that,152.6,5.027820118850356,5.1073899269104,-0.23865374749216342,7.01,0.9406434434717452,4,-0.2958771723749192,0,-0.2088879996334169,13,13,13,1,5.0637201766127955,-0.26831024348832067,5.296130362338677,5.29987925843194
1823,provo:38:16,38,16,things,things,201.09859154929575,5.30379529302109,6.36931848526001,0.028484002273767208,5.74,0.011032536851716195,6,0.49493274972471196,0,-0.2088879996334169,14,14,14,1,5.301595960264396,-0.0316591016740162,5.335454394695106,5.335695897816296
1824,provo:38:17,38,17,are,are,157.53846153846155,5.059669628697861,0.5655215382575989,-1.2001222023027283,6.74,0.743009628678511,3,-0.6912821334247348,0,-0.2088879996334169,15,15,15,1,5.090857375967124,-0.2409794485923511,5.300649077290212,5.292023618756827
1825,provo:38:18,38,18,happening.,happening,196.34848484848484,5.2798910644089885,5.149411201477051,-0.22975826077403072,4.8,-0.6770259294654711,9,1.6811476328741586,1,4.7854341734200965,16,17,17,2,5.236791582550348,-0.09909963825827006,5.3789907026672585,5.373418841607024
1826,provo:38:19,38,19,It,it,216.13513513513513,5.375903837687665,4.412657260894775,-0.38572175689756083,6.95,0.8967248179621378,2,-1.0866870944745504,0,-0.2088879996334169,18,18,18,1,5.414982327238687,0.08356118460865769,5.292342653079007,5.294208797014198
1827,provo:38:20,38,20,is,is,212.75510204081633,5.360141748556376,3.3543853759765625,-0.6097474104158005,7.07,0.9845620689813532,2,-1.0866870944745504,0,-0.2088879996334169,19,19,19,1,5.402371001301131,0.07100538026805303,5.289136368288323,5.289037151454035
1828,provo:38:21,38,21,then,then,239.84615384615384,5.479997692156185,7.700168132781982,0.3102116624994478,6.07,0.2525849771545585,4,-0.2958771723749192,0,-0.2088879996334169,20,20,20,1,5.491216771567708,0.15875143229047417,5.321246259865711,5.326521579457214
1829,provo:38:22,38,22,the,the,200.02702702702703,5.298452492553242,4.343911170959473,-0.4002746217558861,7.73,1.4676669495870378,3,-0.6912821334247348,0,-0.2088879996334169,21,21,21,1,5.355634036170809,0.024255264786181563,5.27419722776706,5.279809954134498
1830,provo:38:23,38,23,job,job,187.13725490196077,5.231842331053426,7.866743564605713,0.3454740279711321,5.5,-0.1646419651867147,3,-0.6912821334247348,0,-0.2088879996334169,22,22,22,1,5.230472191987439,-0.10193835574053267,5.333780686793959,5.336616676086117
1831,provo:38:24,38,24,of,of,196.12,5.278726716783033,0.0337501466274261,-1.312692927491615,7.4,1.2261145092841956,2,-1.0866870944745504,0,-0.2088879996334169,23,23,23,1,5.329620568310556,-0.0015923683309049252,5.280319085113938,5.273816072861223
1832,provo:38:25,38,25,neurons,neurons,240.9367088607595,5.484534280165267,7.555188179016113,0.27952084537360766,3.71,-1.4748809595566772,7,0.8903377107745275,0,-0.2088879996334169,24,24,24,1,5.426657630021849,0.09214480860023144,5.392389471565036,5.3851263026027025
1833,provo:38:26,38,26,to,to,167.0,5.117993812416755,0.2238602936267852,-1.2724484964253284,7.43,1.2480738220389989,2,-1.0866870944745504,0,-0.2088879996334169,25,25,25,1,5.169675354742712,-0.16152370149951167,5.279517513916267,5.273630036375526
1834,provo:38:27,38,27,rapidly,rapidly,248.48717948717947,5.515391252604903,11.19232940673828,1.0494675406328913,4.34,-1.0137353917057967,7,0.8903377107745275,0,-0.2088879996334169,26,26,26,1,5.474056109228589,0.1398347761909644,5.375556476413939,5.380354900956625
1835,provo:38:28,38,28,interpret,interpret,228.68,5.432323646395771,7.081368923187256,0.17921801209481444,3.81,-1.4016832503739978,9,1.6811476328741586,0,-0.2088879996334169,27,27,27,1,5.372318818861682,0.03721522716796066,5.39510841922781,5.387086900076912
1836,provo:38:29,38,29,these,these,213.2340425531915,5.362390353809611,2.5009257793426514,-0.7904163354927447,6.04,0.2306256643997545,5,0.0995277886748964,0,-0.2088879996334169,28,28,28,1,5.370444835729976,0.03764709691872348,5.324743256890888,5.317151753452913
1837,provo:38:30,38,30,signals,signals,222.53846153846155,5.405099947514598,1.0293761491775513,-1.1019287854410282,4.28,-1.057654017215404,7,0.8903377107745275,0,-0.2088879996334169,29,29,29,1,5.362189422541417,0.027940328705316375,5.377159618809282,5.356911749092807
1838,provo:38:31,38,31,as,as,202.96428571428572,5.313030031121918,3.93993878364563,-0.48579156627747394,6.77,0.7649689414333143,2,-1.0866870944745504,0,-0.2088879996334169,30,30,30,1,5.347382375882338,0.015877950856882705,5.297152080265035,5.296951064457479
1839,provo:38:32,38,32,well,well,210.5857142857143,5.349892763997919,6.640722274780273,0.08593749053241333,6.03,0.2233058934814867,4,-0.2958771723749192,0,-0.2088879996334169,31,31,31,1,5.360061589011531,0.0275777425353132,5.322315021462606,5.324807573787111
1840,provo:38:33,38,33,as,as,144.46153846153845,4.973013302306671,0.0874816253781318,-1.3013185067844462,6.77,0.7649689414333143,2,-1.0866870944745504,0,-0.2088879996334169,32,32,32,1,5.0073656470670915,-0.324138777958364,5.297152080265035,5.287572587733859
1841,provo:38:34,38,34,they,they,228.31578947368425,5.430729712220379,7.175324440002441,0.19910746239216653,6.5,0.56733512664008,4,-0.2958771723749192,0,-0.2088879996334169,33,33,33,1,5.453239026409449,0.12097263952129023,5.309757072699089,5.315943804566346
1842,provo:38:35,38,35,"can,",can,175.82456140350877,5.1694866876851195,4.908339023590088,-0.28079084792470044,6.46,0.5380560429670082,3,-0.6912821334247348,0,-0.2088879996334169,34,35,35,2,5.193322654169004,-0.1386437207833584,5.308130408468478,5.30865170686064
1843,provo:38:36,38,36,and,and,150.0681818181818,5.01108973627631,2.4015276432037354,-0.811457934276914,7.41,1.2334342802024634,3,-0.6912821334247348,0,-0.2088879996334169,36,36,36,1,5.059869244710587,-0.2716575842659097,5.28274732054222,5.282002383588851
1844,provo:38:37,38,37,suggest,suggest,219.02631578947367,5.389191886019709,14.099446296691896,1.6648753298855594,4.75,-0.7136247840568107,7,0.8903377107745275,0,-0.2088879996334169,37,37,37,1,5.358621850221986,0.024590215973944396,5.364601670045765,5.378564502149082
1845,provo:38:38,38,38,how,how,241.5818181818182,5.487208207358837,5.003259181976318,-0.26069719258189267,6.24,0.37702108276511354,3,-0.6912821334247348,0,-0.2088879996334169,38,38,38,1,5.505267774654208,0.173199610107436,5.314008597251401,5.313640966361771
1846,provo:38:39,38,39,to,to,247.6428571428571,5.5119876160697645,1.2213134765625,-1.0612975584238988,7.43,1.2480738220389989,2,-1.0866870944745504,0,-0.2088879996334169,39,39,39,1,5.563669158395721,0.2324701021534974,5.279517513916267,5.276058250648848
1847,provo:38:40,38,40,react,react,284.41509433962267,5.650434770851294,7.831227779388428,0.3379556887740829,4.16,-1.1454912682346194,5,0.0995277886748964,0,-0.2088879996334169,40,40,40,1,5.609127296069828,0.2754597189063386,5.374975051944955,5.370788766230761
1849,provo:39:3,39,3,when,when,185.14754098360655,5.22115302605947,8.561594009399414,0.4925669699747635,6.37,0.4721781047025968,4,-0.2958771723749192,0,-0.2088879996334169,1,1,1,1,5.240249013455329,-0.09211762889549124,5.3132706549549615,5.321595814571036
1850,provo:39:4,39,4,immigrants,immigrants,195.6052631578947,5.276098664998908,14.643255233764648,1.779994283958688,4.37,-0.9917760789509926,10,2.0765525939239744,0,-0.2088879996334169,2,2,2,1,5.228420492342852,-0.10115829619100669,5.377256961189914,5.389451791454899
1851,provo:39:5,39,5,from,from,210.9056603773585,5.351410926277522,5.194258689880371,-0.2202644926399732,6.63,0.6624921485775632,4,-0.2958771723749192,0,-0.2088879996334169,3,3,3,1,5.377333567259804,0.044886434029073996,5.306524492248448,5.308520058367201
1852,provo:39:6,39,6,a,a,198.9375,5.292990705042311,6.662636756896973,0.0905765688710453,7.36,1.1968354256111238,1,-1.482092055524366,0,-0.2088879996334169,4,4,4,1,5.345211208864649,0.01145373540842165,5.28153696963389,5.29046819519615
1853,provo:39:7,39,7,particular,particular,212.36363636363637,5.358300071149747,2.960329532623291,-0.6931651210136023,5.0,-0.5306305111001121,10,2.0765525939239744,0,-0.2088879996334169,5,5,5,1,5.327163405260794,-0.002610418866691333,5.360910490016439,5.34977172478187
1854,provo:39:8,39,8,cultural,cultural,243.90277777777777,5.496769694159799,9.349205017089844,0.659296402392449,4.75,-0.7136247840568107,8,1.2857426718243432,0,-0.2088879996334169,6,6,6,1,5.46382275166935,0.13340342488461054,5.363366269275189,5.365410608791207
1855,provo:39:9,39,9,group,group,202.9,5.312713246831769,1.161905288696289,-1.0738736821032033,5.57,-0.11340356875883885,5,0.0995277886748964,0,-0.2088879996334169,7,7,7,1,5.308427239576676,-0.023330289661222636,5.3360435364929915,5.323565138231207
1856,provo:39:10,39,10,move,move,202.6346153846154,5.3114044330181,6.7346906661987305,0.1058296662554833,5.35,-0.2744385289607342,4,-0.2958771723749192,0,-0.2088879996334169,8,8,8,1,5.303718933267221,-0.028331937170109178,5.339736370188209,5.338767480252389
1857,provo:39:11,39,11,into,into,215.19354838709677,5.371537848224369,2.350820541381836,-0.8221921244085406,6.11,0.2818640608276303,4,-0.2958771723749192,0,-0.2088879996334169,9,9,9,1,5.383807182033804,0.0515210305628937,5.320016817661475,5.312934967808053
1858,provo:39:12,39,12,a,a,204.11111111111111,5.318664507878906,2.522227048873902,-0.7859070681716391,7.36,1.1968354256111238,1,-1.482092055524366,0,-0.2088879996334169,10,10,10,1,5.370885011701244,0.03712753824501647,5.28153696963389,5.281071930866769
1859,provo:39:13,39,13,new,new,205.2127659574468,5.324047323629771,1.8726155757904053,-0.9234233689110505,6.25,0.38434085368338133,3,-0.6912821334247348,0,-0.2088879996334169,11,11,11,1,5.342369454524621,0.009678512943636086,5.314368810686135,5.306881289378883
1860,provo:39:14,39,14,"one,",one,223.2051282051282,5.408091206072643,7.279511451721191,0.22116281860169987,6.47,0.545375813885276,3,-0.6912821334247348,0,-0.2088879996334169,12,13,13,2,5.432189736156005,0.09943068690740464,5.3086605191652385,5.314553798943316
1861,provo:39:15,39,15,they,they,198.5686274509804,5.291134770607959,1.5426318645477295,-0.9932776451278166,6.5,0.56733512664008,4,-0.2958771723749192,0,-0.2088879996334169,14,14,14,1,5.313644084797029,-0.018762802993745886,5.309897573601705,5.3029499952767605
1862,provo:39:16,39,16,bring,bring,196.015873015873,5.27819564072629,8.57943058013916,0.49634279495267525,5.27,-0.3329966963068778,5,0.0995277886748964,0,-0.2088879996334169,15,15,15,1,5.266032725486863,-0.06563192965883324,5.343827570385123,5.346668399899534
1863,provo:39:17,39,17,genetic,genetic,227.06493506493507,5.425236034129521,11.566774368286133,1.1287338222121783,4.34,-1.0137353917057967,7,0.8903377107745275,0,-0.2088879996334169,16,16,16,1,5.383900890753207,0.053247043027432106,5.371988991102089,5.376969543028626
1864,provo:39:18,39,18,diversity,diversity,192.925,5.262301512343667,2.56434965133667,-0.7769901313436898,4.32,-1.0283749335423322,9,1.6811476328741586,0,-0.2088879996334169,17,17,17,1,5.215687428382947,-0.11423733000258984,5.376538842346257,5.3610423655944395
1865,provo:39:19,39,19,"that,",that,230.05769230769232,5.438330113589477,13.821643829345703,1.6060673050451186,7.01,0.9406434434717452,4,-0.2958771723749192,0,-0.2088879996334169,18,19,19,2,5.474230171351916,0.14166539760439623,5.296664715985081,5.3201572158528645
1866,provo:39:20,39,20,if,if,230.65116279069767,5.4409064513555165,3.143133640289306,-0.6544673059536636,6.47,0.545375813885276,2,-1.0866870944745504,0,-0.2088879996334169,20,20,20,1,5.4673818881316025,0.13426139001595772,5.306645061339559,5.303124198407497
1867,provo:39:21,39,21,the,the,199.2391304347826,5.29450576378471,6.212005138397217,-0.004817671748124024,7.73,1.4676669495870378,3,-0.6912821334247348,0,-0.2088879996334169,21,21,21,1,5.351687307402277,0.018538186966424064,5.275967576818286,5.285797629779254
1868,provo:39:22,39,22,immigrants,immigrants,193.9873417721519,5.26779290833739,3.519324779510498,-0.5748313758936755,4.37,-0.9917760789509926,10,2.0765525939239744,0,-0.2088879996334169,22,22,22,1,5.220114735681334,-0.10946405285252414,5.377256961189914,5.364207093876475
1869,provo:39:23,39,23,have,have,219.0408163265306,5.389258088370898,4.592551231384277,-0.3476399889915598,6.71,0.7210503159237068,4,-0.2958771723749192,0,-0.2088879996334169,23,23,23,1,5.417281238149002,0.08480933849368544,5.304448749877213,5.305482568350527
1870,provo:39:24,39,24,"children,",children,202.3287671232877,5.309893934377034,10.1814546585083,0.8354753904825462,5.47,-0.1866012779415187,8,1.2857426718243432,0,-0.2088879996334169,24,25,25,2,5.295851571048988,-0.0347906535570397,5.344684587934074,5.352251568106829
1871,provo:39:25,39,25,get,get,203.44736842105263,5.315407339594089,13.647310256958008,1.569162618224169,6.28,0.40630016643818534,3,-0.6912821334247348,0,-0.2088879996334169,26,26,26,1,5.334517161287373,0.001816932297167284,5.313590407296922,5.3329758445514335
1872,provo:39:26,39,26,mixed,mixed,223.07142857142856,5.4074920276678204,4.892324447631836,-0.2841809746926833,4.64,-0.7941422641577583,5,0.0995277886748964,0,-0.2088879996334169,27,27,27,1,5.37878760566129,0.047317986109221444,5.360174041558599,5.351467647512532
1873,provo:39:27,39,27,"around,",around,204.05,5.318365061851814,16.052101135253906,2.0782329769501553,5.77,0.03299184960651957,6,0.49493274972471196,0,-0.2088879996334169,28,29,29,2,5.3169534198935535,-0.014504576538769243,5.332869638390584,5.355219570523568
1874,provo:39:28,39,28,changing,changing,231.96103896103895,5.4465694220508,8.671477317810059,0.515828175651926,4.76,-0.706305013138543,8,1.2857426718243432,0,-0.2088879996334169,30,30,30,1,5.413885043159828,0.08346262057201503,5.363106801478785,5.363663573964009
1875,provo:39:29,39,29,the,the,176.47058823529412,5.173154223594031,1.6397747993469238,-0.9727134500818987,7.73,1.4676669495870378,3,-0.6912821334247348,0,-0.2088879996334169,31,31,31,1,5.2303357672115975,-0.10281335322425544,5.275967576818286,5.275421389776416
1876,provo:39:30,39,30,new,new,167.30612244897958,5.119825202953656,11.22717571258545,1.0568441576926102,6.25,0.38434085368338133,3,-0.6912821334247348,0,-0.2088879996334169,32,32,32,1,5.138147333848506,-0.19454360773247892,5.314368810686135,5.328110570036806
1877,provo:39:31,39,31,population's,population's,182.71604938271605,5.207933305079767,7.014529705047607,0.16506881306781757,2.37,-2.455730262604582,12,2.8673625160236056,0,-0.2088879996334169,33,34,34,2,5.102988599142697,-0.22524813104238195,5.433181436122149,5.41802341041289
1878,provo:39:32,39,32,gene,gene,234.1129032258065,5.455803491413639,6.674956798553467,0.09318459939968525,4.36,-0.9990958498692605,4,-0.2958771723749192,0,-0.2088879996334169,35,35,35,1,5.422124195314455,0.09037980938139611,5.365423682032243,5.359322578597653
1879,provo:39:33,39,33,pool.,pool,199.38888888888889,5.295257133251442,1.759823441505432,-0.9473003441524942,4.67,-0.7721829514029543,4,-0.2958771723749192,1,4.7854341734200965,36,37,37,2,5.260628858063214,-0.0780765455183321,5.373333678769774,5.35948696323842
1880,provo:39:34,39,34,But,but,206.76315789473685,5.331573973449436,5.541367530822754,-0.14678499645163243,6.63,0.6624921485775632,3,-0.6912821334247348,0,-0.2088879996334169,38,38,38,1,5.3598735211244435,0.027064939026668178,5.304509034422768,5.307265302514343
1881,provo:39:35,39,35,the,the,212.3,5.35800036870921,3.6737468242645264,-0.5421417618288384,7.73,1.4676669495870378,3,-0.6912821334247348,0,-0.2088879996334169,39,39,39,1,5.415181912326777,0.08203279189092427,5.275967576818286,5.280037294996534
1882,provo:39:36,39,36,new,new,219.14583333333337,5.389737413831384,4.832132339477539,-0.29692304651569973,6.25,0.38434085368338133,3,-0.6912821334247348,0,-0.2088879996334169,40,40,40,1,5.408059544726234,0.07536860314524851,5.314368810686135,5.3135976299731364
1883,provo:39:37,39,37,population's,population's,194.26923076923077,5.269244984446571,6.970533847808838,0.1557553267979142,2.37,-2.455730262604582,12,2.8673625160236056,0,-0.2088879996334169,41,42,42,2,5.164300278509501,-0.16393645167557835,5.433181436122149,5.417923566017488
1884,provo:39:38,39,38,culture,culture,219.2467532467533,5.390197822689982,8.073542594909668,0.38925132997737616,5.03,-0.508671198345308,7,0.8903377107745275,0,-0.2088879996334169,43,43,43,1,5.366979567677637,0.03611210953979427,5.354085713150187,5.354621225111013
1885,provo:39:39,39,39,doesn't,doesn't,207.5909090909091,5.335569359826684,3.6091384887695312,-0.5558187051439399,5.53,-0.14268265243191067,7,0.8903377107745275,0,-0.2088879996334169,44,45,45,2,5.32547928478823,-0.005542963503284426,5.341112323329968,5.334039858841922
1886,provo:39:40,39,40,necessarily,necessarily,253.8918918918919,5.536908553942716,3.867750883102417,-0.5010730282777167,4.48,-0.911258598850045,11,2.4719575549737898,0,-0.2088879996334169,46,46,46,1,5.489741674188191,0.16049028068757032,5.376418273255146,5.364741337774163
1887,provo:39:41,39,41,change.,change,256.03076923076924,5.545297629564738,6.27394437789917,0.008294250438980287,5.54,-0.13536288151364287,6,0.49493274972471196,1,4.7854341734200965,47,48,48,2,5.52875857414563,0.1905067334307864,5.354790896133951,5.355633601896457
1889,provo:40:3,40,3,Georgia,georgia,187.34722222222223,5.2329636984536245,14.986751556396484,1.8527090458789257,4.46,-0.9258981406865813,7,0.8903377107745275,0,-0.2088879996334169,1,1,1,1,5.194779318271044,-0.13856750039415733,5.371531198847782,5.3860282326227535
1890,provo:40:4,40,4,have,have,180.9322033898305,5.198122394191106,9.34207248687744,0.6577865165447343,6.71,0.7210503159237068,4,-0.2958771723749192,0,-0.2088879996334169,2,2,2,1,5.22614554396921,-0.10676642871100928,5.304888822902115,5.317574105706353
1891,provo:40:5,40,5,shut,shut,184.0909090909091,5.215429706742269,11.760221481323242,1.1696846558655778,4.78,-0.6916654713020067,4,-0.2958771723749192,0,-0.2088879996334169,3,3,3,1,5.192778081821153,-0.13842535626168484,5.353855063003953,5.362471248131454
1892,provo:40:6,40,6,down,down,181.58620689655172,5.201730510069781,0.6663795709609985,-1.178771557906946,5.88,0.11350932970746722,4,-0.2958771723749192,0,-0.2088879996334169,4,4,4,1,5.207960881091226,-0.12421633318701097,5.325946843256792,5.313095987867147
1893,provo:40:7,40,7,a,a,193.8695652173913,5.267185588698327,4.287792205810547,-0.4121544496351149,7.36,1.1968354256111238,1,-1.482092055524366,0,-0.2088879996334169,5,5,5,1,5.319406092520665,-0.01165463243581133,5.278840221134138,5.282877894447124
1894,provo:40:8,40,8,lemonade,lemonade,220.6153846153846,5.396420844257975,14.944032669067385,1.8436658814635603,3.44,-1.6725147743499118,8,1.2857426718243432,0,-0.2088879996334169,6,7,7,2,5.329078070235931,-0.004174679297514139,5.400595523555489,5.409587901370586
1895,provo:40:9,40,9,stand,stand,204.01470588235293,5.318192078904619,0.0608344413340091,-1.3069594511438125,5.14,-0.42815371824436105,5,0.0995277886748964,0,-0.2088879996334169,8,8,8,1,5.302615836871979,-0.02971517857878503,5.347907257483404,5.329623037388314
1896,provo:40:10,40,10,run,run,206.12765957446808,5.32849568352287,7.976877212524414,0.3687882280372536,5.49,-0.17196173610498247,3,-0.6912821334247348,0,-0.2088879996334169,9,9,9,1,5.326862980857404,-0.004160098520304523,5.332655782043174,5.335804984746316
1897,provo:40:11,40,11,by,by,205.52083333333337,5.325547407548825,0.1133553981781005,-1.2958412859085051,6.66,0.6844514613323672,2,-1.0866870944745504,0,-0.2088879996334169,10,10,10,1,5.35701155271499,0.02576161654251763,5.2997857910063075,5.289859613929272
1898,provo:40:12,40,12,three,three,217.77777777777777,5.383475174888344,8.084869384765625,0.3916490989589651,5.78,0.04031162052478801,5,0.0995277886748964,0,-0.2088879996334169,11,11,11,1,5.384703003222285,0.05180542707601621,5.331669747812327,5.33634284385091
1899,provo:40:13,40,13,girls,girls,209.41379310344828,5.344312165911101,8.134759902954102,0.4022104264408918,5.17,-0.406194405489557,5,0.0995277886748964,0,-0.2088879996334169,12,12,12,1,5.329523614676895,-0.0028339583064704854,5.347146124217572,5.348784119220396
1900,provo:40:14,40,14,trying,trying,205.0327868852459,5.323169902375596,8.689752578735352,0.5196968669876327,5.47,-0.1866012779415187,6,0.49493274972471196,0,-0.2088879996334169,13,13,13,1,5.313881352433,-0.019550682853089363,5.342720585228685,5.347149339697578
1901,provo:40:15,40,15,to,to,190.32142857142856,5.2487143721215785,0.0066751749254763,-1.3184244302518777,7.43,1.2480738220389989,2,-1.0866870944745504,0,-0.2088879996334169,14,14,14,1,5.300395914447535,-0.03153566506171579,5.280250037183294,5.274048055968854
1902,provo:40:16,40,16,save,save,204.98333333333332,5.32292867502031,7.0705742835998535,0.17693289404289855,5.14,-0.42815371824436105,4,-0.2958771723749192,0,-0.2088879996334169,15,15,15,1,5.309729339680396,-0.021792788793663753,5.344721463813974,5.343719539896662
1903,provo:40:17,40,17,up,up,215.08333333333337,5.371025549930613,8.008279800415039,0.3754358441882817,6.39,0.48681764653913234,2,-1.0866870944745504,0,-0.2088879996334169,16,16,16,1,5.395400477910877,0.06438955953182024,5.306635990398793,5.314641046580615
1904,provo:40:18,40,18,for,for,208.04347826086956,5.337747087957905,1.698174238204956,-0.9603508685546759,7.01,0.9406434434717452,3,-0.6912821334247348,0,-0.2088879996334169,17,17,17,1,5.37602405241307,0.043655391383537356,5.294091696574368,5.289736335431581
1905,provo:40:19,40,19,a,a,181.9032258064516,5.203474819322036,1.7173597812652588,-0.9562894795265446,7.36,1.1968354256111238,1,-1.482092055524366,0,-0.2088879996334169,18,18,18,1,5.255695323144374,-0.07536540181210238,5.278840221134138,5.276584848312021
1906,provo:40:20,40,20,trip,trip,153.34883720930233,5.032715307938114,5.246739864349365,-0.20915474893858987,4.9,-0.6038282202827913,4,-0.2958771723749192,0,-0.2088879996334169,19,19,19,1,5.013214446210732,-0.31809522200251283,5.350810529940627,5.344101219249117
1907,provo:40:21,40,21,to,to,190.84615384615384,5.251467626230264,0.2352147549390792,-1.2700448696711029,7.43,1.2480738220389989,2,-1.0866870944745504,0,-0.2088879996334169,20,20,20,1,5.303149168556221,-0.028782410953030357,5.280250037183294,5.274607576657664
1908,provo:40:22,40,22,a,a,192.7037037037037,5.261153795285974,3.399181604385376,-0.600264493513768,7.36,1.1968354256111238,1,-1.482092055524366,0,-0.2088879996334169,21,21,21,1,5.313374299108312,-0.017686425848164156,5.278840221134138,5.28070235874445
1909,provo:40:23,40,23,water,water,171.53731343283582,5.144800813977793,11.535916328430176,1.122201481474848,5.52,-0.1500024233501791,5,0.0995277886748964,0,-0.2088879996334169,22,22,22,1,5.13920198872531,-0.19346542213840934,5.338266236116202,5.350042626559956
1910,provo:40:24,40,24,"park,",park,181.70454545454547,5.202381991349793,4.469724655151367,-0.373641155990447,5.16,-0.4135141764078248,4,-0.2958771723749192,0,-0.2088879996334169,23,24,24,2,5.189707783208835,-0.14183205028695856,5.344214041636752,5.33694811907918
1911,provo:40:25,40,25,saying,saying,218.82857142857145,5.38828864442018,5.991967678070068,-0.051397417984217965,5.37,-0.2597989871241979,6,0.49493274972471196,0,-0.2088879996334169,25,25,25,1,5.376374458482806,0.04303094830538878,5.345257696114791,5.34256403331337
1912,provo:40:26,40,26,they,they,188.66666666666663,5.239981789535073,1.3092670440673828,-1.0426786612195524,6.5,0.56733512664008,4,-0.2958771723749192,0,-0.2088879996334169,26,26,26,1,5.262491103724143,-0.07023496622786407,5.310216755762937,5.302148849188564
1913,provo:40:27,40,27,didn't,didn't,201.3939393939394,5.30526288744806,5.362814426422119,-0.18458291631619925,5.68,-0.03288608865789185,6,0.49493274972471196,0,-0.2088879996334169,27,28,28,2,5.301488173094499,-0.03212976491980335,5.337392652367863,5.334763170462871
1914,provo:40:28,40,28,have,have,187.6590909090909,5.234626970499168,3.098090410232544,-0.6640025106528025,6.71,0.7210503159237068,4,-0.2958771723749192,0,-0.2088879996334169,29,29,29,1,5.2626501202772715,-0.07026185240294769,5.304888822902115,5.302287313141855
1915,provo:40:29,40,29,a,a,213.12,5.3618553873520245,4.360948085784912,-0.3966680759975636,7.36,1.1968354256111238,1,-1.482092055524366,0,-0.2088879996334169,30,30,30,1,5.414075891174362,0.08301516621788618,5.278840221134138,5.28305699790199
1916,provo:40:30,40,30,business,business,188.1818181818182,5.237408613461044,7.148541450500488,0.19343776936539683,5.56,-0.1207233396771073,8,1.2857426718243432,0,-0.2088879996334169,31,31,31,1,5.225729322528299,-0.10940015930900593,5.34680877277005,5.347688605886817
1917,provo:40:31,40,31,license,license,207.26315789473685,5.333989280032631,2.8205764293670654,-0.7227494657688234,4.52,-0.8819795151769738,7,0.8903377107745275,0,-0.2088879996334169,32,32,32,1,5.297380281446917,-0.03601965228348725,5.370008932316118,5.355030747770433
1918,provo:40:32,40,32,or,or,183.86666666666667,5.214210857251037,4.280288219451904,-0.4137429690618752,6.54,0.5966142103131519,2,-1.0866870944745504,0,-0.2088879996334169,33,33,33,1,5.242524239223467,-0.08861946681859756,5.302830324069634,5.302484718460127
1919,provo:40:33,40,33,the,the,182.625,5.2074348700708635,6.125993251800537,-0.02302553437753429,7.73,1.4676669495870378,3,-0.6912821334247348,0,-0.2088879996334169,34,34,34,1,5.26461641368843,-0.0683896281235441,5.275824498194408,5.2860361035335846
1920,provo:40:34,40,34,required,required,223.56410256410257,5.4096981852981685,4.156189918518066,-0.44001334755667454,5.02,-0.5159909692635765,8,1.2857426718243432,0,-0.2088879996334169,35,35,35,1,5.38384045999362,0.0491890137431481,5.36050917155502,5.351268059173926
1921,provo:40:35,40,35,permits.,permits,208.56521739130432,5.340251785572915,4.748846054077148,-0.3145539264264621,3.94,-1.3065262284365144,7,0.8903377107745275,1,4.7854341734200965,36,37,37,2,5.27932564754463,-0.049330351352815605,5.38958213692573,5.379197130727293
1922,provo:40:36,40,36,Morningstar,morningstar,219.0126582278481,5.3891295282732985,22.567670822143555,3.4575144054290887,2.63,-2.2654162187296154,11,2.4719575549737898,0,-0.2088879996334169,38,39,39,2,5.293388382615376,-0.0415739744679362,5.430703502741235,5.453805775525939
1923,provo:40:37,40,37,says,says,235.46296296296296,5.461553631291945,6.260035037994385,0.005349781246720074,5.49,-0.17196173610498247,4,-0.2958771723749192,0,-0.2088879996334169,40,40,40,1,5.457544021933755,0.12571205557934118,5.335841575712604,5.334666787966365
1924,provo:40:38,40,38,police,police,171.73684210526315,5.14596331742688,7.586578369140625,0.2861658370406111,5.33,-0.2890780707972697,6,0.49493274972471196,0,-0.2088879996334169,41,41,41,1,5.1329988770915955,-0.20030922304235244,5.346272540469233,5.347275841484319
1925,provo:40:39,40,39,also,also,182.75,5.208119098629888,7.162143230438232,0.1963171311655073,6.19,0.34042222817377393,4,-0.2958771723749192,0,-0.2088879996334169,42,42,42,1,5.222488941235145,-0.10996270087997573,5.318081799509864,5.322738661132335
1926,provo:40:40,40,40,didn't,didn't,218.1052631578947,5.384977804772879,8.964630126953125,0.5778857154816445,5.68,-0.03288608865789185,6,0.49493274972471196,0,-0.2088879996334169,43,44,44,2,5.3812030904193175,0.047585152405015485,5.337392652367863,5.343581294665296
1927,provo:40:41,40,41,know,know,208.63492063492063,5.340585933325571,3.491875648498535,-0.580642084465923,6.1,0.27454428990936186,4,-0.2958771723749192,0,-0.2088879996334169,45,45,45,1,5.352592703535528,0.020220734018211672,5.32036519930736,5.315570526746481
1928,provo:40:42,40,42,how,how,204.8840579710145,5.322444248269774,4.290406703948975,-0.41160098633099546,6.24,0.37702108276511354,3,-0.6912821334247348,0,-0.2088879996334169,46,46,46,1,5.340503815565145,0.008816797872391646,5.313627450397382,5.311633132118309
1929,provo:40:43,40,43,the,the,196.5185185185185,5.280756668693356,4.616324424743652,-0.3426074399326182,7.73,1.4676669495870378,3,-0.6912821334247348,0,-0.2088879996334169,47,47,47,1,5.337938212310923,0.004932170498948452,5.275824498194408,5.2823400656659185
1930,provo:40:44,40,44,lemonade,lemonade,192.0,5.2574953720277815,4.451350688934326,-0.37753074225665756,3.44,-1.6725147743499118,8,1.2857426718243432,0,-0.2088879996334169,48,49,49,2,5.190152598005738,-0.14310015152770728,5.400595523555489,5.38389925414088
1931,provo:40:45,40,45,was,was,234.10169491525423,5.455755614604163,5.927338123321533,-0.06507885320466927,6.82,0.8015677960246546,3,-0.6912821334247348,0,-0.2088879996334169,50,50,50,1,5.489043870669248,0.1568434073461944,5.298912207257969,5.303927467593654
1932,provo:40:46,40,46,made,made,232.7,5.449750070308246,3.453263759613037,-0.5888158380772796,5.92,0.14278841338053905,4,-0.2958771723749192,0,-0.2088879996334169,51,51,51,1,5.457030695727602,0.12481807140589662,5.32493199890235,5.319111148884539
1934,provo:41:3,41,3,that,that,204.3846153846154,5.320003588298277,4.317479133605957,-0.4058700216964197,7.01,0.9406434434717452,4,-0.2958771723749192,0,-0.2088879996334169,2,2,2,1,5.355903646060716,0.022726098054478783,5.297277490243798,5.299214085330133
1935,provo:41:4,41,4,a,a,215.67857142857144,5.373789204132697,5.733084678649902,-0.10620037926136361,7.36,1.1968354256111238,1,-1.482092055524366,0,-0.2088879996334169,3,3,3,1,5.426009707955035,0.09494898299855858,5.278840221134138,5.286416323282461
1936,provo:41:5,41,5,tiny,tiny,207.453125,5.33490541053623,9.329269409179688,0.655076232080827,4.62,-0.808781805994294,4,-0.2958771723749192,0,-0.2088879996334169,4,4,4,1,5.30805276802347,-0.02300902988549236,5.357914440421722,5.359750931480525
1937,provo:41:6,41,6,European,european,228.1625,5.430058094388903,13.102320671081545,1.4537937325185404,5.08,-0.4720723437539684,8,1.2857426718243432,0,-0.2088879996334169,5,5,5,1,5.405775750681221,0.07107118936554624,5.3589869050233565,5.371958653591843
1938,provo:41:7,41,7,river,river,233.70422535211267,5.454056321621472,12.356287956237791,1.2958660119859526,5.03,-0.508671198345308,5,0.0995277886748964,0,-0.2088879996334169,6,6,6,1,5.435591879994577,0.10335824216335254,5.35069807945812,5.3619467921493955
1939,provo:41:8,41,8,bug,bug,230.9032258064516,5.441998686840825,16.40697479248047,2.153356207671467,4.2,-1.1162121845615476,3,-0.6912821334247348,0,-0.2088879996334169,7,7,7,1,5.406495279842721,0.07661417436688911,5.365384512473936,5.382495854987752
1940,provo:41:9,41,9,called,called,225.48529411764707,5.418254942260282,7.206676483154297,0.20574437872370951,5.59,-0.09876402692230327,6,0.49493274972471196,0,-0.2088879996334169,8,8,8,1,5.412117155511421,0.07857889009492425,5.339676052165358,5.3410949716830824
1941,provo:41:10,41,10,the,the,188.3181818181818,5.2381329887190855,3.1941375732421875,-0.6436702796179855,7.73,1.4676669495870378,3,-0.6912821334247348,0,-0.2088879996334169,9,9,9,1,5.295314532336652,-0.03769150947532207,5.275824498194408,5.278858205032753
1942,provo:41:11,41,11,water,water,212.48529411764707,5.358872781817505,9.384008407592772,0.6666639346997743,5.52,-0.1500024233501791,5,0.0995277886748964,0,-0.2088879996334169,10,10,10,1,5.3532739565650225,0.020606545701302714,5.338266236116202,5.344774230590854
1943,provo:41:12,41,12,boatman,boatman,268.8666666666667,5.594215593771158,23.04515838623047,3.5585937831540955,2.5,-2.3605732406670987,7,0.8903377107745275,0,-0.2088879996334169,11,12,12,2,5.504568748090924,0.17295702155570591,5.421258572215452,5.445339962184623
1944,provo:41:13,41,13,may,may,223.97297297297297,5.411525388204818,6.770874977111816,0.1134895257064766,5.98,0.1867070388901471,3,-0.6912821334247348,0,-0.2088879996334169,13,13,13,1,5.422758301913766,0.091301449503562,5.320223938701256,5.322956701279436
1945,provo:41:14,41,14,be,be,210.7826086956522,5.350827311820001,1.41636860370636,-1.0200063241454187,6.79,0.7796084832698505,2,-1.0866870944745504,0,-0.2088879996334169,14,14,14,1,5.385704783779377,0.05433976496563009,5.296487546854371,5.29042431976489
1946,provo:41:15,41,15,the,the,182.46153846153845,5.206539402656079,3.2559962272644043,-0.6305754165770413,7.73,1.4676669495870378,3,-0.6912821334247348,0,-0.2088879996334169,15,15,15,1,5.263720946273646,-0.06928509553832818,5.275824498194408,5.27900965012032
1947,provo:41:16,41,16,loudest,loudest,223.94520547945208,5.411401403535777,14.752135276794434,1.803043108313241,3.21,-1.8408695054700746,7,0.8903377107745275,0,-0.2088879996334169,16,17,17,2,5.340396573418468,0.008156318611675317,5.403245084924102,5.410697956002066
1948,provo:41:17,41,17,animal,animal,166.07142857142858,5.112417988406198,4.89224910736084,-0.2841969234802176,4.81,-0.6697061585472033,6,0.49493274972471196,0,-0.2088879996334169,18,18,18,1,5.085800240898067,-0.24704752867078383,5.359465517076982,5.3511810201087195
1949,provo:41:18,41,18,on,on,201.7037037037037,5.306799807229376,2.288257122039795,-0.8354361792721162,6.91,0.8674457342890659,2,-1.0866870944745504,0,-0.2088879996334169,19,19,19,1,5.344828042382486,0.013356793438331849,5.293443013791044,5.290135480079551
1950,provo:41:19,41,19,earth,earth,226.66666666666663,5.423480509502043,2.5376763343811035,-0.7826366077810106,5.06,-0.48671188559050466,5,0.0995277886748964,0,-0.2088879996334169,20,20,20,1,5.405803758673581,0.0735435633097552,5.349936946192288,5.337302574816579
1951,provo:41:20,41,20,for,for,173.9111111111111,5.158544313000038,8.194494247436523,0.4148555942383831,7.01,0.9406434434717452,3,-0.6912821334247348,0,-0.2088879996334169,21,21,21,1,5.196821277455203,-0.1355473835743295,5.294091696574368,5.305640912862252
1952,provo:41:21,41,21,its,its,198.2295081967213,5.289425491726037,5.830447196960449,-0.08558970056570164,6.14,0.30382337358243366,3,-0.6912821334247348,0,-0.2088879996334169,22,22,22,1,5.304859423026631,-0.026739069557449646,5.316164561283487,5.317423056944326
1953,provo:41:22,41,22,size,size,198.046875,5.288503745099712,1.718098759651184,-0.956133045137422,5.13,-0.4354734891626288,4,-0.2958771723749192,0,-0.2088879996334169,23,23,23,1,5.27504184616032,-0.056471429802871675,5.344975174902584,5.330817326001083
1954,provo:41:23,41,23,has,has,197.4,5.285232126999381,11.263387680053713,1.0645098717618127,6.37,0.4721781047025968,3,-0.6912821334247348,0,-0.2088879996334169,24,24,24,1,5.306705021087965,-0.025097079246062748,5.310329206245444,5.326079303354091
1955,provo:41:24,41,24,some,some,209.68253968253967,5.3455946711248385,7.530293941497803,0.2742509823938227,6.2,0.34774199909204173,4,-0.2958771723749192,0,-0.2088879996334169,25,25,25,1,5.360227077329574,0.027766582703584675,5.317828088421254,5.323438030984893
1956,provo:41:25,41,25,interesting,interesting,206.44578313253012,5.330037826512111,5.862300872802734,-0.07884659357285397,5.0,-0.5306305111001121,11,2.4719575549737898,0,-0.2088879996334169,26,26,26,1,5.296524253930433,-0.04053614822842011,5.370573974740531,5.36504409733891
1957,provo:41:26,41,26,sidebars.,sidebars,242.0493827160494,5.489141766149233,19.36129570007324,2.7787566189062596,1.95,-2.7631606411718357,8,1.2857426718243432,1,4.7854341734200965,27,29,29,3,5.373588565132137,0.045885328920570956,5.443256437228662,5.45822566817826
1958,provo:41:27,41,27,The,the,202.7391304347826,5.311920080879171,3.803153514862061,-0.5147476499338732,7.73,1.4676669495870378,3,-0.6912821334247348,0,-0.2088879996334169,30,30,30,1,5.369101624496738,0.036095582684763095,5.275824498194408,5.280349224746413
1959,provo:41:28,41,28,insect,insect,242.18421052631575,5.489698637112471,8.519923210144043,0.4837456754011735,3.76,-1.4382821049653376,6,0.49493274972471196,0,-0.2088879996334169,31,31,31,1,5.435511711659168,0.10359345573137979,5.386105181381091,5.381267513895418
1960,provo:41:29,41,29,is,is,209.28,5.343673068268834,2.4346535205841064,-0.804445514846461,7.07,0.9845620689813532,2,-1.0866870944745504,0,-0.2088879996334169,32,32,32,1,5.38590232101359,0.054289431895559126,5.289383636373275,5.28726264667725
1961,provo:41:30,41,30,just,just,214.29032258064515,5.367331743180095,8.169794082641602,0.409626814527753,6.43,0.5160967302122041,4,-0.2958771723749192,0,-0.2088879996334169,33,33,33,1,5.388003112172821,0.05533900979688422,5.311992733383211,5.320358765140106
1962,provo:41:31,41,31,two,two,186.07692307692307,5.2261601531484905,6.299790382385254,0.013765593038503098,6.1,0.27454428990936186,3,-0.6912821334247348,0,-0.2088879996334169,34,34,34,1,5.240543830051172,-0.09101925248943932,5.31717940563793,5.319379935532323
1963,provo:41:32,41,32,millimeters,millimeters,191.1012658227848,5.252803475100714,5.331960201263428,-0.1911144495199836,3.04,-1.9653056110806297,11,2.4719575549737898,0,-0.2088879996334169,35,36,36,2,5.167827437021383,-0.16749787300748675,5.420301348108201,5.403328476112341
1964,provo:41:33,41,33,long,long,186.82758620689657,5.230186192658566,0.9884313941001892,-1.1105963836689252,5.81,0.062270933279591385,4,-0.2958771723749192,0,-0.2088879996334169,37,37,37,1,5.234578618483666,-0.09753662821849929,5.3277228208770655,5.3152981201512235
1965,provo:41:34,41,34,and,and,163.97142857142856,5.099692196618949,1.1095775365829468,-1.0849509478147819,7.41,1.2334342802024634,3,-0.6912821334247348,0,-0.2088879996334169,38,38,38,1,5.148471705053225,-0.18425105641099648,5.283943253029945,5.280217188182763
1966,provo:41:35,41,35,yet,yet,201.5142857142857,5.305860275718765,11.073176383972168,1.024244028438844,5.54,-0.13536288151364287,3,-0.6912821334247348,0,-0.2088879996334169,39,39,39,1,5.305540391050689,-0.025526950881356036,5.331387226600121,5.3423757162134065
1967,provo:41:36,41,36,produces,produces,197.85333333333332,5.287526015469816,9.795193672180176,0.7537077737443905,4.19,-1.1235319554798155,8,1.2857426718243432,0,-0.2088879996334169,40,40,40,1,5.239875511408609,-0.0940411764398803,5.381567191909697,5.381835813652332
1968,provo:41:37,41,37,an,an,177.6764705882353,5.17996431552258,4.764772891998291,-0.31118237293003825,6.53,0.589294439394884,2,-1.0866870944745504,0,-0.2088879996334169,41,41,41,1,5.2080151338955325,-0.1231197196356657,5.303084035158245,5.303872808193829
1969,provo:41:38,41,38,underwater,underwater,229.1428571428571,5.434345639371147,12.587023735046388,1.3447104860519257,3.92,-1.3211657702730504,10,2.0765525939239744,0,-0.2088879996334169,42,42,42,1,5.374852104738589,0.039556660730104554,5.394788978641042,5.400253729508357
1970,provo:41:39,41,39,call,call,210.953125,5.351635952397574,9.866530418395996,0.7688090548221723,5.51,-0.1573221942684469,4,-0.2958771723749192,0,-0.2088879996334169,43,43,43,1,5.3481514702383395,0.016301798862191852,5.335334153535382,5.34309246322664
1971,provo:41:40,41,40,that,that,188.33333333333337,5.238213442478331,2.051361322402954,-0.8855846686024085,7.01,0.9406434434717452,4,-0.2958771723749192,0,-0.2088879996334169,44,44,44,1,5.27411350024077,-0.059064047765466476,5.297277490243798,5.293666075665572
1972,provo:41:41,41,41,has,has,205.14583333333337,5.323721108339911,5.7747907638549805,-0.09737161500247273,6.37,0.4721781047025968,3,-0.6912821334247348,0,-0.2088879996334169,45,45,45,1,5.345194002428495,0.013391902094467056,5.310329206245444,5.312641878086343
1973,provo:41:42,41,42,been,been,179.71698113207546,5.19138328644278,2.7414772510528564,-0.7394939766711099,6.27,0.39898039551991693,4,-0.2958771723749192,0,-0.2088879996334169,46,46,46,1,5.20785363784386,-0.12466882435820015,5.31605211080098,5.310300167764578
1974,provo:41:43,41,43,measured,measured,215.45205479452056,5.372738401238556,8.879989624023438,0.5599681611620367,4.25,-1.079613329970208,8,1.2857426718243432,0,-0.2088879996334169,47,47,47,1,5.326663278774216,-0.0073065241394774105,5.380044925378034,5.378383452876394
1975,provo:41:44,41,44,at,at,186.7391304347826,5.229712618489206,3.606194019317627,-0.556442020099792,6.7,0.7137305450054391,2,-1.0866870944745504,0,-0.2088879996334169,48,48,48,1,5.262227018053282,-0.06905832816265978,5.2987709466518655,5.297603123753076
1976,provo:41:45,41,45,99.2,99.2,272.0933333333333,5.606145144692775,15.45383644104004,1.9515862796238728,2.24,-2.5508872845420654,4,-0.2958771723749192,0,-0.2088879996334169,49,51,51,3,5.516802365504293,0.18784746518173812,5.418297679511037,5.422810173839377
1977,provo:41:46,41,46,decibels,decibels,260.8493150684931,5.563942903697246,6.02446985244751,-0.04451703028854293,2.64,-2.2580964478113477,8,1.2857426718243432,0,-0.2088879996334169,52,54,54,3,5.475595041716977,0.14305049305291195,5.420892410644334,5.403906871563194
1979,provo:42:3,42,3,seems,seems,195.0,5.272999558563747,11.84796142578125,1.1882583311913457,5.24,-0.3549560090616812,5,0.0995277886748964,0,-0.2088879996334169,1,1,1,1,5.260048952525886,-0.0731189302650419,5.346118488828789,5.357208799651558
1980,provo:42:4,42,4,to,to,193.6153846153846,5.265873637673779,1.089329719543457,-1.0892372097000629,7.43,1.2480738220389989,2,-1.0866870944745504,0,-0.2088879996334169,2,2,2,1,5.317555179999736,-0.013643876242488417,5.279517513916267,5.27573694750588
1981,provo:42:5,42,5,be,be,203.3783783783784,5.3150681769728525,1.8571730852127075,-0.9266923908825502,6.79,0.7796084832698505,2,-1.0866870944745504,0,-0.2088879996334169,3,3,3,1,5.349945648932229,0.018450477506265273,5.296617699466587,5.2914481876685535
1982,provo:42:6,42,6,more,more,202.3823529411765,5.310158744586318,5.878256797790527,-0.07546888263314155,6.36,0.464858333784329,4,-0.2958771723749192,0,-0.2088879996334169,4,4,4,1,5.328992168382698,-0.00333899370190327,5.313497738288222,5.315814140173059
1983,provo:42:7,42,7,diving,diving,216.50632911392404,5.377619780797805,21.424962997436523,3.215614501577648,4.02,-1.2479680610903712,6,0.49493274972471196,0,-0.2088879996334169,5,5,5,1,5.330259508930926,-0.003791362563788425,5.381411143361594,5.409547925467889
1984,provo:42:8,42,8,in,in,206.0731707317073,5.328231303448537,4.040244102478027,-0.4645579259218862,7.27,1.1309574873467116,2,-1.0866870944745504,0,-0.2088879996334169,6,6,6,1,5.375711828182849,0.04443874314469021,5.283792560303847,5.286381193449059
1985,provo:42:9,42,9,soccer,soccer,235.23376623376623,5.460579769639232,17.148317337036133,2.310291065709194,4.48,-0.911258598850045,6,0.49493274972471196,0,-0.2088879996334169,7,7,7,1,5.425297423348333,0.09145938464193204,5.3691203849973,5.389187866944438
1986,provo:42:10,42,10,than,than,225.16071428571428,5.416814432938077,1.791345715522766,-0.940627391636459,6.13,0.2965036026641659,4,-0.2958771723749192,0,-0.2088879996334169,8,8,8,1,5.429608893946467,0.09717131546770919,5.319643117470368,5.310839371094748
1987,provo:42:11,42,11,in,in,206.82222222222225,5.33185959441539,3.29324722290039,-0.6226897505582358,7.27,1.1309574873467116,2,-1.0866870944745504,0,-0.2088879996334169,9,9,9,1,5.379340119149703,0.04806703411154345,5.283792560303847,5.2845626935774375
1988,provo:42:12,42,12,the,the,185.55263157894737,5.223338569992655,4.634332180023193,-0.3387953768868278,7.73,1.4676669495870378,3,-0.6912821334247348,0,-0.2088879996334169,10,10,10,1,5.280520113610222,-0.05085865777440546,5.27419722776706,5.28051695918651
1989,provo:42:13,42,13,Summer,summer,229.3918918918919,5.435431859222727,15.106456756591797,1.878049448553763,5.23,-0.362275779979949,6,0.49493274972471196,0,-0.2088879996334169,11,11,11,1,5.419841782892664,0.08635075416720905,5.349081105055518,5.367996048823686
1990,provo:42:14,42,14,Olympics.,olympics,195.34782608695653,5.27478169314101,2.564999580383301,-0.7768525478157826,4.45,-0.933217911604849,8,1.2857426718243432,1,4.7854341734200965,12,13,13,2,5.22486939199337,-0.11086524767157346,5.385646940812584,5.372058711555048
1991,provo:42:15,42,15,Phantom,phantom,266.27777777777777,5.584540041263467,20.20752716064453,2.9578954193259928,3.78,-1.4236425631288017,7,0.8903377107745275,0,-0.2088879996334169,14,14,14,1,5.528501336316395,0.19402090249299686,5.39051913877047,5.414413369510312
1992,provo:42:16,42,16,"contact,",contact,220.6447368421053,5.396553882460778,18.99239158630371,2.7006632798026016,4.99,-0.5379502820183798,7,0.8903377107745275,0,-0.2088879996334169,15,16,16,2,5.372285373050522,0.03836478199638371,5.3581891004643944,5.385285211298669
1993,provo:42:17,42,17,or,or,248.52777777777777,5.515554621091486,6.468757152557373,0.049534181101863216,6.54,0.5966142103131519,2,-1.0866870944745504,0,-0.2088879996334169,17,17,17,1,5.543868003063916,0.2122571616443043,5.303297459447181,5.308081721635371
1994,provo:42:18,42,18,the,the,206.0204081632653,5.3279752326363115,4.649648189544678,-0.33555312969946416,7.73,1.4676669495870378,3,-0.6912821334247348,0,-0.2088879996334169,18,18,18,1,5.385156776253878,0.053778004869251106,5.27419722776706,5.280554244698819
1995,provo:42:19,42,19,slightest,slightest,199.5375,5.296002188590597,9.458605766296388,0.6824554550760373,3.77,-1.4309623340470696,9,1.6811476328741586,0,-0.2088879996334169,19,19,19,1,5.234947106658597,-0.1001749922341082,5.396177180824705,5.393739203854187
1996,provo:42:20,42,20,"collision,",collision,191.84615384615384,5.256693768778445,11.485514640808104,1.1115319444977512,3.95,-1.2992064575182463,9,1.6811476328741586,0,-0.2088879996334169,20,21,21,2,5.200364831637046,-0.13467398486023274,5.3913677536386775,5.394780479709634
1997,provo:42:21,42,21,can,can,210.69230769230768,5.350398811801542,2.304033041000366,-0.8320965738216077,6.46,0.5380560429670082,3,-0.6912821334247348,0,-0.2088879996334169,22,22,22,1,5.374234778285426,0.04226840333306381,5.308130408468478,5.302311747184128
1998,provo:42:22,42,22,lead,lead,214.96610169491527,5.37048034916171,4.372873783111572,-0.3941435242492459,5.2,-0.384235092734753,4,-0.2958771723749192,0,-0.2088879996334169,23,23,23,1,5.358856395418663,0.025988524563532067,5.344491824598178,5.337238023508541
1999,provo:42:23,42,23,to,to,186.3703703703704,5.227735932375947,0.0946719422936439,-1.2997963880652805,7.43,1.2480738220389989,2,-1.0866870944745504,0,-0.2088879996334169,24,24,24,1,5.279417474701904,-0.051781581540319976,5.279517513916267,5.273315538408083
2000,provo:42:24,42,24,theatrical,theatrical,235.91463414634143,5.4634700198703605,18.141759872436523,2.5205929894375085,3.68,-1.4968402723114809,10,2.0765525939239744,0,-0.2088879996334169,25,25,25,1,5.3976749588503345,0.062192699625135184,5.401277320245225,5.419462568732816
2001,provo:42:25,42,25,belly,belly,231.16901408450704,5.44314910569062,15.733689308166504,2.0108283537453113,4.1,-1.1894098937442275,5,0.0995277886748964,0,-0.2088879996334169,26,26,26,1,5.4002662493122875,0.06657091135032278,5.376578194340297,5.391324318117776
2002,provo:42:26,42,26,flops,flops,211.06153846153848,5.3521497424305275,7.678989410400391,0.30572833719350895,3.3,-1.774991567205663,5,0.0995277886748964,0,-0.2088879996334169,27,28,28,2,5.288261798093969,-0.04580368384767031,5.397953426278198,5.389018330790742
2003,provo:42:27,42,27,and,and,172.0,5.147494476813453,2.6450445652008057,-0.7599078190649239,7.41,1.2334342802024634,3,-0.6912821334247348,0,-0.2088879996334169,29,29,29,1,5.196273985247729,-0.13525284372876722,5.28274732054222,5.282595204661463
2004,provo:42:28,42,28,exaggerated,exaggerated,253.93421052631575,5.537075219792779,12.26267433166504,1.2760489368826653,3.68,-1.4968402723114809,11,2.4719575549737898,0,-0.2088879996334169,30,30,30,1,5.468903252080028,0.13310247372004813,5.403972746072731,5.407788879421783
2005,provo:42:29,42,29,somersaults,somersaults,249.0126582278481,5.517503731429007,11.881543159484863,1.195367250880551,2.19,-2.5874861391334054,11,2.4719575549737898,0,-0.2088879996334169,31,33,33,3,5.41020978739406,0.07371961587193532,5.443784115557071,5.439086934266239
2006,provo:42:30,42,30,by,by,173.1875,5.154374822623197,9.002110481262207,0.5858199344549059,6.66,0.6844514613323672,2,-1.0866870944745504,0,-0.2088879996334169,34,34,34,1,5.185838967789362,-0.14571635203329958,5.3000911746564965,5.311653579787804
2007,provo:42:31,42,31,players,players,228.17391304347825,5.430108114694775,4.194845199584961,-0.43183040825123176,5.3,-0.3110373835520738,7,0.8903377107745275,0,-0.2088879996334169,35,35,35,1,5.413979076868332,0.08020191660631681,5.349906198088458,5.342557138509183
2008,provo:42:32,42,32,deceptively,deceptively,200.37974683544303,5.300214300408037,18.118480682373047,2.5156650159727794,2.84,-2.111701029445989,11,2.4719575549737898,0,-0.2088879996334169,36,38,38,3,5.209986990339149,-0.12620243919949026,5.426416739607527,5.440211951620843
2009,provo:42:33,42,33,trying,trying,213.01388888888889,5.3613573696347245,5.026687145233154,-0.255737725308868,5.47,-0.1866012779415187,6,0.49493274972471196,0,-0.2088879996334169,39,39,39,1,5.352068819692129,0.018688834160576207,5.342668535474148,5.338266966990703
2010,provo:42:34,42,34,to,to,211.58333333333337,5.354618931916678,0.0684296265244484,-1.30535162582961,7.43,1.2480738220389989,2,-1.0866870944745504,0,-0.2088879996334169,40,40,40,1,5.406300474242635,0.07510141800041126,5.279517513916267,5.273251653739804
2011,provo:42:35,42,35,draw,draw,240.31746031746033,5.481960800599907,8.6170654296875,0.5043097190345515,4.81,-0.6697061585472033,4,-0.2958771723749192,0,-0.2088879996334169,41,41,41,1,5.460096866477225,0.12704855043200247,5.354912250167905,5.356005107717988
2012,provo:42:36,42,36,fouls,fouls,217.9193548387097,5.384125062414867,7.96582555770874,0.366448702412673,3.15,-1.8847881309796823,5,0.0995277886748964,0,-0.2088879996334169,42,43,43,2,5.316298664086141,-0.01783621985168793,5.401961282266555,5.39296082551682
2013,provo:42:37,42,37,on,on,198.7,5.291796149557771,5.101850986480713,-0.23982628620101823,6.91,0.8674457342890659,2,-1.0866870944745504,0,-0.2088879996334169,44,44,44,1,5.329824384710881,-0.0016152651181311484,5.293411414675902,5.296751704518971
2014,provo:42:38,42,38,their,their,215.56521739130432,5.373263496665986,2.916890859603882,-0.7023606569149368,6.33,0.442899021029525,5,0.0995277886748964,0,-0.2088879996334169,45,45,45,1,5.388932322971208,0.056268761352587404,5.316994735313399,5.3118922324735065
2015,provo:42:39,42,39,"opponents,",opponents,199.11111111111111,5.293863016198657,4.2611589431762695,-0.41779244697020235,4.23,-1.0942528718067437,9,1.6811476328741586,0,-0.2088879996334169,46,47,47,2,5.244885859842636,-0.09002340626175531,5.383886422460412,5.371137533830108
2016,provo:42:40,42,40,kill,kill,198.94230769230768,5.293014871598216,15.695759773254396,2.0027990476970032,5.09,-0.46475257283570065,4,-0.2958771723749192,0,-0.2088879996334169,48,48,48,1,5.278502718260913,-0.05441604739142303,5.347430918989639,5.367181711122817
2017,provo:42:41,42,41,time,time,217.94736842105263,5.3842536043791265,6.639321327209473,0.08564092383762895,6.29,0.41361993735645314,4,-0.2958771723749192,0,-0.2088879996334169,49,49,49,1,5.401249082979162,0.06888553329633851,5.315368071082788,5.319180854331625
2018,provo:42:42,42,42,or,or,197.84444444444443,5.287481087803352,4.707046985626221,-0.3234023743155378,6.54,0.5966142103131519,2,-1.0866870944745504,0,-0.2088879996334169,50,50,50,1,5.315794469775782,-0.01581637164382954,5.303297459447181,5.303792989245739
2019,provo:42:43,42,43,catch,catch,207.82539682539684,5.336698288836221,9.418618202209473,0.6739904846796386,4.87,-0.6257875330375953,5,0.0995277886748964,0,-0.2088879996334169,51,51,51,1,5.31403282961768,-0.01930624476384679,5.356004533600068,5.359297173038976
2020,provo:42:44,42,44,a,a,217.19230769230768,5.380783171651355,3.665070056915283,-0.5439785473501605,7.36,1.1968354256111238,1,-1.482092055524366,0,-0.2088879996334169,52,52,52,1,5.433003675473692,0.10209075076802776,5.278692420883327,5.280882893877443
2021,provo:42:45,42,45,breather,breather,234.97297297297297,5.459470498904513,10.622830390930176,0.9289102518939348,3.02,-1.9799451529171657,8,1.2857426718243432,0,-0.2088879996334169,53,54,54,2,5.381100053704401,0.04594946396553112,5.413521034938982,5.410156051980911
2022,provo:42:46,42,46,when,when,245.29787234042553,5.502473277522895,7.19785213470459,0.20387635174832497,6.37,0.4721781047025968,4,-0.2958771723749192,0,-0.2088879996334169,55,55,55,1,5.521569264918753,0.18924272963389743,5.313230547888997,5.318810300792406
2023,provo:42:47,42,47,tired,tired,261.4516129032258,5.56624922968463,11.058605194091797,1.0211594521763454,4.71,-0.7429038677298826,5,0.0995277886748964,0,-0.2088879996334169,56,56,56,1,5.539382752874445,0.20596964969698295,5.3602795799876475,5.366750078619821
2025,provo:43:3,43,3,will,will,201.03225806451613,5.303465383065438,8.56090259552002,0.49242060451954317,6.45,0.5307362720487404,4,-0.2958771723749192,0,-0.2088879996334169,2,2,2,1,5.3246618792571185,-0.005269218602016679,5.308734601667455,5.318869846216505
2026,provo:43:4,43,4,make,make,196.0983606557377,5.278616373431191,6.914624214172363,0.14391981232202453,6.08,0.2599047480728263,4,-0.2958771723749192,0,-0.2088879996334169,3,3,3,1,5.290098016442193,-0.039849506778190324,5.318465880209382,5.322122528516233
2027,provo:43:5,43,5,a,a,174.925,5.164357310631961,4.576117038726807,-0.3511189444496074,7.36,1.1968354256111238,1,-1.482092055524366,0,-0.2088879996334169,4,4,4,1,5.216577814454299,-0.11295187846523191,5.277309189097193,5.282208500099276
2028,provo:43:6,43,6,backdraft,backdraft,248.85897435897436,5.5168863679815,18.10626220703125,2.5130784860248028,1.79,-2.880276975864123,9,1.6811476328741586,0,-0.2088879996334169,5,6,6,2,5.403843693352892,0.07310404567859141,5.4437823223029085,5.451996811297512
2029,provo:43:7,43,7,less,less,233.13432835820896,5.451614804002711,6.258855819702148,0.005100152439299453,5.49,-0.17196173610498247,4,-0.2958771723749192,0,-0.2088879996334169,7,7,7,1,5.44760519464452,0.11763147963187848,5.333983324370832,5.332485306417468
2030,provo:43:8,43,8,likely.,likely,192.90140845070425,5.262179221340208,4.229395389556885,-0.4245164759830248,5.2,-0.384235092734753,6,0.49493274972471196,1,4.7854341734200965,8,9,9,2,5.236713003538855,-0.09064561509277969,5.352824836432988,5.348254686596179
2031,provo:43:9,43,9,Opening,opening,242.2716049382716,5.490059431265887,13.95193576812744,1.6336488151936122,4.94,-0.5745491366097194,7,0.8903377107745275,0,-0.2088879996334169,10,10,10,1,5.464478103858242,0.13411896533855838,5.355940465927328,5.371518369008689
2032,provo:43:10,43,10,a,a,235.45454545454547,5.461517881895213,4.01934814453125,-0.4689813928037247,7.36,1.1968354256111238,1,-1.482092055524366,0,-0.2088879996334169,11,11,11,1,5.51373838571755,0.18420869279801977,5.277309189097193,5.280745158117964
2033,provo:43:11,43,11,room,room,228.4516129032258,5.431324428186703,9.51180362701416,0.6937169141423831,5.39,-0.24515944528766234,4,-0.2958771723749192,0,-0.2088879996334169,12,12,12,1,5.424689182833735,0.09471102853426938,5.336613399652434,5.343083477523446
2034,provo:43:12,43,12,or,or,210.38888888888889,5.34895767000563,5.25035285949707,-0.20838991372879367,6.54,0.5966142103131519,2,-1.0866870944745504,0,-0.2088879996334169,13,13,13,1,5.37727105197806,0.047584621096740776,5.301373048908889,5.303294051922109
2035,provo:43:13,43,13,building,building,232.91780821917808,5.450685636909094,5.3557448387146,-0.1860794778604039,5.29,-0.3183571544703416,8,1.2857426718243432,0,-0.2088879996334169,14,14,14,1,5.431917128790448,0.10145319196480962,5.349232444944285,5.344270903549096
2036,provo:43:14,43,14,at,at,215.85185185185185,5.374592301310766,7.003693580627441,0.16277491308858846,6.7,0.7137305450054391,2,-1.0866870944745504,0,-0.2088879996334169,15,15,15,1,5.407106700874842,0.07742737285243972,5.297164928458327,5.304624668671994
2037,provo:43:15,43,15,the,the,209.29090909090908,5.343725193682591,2.1139373779296875,-0.8723379387839616,7.73,1.4676669495870378,3,-0.6912821334247348,0,-0.2088879996334169,16,16,16,1,5.400906737300158,0.07115279812219999,5.272572395560391,5.27318874094705
2038,provo:43:16,43,16,highest,highest,176.9,5.17558460116574,8.794595718383789,0.5418911189670854,4.86,-0.6331073039558631,7,0.8903377107745275,0,-0.2088879996334169,17,17,17,1,5.147902764962272,-0.18245992498686991,5.35804452615261,5.359602281846338
2039,provo:43:17,43,17,point,point,215.8695652173913,5.374674360550124,5.231706619262695,-0.21233713770185308,5.54,-0.13536288151364287,5,0.0995277886748964,0,-0.2088879996334169,18,18,18,1,5.369600662496597,0.039508831317530024,5.335165529232594,5.33127695238201
2040,provo:43:18,43,18,allows,allows,174.4805194805195,5.161813099195908,8.34045124053955,0.44575324089370355,4.67,-0.7721829514029543,6,0.49493274972471196,0,-0.2088879996334169,19,19,19,1,5.1315194612950865,-0.19873132748918287,5.360544426685091,5.359785327989714
2041,provo:43:19,43,19,heated,heated,223.43835616438355,5.40913556466564,17.243404388427734,2.330420050644641,4.09,-1.1967296646624954,6,0.49493274972471196,0,-0.2088879996334169,20,20,20,1,5.3636132379951045,0.033336701347258746,5.375798863318381,5.395066205615033
2042,provo:43:20,43,20,gases,gases,213.52941176470588,5.36377458320268,9.472835540771484,0.6854677570861648,3.73,-1.4602414177201413,5,0.0995277886748964,0,-0.2088879996334169,21,21,21,1,5.311176873643668,-0.018995308626904794,5.382769891829585,5.37950217201899
2043,provo:43:21,43,21,and,and,231.75,5.445659204445964,4.200120449066162,-0.4307136902987472,7.41,1.2334342802024634,3,-0.6912821334247348,0,-0.2088879996334169,22,22,22,1,5.494438712880241,0.164670567984448,5.280988636461516,5.285227095595192
2044,provo:43:22,43,22,smoke,smoke,248.60294117647055,5.515857009965879,6.944857597351074,0.15031991944119033,4.67,-0.7721829514029543,5,0.0995277886748964,0,-0.2088879996334169,23,23,23,1,5.487940278757782,0.15780982578335045,5.358047184182529,5.35360178241518
2045,provo:43:23,43,23,to,to,195.0,5.272999558563747,0.5923794507980347,-1.1944366488124059,7.43,1.2480738220389989,2,-1.0866870944745504,0,-0.2088879996334169,24,24,24,1,5.324681100889704,-0.004965820338886928,5.277965378902634,5.272819711883857
2046,provo:43:24,43,24,be,be,190.72413793103448,5.250828080008204,4.583296775817871,-0.3495990653742607,6.79,0.7796084832698505,2,-1.0866870944745504,0,-0.2088879996334169,25,25,25,1,5.28570555196758,-0.04396978069668123,5.294797860704885,5.296419523719609
2047,provo:43:25,43,25,released,released,237.92307692307693,5.471947415223533,4.371842861175537,-0.3943617601900641,5.05,-0.49403165650877245,8,1.2857426718243432,0,-0.2088879996334169,26,26,26,1,5.446877380717418,0.11640278960340389,5.355544625620129,5.346601406468372
2048,provo:43:26,43,26,gradually.,gradually,237.75641025641025,5.4712466632340995,14.148483276367188,1.6752559717365587,4.21,-1.1088924136432798,9,1.6811476328741586,1,4.7854341734200965,27,28,28,2,5.4126559290062675,0.08489235400556705,5.386354309228532,5.402151836228164
2049,provo:43:27,43,27,"However,",however,225.73684210526315,5.41936990535044,6.919780731201172,0.1450113957928885,5.58,-0.10608379784057106,7,0.8903377107745275,0,-0.2088879996334169,29,30,30,2,5.410592648309375,0.0802619212253628,5.339107984125077,5.339925346946257
2050,provo:43:28,43,28,suddenly,suddenly,242.50666666666663,5.49102920140859,15.072943687438965,1.8709550644683866,4.69,-0.7575434095664181,8,1.2857426718243432,0,-0.2088879996334169,31,31,31,1,5.456506877321274,0.12601630477469516,5.365012896633895,5.382101548798791
2051,provo:43:29,43,29,breaking,breaking,246.31578947368425,5.506614409745252,9.893790245056152,0.7745796895421974,4.74,-0.7209445549750785,8,1.2857426718243432,0,-0.2088879996334169,32,32,32,1,5.473404903655325,0.14291655075215726,5.363697858993095,5.367465043053393
2052,provo:43:30,43,30,a,a,202.9090909090909,5.312758050702831,3.369110584259033,-0.6066302299863803,7.36,1.1968354256111238,1,-1.482092055524366,0,-0.2088879996334169,33,33,33,1,5.364978554525169,0.03544886160563809,5.277309189097193,5.27903615474207
2053,provo:43:31,43,31,window,window,193.52238805970148,5.265393206343975,3.3497731685638428,-0.6107237689438134,4.8,-0.6770259294654711,6,0.49493274972471196,0,-0.2088879996334169,34,34,34,1,5.238512895236366,-0.09173212247503315,5.357125328819008,5.344005364664613
2054,provo:43:32,43,32,or,or,221.5185185185185,5.400506191040228,2.3161587715148926,-0.8295296770329694,6.54,0.5966142103131519,2,-1.0866870944745504,0,-0.2088879996334169,35,35,35,1,5.4288195730126585,0.09913314213133884,5.301373048908889,5.295582181817609
2055,provo:43:33,43,33,opening,opening,190.8571428571429,5.251525205041278,3.15218186378479,-0.6525518868532956,4.94,-0.5745491366097194,7,0.8903377107745275,0,-0.2088879996334169,36,36,36,1,5.225943877633633,-0.10441526088605002,5.355940465927328,5.343133641627509
2056,provo:43:34,43,34,a,a,177.5625,5.179322659614407,1.0772329568862915,-1.091797974280836,7.36,1.1968354256111238,1,-1.482092055524366,0,-0.2088879996334169,37,37,37,1,5.231543163436744,-0.09798652948278619,5.277309189097193,5.273012469182176
2057,provo:43:35,43,35,door,door,197.6851851851852,5.286675791532551,1.743961215019226,-0.950658220049482,5.08,-0.4720723437539684,4,-0.2958771723749192,0,-0.2088879996334169,38,38,38,1,5.27190107459577,-0.05809084149284782,5.344766633025399,5.32901788667881
2058,provo:43:36,43,36,is,is,202.8918918918919,5.312673284928778,4.21975040435791,-0.42655822361250184,7.07,0.9845620689813532,2,-1.0866870944745504,0,-0.2088879996334169,39,39,39,1,5.354902537673533,0.025239635012377803,5.2874336499164,5.289728144089839
2059,provo:43:37,43,37,a,a,205.30769230769232,5.324509791942988,3.10437273979187,-0.6626726038441625,7.36,1.1968354256111238,1,-1.482092055524366,0,-0.2088879996334169,40,40,40,1,5.376730295765325,0.04720060284579475,5.277309189097193,5.278340350781236
2060,provo:43:38,43,38,"mistake,",mistake,220.3230769230769,5.395095000583066,11.573015213012695,1.130054947093505,4.67,-0.7721829514029543,7,0.8903377107745275,0,-0.2088879996334169,41,42,42,2,5.362424455989519,0.032053331395412776,5.363041669187653,5.370796937468843
2061,provo:43:39,43,39,because,because,202.22857142857143,5.309398599415995,3.808570146560669,-0.5136010027693385,6.03,0.2233058934814867,7,0.8903377107745275,0,-0.2088879996334169,43,43,43,1,5.312436704351432,-0.01787404594187425,5.327272645357869,5.322529850732496
2062,provo:43:40,43,40,it,it,210.375,5.34889165251097,3.347234010696411,-0.6112612834603984,6.95,0.8967248179621378,2,-1.0866870944745504,0,-0.2088879996334169,44,44,44,1,5.387970142061992,0.05830191225664816,5.290589740254322,5.289893164862347
2063,provo:43:41,43,41,allows,allows,223.6338028169014,5.410009905243744,5.9195556640625,-0.06672632258029078,4.67,-0.7721829514029543,6,0.49493274972471196,0,-0.2088879996334169,45,45,45,1,5.379716267342922,0.0494654785586528,5.360544426685091,5.353422547729603
2064,provo:43:42,43,42,oxygen,oxygen,202.171875,5.309118201956281,8.607895851135254,0.5023686102732501,4.25,-1.079613329970208,6,0.49493274972471196,0,-0.2088879996334169,46,46,46,1,5.267796892877391,-0.06247254091153742,5.371590742867818,5.369092065551346
2065,provo:43:43,43,43,to,to,194.17391304347825,5.2687542164709535,0.5537671446800232,-1.202610490747744,7.43,1.2480738220389989,2,-1.0866870944745504,0,-0.2088879996334169,47,47,47,1,5.32043575879691,-0.009211162431680187,5.277965378902634,5.272718228110021
2066,provo:43:44,43,44,rush,rush,231.57894736842104,5.444920840739912,9.337069511413574,0.6567274362990989,4.48,-0.911258598850045,4,-0.2958771723749192,0,-0.2088879996334169,48,48,48,1,5.414392307834462,0.08437375602490249,5.36054708471501,5.361265837008338
2067,provo:43:45,43,45,"in,",in,183.35135135135135,5.2114042648275145,5.909474849700928,-0.06886033091740333,7.27,1.1309574873467116,2,-1.0866870944745504,0,-0.2088879996334169,49,50,50,2,5.258884789561827,-0.07076923452568185,5.282173499353196,5.290072148369332
2068,provo:43:46,43,46,causing,causing,213.15151515151516,5.362003251567447,4.058265209197998,-0.46074303650868464,4.53,-0.8746597442587054,7,0.8903377107745275,0,-0.2088879996334169,51,51,51,1,5.325656816581212,-0.0047205230144484744,5.366723774581896,5.353914044812945
2069,provo:43:47,43,47,an,an,240.05128205128204,5.48085257573037,4.7208356857299805,-0.32048344337167123,6.53,0.589294439394884,2,-1.0866870944745504,0,-0.2088879996334169,52,52,52,1,5.5089033941033225,0.1792165192933206,5.301636056437049,5.302107187811493
2070,provo:43:48,43,48,explosion,explosion,274.3835616438356,5.614526987511473,2.7386674880981445,-0.7400887755986174,4.22,-1.101572642725012,9,1.6811476328741586,0,-0.2088879996334169,53,53,53,1,5.565287267555975,0.23465549455148782,5.379871492959985,5.361827299085478
2072,provo:44:3,44,3,step,step,187.8125,5.2354441247295265,11.705161094665527,1.158028918545376,5.13,-0.4354734891626288,4,-0.2958771723749192,0,-0.2088879996334169,1,1,1,1,5.221982225790135,-0.11195219375468657,5.347396318484213,5.359360410671603
2073,provo:44:4,44,4,to,to,212.6190476190476,5.359502055587177,3.7410309314727783,-0.5278983842020343,7.43,1.2480738220389989,2,-1.0866870944745504,0,-0.2088879996334169,2,2,2,1,5.4111835979131335,0.07712371838602916,5.2823783372011475,5.28582935051003
2074,provo:44:5,44,5,be,be,198.1578947368421,5.289064161067554,7.003868103027344,0.16281185774831994,6.79,0.7796084832698505,2,-1.0866870944745504,0,-0.2088879996334169,3,3,3,1,5.32394163302693,-0.010600061348573497,5.299664222416127,5.3084730169375165
2075,provo:44:6,44,6,taken,taken,185.88059701492537,5.225104516041431,4.613896369934082,-0.34312143503467474,5.33,-0.2890780707972697,5,0.0995277886748964,0,-0.2088879996334169,4,4,4,1,5.21451698239887,-0.11833837895896693,5.343442895000398,5.336409163372204
2076,provo:44:7,44,7,in,in,194.40540540540545,5.2699456972231316,3.0223329067230225,-0.6800396221687551,7.27,1.1309574873467116,2,-1.0866870944745504,0,-0.2088879996334169,5,5,5,1,5.317426221957444,-0.016754111281761297,5.286699808504893,5.287113887960587
2077,provo:44:8,44,8,studying,studying,207.3835616438356,5.334570033463487,10.195574760437012,0.8384644759032253,4.42,-0.955177224359653,8,1.2857426718243432,0,-0.2088879996334169,6,6,6,1,5.29295849219027,-0.03779647651455864,5.372366509978046,5.375619817166518
2078,provo:44:9,44,9,the,the,210.875,5.351265540866132,2.0708580017089844,-0.881457415119428,7.73,1.4676669495870378,3,-0.6912821334247348,0,-0.2088879996334169,7,7,7,1,5.408447084483699,0.07554154671364,5.275723994152492,5.276255950279366
2079,provo:44:10,44,10,history,history,209.77333333333337,5.346027582704113,6.895968914031982,0.13997067045679323,5.39,-0.24515944528766234,7,0.8903377107745275,0,-0.2088879996334169,8,8,8,1,5.3322616172729695,0.0013084081508862866,5.3447191745532265,5.344551950496504
2080,provo:44:11,44,11,of,of,213.73684210526315,5.364745548519857,0.1649877578020095,-1.2849112278844002,7.4,1.2261145092841956,2,-1.0866870944745504,0,-0.2088879996334169,9,9,9,1,5.415639400047381,0.08155693544925757,5.2831886130706,5.2762550903845575
2081,provo:44:12,44,12,our,our,197.5,5.285738584341177,6.798647403717041,0.11936867274675124,6.14,0.30382337358243366,3,-0.6912821334247348,0,-0.2088879996334169,10,10,10,1,5.30117251564177,-0.03293003089228019,5.318668615233457,5.322875786285946
2082,provo:44:13,44,13,country,country,192.6231884057971,5.260735888824073,3.2053654193878174,-0.641293456037747,5.48,-0.17928150702325027,7,0.8903377107745275,0,-0.2088879996334169,11,11,11,1,5.24933299578823,-0.0815524581207967,5.34228834694487,5.332150159903526
2083,provo:44:14,44,14,is,is,195.44444444444449,5.275276167401339,2.715768575668335,-0.7449362480629752,7.07,0.9845620689813532,2,-1.0866870944745504,0,-0.2088879996334169,12,12,12,1,5.3175054201460945,-0.01682548023323438,5.292101647634573,5.290407492984691
2084,provo:44:15,44,15,to,to,222.7872340425532,5.406217208577403,0.5760383605957031,-1.1978958954048453,7.43,1.2480738220389989,2,-1.0866870944745504,0,-0.2088879996334169,13,13,13,1,5.45789875090336,0.12383887137625571,5.2823783372011475,5.276802277087052
2085,provo:44:16,44,16,form,form,223.625,5.4099705418288835,10.007466316223145,0.7986437854475134,5.31,-0.303717612633806,4,-0.2958771723749192,0,-0.2088879996334169,14,14,14,1,5.401234787680092,0.06743587856138333,5.3425346632675,5.3507671304196185
2086,provo:44:17,44,17,some,some,223.0,5.407171771460119,7.4546284675598145,0.25823335262466823,6.2,0.34774199909204173,4,-0.2958771723749192,0,-0.2088879996334169,15,15,15,1,5.421804177664854,0.08867529231970028,5.318496479140419,5.324938527075615
2087,provo:44:18,44,18,clear,clear,208.8840579710145,5.341779351485844,7.118475914001465,0.18707319372225695,5.25,-0.3476362381434134,5,0.0995277886748964,0,-0.2088879996334169,16,16,16,1,5.3290913090474605,-0.0038242791664266917,5.3456036306522705,5.345219821999897
2088,provo:44:19,44,19,and,and,177.16666666666666,5.177090909113893,2.6598401069641113,-0.7567757497357485,7.41,1.2334342802024634,3,-0.6912821334247348,0,-0.2088879996334169,17,17,17,1,5.22587041754817,-0.10727602764608868,5.284366936759982,5.284604585156074
2089,provo:44:20,44,20,proper,proper,181.04615384615383,5.1987519923856365,10.185035705566406,0.8362334625988943,4.72,-0.7355840968116147,6,0.49493274972471196,0,-0.2088879996334169,18,18,18,1,5.169771172482204,-0.16261492760615504,5.3613669199917915,5.366453455477088
2090,provo:44:21,44,21,conception,conception,219.78048780487805,5.392629265530729,11.043901443481444,1.0180468141231214,3.75,-1.4456018758836053,10,2.0765525939239744,0,-0.2088879996334169,19,19,19,1,5.328672149707049,-0.0007302368234807233,5.39335950235421,5.394886441623962
2091,provo:44:22,44,22,of,of,170.25806451612902,5.1373153125781235,0.0487030483782291,-1.3095275466150582,7.4,1.2261145092841956,2,-1.0866870944745504,0,-0.2088879996334169,20,20,20,1,5.188209164105647,-0.14587330049247615,5.2831886130706,5.27592342748601
2092,provo:44:23,44,23,the,the,191.0,5.25227342804663,2.111938238143921,-0.8727611368329349,7.73,1.4676669495870378,3,-0.6912821334247348,0,-0.2088879996334169,21,21,21,1,5.309454971664197,-0.02345056610586216,5.275723994152492,5.276373117793105
2093,provo:44:24,44,24,characteristics,characteristics,218.475,5.386671591513608,9.814476013183594,0.7577896539362526,4.28,-1.057654017215404,15,4.053577399173052,0,-0.2088879996334169,22,22,22,1,5.324745812998626,0.0003848846237204384,5.386286706889887,5.387545628288387
2094,provo:44:25,44,25,and,and,207.7,5.336094730882067,3.12560510635376,-0.6581779225977322,7.41,1.2334342802024634,3,-0.6912821334247348,0,-0.2088879996334169,23,23,23,1,5.384874239316344,0.05172779412208506,5.284366936759982,5.285933022665226
2095,provo:44:26,44,26,condition,condition,245.8658536585366,5.504786076865458,9.971331596374512,0.7909944239326187,4.86,-0.6331073039558631,9,1.6811476328741586,0,-0.2088879996334169,24,24,24,1,5.472350427276541,0.1428551973268446,5.361930879538614,5.367252860288675
2096,provo:44:27,44,27,of,of,191.9,5.256974403013654,0.0618701837956905,-1.3067401947455641,7.4,1.2261145092841956,2,-1.0866870944745504,0,-0.2088879996334169,25,25,25,1,5.3078682545411775,-0.026214210056945575,5.2831886130706,5.275960982297126
2097,provo:44:28,44,28,the,the,196.6875,5.2816161748246255,1.6719183921813965,-0.9659089705395517,7.73,1.4676669495870378,3,-0.6912821334247348,0,-0.2088879996334169,26,26,26,1,5.338797718442192,0.005892180672133485,5.275723994152492,5.275118109647551
2098,provo:44:29,44,29,territory,territory,234.3037974683544,5.456618553100522,10.524969100952148,0.9081939881871277,4.6,-0.8234213478308302,9,1.6811476328741586,0,-0.2088879996334169,27,27,27,1,5.417356249925181,0.08766528269332241,5.368953270407199,5.37425029371481
2099,provo:44:30,44,30,which,which,221.82926829268297,5.4019080242479145,3.9487264156341553,-0.48393131181247007,6.3,0.42093970827472094,5,0.0995277886748964,0,-0.2088879996334169,28,28,28,1,5.416789159754702,0.08466404902647007,5.317243975221444,5.314297305250816
2100,provo:44:31,44,31,is,is,204.93023255813952,5.322669592228671,3.565934658050537,-0.564964527261346,7.07,0.9845620689813532,2,-1.0866870944745504,0,-0.2088879996334169,29,29,29,1,5.3648988449734265,0.030567944594097618,5.292101647634573,5.292832304884096
2101,provo:44:32,44,32,now,now,197.56521739130432,5.286068744471837,3.1501784324645996,-0.6529759933775082,6.18,0.3331024572555055,3,-0.6912821334247348,0,-0.2088879996334169,30,30,30,1,5.302552930170342,-0.03151950293568362,5.317588247407521,5.311636164290028
2102,provo:44:33,44,33,occupied,occupied,196.88311688311688,5.282610237342679,5.096066951751709,-0.24105070894020633,4.32,-1.0283749335423322,8,1.2857426718243432,0,-0.2088879996334169,31,31,31,1,5.238373060074683,-0.09245719220020732,5.375067429542886,5.3631591799144935
2103,provo:44:34,44,34,by,by,180.83333333333337,5.197575796746505,0.3120593428611755,-1.2537776331755233,6.66,0.6844514613323672,2,-1.0866870944745504,0,-0.2088879996334169,32,32,32,1,5.22903994191267,-0.10559962110391474,5.30317541785042,5.292096074923563
2104,provo:44:35,44,35,the,the,174.60526315789474,5.162527787039922,1.3391953706741333,-1.0363431315486469,7.73,1.4676669495870378,3,-0.6912821334247348,0,-0.2088879996334169,33,33,33,1,5.219709330657489,-0.11319620711257006,5.275723994152492,5.274169129491231
2105,provo:44:36,44,36,American,american,188.40506329113924,5.238594236999492,6.15895414352417,-0.016048040772947553,5.49,-0.17196173610498247,8,1.2857426718243432,0,-0.2088879996334169,34,34,34,1,5.225077000870401,-0.1048724336347604,5.343466670634252,5.341808045404546
2106,provo:44:37,44,37,"people,",people,168.0,5.123963979403259,4.725892066955566,-0.3194130576563909,6.25,0.38434085368338133,6,0.49493274972471196,0,-0.2088879996334169,35,36,36,2,5.135155390219934,-0.19607887124647227,5.320042850649731,5.318998071176033
2107,provo:44:38,44,38,as,as,211.02941176470588,5.351997516011661,4.456058979034424,-0.37653404397745366,6.77,0.7649689414333143,2,-1.0866870944745504,0,-0.2088879996334169,37,37,37,1,5.386349860772081,0.05179310968256523,5.300204406329096,5.301623048689974
2108,provo:44:39,44,39,it,it,244.6046511627907,5.499643238455727,4.7664384841918945,-0.3108297835954971,6.95,0.8967248179621378,2,-1.0866870944745504,0,-0.2088879996334169,38,38,38,1,5.538721728006749,0.20430048734334516,5.295342751112382,5.298757122796936
2109,provo:44:40,44,40,existed,existed,223.88888888888889,5.411149897044564,4.49506139755249,-0.36827761911932094,4.29,-1.0503342462971363,7,0.8903377107745275,0,-0.2088879996334169,39,39,39,1,5.36850193567086,0.03672060727809168,5.374429289766472,5.360628041765753
2110,provo:44:41,44,41,when,when,226.91666666666663,5.424582842885759,4.12932825088501,-0.4456996959628314,6.37,0.4721781047025968,4,-0.2958771723749192,0,-0.2088879996334169,40,40,40,1,5.443678830281618,0.11067792700556911,5.31390491588019,5.311911450290966
2111,provo:44:42,44,42,first,first,220.72222222222223,5.396904997918434,8.70434856414795,0.5227866922181806,6.11,0.2818640608276303,5,0.0995277886748964,0,-0.2088879996334169,41,41,41,1,5.406797425035144,0.0745292755237923,5.322375722394642,5.331820690381952
2112,provo:44:43,44,43,discovered,discovered,220.873417721519,5.397589766931208,6.147893905639648,-0.018389383348006712,4.74,-0.7209445549750785,10,2.0765525939239744,0,-0.2088879996334169,42,42,42,1,5.359626447455832,0.030969368268919162,5.366620398662289,5.360290749168588
2113,provo:44:44,44,44,and,and,192.0,5.2574953720277815,2.856517553329468,-0.7151410865813902,7.41,1.2334342802024634,3,-0.6912821334247348,0,-0.2088879996334169,43,43,43,1,5.306274880462058,-0.026871564732200426,5.284366936759982,5.285165541211806
2114,provo:44:45,44,45,explored,explored,251.47435897435895,5.5273410319540615,8.856110572814941,0.5549132030471925,3.9,-1.3358053121095863,8,1.2857426718243432,0,-0.2088879996334169,44,44,44,1,5.472076183507998,0.1409297402388443,5.386411291715217,5.382636186002895
2115,provo:44:46,44,46,by,by,218.9,5.388615004528817,1.4870049953460691,-1.005053301179606,6.66,0.6844514613323672,2,-1.0866870944745504,0,-0.2088879996334169,45,45,45,1,5.420079149694982,0.08543958667839746,5.30317541785042,5.295447210964318
2116,provo:44:47,44,47,Europeans.,europeans,254.5072463768116,5.539329308578595,7.216368198394775,0.20779601863912567,3.87,-1.35776462486439,9,1.6811476328741586,1,4.7854341734200965,46,47,47,2,5.471811411968517,0.14244685579229444,5.396882452786301,5.391388323847964
2118,provo:45:3,45,3,Anthony,anthony,177.0,5.176149732573829,13.347768783569336,1.5057526615882146,4.41,-0.9624969952779209,7,0.8903377107745275,0,-0.2088879996334169,2,2,2,1,5.136652534393859,-0.1940229839534302,5.370172716527259,5.3795483638644965
2119,provo:45:4,45,4,spent,spent,224.8507462686567,5.415436832173436,12.889370918273926,1.4087143836109943,5.02,-0.5159909692635765,5,0.0995277886748964,0,-0.2088879996334169,3,3,3,1,5.396709826947062,0.06512256687820273,5.350314265295233,5.3616743116009316
2120,provo:45:5,45,5,nearly,nearly,209.94285714285715,5.346835384845603,5.161159992218018,-0.22727115839391074,5.0,-0.5306305111001121,6,0.49493274972471196,0,-0.2088879996334169,4,4,4,1,5.32520634572755,-0.0060132738681177855,5.352848658713721,5.346596354438263
2121,provo:45:6,45,6,sixty,sixty,224.109375,5.412134213934541,11.758445739746094,1.1693087489998948,3.93,-1.3138459993547822,5,0.0995277886748964,0,-0.2088879996334169,5,5,5,1,5.364787776365086,0.03353795883123034,5.378596255103311,5.381888409109599
2122,provo:45:7,45,7,years,years,195.27450980392155,5.274406311207314,0.6691994071006775,-1.1781746265861683,5.96,0.17206749705361085,5,0.0995277886748964,0,-0.2088879996334169,6,6,6,1,5.280360284331857,-0.05151798122590634,5.32592429243322,5.314296123767951
2123,provo:45:8,45,8,of,of,204.66666666666663,5.321382639479033,5.141659259796143,-0.23139926988128387,7.4,1.2261145092841956,2,-1.0866870944745504,0,-0.2088879996334169,7,7,7,1,5.372276491006557,0.03886808320508184,5.282514556273951,5.288222982056762
2124,provo:45:9,45,9,her,her,190.73333333333332,5.2508762919479,6.409214019775391,0.03692949092336732,6.3,0.42093970827472094,3,-0.6912821334247348,0,-0.2088879996334169,8,8,8,1,5.270511240840139,-0.06219517975621258,5.313071471704113,5.316131683439325
2125,provo:45:10,45,10,life,life,194.9591836734694,5.272790222159382,0.2393457591533661,-1.2691703770837242,5.89,0.12082910062573501,4,-0.2958771723749192,0,-0.2088879996334169,9,9,9,1,5.279283156780305,-0.05293488702298976,5.325725109182372,5.312741101628365
2126,provo:45:11,45,11,devoted,devoted,226.45945945945945,5.422565941969062,7.419171810150147,0.25072753019758287,4.18,-1.130851726398084,7,0.8903377107745275,0,-0.2088879996334169,10,10,10,1,5.377029781001103,0.04642546612450271,5.37614047584456,5.370900900045633
2127,provo:45:12,45,12,to,to,190.19230769230768,5.24803570603533,0.0931123718619346,-1.300126533645212,7.43,1.2480738220389989,2,-1.0866870944745504,0,-0.2088879996334169,11,11,11,1,5.299717248361287,-0.03370044684940776,5.281736152884738,5.276138797489139
2128,provo:45:13,45,13,the,the,195.28571428571428,5.274463687668637,2.378140926361084,-0.8164086700934721,7.73,1.4676669495870378,3,-0.6912821334247348,0,-0.2088879996334169,12,12,12,1,5.3316452312862035,-0.0015038891496494955,5.275967576818286,5.277097041170973
2129,provo:45:14,45,14,cause,cause,206.74193548387095,5.331471327019081,4.072059631347656,-0.457822894264499,5.35,-0.2744385289607342,5,0.0995277886748964,0,-0.2088879996334169,13,13,13,1,5.321408920575476,-0.010280500994807262,5.341751828013888,5.334767379671027
2130,provo:45:15,45,15,of,of,194.88888888888889,5.272429595595909,0.2136600166559219,-1.2746077938110294,7.4,1.2261145092841956,2,-1.0866870944745504,0,-0.2088879996334169,14,14,14,1,5.323323447123433,-0.010084960678041988,5.282514556273951,5.277039358510087
2131,provo:45:16,45,16,social,social,230.43283582089552,5.439959435250961,6.730703353881836,0.1049855918164816,5.42,-0.2232001325328583,6,0.49493274972471196,0,-0.2088879996334169,15,15,15,1,5.429358067310976,0.098008423986224,5.341951011264737,5.341380427984916
2132,provo:45:17,45,17,justice,justice,201.5921052631579,5.306246375029422,0.9002761244773865,-1.1292579792095185,4.97,-0.5525898238549161,7,0.8903377107745275,0,-0.2088879996334169,16,16,16,1,5.281452738420211,-0.049396144899191086,5.3556425199286135,5.339596161378151
2133,provo:45:18,45,18,and,and,157.55,5.0597428682032835,2.5390279293060303,-0.7823504885514783,7.41,1.2334342802024634,3,-0.6912821334247348,0,-0.2088879996334169,17,17,17,1,5.10852237663756,-0.22452767809994345,5.284270546303227,5.284150048521076
2134,provo:45:19,45,19,equality,equality,206.575,5.330663542587248,4.419121265411377,-0.38435339130379054,4.26,-1.0722935590519402,8,1.2857426718243432,0,-0.2088879996334169,18,18,18,1,5.284850983722386,-0.04541664871175577,5.376080191299004,5.364463085701474
2135,provo:45:20,45,20,for,for,152.51162790697674,5.0272408417110315,2.5267646312713623,-0.7849465070186208,7.01,0.9406434434717452,3,-0.6912821334247348,0,-0.2088879996334169,19,19,19,1,5.065517806166196,-0.26740841644837055,5.294649258159402,5.292482080219204
2136,provo:45:21,45,21,all.,all,173.6078431372549,5.1567989805677605,2.426060676574707,-0.80626453462977,6.52,0.5819746684766156,3,-0.6912821334247348,1,4.7854341734200965,20,21,21,2,5.173121877975655,-0.16651769804152394,5.3233166786092845,5.320292076664661
2137,provo:45:22,45,22,Her,her,206.875,5.332114746131327,3.762368440628052,-0.5233814453122413,6.3,0.42093970827472094,3,-0.6912821334247348,0,-0.2088879996334169,22,22,22,1,5.351749695023566,0.019043274427214207,5.313071471704113,5.310124920231199
2138,provo:45:23,45,23,major,major,220.33802816901408,5.395162858834089,10.364054679870604,0.8741300024977712,5.3,-0.3110373835520738,5,0.0995277886748964,0,-0.2088879996334169,23,23,23,1,5.383787634393095,0.052113691838179044,5.34304916699591,5.3500914441657015
2139,provo:45:24,45,24,contributions,contributions,215.65432098765433,5.373676759933013,3.4090380668640137,-0.5981779782433321,4.34,-1.0137353917057967,13,3.2627674770734205,0,-0.2088879996334169,24,24,24,1,5.318080176400349,-0.010404978123152553,5.384081738056166,5.370711257004971
2140,provo:45:25,45,25,were,were,194.97619047619048,5.27287745098682,2.9303460121154785,-0.6995123346855023,6.34,0.45021879194779274,4,-0.2958771723749192,0,-0.2088879996334169,25,25,25,1,5.291185747584245,-0.04117160735735492,5.314049058344175,5.309443224809147
2141,provo:45:26,45,26,focused,focused,204.8082191780822,5.322074025065537,10.160921096801758,0.8311286392875818,4.65,-0.7868224932394899,7,0.8903377107745275,0,-0.2088879996334169,26,26,26,1,5.288878353273035,-0.041871464348016474,5.363945489413553,5.367300200206611
2142,provo:45:27,45,27,on,on,175.14285714285714,5.1656019674408435,0.268499881029129,-1.2629987388695303,6.91,0.8674457342890659,2,-1.0866870944745504,0,-0.2088879996334169,27,27,27,1,5.203630202593954,-0.129626510856923,5.2952284782977666,5.287404643393785
2143,provo:45:28,45,28,women?s,women?s,229.2051282051282,5.4346173589582065,23.437999725341797,3.6417543952591758,5.39,-0.24515944528766234,7,0.8903377107745275,0,-0.2088879996334169,28,30,30,3,5.420851393527063,0.08987248647857715,5.344744872479629,5.381965517041171
2144,provo:45:29,45,29,rights.,rights,211.28,5.353184267988877,4.313316822052002,-0.4067511417368462,5.19,-0.3915548636530208,6,0.49493274972471196,1,4.7854341734200965,31,32,32,2,5.327455486588046,-0.010688001019228288,5.363872269008105,5.358499024264231
2145,provo:45:30,45,30,Her,her,201.3421052631579,5.305005477505466,3.3495936393737793,-0.6107617734913241,6.3,0.42093970827472094,3,-0.6912821334247348,0,-0.2088879996334169,33,33,33,1,5.324640426397704,-0.008065994198647175,5.313071471704113,5.309188167249102
2146,provo:45:31,45,31,primary,primary,229.94736842105263,5.437850449784995,8.144696235656738,0.40431384944494797,4.88,-0.6184677621193275,7,0.8903377107745275,0,-0.2088879996334169,34,34,34,1,5.410693740780483,0.07987271968874232,5.357977730096253,5.357917649782501
2147,provo:45:32,45,32,achievement,achievement,227.0,5.424950017481403,6.701502799987793,0.098804124404907,4.36,-0.9990958498692605,11,2.4719575549737898,0,-0.2088879996334169,35,35,35,1,5.374632374533144,0.04541813066940481,5.379531886811998,5.373680225686472
2148,provo:45:33,45,33,lay,lay,209.3913043478261,5.344204771059507,10.148658752441406,0.8285328227038258,4.64,-0.7941422641577583,3,-0.6912821334247348,0,-0.2088879996334169,36,36,36,1,5.320254162438427,-0.011938354847733201,5.3561431259072405,5.359311423696995
2149,provo:45:34,45,34,in,in,203.5625,5.315973083036452,0.1299181282520294,-1.2923351203552695,7.27,1.1309574873467116,2,-1.0866870944745504,0,-0.2088879996334169,37,37,37,1,5.363453607770764,0.030085445409243405,5.285887637627209,5.279566269470121
2150,provo:45:35,45,35,her,her,171.41071428571428,5.144062514628388,3.592329978942871,-0.559376899831193,6.3,0.42093970827472094,3,-0.6912821334247348,0,-0.2088879996334169,38,38,38,1,5.163697463520626,-0.16900895707572516,5.313071471704113,5.309739034184932
2151,provo:45:36,45,36,inspiration,inspiration,216.5844155844156,5.3779803817678955,13.894427299499512,1.6214748432202375,4.41,-0.9624969952779209,11,2.4719575549737898,0,-0.2088879996334169,39,39,39,1,5.328975556817025,-0.0002541660620805075,5.378234547829976,5.388958897990582
2152,provo:45:37,45,37,and,and,209.1904761904762,5.343245206252357,3.084254264831543,-0.6669314852951479,7.41,1.2334342802024634,3,-0.6912821334247348,0,-0.2088879996334169,40,40,40,1,5.392024714686634,0.05897465994913009,5.284270546303227,5.285387387608078
2153,provo:45:38,45,38,influence,influence,246.36,5.506793880818843,6.412986755371094,0.0377281416004041,4.78,-0.6916654713020067,9,1.6811476328741586,0,-0.2088879996334169,41,41,41,1,5.472257722434103,0.1421905571071873,5.3646033237116555,5.3601626384761305
2154,provo:45:39,45,39,of,of,203.23076923076923,5.314342127620733,7.187314510345459,0.20164564126907372,7.4,1.2261145092841956,2,-1.0866870944745504,0,-0.2088879996334169,42,42,42,1,5.365235979148257,0.03182757134678216,5.282514556273951,5.292865401241438
2155,provo:45:40,45,40,thousands,thousands,242.1282051282051,5.489467359133423,11.429546356201172,1.0996840141935913,4.77,-0.6989852422202751,9,1.6811476328741586,0,-0.2088879996334169,43,43,43,1,5.454668637149205,0.12460456762536332,5.36486279150806,5.371756237847102
2156,provo:45:41,45,41,of,of,183.6875,5.213235944179136,0.2344294935464859,-1.270211101713327,7.4,1.2261145092841956,2,-1.0866870944745504,0,-0.2088879996334169,44,44,44,1,5.264129795706659,-0.06927861209481545,5.282514556273951,5.277086492853933
2157,provo:45:42,45,42,people,people,219.34848484848484,5.390661720127618,4.522085189819336,-0.3625569505374573,6.25,0.38434085368338133,6,0.49493274972471196,0,-0.2088879996334169,45,45,45,1,5.401853130944293,0.07024653596444441,5.320415184163173,5.319021466215364
2158,provo:45:43,45,43,promoting,promoting,240.44285714285715,5.482482461076807,13.722210884094238,1.5850183375173417,4.28,-1.057654017215404,9,1.6811476328741586,0,-0.2088879996334169,46,46,46,1,5.434818122718176,0.1049057475449322,5.377576713531875,5.3872000520416785
2159,provo:45:44,45,44,the,the,172.45833333333334,5.150155661400786,2.886768579483032,-0.7087372446195741,7.73,1.4676669495870378,3,-0.6912821334247348,0,-0.2088879996334169,47,47,47,1,5.207337205018353,-0.1258119154174997,5.275967576818286,5.278251323044263
2160,provo:45:45,45,45,right,right,228.7962962962963,5.432832071858436,5.464083671569824,-0.16314522232769574,5.96,0.17206749705361085,5,0.0995277886748964,0,-0.2088879996334169,48,48,48,1,5.438786044982979,0.10690777942521557,5.32592429243322,5.325177655586031
2161,provo:45:46,45,46,of,of,215.71428571428572,5.373954780753657,1.3736971616744995,-1.0290394448623053,7.4,1.2261145092841956,2,-1.0866870944745504,0,-0.2088879996334169,49,49,49,1,5.42484863228118,0.09144022447970546,5.282514556273951,5.279671952000864
2162,provo:45:47,45,47,women,women,233.6875,5.453984752737332,0.7222459316253662,-1.1669452038897192,5.57,-0.11340356875883885,5,0.0995277886748964,0,-0.2088879996334169,50,50,50,1,5.449698745482239,0.11794121624434073,5.3360435364929915,5.322567373317769
2163,provo:45:48,45,48,to,to,262.8529411764706,5.57159471676523,0.2591934204101562,-1.264968824205652,7.43,1.2480738220389989,2,-1.0866870944745504,0,-0.2088879996334169,51,51,51,1,5.623276259091187,0.28985856388049225,5.281736152884738,5.276515702564315
2164,provo:45:49,45,49,vote,vote,273.59615384615387,5.61165312806974,2.044764757156372,-0.8869810959869038,5.11,-0.4501130309991644,4,-0.2958771723749192,0,-0.2088879996334169,52,52,52,1,5.5976661019313925,0.2656895307678262,5.345963597301914,5.3331400586450055
2166,provo:46:3,46,3,warms,warms,223.0540540540541,5.40741413694846,20.979650497436523,3.1213462655467423,3.19,-1.8555090473066105,5,0.0995277886748964,0,-0.2088879996334169,1,2,2,2,5.340637993017646,0.009617264911224943,5.397796872037235,5.418280797324055
2167,provo:46:4,46,4,due,due,231.859649122807,5.446132227926209,11.7816743850708,1.1742260226451386,5.35,-0.2744385289607342,3,-0.6912821334247348,0,-0.2088879996334169,3,3,3,1,5.440823634868055,0.10841131556367944,5.3377209123625295,5.348178641490408
2168,provo:46:5,46,5,to,to,169.25641025641025,5.131414785559124,0.0212833117693662,-1.3153320326839415,7.43,1.2480738220389989,2,-1.0866870944745504,0,-0.2088879996334169,4,4,4,1,5.183096327885081,-0.1503213673256143,5.281736152884738,5.275975788298563
2169,provo:46:6,46,6,the,the,178.83673469387756,5.186473292945224,2.0847926139831543,-0.8785075960174252,7.73,1.4676669495870378,3,-0.6912821334247348,0,-0.2088879996334169,5,5,5,1,5.243654836562791,-0.08949428387306213,5.275967576818286,5.276431315197444
2170,provo:46:7,46,7,human-caused,human-caused,222.4625,5.404758548076104,15.68694305419922,2.000932635788711,4.75,-0.7136247840568107,12,2.8673625160236056,0,-0.2088879996334169,6,9,9,4,5.362303978814755,0.033330447498197024,5.371428100577907,5.387963444711247
2171,provo:46:8,46,8,release,release,232.675,5.449642630071774,7.870245456695557,0.3462153437663998,5.09,-0.46475257283570065,7,0.8903377107745275,0,-0.2088879996334169,10,10,10,1,5.4279997566562965,0.09711372370001303,5.352528906371761,5.352905882363082
2172,provo:46:9,46,9,of,of,195.73333333333332,5.276753188632196,0.0763860195875167,-1.3036673363941598,7.4,1.2261145092841956,2,-1.0866870944745504,0,-0.2088879996334169,11,11,11,1,5.32764704015972,-0.005761367641754944,5.282514556273951,5.276727828286518
2173,provo:46:10,46,10,heat-trapping,heat-trapping,226.92592592592592,5.424623646721326,11.07325839996338,1.0242613904100843,3.37,-1.7237531707777873,13,3.2627674770734205,0,-0.2088879996334169,12,15,15,4,5.343558394039313,0.015373532413935465,5.40925011430739,5.40837713849204
2174,provo:46:11,46,11,gases,gases,221.42105263157896,5.400066104424081,1.0693951845169067,-1.093457152892875,3.73,-1.4602414177201413,5,0.0995277886748964,0,-0.2088879996334169,16,16,16,1,5.347468394865069,0.016280493392682338,5.383785611031398,5.361810560961921
2175,provo:46:12,46,12,into,into,186.72727272727272,5.2296491176901325,2.93558120727539,-0.6984040958352513,6.11,0.2818640608276303,4,-0.2958771723749192,0,-0.2088879996334169,17,17,17,1,5.241918451499568,-0.09036769997134275,5.320016817661475,5.3142620262813995
2176,provo:46:13,46,13,the,the,217.03333333333333,5.380050951574707,0.4356917440891266,-1.2276058810238901,7.73,1.4676669495870378,3,-0.6912821334247348,0,-0.2088879996334169,18,18,18,1,5.437232495192274,0.10408337475642071,5.275967576818286,5.272688838299733
2177,provo:46:14,46,14,"atmosphere,",atmosphere,202.47368421052633,5.310609923585854,2.1998167037963867,-0.8541581379452763,4.46,-0.9258981406865813,10,2.0765525939239744,0,-0.2088879996334169,19,20,20,2,5.265294823325099,-0.06431182743642072,5.374921751022275,5.359331627373214
2178,provo:46:15,46,15,frozen,frozen,204.92857142857144,5.322661486366106,15.14341640472412,1.8858734391979888,4.32,-1.0283749335423322,6,0.49493274972471196,0,-0.2088879996334169,21,21,21,1,5.283178122483561,-0.04783098250311291,5.370492468869219,5.383461897373401
2179,provo:46:16,46,16,Arctic,arctic,257.7435897435897,5.5519652525338365,8.114643096923828,0.39795189828583266,4.03,-1.2406482901721028,6,0.49493274972471196,0,-0.2088879996334169,22,22,22,1,5.5048675442664345,0.17394821756889023,5.378017034964946,5.373571667767677
2180,provo:46:17,46,17,soils,soils,193.5068493150685,5.265312908820476,9.383974075317385,0.6666566668978606,3.57,-1.5773577524124287,5,0.0995277886748964,0,-0.2088879996334169,23,23,23,1,5.20851418166982,-0.1226241869533915,5.387937095773868,5.384023648356479
2181,provo:46:18,46,18,also,also,213.1044776119403,5.36178255067144,9.085792541503906,0.6035345959710703,6.19,0.34042222817377393,4,-0.2958771723749192,0,-0.2088879996334169,24,24,24,1,5.376152393276697,0.04384147538119887,5.317941075290241,5.326547371003523
2182,provo:46:19,46,19,"warm,",warm,205.56896551724137,5.325781576259713,9.308252334594728,0.650627126008902,4.71,-0.7429038677298826,4,-0.2958771723749192,0,-0.2088879996334169,25,26,26,2,5.301292006142253,-0.03056073289837613,5.356342309158089,5.357983711955891
2183,provo:46:20,46,20,thaw,thaw,228.93650793650792,5.433444707191978,12.20580005645752,1.2640092173613195,3.18,-1.8628288182248782,4,-0.2958771723749192,0,-0.2088879996334169,27,28,28,2,5.368782906354411,0.037403825184017414,5.39604088200796,5.396535892191272
2184,provo:46:21,46,21,and,and,201.66666666666663,5.306616169362732,6.124324798583984,-0.023378729362234955,7.41,1.2334342802024634,3,-0.6912821334247348,0,-0.2088879996334169,29,29,29,1,5.355395677797008,0.022345623059504938,5.284270546303227,5.292286537288784
2185,provo:46:22,46,22,release,release,230.05333333333337,5.438311166100213,6.052132606506348,-0.03866109983771702,5.09,-0.46475257283570065,7,0.8903377107745275,0,-0.2088879996334169,30,30,30,1,5.416668292684736,0.0857822597284521,5.352528906371761,5.348779848920566
2186,provo:46:23,46,23,more,more,239.25,5.477509030333064,3.891906499862671,-0.4959595239807843,6.36,0.464858333784329,4,-0.2958771723749192,0,-0.2088879996334169,31,31,31,1,5.496342454129444,0.1639789075816971,5.3135301227513665,5.311207401381187
2187,provo:46:24,46,24,carbon,carbon,208.9154929577465,5.341929830282297,2.1751275062561035,-0.8593845959969615,4.55,-0.8600202024221698,6,0.49493274972471196,0,-0.2088879996334169,32,32,32,1,5.3084854291877415,-0.022594879269621337,5.364524709551918,5.349224683786953
2188,provo:46:25,46,25,dioxide.,dioxide,184.2258064516129,5.216162214179716,3.1303091049194336,-0.6571821327937677,3.81,-1.4016832503739978,7,0.8903377107745275,1,4.7854341734200965,33,34,34,2,5.151822749358221,-0.18553206855787252,5.401694282737589,5.386698311646368
2189,provo:46:26,46,26,The,the,182.86666666666667,5.208757289835393,3.695967435836792,-0.5374378789231365,7.73,1.4676669495870378,3,-0.6912821334247348,0,-0.2088879996334169,35,35,35,1,5.26593883345296,-0.06721028698289278,5.275967576818286,5.280087722551925
2190,provo:46:27,46,27,added,added,244.09859154929575,5.4975722074080595,11.727005958557127,1.1626532593967924,5.16,-0.4135141764078248,5,0.0995277886748964,0,-0.2088879996334169,36,36,36,1,5.482521092574376,0.150890491262488,5.3466817161455715,5.356110483628497
2191,provo:46:28,46,28,carbon,carbon,228.43283582089552,5.431242231988547,2.8812150955200195,-0.7099128620500731,4.55,-0.8600202024221698,6,0.49493274972471196,0,-0.2088879996334169,37,37,37,1,5.397797830893992,0.06671752243662876,5.364524709551918,5.350827082123418
2192,provo:46:29,46,29,dioxide,dioxide,198.2295081967213,5.289425491726037,0.7267003655433655,-1.1660022444444622,3.81,-1.4016832503739978,7,0.8903377107745275,0,-0.2088879996334169,38,38,38,1,5.234174477577398,-0.09631529258548444,5.385740784311522,5.363445847810295
2193,provo:46:30,46,30,accelerates,accelerates,222.9240506329114,5.406831133328064,9.234478950500488,0.6350100328785847,2.97,-2.016544007508505,11,2.4719575549737898,0,-0.2088879996334169,39,40,40,2,5.320017150052387,-0.008766777184143315,5.415597910512207,5.408479093836965
2194,provo:46:31,46,31,Earth's,earth's,204.9625,5.322827035575987,7.179927825927734,0.20008195349885421,3.83,-1.3870437085374618,7,0.8903377107745275,0,-0.2088879996334169,41,42,42,2,5.268101148626304,-0.06239481314272588,5.385221848718713,5.37767283799806
2195,provo:46:32,46,32,"warming,",warming,173.125,5.154013876941603,5.778602600097656,-0.096564687106589,4.05,-1.226008748335567,7,0.8903377107745275,0,-0.2088879996334169,43,44,44,2,5.1050643891804315,-0.22549968025621414,5.379513557197817,5.369894740111484
2196,provo:46:33,46,33,which,which,211.62295081967213,5.354806157333398,3.3043456077575684,-0.6203403326477162,6.3,0.42093970827472094,5,0.0995277886748964,0,-0.2088879996334169,45,45,45,1,5.369687292840186,0.03770376997792635,5.3171023873554715,5.313170453584793
2197,provo:46:34,46,34,further,further,207.43421052631575,5.33481423169283,7.941973686218262,0.36139949797434434,5.31,-0.303717612633806,7,0.8903377107745275,0,-0.2088879996334169,46,46,46,1,5.318947757465864,-0.012006383158034595,5.346820614850865,5.348470738583435
2198,provo:46:35,46,35,accelerates,accelerates,223.21794871794873,5.4081486426770065,3.8098137378692623,-0.5133377468333284,2.97,-2.016544007508505,11,2.4719575549737898,0,-0.2088879996334169,47,48,48,2,5.32133465940133,-0.0074492678352005015,5.415597910512207,5.396168334315387
2199,provo:46:36,46,36,the,the,176.88888888888889,5.175521789068109,1.5546215772628784,-0.9907395419571793,7.73,1.4676669495870378,3,-0.6912821334247348,0,-0.2088879996334169,49,49,49,1,5.232703332685676,-0.10044578775017676,5.275967576818286,5.275228142672959
2200,provo:46:37,46,37,thawing,thawing,242.7605633802817,5.492075621694413,10.053154945373535,0.8083156147284734,2.67,-2.236137135056544,7,0.8903377107745275,0,-0.2088879996334169,50,52,52,3,5.406892357205303,0.07675550859279134,5.415320113101622,5.4084369525239495
2201,provo:46:38,46,38,of,of,175.0952380952381,5.165330043577849,0.7685703635215759,-1.1571387814785148,7.4,1.2261145092841956,2,-1.0866870944745504,0,-0.2088879996334169,53,53,53,1,5.216223895105372,-0.11718451269610242,5.282514556273951,5.278298674535781
2202,provo:46:39,46,39,Arctic,arctic,212.68115942028984,5.359794140099038,4.7248077392578125,-0.31964259906685366,4.03,-1.2406482901721028,6,0.49493274972471196,0,-0.2088879996334169,54,54,54,1,5.312696431831636,-0.018222894865908223,5.378017034964946,5.365878760229568
2203,provo:46:40,46,40,soils,soils,209.9056603773585,5.346658193482319,1.2330257892608645,-1.0588181780833128,3.57,-1.5773577524124287,5,0.0995277886748964,0,-0.2088879996334169,55,55,55,1,5.289859466331662,-0.04127890229154918,5.387937095773868,5.365525849821593
2204,provo:46:41,46,41,and,and,208.45,5.339699204326806,2.7441530227661133,-0.7389275423594073,7.41,1.2334342802024634,3,-0.6912821334247348,0,-0.2088879996334169,56,56,56,1,5.388478712761082,0.05542865802357877,5.284270546303227,5.284615560326588
2205,provo:46:42,46,42,the,the,187.91666666666663,5.235998602148778,4.169127941131592,-0.4372744965935756,7.73,1.4676669495870378,3,-0.6912821334247348,0,-0.2088879996334169,57,57,57,1,5.293180145766345,-0.03996897466950777,5.275967576818286,5.281161515121138
2206,provo:46:43,46,43,release,release,217.3846153846154,5.381668205782936,3.206458568572998,-0.641062047205959,5.09,-0.46475257283570065,7,0.8903377107745275,0,-0.2088879996334169,58,58,58,1,5.360025332367458,0.02913929941117477,5.352528906371761,5.34232186351785
2207,provo:46:44,46,44,of,of,197.57142857142856,5.286100182609445,0.0278354827314615,-1.3139450031288096,7.4,1.2261145092841956,2,-1.0866870944745504,0,-0.2088879996334169,59,59,59,1,5.336994034136969,0.0035856263354938633,5.282514556273951,5.2766176474807995
2208,provo:46:45,46,45,even,even,206.71929824561403,5.3313618258787905,10.435007095336914,0.8891499245707896,5.99,0.19402680980841489,4,-0.2958771723749192,0,-0.2088879996334169,60,60,60,1,5.340480396494492,0.008231394660461966,5.3231304312183285,5.333789215593672
2209,provo:46:46,46,46,more,more,170.0,5.135798437050262,0.095945194363594,-1.299526853240507,6.36,0.464858333784329,4,-0.2958771723749192,0,-0.2088879996334169,61,61,61,1,5.154631860846642,-0.17773168570110442,5.3135301227513665,5.302592829798705
2210,provo:46:47,46,47,carbon,carbon,240.47297297297297,5.482607704740123,1.445157527923584,-1.0139119946505468,4.55,-0.8600202024221698,6,0.49493274972471196,0,-0.2088879996334169,62,62,62,1,5.449163303645568,0.11808299518820498,5.364524709551918,5.347568086649806
2211,provo:46:48,46,48,dioxide.,dioxide,206.22222222222223,5.328954336009927,1.717330813407898,-0.9562956117344099,3.81,-1.4016832503739978,7,0.8903377107745275,1,4.7854341734200965,63,64,64,2,5.2646148711884315,-0.07273994672766193,5.401694282737589,5.383491692385237
2213,provo:47:3,47,3,every,every,186.57142857142856,5.228814160781063,10.466257095336914,0.895765239379976,5.79,0.0476313914430558,5,0.0995277886748964,0,-0.2088879996334169,1,1,1,1,5.2303045527144825,-0.10260885609041903,5.331423016871482,5.341949697617224
2214,provo:47:4,47,4,six,six,209.09259259259255,5.342777180616248,8.737711906433105,0.529849380611875,5.29,-0.3183571544703416,3,-0.6912821334247348,0,-0.2088879996334169,2,2,2,1,5.335893205961227,0.003385495438590347,5.339391685177658,5.343278877253701
2215,provo:47:5,47,5,water,water,212.08955223880596,5.35700860170018,14.237680435180664,1.6941381248769152,5.52,-0.1500024233501791,5,0.0995277886748964,0,-0.2088879996334169,3,3,3,1,5.3514097764476976,0.018371444049656738,5.338637157650523,5.356970494538911
2216,provo:47:6,47,6,bottles,bottles,206.83333333333337,5.331913315976553,3.6516408920288086,-0.5468213682573125,4.19,-1.1235319554798155,7,0.8903377107745275,0,-0.2088879996334169,4,4,4,1,5.286639718608071,-0.047651016425742654,5.379564332402295,5.365241957859401
2217,provo:47:7,47,7,we,we,186.48275862068965,5.228338787736326,5.642459869384766,-0.1253847518313267,6.54,0.5966142103131519,2,-1.0866870944745504,0,-0.2088879996334169,5,5,5,1,5.256652169708756,-0.07495867171085546,5.303297459447181,5.306070171728737
2218,provo:47:8,47,8,"use,",use,222.8032786885246,5.406289223782036,6.17084264755249,-0.013531362476703753,5.81,0.062270933279591385,3,-0.6912821334247348,0,-0.2088879996334169,6,7,7,2,5.413058556299861,0.08079143936401323,5.3254977844180225,5.325783436134603
2219,provo:47:9,47,9,only,only,229.86666666666667,5.437499430681374,8.59537410736084,0.49971788140836304,6.12,0.2891838317458981,4,-0.2958771723749192,0,-0.2088879996334169,8,8,8,1,5.450031328090287,0.11758912281178269,5.319910307869591,5.327619476095397
2220,provo:47:10,47,10,one,one,215.43103448275863,5.372640832722634,2.7326765060424805,-0.7413570070326784,6.47,0.545375813885276,3,-0.6912821334247348,0,-0.2088879996334169,9,9,9,1,5.396739362805995,0.06477761465338006,5.3078632180692535,5.303138961842769
2221,provo:47:11,47,11,makes,makes,232.8923076923077,5.450576147973476,9.299304962158203,0.6487330560766572,5.46,-0.1939210488597865,5,0.0995277886748964,0,-0.2088879996334169,10,10,10,1,5.443401941124127,0.11033584792760998,5.340240300045866,5.346246129446771
2222,provo:47:12,47,12,it,it,205.2325581395349,5.324143766107935,0.9461259841918944,-1.1195520190185266,6.95,0.8967248179621378,2,-1.0866870944745504,0,-0.2088879996334169,11,11,11,1,5.363222255658957,0.0318011130289273,5.292342653079007,5.285769823768125
2223,provo:47:13,47,13,to,to,213.7073170731707,5.364607401669536,1.1894317865371704,-1.0680465957412253,7.43,1.2480738220389989,2,-1.0866870944745504,0,-0.2088879996334169,12,12,12,1,5.416288943995493,0.08508988775326909,5.279517513916267,5.275980637407343
2224,provo:47:14,47,14,the,the,164.7948717948718,5.1047014992416395,1.0501675605773926,-1.0975274500254362,7.73,1.4676669495870378,3,-0.6912821334247348,0,-0.2088879996334169,13,13,13,1,5.161883042859206,-0.16949572852542083,5.27419722776706,5.271791617650924
2225,provo:47:15,47,15,recycling,recycling,224.0675675675676,5.411947647297203,7.0359320640563965,0.16959948002789324,3.76,-1.4382821049653376,9,1.6811476328741586,0,-0.2088879996334169,14,14,14,1,5.350630001765725,0.015503276073274286,5.396444371223929,5.388057693509059
2226,provo:47:16,47,16,bin.,bin,176.775,5.174877737490305,4.110228538513184,-0.44974291548617673,4.22,-1.101572642725012,3,-0.6912821334247348,1,4.7854341734200965,15,16,16,2,5.1308110070183,-0.20343745336689611,5.378315190857201,5.367602702176798
2227,provo:47:17,47,17,The,the,190.53658536585365,5.249844225292262,4.138507843017578,-0.4437564674259716,7.73,1.4676669495870378,3,-0.6912821334247348,0,-0.2088879996334169,17,17,17,1,5.307025768909829,-0.024353002474798657,5.27419722776706,5.2793099173395595
2228,provo:47:18,47,18,rest,rest,186.5,5.2284312390838705,4.162271022796631,-0.43872603814258837,5.23,-0.362275779979949,4,-0.2958771723749192,0,-0.2088879996334169,18,18,18,1,5.2175949761392575,-0.11525901431663588,5.343690253400506,5.336076485798636
2229,provo:47:19,47,19,are,are,214.08333333333337,5.366365347321883,2.2589268684387207,-0.8416451028242563,6.74,0.743009628678511,3,-0.6912821334247348,0,-0.2088879996334169,19,19,19,1,5.397553094591146,0.06571627003167091,5.300649077290212,5.296146068876402
2230,provo:47:20,47,20,sent,sent,178.97101449275362,5.187223862520563,5.67438268661499,-0.11862700829295697,5.16,-0.4135141764078248,4,-0.2958771723749192,0,-0.2088879996334169,20,20,20,1,5.174549654379605,-0.1583367236745099,5.345560586195073,5.341271559827004
2231,provo:47:21,47,21,to,to,173.75,5.157617484444901,0.8835139870643616,-1.1328063573171026,7.43,1.2480738220389989,2,-1.0866870944745504,0,-0.2088879996334169,21,21,21,1,5.209299026770858,-0.12190002947136591,5.279517513916267,5.275235906747447
2232,provo:47:22,47,22,landfills,landfills,184.6075949367089,5.218232463891478,9.73788070678711,0.7415751878652501,2.8,-2.1409801131190607,9,1.6811476328741586,0,-0.2088879996334169,22,24,24,3,5.131708712810129,-0.20386218565793257,5.42209464954941,5.4153983428332655
2233,provo:47:23,47,23,"or,",or,204.67741935483872,5.321435175663342,12.13995361328125,1.2500701789396804,6.54,0.5966142103131519,2,-1.0866870944745504,0,-0.2088879996334169,25,26,26,2,5.349748557635772,0.01813771621616045,5.303297459447181,5.321887763290587
2234,provo:47:24,47,24,even,even,207.9516129032258,5.337305422365746,6.21659517288208,-0.0038460070088474786,5.99,0.19402680980841489,4,-0.2958771723749192,0,-0.2088879996334169,27,27,27,1,5.346423992981447,0.013921639306245126,5.3233837830595006,5.32464019716995
2235,provo:47:25,47,25,"worse,",worse,194.0677966101695,5.268207565076667,1.0996648073196411,-1.0870493742050218,4.89,-0.6111479912010597,5,0.0995277886748964,0,-0.2088879996334169,28,29,29,2,5.246067233057082,-0.0872625877249531,5.35547015280162,5.338612831861838
2236,provo:47:26,47,26,they,they,231.2,5.443283136798223,10.240565299987791,0.847988526545259,6.5,0.56733512664008,4,-0.2958771723749192,0,-0.2088879996334169,30,30,30,1,5.465792450987292,0.1335260640991338,5.309757072699089,5.3234058706910705
2237,provo:47:27,47,27,end,end,216.25925925925927,5.376477962279209,4.720271587371826,-0.32060285739479233,5.68,-0.03288608865789185,3,-0.6912821334247348,0,-0.2088879996334169,31,31,31,1,5.3798339680038225,0.04750670267127788,5.328971259607931,5.3250637997142265
2238,provo:47:28,47,28,up,up,189.27777777777777,5.243215659764802,0.0049267918802797,-1.3187945455879102,6.39,0.48681764653913234,2,-1.0866870944745504,0,-0.2088879996334169,32,32,32,1,5.267590587745065,-0.06408965567073555,5.307305315435538,5.2955902974071005
2239,provo:47:29,47,29,as,as,216.23076923076923,5.376346213444995,7.072389125823975,0.1773170781274286,6.77,0.7649689414333143,2,-1.0866870944745504,0,-0.2088879996334169,33,33,33,1,5.410698558205415,0.07919413317995971,5.297152080265035,5.304576746305484
2240,provo:47:30,47,30,trash,trash,197.48611111111111,5.285668258380319,3.925356149673462,-0.4888785651406108,4.42,-0.955177224359653,5,0.0995277886748964,0,-0.2088879996334169,34,34,34,1,5.251187437185277,-0.08235984318481737,5.3680281015651365,5.355656947586316
2241,provo:47:31,47,31,on,on,191.8709677419355,5.2568231030948995,5.343131065368652,-0.18874968847208917,6.91,0.8674457342890659,2,-1.0866870944745504,0,-0.2088879996334169,35,35,35,1,5.29485133824801,-0.03658831158100284,5.293411414675902,5.297339080188774
2242,provo:47:32,47,32,the,the,202.16216216216216,5.309070158324299,1.220788836479187,-1.061408619521903,7.73,1.4676669495870378,3,-0.6912821334247348,0,-0.2088879996334169,36,36,36,1,5.366251701941866,0.03487293055723839,5.27419722776706,5.272206980521648
2243,provo:47:33,47,33,land,land,208.015625,5.337613197072245,5.486403942108154,-0.15842024260810342,5.22,-0.3695955508982174,4,-0.2958771723749192,0,-0.2088879996334169,37,37,37,1,5.3265143705281535,-0.0063442467274850145,5.34395744379973,5.339516255001736
2244,provo:47:34,47,34,and,and,201.77777777777777,5.307166981825019,5.815143585205078,-0.08882932326904067,7.41,1.2334342802024634,3,-0.6912821334247348,0,-0.2088879996334169,38,38,38,1,5.355946490259296,0.024419661282799154,5.28274732054222,5.290312538988434
2245,provo:47:35,47,35,in,in,238.28947368421052,5.473486210591128,3.742066383361816,-0.5276791893151302,7.27,1.1309574873467116,2,-1.0866870944745504,0,-0.2088879996334169,39,39,39,1,5.52096673532544,0.18969365028728102,5.283792560303847,5.28565530535132
2246,provo:47:36,47,36,"rivers,",rivers,196.8695652173913,5.28254140395387,10.69300937652588,0.9437664465404929,4.3,-1.0430144753788684,6,0.49493274972471196,0,-0.2088879996334169,40,41,41,2,5.242532912872369,-0.09138840822945848,5.373929812183328,5.377366033111387
2247,provo:47:37,47,37,"lakes,",lakes,196.74242424242425,5.281895382070424,2.502347230911255,-0.7901154283051504,4.14,-1.1601308100711558,5,0.0995277886748964,0,-0.2088879996334169,42,43,43,2,5.240062780090002,-0.09361405067297834,5.375509432743402,5.358248625549346
2248,provo:47:38,47,38,and,and,177.3181818181818,5.177945756148341,1.2929831743240356,-1.0461257948088014,7.41,1.2334342802024634,3,-0.6912821334247348,0,-0.2088879996334169,44,44,44,1,5.226725264582617,-0.10480156439387933,5.28274732054222,5.279303727102516
2249,provo:47:39,47,39,the,the,205.6206896551724,5.326033159136632,5.352666854858398,-0.18673105649036756,7.73,1.4676669495870378,3,-0.6912821334247348,0,-0.2088879996334169,45,45,45,1,5.3832147027541986,0.05183593136957132,5.27419722776706,5.2822656833775765
2250,provo:47:40,47,40,ocean.,ocean,199.5205479452055,5.295917228245144,4.517126083374023,-0.36360674414731353,4.7,-0.7502236386481503,5,0.0995277886748964,1,4.7854341734200965,46,47,47,2,5.259699737162624,-0.07496367510432833,5.370880903349472,5.363488646869372
2251,provo:47:41,47,41,Plastic,plastic,215.71604938271605,5.3739629566666,11.9780855178833,1.2158043098638136,4.51,-0.8892992860952417,7,0.8903377107745275,0,-0.2088879996334169,48,48,48,1,5.3370913944814085,0.0029487170394650875,5.371014239627135,5.37859097791402
2252,provo:47:42,47,42,bottles,bottles,186.25,5.227089857259669,1.3007586002349854,-1.0444798143231553,4.19,-1.1235319554798155,7,0.8903377107745275,0,-0.2088879996334169,49,49,49,1,5.181816259891187,-0.15247447514262635,5.379564332402295,5.359518936434946
2253,provo:47:43,47,43,take,take,218.1428571428571,5.385150156163319,9.093597412109377,0.6051868096062751,5.92,0.14278841338053905,4,-0.2958771723749192,0,-0.2088879996334169,50,50,50,1,5.392430781582675,0.05989604030925211,5.325254115854067,5.3331579803073055
2254,provo:47:44,47,44,many,many,211.57142857142856,5.354562665212486,8.147540092468262,0.40491586570352317,5.91,0.13546864246227125,4,-0.2958771723749192,0,-0.2088879996334169,51,51,51,1,5.361580727032364,0.02904135895919513,5.3255213062532905,5.331071165971762
2255,provo:47:45,47,45,hundreds,hundreds,200.62337662337663,5.301429402254667,7.95742130279541,0.3646696050690465,4.61,-0.8161015769125618,8,1.2857426718243432,0,-0.2088879996334169,52,52,52,1,5.264806569371528,-0.069608359207737,5.371037761462404,5.369278644876822
2256,provo:47:46,47,46,of,of,185.65384615384616,5.223883897639011,0.0818424448370933,-1.30251226532988,7.4,1.2261145092841956,2,-1.0866870944745504,0,-0.2088879996334169,53,53,53,1,5.274777749166534,-0.05643518747492671,5.280319085113938,5.273933149438798
2257,provo:47:47,47,47,years,years,216.25,5.376435145811989,0.8051784038543701,-1.1493892227153524,5.96,0.17206749705361085,5,0.0995277886748964,0,-0.2088879996334169,54,54,54,1,5.382389118936532,0.0495543657273112,5.326880780084678,5.314753850738245
2258,provo:47:48,47,48,to,to,192.15384615384616,5.258296333223987,0.0819080844521522,-1.3024983700749178,7.43,1.2480738220389989,2,-1.0866870944745504,0,-0.2088879996334169,55,55,55,1,5.309977875549944,-0.021221180692280406,5.279517513916267,5.273284465890271
2259,provo:47:49,47,49,disintegrate.,disintegrate,259.5810810810811,5.5590691049827425,13.148476600646973,1.4635644846588904,2.88,-2.082421945772917,12,2.8673625160236056,1,4.7854341734200965,56,58,58,3,5.458426691946185,0.12069156818200444,5.438377536800738,5.442333176042091
2261,provo:48:3,48,3,the,the,184.1153846153846,5.215562651371027,5.385766506195068,-0.1797241888530435,7.73,1.4676669495870378,3,-0.6912821334247348,0,-0.2088879996334169,1,1,1,1,5.272744194988594,-0.05700974418936422,5.272572395560391,5.281788008917987
2262,provo:48:4,48,4,United,united,163.9193548387097,5.099374568092675,7.2608513832092285,0.21721266731953603,5.47,-0.1866012779415187,6,0.49493274972471196,0,-0.2088879996334169,2,2,2,1,5.09008601815008,-0.24012925633960158,5.339503824432277,5.340559614686485
2263,provo:48:5,48,5,"States,",states,170.43589743589743,5.138359257911936,2.483510971069336,-0.794102877542972,5.52,-0.1500024233501791,6,0.49493274972471196,0,-0.2088879996334169,3,4,4,2,5.130383525966729,-0.19982952887954042,5.338188786791476,5.326979184238976
2264,provo:48:6,48,6,Colombian,colombian,227.0121951219512,5.425003739042564,16.28777313232422,2.128122399424708,3.57,-1.5773577524124287,9,1.6811476328741586,0,-0.2088879996334169,5,5,5,1,5.358697385121008,0.02803675675216688,5.396966982290397,5.410753514877264
2265,provo:48:7,48,7,legislation,legislation,237.2911392405063,5.4692878228394095,13.594537734985352,1.5579911991482067,4.55,-0.8600202024221698,11,2.4719575549737898,0,-0.2088879996334169,6,6,6,1,5.423958888281229,0.09310109330358518,5.376186729535824,5.388630454097711
2266,provo:48:8,48,8,requires,requires,267.44444444444446,5.588911860446853,6.2277984619140625,-0.0014743819258116978,4.67,-0.7721829514029543,8,1.2857426718243432,0,-0.2088879996334169,7,7,7,1,5.553864409160581,0.22337294875663716,5.365538911690216,5.359263776990184
2267,provo:48:9,48,9,travelers,travelers,249.67567567567568,5.520162778346326,10.825157165527344,0.9717408217591365,3.84,-1.379723937619194,9,1.6811476328741586,0,-0.2088879996334169,8,8,8,1,5.460945641610671,0.13029699931625416,5.389865779030072,5.390865228973963
2268,provo:48:10,48,10,entering,entering,256.07894736842104,5.545485785095603,7.595590591430664,0.2880736350431383,4.42,-0.955177224359653,8,1.2857426718243432,0,-0.2088879996334169,9,9,9,1,5.503874243822386,0.17337168520138313,5.37211409989422,5.367980032495308
2269,provo:48:11,48,11,the,the,194.26923076923077,5.269244984446571,0.6696448922157288,-1.1780803218092446,7.73,1.4676669495870378,3,-0.6912821334247348,0,-0.2088879996334169,10,10,10,1,5.326426528064138,-0.003327411113819956,5.272572395560391,5.26939274255405
2270,provo:48:12,48,12,country,country,221.768115942029,5.401632313194538,1.7497246265411377,-0.9494381630385271,5.48,-0.17928150702325027,7,0.8903377107745275,0,-0.2088879996334169,11,11,11,1,5.390229420158695,0.059894253787859064,5.341738059406679,5.3283855441789765
2271,provo:48:13,48,13,to,to,182.2258064516129,5.205246612840116,1.0017098188400269,-1.1077854729545535,7.43,1.2480738220389989,2,-1.0866870944745504,0,-0.2088879996334169,12,12,12,1,5.256928155166073,-0.07271876606251748,5.277965378902634,5.273895544815665
2272,provo:48:14,48,14,declare,declare,208.46376811594203,5.339765252114142,8.469566345214844,0.4730856269432431,4.05,-1.226008748335567,7,0.8903377107745275,0,-0.2088879996334169,13,13,13,1,5.2908157643529705,-0.03958288381944186,5.379348135933584,5.375341095558668
2273,provo:48:15,48,15,cash,cash,246.8870967741935,5.508931134046615,14.495924949645996,1.7488059252267918,4.92,-0.5891886784462557,4,-0.2958771723749192,0,-0.2088879996334169,14,14,14,1,5.489955399518189,0.15995638057065342,5.348974753475962,5.365811204622671
2274,provo:48:16,48,16,in,in,202.44642857142856,5.310475301282449,3.2965009212493896,-0.6220009749143075,7.27,1.1309574873467116,2,-1.0866870944745504,0,-0.2088879996334169,15,15,15,1,5.357955826016761,0.02830180192925269,5.282173499353196,5.283204533304196
2275,provo:48:17,48,17,excess,excess,197.23376623376623,5.284389655876586,10.888190269470217,0.985084304190569,4.21,-1.1088924136432798,6,0.49493274972471196,0,-0.2088879996334169,16,16,16,1,5.2420180923997854,-0.08825311710387318,5.372642772980459,5.375904718626491
2276,provo:48:18,48,18,of,of,178.88571428571427,5.186747134255897,0.0302653592079877,-1.3134306223979406,7.4,1.2261145092841956,2,-1.0866870944745504,0,-0.2088879996334169,17,17,17,1,5.23764098578342,-0.09200726723121733,5.278754401487114,5.271956879785647
2277,provo:48:19,48,19,ten,ten,220.0754716981132,5.393970540696317,8.952581405639648,0.5753351207764669,5.05,-0.49403165650877245,3,-0.6912821334247348,0,-0.2088879996334169,18,18,18,1,5.380785039653828,0.0509121275890001,5.343058413107317,5.346063143088981
2278,provo:48:20,48,20,thousand,thousand,209.84722222222223,5.346379752723785,0.9907069206237792,-1.1101146772909989,4.64,-0.7941422641577583,8,1.2857426718243432,0,-0.2088879996334169,19,19,19,1,5.31054461063908,-0.019948181550910604,5.366327934274696,5.346113816722364
2279,provo:48:21,48,21,dollars.,dollars,205.01612903225808,5.3230886542495774,2.857246160507202,-0.714986847674096,4.78,-0.6916654713020067,7,0.8903377107745275,1,4.7854341734200965,20,21,21,2,5.28421785857743,-0.04327974086870068,5.366368395118278,5.355767661173826
2280,provo:48:22,48,22,Concealing,concealing,236.11111111111111,5.464302504022298,19.02598571777344,2.707774823975832,3.1,-1.921386985571022,10,2.0765525939239744,0,-0.2088879996334169,22,23,23,2,5.383278754232558,0.05247692540581017,5.4118255786164875,5.430093916470045
2281,provo:48:23,48,23,more,more,209.20689655172413,5.343323697955824,7.386229038238525,0.24375387237733967,6.36,0.464858333784329,4,-0.2958771723749192,0,-0.2088879996334169,24,24,24,1,5.362157121752204,0.032222028534926395,5.311101669420897,5.317626156218764
2282,provo:48:24,48,24,than,than,207.98076923076923,5.337445619805732,0.114250861108303,-1.2956517252946413,6.13,0.2965036026641659,4,-0.2958771723749192,0,-0.2088879996334169,25,25,25,1,5.350240080814122,0.020294777237150896,5.317150842568581,5.303225010381365
2283,provo:48:25,48,25,that,that,212.57142857142856,5.3592780663377235,7.52655839920044,0.27346020516886,7.01,0.9406434434717452,4,-0.2958771723749192,0,-0.2088879996334169,26,26,26,1,5.395178124100163,0.06527188624723834,5.294006180090485,5.3046795455241265
2284,provo:48:26,48,26,amount,amount,221.5217391304348,5.400520729727676,1.6694674491882324,-0.9664278108428845,5.13,-0.4354734891626288,6,0.49493274972471196,0,-0.2088879996334169,27,27,27,1,5.382305017402834,0.05207464933795336,5.3484460803897225,5.332828914625954
2285,provo:48:27,48,27,to,to,215.41176470588235,5.37255138117824,7.847447872161865,0.3413893214118588,7.43,1.2480738220389989,2,-1.0866870944745504,0,-0.2088879996334169,28,28,28,1,5.424232923504197,0.09458600227560598,5.277965378902634,5.2918880296526
2286,provo:48:28,48,28,transport,transport,211.88311688311688,5.356034787173737,11.450332641601562,1.1040842644859812,4.68,-0.7648631804846866,9,1.6811476328741586,0,-0.2088879996334169,29,29,29,1,5.318872992794219,-0.011738359490880867,5.367773146664618,5.3753007233427885
2287,provo:48:29,48,29,it,it,211.13793103448276,5.35251162149148,7.419106483459473,0.2507137011856067,6.95,0.8967248179621378,2,-1.0866870944745504,0,-0.2088879996334169,30,30,30,1,5.391590111042502,0.061921881237158694,5.290589740254322,5.300595167064809
2288,provo:48:30,48,30,into,into,235.26027397260273,5.460692450084039,6.689337253570557,0.0962287989848818,6.11,0.2818640608276303,4,-0.2958771723749192,0,-0.2088879996334169,31,31,31,1,5.472961783893474,0.14301559245913786,5.317676857624901,5.320915853808631
2289,provo:48:31,48,31,or,or,182.02325581395348,5.204134458111276,5.372055530548096,-0.18262666630090946,6.54,0.5966142103131519,2,-1.0866870944745504,0,-0.2088879996334169,32,32,32,1,5.232447840083706,-0.09723859079761343,5.301373048908889,5.303613920057062
2290,provo:48:32,48,32,out,out,228.0,5.429345628954441,0.4109631776809692,-1.2328406730741248,6.38,0.4794978756208646,3,-0.6912821334247348,0,-0.2088879996334169,33,33,33,1,5.451081086642502,0.12126721709242716,5.308078411862014,5.296367989794037
2291,provo:48:33,48,33,of,of,217.7111111111111,5.383169005574323,0.0183847676962614,-1.315945625692962,7.4,1.2261145092841956,2,-1.0866870944745504,0,-0.2088879996334169,34,34,34,1,5.434062857101846,0.10441460408720893,5.278754401487114,5.271925654319385
2292,provo:48:34,48,34,the,the,162.63636363636363,5.091516810710348,0.5825875997543335,-1.1965094864834056,7.73,1.4676669495870378,3,-0.6912821334247348,0,-0.2088879996334169,35,35,35,1,5.148698354327915,-0.1810555848500428,5.272572395560391,5.269163932014944
2293,provo:48:35,48,35,country,country,178.30612244897958,5.183501862187468,0.1854127943515777,-1.2805874503879353,5.48,-0.17928150702325027,7,0.8903377107745275,0,-0.2088879996334169,36,36,36,1,5.172098969151625,-0.15823619721921123,5.341738059406679,5.324274101891574
2294,provo:48:36,48,36,is,is,189.44444444444449,5.244095812381397,1.7296154499053955,-0.9536950761264942,7.07,0.9845620689813532,2,-1.0866870944745504,0,-0.2088879996334169,37,37,37,1,5.286325065126153,-0.04333783753500242,5.2874336499164,5.283183383676728
2295,provo:48:37,48,37,a,a,229.57692307692307,5.436238150147168,2.5901453495025635,-0.7715294380928054,7.36,1.1968354256111238,1,-1.482092055524366,0,-0.2088879996334169,38,38,38,1,5.488458653969506,0.15892896104997511,5.277309189097193,5.276988819587602
2296,provo:48:38,48,38,crime,crime,211.22222222222223,5.35291076515221,2.85850191116333,-0.7147210177249079,4.89,-0.6111479912010597,5,0.0995277886748964,0,-0.2088879996334169,39,39,39,1,5.330770433132625,0.0006497465892048027,5.352261018563005,5.338354951757719
2297,provo:48:39,48,39,punishable,punishable,222.55,5.4051517954618635,1.8165013790130615,-0.9353021873733467,3.3,-1.774991567205663,10,2.0765525939239744,0,-0.2088879996334169,40,40,40,1,5.32937931766168,-0.0014136325914204662,5.406565428053284,5.380765595453211
2298,provo:48:40,48,40,by,by,188.92857142857144,5.241369014677141,0.2011743336915969,-1.277250888960364,6.66,0.6844514613323672,2,-1.0866870944745504,0,-0.2088879996334169,41,41,41,1,5.272833159843306,-0.056847943893826525,5.2982169585709675,5.28756518613865
2299,provo:48:41,48,41,up,up,218.02325581395348,5.384601735145049,0.9486593008041382,-1.119015741037684,6.39,0.48681764653913234,2,-1.0866870944745504,0,-0.2088879996334169,42,42,42,1,5.408976663125312,0.07928357331375668,5.305318161831292,5.295060809285184
2300,provo:48:42,48,42,to,to,217.3,5.381278887262384,0.0003999761829618,-1.3197528275373798,7.43,1.2480738220389989,2,-1.0866870944745504,0,-0.2088879996334169,43,43,43,1,5.4329604295883405,0.10331350835974984,5.277965378902634,5.271263826800638
2301,provo:48:43,48,43,five,five,205.6315789473684,5.32608611588863,2.3406782150268555,-0.8243391542240831,5.45,-0.2012408197780543,4,-0.2958771723749192,0,-0.2088879996334169,44,44,44,1,5.321026252132529,-0.008949238594842868,5.335035354483473,5.323006668032511
2302,provo:48:44,48,44,years,years,176.67441860465115,5.174308595809659,0.0294356904923915,-1.3136062550296528,5.96,0.17206749705361085,5,0.0995277886748964,0,-0.2088879996334169,45,45,45,1,5.180262568934202,-0.14981061724020694,5.324119213049866,5.309000132265206
2303,provo:48:45,48,45,in,in,180.55555555555551,5.196038517427619,0.1470924764871597,-1.2886994813082941,7.27,1.1309574873467116,2,-1.0866870944745504,0,-0.2088879996334169,46,46,46,1,5.243519042161931,-0.08613498192557767,5.282173499353196,5.274927020602669
2304,provo:48:46,48,46,prison,prison,209.34246575342465,5.343971503059121,0.1910949051380157,-1.2793846039356804,4.8,-0.6770259294654711,6,0.49493274972471196,0,-0.2088879996334169,47,47,47,1,5.317091191951512,-0.013153825759887106,5.357125328819008,5.3357034883268435
2305,provo:48:47,48,47,in,in,239.76,5.479638423008407,7.206080436706543,0.20561820160714026,7.27,1.1309574873467116,2,-1.0866870944745504,0,-0.2088879996334169,48,48,48,1,5.52711894774272,0.19746492365521107,5.282173499353196,5.293479984921355
2306,provo:48:48,48,48,the,the,234.42857142857144,5.457150942034778,1.909005045890808,-0.9157200792965341,7.73,1.4676669495870378,3,-0.6912821334247348,0,-0.2088879996334169,49,49,49,1,5.514332485652345,0.18457854647438676,5.272572395560391,5.2726501223425855
2307,provo:48:49,48,49,United,united,248.83870967741936,5.5168049342830265,1.101062893867493,-1.0867534131603969,5.47,-0.1866012779415187,6,0.49493274972471196,0,-0.2088879996334169,50,50,50,1,5.507516384340431,0.17730110985074976,5.339503824432277,5.324369994205837
2308,provo:48:50,48,50,States,states,263.0625,5.5723916465307894,0.0040505193173885,-1.3189800437915,5.52,-0.1500024233501791,6,0.49493274972471196,0,-0.2088879996334169,51,51,51,1,5.564415914585583,0.23420285973931332,5.338188786791476,5.320462479358589
2310,provo:49:3,49,3,time,time,204.40625,5.320109435161486,11.47545337677002,1.1094020747700624,6.29,0.41361993735645314,4,-0.2958771723749192,0,-0.2088879996334169,3,3,3,1,5.337104913761522,0.00716671304346761,5.312942722118018,5.32980773381529
2311,provo:49:4,49,4,was,was,199.8703703703704,5.297669008261072,5.873860836029053,-0.07639946410326315,6.82,0.8015677960246546,3,-0.6912821334247348,0,-0.2088879996334169,4,4,4,1,5.330957264326157,0.0011629276381048825,5.296506080622967,5.301712464092355
2312,provo:49:5,49,5,measured,measured,199.2054794520548,5.294336852061611,7.769990921020508,0.32499245370114377,4.25,-1.079613329970208,8,1.2857426718243432,0,-0.2088879996334169,5,5,5,1,5.248261729597271,-0.08224837581133215,5.376585227872943,5.3719209029477195
2313,provo:49:6,49,6,by,by,188.66666666666663,5.239981789535073,2.571237325668335,-0.775532079055462,6.66,0.6844514613323672,2,-1.0866870944745504,0,-0.2088879996334169,6,6,6,1,5.271445934701238,-0.05823516903589443,5.2982169585709675,5.29379436436802
2314,provo:49:7,49,7,the,the,193.2173913043478,5.263815934830371,2.2756898403167725,-0.8380965480687091,7.73,1.4676669495870378,3,-0.6912821334247348,0,-0.2088879996334169,7,7,7,1,5.3209974784479375,-0.008756460730020343,5.272572395560391,5.273613870962859
2315,provo:49:8,49,8,position,position,205.57971014492753,5.325833842645692,10.78888988494873,0.9640633984535167,5.21,-0.3769153218164852,8,1.2857426718243432,0,-0.2088879996334169,8,8,8,1,5.304964825731223,-0.025502662523873454,5.351336505169566,5.360189527709464
2316,provo:49:9,49,9,of,of,206.1176470588235,5.328447108000066,0.253292053937912,-1.2662180849102367,7.4,1.2261145092841956,2,-1.0866870944745504,0,-0.2088879996334169,9,9,9,1,5.37934095952759,0.049692706512952434,5.278754401487114,5.272543055358231
2317,provo:49:10,49,10,the,the,215.1818181818182,5.371483336715613,0.7623547315597534,-1.1584545690678105,7.73,1.4676669495870378,3,-0.6912821334247348,0,-0.2088879996334169,10,10,10,1,5.42866488033318,0.09891094115522225,5.272572395560391,5.269636409543006
2318,provo:49:11,49,11,sun,sun,211.2391304347826,5.3529908113503435,5.692209720611572,-0.11485320214891033,4.97,-0.5525898238549161,3,-0.6912821334247348,0,-0.2088879996334169,11,11,11,1,5.337704801512032,0.007828338017744407,5.345162473332599,5.339132811191064
2319,provo:49:12,49,12,with,with,196.6122448979592,5.28123348907954,7.412399768829346,0.2492939562699694,6.85,0.8235271087794579,4,-0.2958771723749192,0,-0.2088879996334169,12,12,12,1,5.312932529250333,-0.016980811461507983,5.298214300541048,5.307657150719522
2320,provo:49:13,49,13,the,the,208.9268292682927,5.341984091471009,2.5860211849212646,-0.7724024827977714,7.73,1.4676669495870378,3,-0.6912821334247348,0,-0.2088879996334169,13,13,13,1,5.3991656350885755,0.06941169591061769,5.272572395560391,5.274429507197949
2321,provo:49:14,49,14,use,use,216.2542372881356,5.376454740016023,9.201986312866213,0.6281316640167751,5.81,0.062270933279591385,3,-0.6912821334247348,0,-0.2088879996334169,14,14,14,1,5.3832240725338485,0.05338489904887922,5.323069840967144,5.331149831677194
2322,provo:49:15,49,15,of,of,182.3939393939394,5.206168850081291,0.0109367808327078,-1.3175222905824688,7.4,1.2261145092841956,2,-1.0866870944745504,0,-0.2088879996334169,15,15,15,1,5.257062701608814,-0.07258555140582335,5.278754401487114,5.271906078958822
2323,provo:49:16,49,16,sundials.,sundials,236.19736842105263,5.464667762384739,17.066524505615234,2.2929763351817076,1.8,-2.8729572049458554,8,1.2857426718243432,1,4.7854341734200965,16,18,18,3,5.345176107375476,0.017425881372166607,5.447241881012572,5.456675246574047
2324,provo:49:17,49,17,Noon,noon,211.44444444444449,5.35396228995993,13.99070930480957,1.6418567880389827,4.11,-1.182090122825959,4,-0.2958771723749192,0,-0.2088879996334169,19,19,19,1,5.3137189038738,-0.01631607329700646,5.370278363256936,5.381076439191956
2325,provo:49:18,49,18,was,was,228.6875,5.432356442779426,1.5543781518936155,-0.9907910726915862,6.82,0.8015677960246546,3,-0.6912821334247348,0,-0.2088879996334169,20,20,20,1,5.465644698844511,0.13585036215645907,5.296506080622967,5.290359674065574
2326,provo:49:19,49,19,recognized,recognized,200.9878048780488,5.303244233969927,10.786077499389648,0.9634680443466963,4.52,-0.8819795151769738,10,2.0765525939239744,0,-0.2088879996334169,21,21,21,1,5.2595045153060385,-0.07123427564781526,5.3744785096177425,5.379348064565951
2327,provo:49:20,49,20,when,when,177.9811320754717,5.181677545097731,6.72377872467041,0.10351971654702657,6.37,0.4721781047025968,4,-0.2958771723749192,0,-0.2088879996334169,22,22,22,1,5.2007735324935895,-0.12916111679500553,5.310838661892737,5.3156802015193465
2328,provo:49:21,49,21,the,the,201.44444444444449,5.305513633418632,1.309283971786499,-1.042675077789442,7.73,1.4676669495870378,3,-0.6912821334247348,0,-0.2088879996334169,23,23,23,1,5.362695177036199,0.03294123785824077,5.272572395560391,5.271073890203967
2329,provo:49:22,49,22,sun,sun,186.10416666666663,5.2263065527939485,1.9927345514297483,-0.8979953740818908,4.97,-0.5525898238549161,3,-0.6912821334247348,0,-0.2088879996334169,24,24,24,1,5.211020542955637,-0.11885592053865057,5.345162473332599,5.329409571656092
2330,provo:49:23,49,23,was,was,184.29166666666663,5.216519647520381,1.4261999130249023,-1.017925133549302,6.82,0.8015677960246546,3,-0.6912821334247348,0,-0.2088879996334169,25,25,25,1,5.249807903585467,-0.07998643310258569,5.296506080622967,5.290022786355102
2331,provo:49:24,49,24,the,the,199.45238095238096,5.295575515870441,7.051790237426758,0.1729564979204883,7.73,1.4676669495870378,3,-0.6912821334247348,0,-0.2088879996334169,26,26,26,1,5.352757059488008,0.02300312031005003,5.272572395560391,5.286166778086289
2332,provo:49:25,49,25,highest,highest,207.88059701492537,5.3369638620570585,4.361658096313477,-0.3965177738163063,4.86,-0.6331073039558631,7,0.8903377107745275,0,-0.2088879996334169,27,27,27,1,5.309282025853591,-0.021080664095551427,5.35804452615261,5.347951300998557
2333,provo:49:26,49,26,in,in,201.66666666666663,5.306616169362732,2.257416009902954,-0.8419649365793361,7.27,1.1309574873467116,2,-1.0866870944745504,0,-0.2088879996334169,28,28,28,1,5.354096694097044,0.024442670009535483,5.282173499353196,5.2804735320058604
2334,provo:49:27,49,27,the,the,205.85365853658536,5.327165520885695,0.2982674539089203,-1.2566972391669635,7.73,1.4676669495870378,3,-0.6912821334247348,0,-0.2088879996334169,29,29,29,1,5.384347064503262,0.05459312532530447,5.272572395560391,5.268416660373361
2335,provo:49:28,49,28,"sky,",sky,198.97435897435895,5.293175967047618,2.7791738510131836,-0.7315139806399571,4.72,-0.7355840968116147,3,-0.6912821334247348,0,-0.2088879996334169,30,31,31,2,5.271325867222361,-0.058561694488985516,5.351737661536603,5.33659787182667
2336,provo:49:29,49,29,and,and,194.96666666666667,5.27282860378087,1.5692336559295654,-0.9876463099444839,7.41,1.2334342802024634,3,-0.6912821334247348,0,-0.2088879996334169,32,32,32,1,5.321608112215147,-0.008160032680645912,5.280988636461516,5.278312400588679
2337,provo:49:30,49,30,cities,cities,241.57534246575344,5.487181401521761,15.82023811340332,2.0291498767213274,4.84,-0.6477468457923993,6,0.49493274972471196,0,-0.2088879996334169,33,33,33,1,5.461351344812063,0.13110810281539287,5.356073298706368,5.375961769375196
2338,provo:49:31,49,31,would,would,214.06521739130432,5.366280722758707,7.986660480499268,0.37085924875777476,6.27,0.39898039551991693,5,0.0995277886748964,0,-0.2088879996334169,34,34,34,1,5.380374167467061,0.05031474308180606,5.315965979676901,5.323563472152855
2339,provo:49:32,49,32,set,set,228.2173913043478,5.43029864532315,6.854737281799316,0.13124234318269148,5.59,-0.09876402692230327,3,-0.6912821334247348,0,-0.2088879996334169,35,35,35,1,5.431291578652464,0.10144263873648196,5.328856006586668,5.329487377401401
2340,provo:49:33,49,33,their,their,199.78688524590163,5.297251224650191,4.353015899658203,-0.3983472410648673,6.33,0.442899021029525,5,0.0995277886748964,0,-0.2088879996334169,36,36,36,1,5.312920050955412,-0.0171367098577484,5.3143879345079394,5.31278413646527
2341,provo:49:34,49,34,clock,clock,183.42372881355936,5.2117989342969615,7.45255708694458,0.25779486190916673,4.43,-0.9478574534413853,5,0.0995277886748964,0,-0.2088879996334169,37,37,37,1,5.177580676701397,-0.15256043056141166,5.364359364858373,5.35985262475894
2342,provo:49:35,49,35,by,by,175.91176470588235,5.169982532428396,5.1646246910095215,-0.22653771605071696,6.66,0.6844514613323672,2,-1.0866870944745504,0,-0.2088879996334169,38,38,38,1,5.201446677594561,-0.12823442614257186,5.2982169585709675,5.300610500551402
2343,provo:49:36,49,36,this,this,188.0188679245283,5.236542319094773,8.20139217376709,0.4163158167730158,6.82,0.8015677960246546,4,-0.2958771723749192,0,-0.2088879996334169,39,39,39,1,5.267453668467133,-0.06246100403075605,5.299003323125529,5.310345398572445
2344,provo:49:37,49,37,apparent,apparent,218.1948051948052,5.385388265575719,10.678295135498049,0.9406515877700176,4.32,-1.0283749335423322,8,1.2857426718243432,0,-0.2088879996334169,40,40,40,1,5.341151088307723,0.010644090399897443,5.374744175175821,5.378130757422559
2345,provo:49:38,49,38,solar,solar,187.31884057971016,5.23281219477937,11.41525650024414,1.0966589935301134,4.53,-0.8746597442587054,5,0.0995277886748964,0,-0.2088879996334169,41,41,41,1,5.201219573178585,-0.12891709479740054,5.361729289576771,5.368219161650011
2346,provo:49:39,49,39,"time,",time,197.97619047619048,5.28814677334366,7.770505905151367,0.3251014707298596,6.29,0.41361993735645314,4,-0.2958771723749192,0,-0.2088879996334169,42,43,43,2,5.305142251943695,-0.024795948774358756,5.312942722118018,5.320070111562509
2347,provo:49:40,49,40,even,even,209.1,5.342812606434588,7.518265724182129,0.271704728181455,5.99,0.19402680980841489,4,-0.2958771723749192,0,-0.2088879996334169,44,44,44,1,5.3519311770502895,0.021979658471765084,5.320832947962823,5.325552740241623
2348,provo:49:41,49,41,though,though,207.1267605633803,5.333330975714852,2.0006160736083984,-0.8963269340694955,5.5,-0.1646419651867147,6,0.49493274972471196,0,-0.2088879996334169,45,45,45,1,5.32483011657069,-0.005383826132944414,5.338714801847797,5.326119709154319
2349,provo:49:42,49,42,some,some,202.54545454545453,5.310964328248804,7.684109210968018,0.3068121481539922,6.2,0.34774199909204173,4,-0.2958771723749192,0,-0.2088879996334169,46,46,46,1,5.32559673445354,-0.004345461622655478,5.31530978987146,5.32168671285917
2350,provo:49:43,49,43,cities,cities,194.5,5.270432163058501,3.93389892578125,-0.48707014423509354,4.84,-0.6477468457923993,6,0.49493274972471196,0,-0.2088879996334169,47,47,47,1,5.244602106348803,-0.08564113564786702,5.356073298706368,5.344721196637217
2351,provo:49:44,49,44,would,would,195.34615384615384,5.274773132779763,3.622720241546631,-0.5529435828949462,6.27,0.39898039551991693,5,0.0995277886748964,0,-0.2088879996334169,48,48,48,1,5.288866577488117,-0.04119284689713787,5.315965979676901,5.3120938354289455
2352,provo:49:45,49,45,often,often,219.51612903225808,5.39142571060042,9.655323028564451,0.7240985468617817,5.41,-0.2305199034511261,5,0.0995277886748964,0,-0.2088879996334169,49,49,49,1,5.3829386857536825,0.0528410835017441,5.338584627098676,5.345566521495734
2353,provo:49:46,49,46,be,be,220.32258064516128,5.39509274807969,3.6122310161590576,-0.555164047792332,6.79,0.7796084832698505,2,-1.0866870944745504,0,-0.2088879996334169,50,50,50,1,5.429970220039066,0.10029488737480463,5.294797860704885,5.293867295483554
2354,provo:49:47,49,47,on,on,207.8235294117647,5.336689303302929,6.164815902709961,-0.014807164537758839,6.91,0.8674457342890659,2,-1.0866870944745504,0,-0.2088879996334169,51,51,51,1,5.374717538456039,0.04504753293596675,5.2916417703669625,5.2981179573807395
2355,provo:49:48,49,48,a,a,205.0,5.3230099791384085,3.395206928253174,-0.6011058929978984,7.36,1.1968354256111238,1,-1.482092055524366,0,-0.2088879996334169,52,52,52,1,5.375230482960746,0.04570079004121563,5.277309189097193,5.279104743120702
2356,provo:49:49,49,49,slightly,slightly,213.8421052631579,5.365237916821286,9.256572723388672,0.6396870652938806,4.75,-0.7136247840568107,8,1.2857426718243432,0,-0.2088879996334169,53,53,53,1,5.332290974330837,0.001803065356352107,5.363434851464934,5.3655854070798945
2357,provo:49:50,49,50,different,different,227.07142857142856,5.425264631295544,2.5585100650787354,-0.7782263137901421,5.59,-0.09876402692230327,9,1.6811476328741586,0,-0.2088879996334169,54,54,54,1,5.411996124468508,0.08142516969350311,5.343839461602041,5.3332889560518115
2358,provo:49:51,49,51,time.,time,291.7,5.675725876873676,4.231184482574463,-0.4241377427499305,6.29,0.41361993735645314,4,-0.2958771723749192,1,4.7854341734200965,55,56,56,2,5.683632904800855,0.35656334601527107,5.319162530858405,5.320899346460326
2360,provo:50:3,50,3,new,new,204.7843137254902,5.321957297094694,8.727477073669434,0.527682768107841,6.25,0.38434085368338133,3,-0.6912821334247348,0,-0.2088879996334169,1,1,1,1,5.340279427989544,0.008583557785923013,5.313373739308771,5.32229421070418
2361,provo:50:4,50,4,world,world,206.51470588235293,5.330371624792074,6.875387668609619,0.1356138250925034,5.89,0.12082910062573501,5,0.0995277886748964,0,-0.2088879996334169,2,2,2,1,5.334487652720271,0.001492698954462135,5.3288789258376115,5.331160254644614
2362,provo:50:5,50,5,was,was,212.18867924528303,5.357475875300025,6.654484272003174,0.08885076874145761,6.82,0.8015677960246546,3,-0.6912821334247348,0,-0.2088879996334169,3,3,3,1,5.390764131365111,0.058563668042056705,5.298912207257969,5.305707698895174
2363,provo:50:6,50,6,first,first,202.16666666666663,5.309092439715995,9.05357551574707,0.5967145714079619,6.11,0.2818640608276303,5,0.0995277886748964,0,-0.2088879996334169,4,4,4,1,5.318984866832705,-0.014204842172183874,5.323297281888179,5.33205002493846
2364,provo:50:7,50,7,discovered,discovered,196.0,5.278114659230517,5.944349765777588,-0.06147765735608939,4.74,-0.7209445549750785,10,2.0765525939239744,0,-0.2088879996334169,5,5,5,1,5.2401513397551405,-0.09587001014445917,5.373984669374976,5.367430698270958
2365,provo:50:8,50,8,it,it,229.83333333333337,5.4373544085652465,12.026200294494627,1.2259897304800569,6.95,0.8967248179621378,2,-1.0866870944745504,0,-0.2088879996334169,6,6,6,1,5.476432898116268,0.14492623912864477,5.292428169436602,5.313168530559892
2366,provo:50:9,50,9,was,was,207.8421052631579,5.336778682120209,1.4926129579544067,-1.0038661511606524,6.82,0.8015677960246546,3,-0.6912821334247348,0,-0.2088879996334169,7,7,7,1,5.370066938185294,0.037866474862240374,5.298912207257969,5.2930701776701135
2367,provo:50:10,50,10,found,found,212.52238805970148,5.359047338390028,7.919674396514893,0.3566789596892552,5.68,-0.03288608865789185,5,0.0995277886748964,0,-0.2088879996334169,8,8,8,1,5.357649530729192,0.024840479691595085,5.334206858698433,5.337957935893025
2368,provo:50:11,50,11,to,to,199.5483870967742,5.296056748759868,5.055741786956787,-0.24958714605542956,7.43,1.2480738220389989,2,-1.0866870944745504,0,-0.2088879996334169,9,9,9,1,5.347738291085825,0.015806711576574095,5.280250037183294,5.286409403742602
2369,provo:50:12,50,12,"be,",be,198.4255319148936,5.290413875658207,8.566972732543945,0.4937055922746845,6.79,0.7796084832698505,2,-1.0866870944745504,0,-0.2088879996334169,10,11,11,2,5.325291347617584,-0.0060736711961633105,5.296487546854371,5.307930744460958
2370,provo:50:13,50,13,like,like,203.40384615384616,5.315193392746625,6.18534517288208,-0.010461321818033813,6.41,0.5014571883756685,4,-0.2958771723749192,0,-0.2088879996334169,12,12,12,1,5.335339634540395,0.002693237186193187,5.312500155560432,5.315904255655503
2371,provo:50:14,50,14,the,the,203.1176470588235,5.313785353333777,2.33713960647583,-0.8250882425297315,7.73,1.4676669495870378,3,-0.6912821334247348,0,-0.2088879996334169,13,13,13,1,5.3709668969513435,0.03796085513936909,5.275824498194408,5.27676006477781
2372,provo:50:15,50,15,"old,",old,189.7037037037037,5.245463400755141,9.470338821411133,0.6849392263802795,5.75,0.018352307769983985,3,-0.6912821334247348,0,-0.2088879996334169,14,15,15,2,5.250657351676099,-0.08059589298415837,5.326059293739299,5.3342105661540185
2373,provo:50:16,50,16,well,well,221.22413793103448,5.399176386348599,9.199987411499023,0.6277085164386481,6.03,0.2233058934814867,4,-0.2958771723749192,0,-0.2088879996334169,16,16,16,1,5.409345211362211,0.07703520942096542,5.322141176927634,5.330959048746277
2374,provo:50:17,50,17,stocked,stocked,206.15277777777777,5.32861753360871,10.273642539978027,0.8549906499230004,3.44,-1.6725147743499118,7,0.8903377107745275,0,-0.2088879996334169,17,17,17,1,5.263651666279391,-0.06879219627734923,5.397409729886059,5.3950885940564905
2375,provo:50:18,50,18,with,with,215.29545454545453,5.372011291957273,2.841259241104126,-0.71837111982387,6.85,0.8235271087794579,4,-0.2958771723749192,0,-0.2088879996334169,18,18,18,1,5.403710332128067,0.07067442429570558,5.3013368676615675,5.298831186148645
2376,provo:50:19,50,19,plants,plants,180.8870967741935,5.197873061909217,7.181334972381592,0.2003798324356509,4.71,-0.7429038677298826,6,0.49493274972471196,0,-0.2088879996334169,19,19,19,1,5.168629678406307,-0.1641295660538704,5.362002627963087,5.358804790881561
2377,provo:50:20,50,20,and,and,191.0,5.25227342804663,1.527423620223999,-0.9964970794925045,7.41,1.2334342802024634,3,-0.6912821334247348,0,-0.2088879996334169,20,20,20,1,5.3010529364809065,-0.03166982498331539,5.283943253029945,5.281240177410807
2378,provo:50:21,50,21,"animals,",animals,191.97368421052633,5.2573583012305,3.309784412384033,-0.619188991694445,4.84,-0.6477468457923993,7,0.8903377107745275,0,-0.2088879996334169,21,22,22,2,5.2291513378280765,-0.1045318762500802,5.36189017748058,5.3497659532948925
2379,provo:50:22,50,22,and,and,203.71428571428572,5.316718451918928,3.3516509532928467,-0.6103262605557737,7.41,1.2334342802024634,3,-0.6912821334247348,0,-0.2088879996334169,23,23,23,1,5.3654979603532045,0.032775198888982615,5.283943253029945,5.285706331299272
2380,provo:50:23,50,23,inhabited,inhabited,244.43589743589743,5.498953096363931,8.248834609985352,0.42635890960176925,3.52,-1.6139566070037683,9,1.6811476328741586,0,-0.2088879996334169,24,24,24,1,5.431333924444986,0.09720146784789652,5.401751628516035,5.394645850177483
2381,provo:50:24,50,24,by,by,215.52,5.373053712662054,0.7715249061584473,-1.1565133341293925,6.66,0.6844514613323672,2,-1.0866870944745504,0,-0.2088879996334169,25,25,25,1,5.404517857828219,0.0732679216557468,5.2997857910063075,5.29147097357401
2382,provo:50:25,50,25,a,a,214.54545454545453,5.368521625221285,3.649017572402954,-0.5473766989827571,7.36,1.1968354256111238,1,-1.482092055524366,0,-0.2088879996334169,26,26,26,1,5.420742129043623,0.08968140408714653,5.278840221134138,5.281314018190514
2383,provo:50:26,50,26,great,great,208.8153846153846,5.341450534402328,4.205964088439941,-0.4294766498479022,5.88,0.11350932970746722,5,0.0995277886748964,0,-0.2088879996334169,27,27,27,1,5.345303998731048,0.012317897476106232,5.3291326369262215,5.324826806962784
2384,provo:50:27,50,27,many,many,209.98076923076923,5.347015951432639,1.4878607988357544,-1.0048721360756356,5.91,0.13546864246227125,4,-0.2958771723749192,0,-0.2088879996334169,28,28,28,1,5.354034013252518,0.021830241441678666,5.3251857099909605,5.314501315562532
2385,provo:50:28,50,28,tribes,tribes,218.09459459459455,5.384928888831652,6.3888163566589355,0.032611508110980784,4.03,-1.2406482901721028,6,0.49493274972471196,0,-0.2088879996334169,29,29,29,1,5.33783118056425,0.005673906843046694,5.3792549819886055,5.370597313814224
2386,provo:50:29,50,29,and,and,192.0,5.2574953720277815,3.091597318649292,-0.6653770336898613,7.41,1.2334342802024634,3,-0.6912821334247348,0,-0.2088879996334169,30,30,30,1,5.306274880462058,-0.026447881002163776,5.283943253029945,5.285069656510709
2387,provo:50:30,50,30,nations,nations,232.97260273972603,5.450920861844022,3.717313528060913,-0.5329191230828649,4.8,-0.6770259294654711,7,0.8903377107745275,0,-0.2088879996334169,31,31,31,1,5.421663644043687,0.08801584000899965,5.362905021835022,5.3515714959485114
2388,provo:50:31,50,31,of,of,172.94444444444446,5.152970412545444,3.904127836227417,-0.49337238838264824,7.4,1.2261145092841956,2,-1.0866870944745504,0,-0.2088879996334169,32,32,32,1,5.203864264072967,-0.1280407579036824,5.281011170449126,5.2841958305412104
2389,provo:50:32,50,32,men;,men,204.01612903225808,5.3181990546024505,7.192255020141602,0.202691498152893,5.51,-0.1573221942684469,3,-0.6912821334247348,0,-0.2088879996334169,33,34,34,2,5.317091479135941,-0.013949305263501799,5.332148359865952,5.333480132116295
2390,provo:50:33,50,33,and,and,177.17857142857142,5.177158102125845,1.576240301132202,-0.986163072703789,7.41,1.2334342802024634,3,-0.6912821334247348,0,-0.2088879996334169,35,35,35,1,5.225937610560122,-0.10678515090410023,5.283943253029945,5.28135969256405
2391,provo:50:34,50,34,yet,yet,215.46153846153845,5.372782417798572,5.433036804199219,-0.16971753597555528,5.54,-0.13536288151364287,3,-0.6912821334247348,0,-0.2088879996334169,36,36,36,1,5.372462533130496,0.041395191198450476,5.331387226600121,5.328567277506751
2392,provo:50:35,50,35,the,the,223.54761904761904,5.409624451975179,3.3624022006988525,-0.6080503281979439,7.73,1.4676669495870378,3,-0.6912821334247348,0,-0.2088879996334169,37,37,37,1,5.466805995592746,0.13379995378077147,5.275824498194408,5.2792701579218395
2393,provo:50:36,50,36,plants,plants,192.2253521126761,5.258668392690145,8.84181022644043,0.5518859616664629,4.71,-0.7429038677298826,6,0.49493274972471196,0,-0.2088879996334169,38,38,38,1,5.229425009187236,-0.10333423527294183,5.362002627963087,5.3628700397012565
2394,provo:50:37,50,37,and,and,161.609756097561,5.085184516155533,2.239755153656006,-0.8457035645432832,7.41,1.2334342802024634,3,-0.6912821334247348,0,-0.2088879996334169,39,39,39,1,5.13396402458981,-0.19875873687441192,5.283943253029945,5.282984138917272
2395,provo:50:38,50,38,"animals,",animals,195.4675324675325,5.275394291298679,3.730013132095337,-0.5302307429663937,4.84,-0.6477468457923993,7,0.8903377107745275,0,-0.2088879996334169,40,41,41,2,5.247187327896255,-0.0864958861819014,5.36189017748058,5.3507947757977465
2396,provo:50:39,50,39,if,if,189.72093023255815,5.245554204183941,7.097166061401367,0.1825621094506728,6.47,0.545375813885276,2,-1.0866870944745504,0,-0.2088879996334169,42,42,42,1,5.272029640960027,-0.05905209750596718,5.304606301689908,5.310794793939094
2397,provo:50:40,50,40,not,not,206.66129032258064,5.331081174464485,4.396972179412842,-0.38904213295550416,6.69,0.7064107740871713,3,-0.6912821334247348,0,-0.2088879996334169,43,43,43,1,5.360956103736359,0.028870723054578384,5.302210451409906,5.302806146747305
2398,provo:50:41,50,41,the,the,226.86274509803923,5.424345187463397,3.822086095809937,-0.5107398104740138,7.73,1.4676669495870378,3,-0.6912821334247348,0,-0.2088879996334169,44,44,44,1,5.481526731080963,0.14852068926898898,5.275824498194408,5.28039557632688
2399,provo:50:42,50,42,"men,",men,184.65116279069767,5.218468438547619,4.9946465492248535,-0.2625204014454718,5.51,-0.1573221942684469,3,-0.6912821334247348,0,-0.2088879996334169,45,46,46,2,5.21736086308111,-0.11367992131833304,5.332148359865952,5.328099850043009
2400,provo:50:43,50,43,were,were,205.0909090909091,5.323453339819579,1.7953250408172607,-0.9397850079708193,6.34,0.45021879194779274,4,-0.2958771723749192,0,-0.2088879996334169,47,47,47,1,5.341761636417004,0.009177206638873336,5.314276133180706,5.306570085361514
2401,provo:50:44,50,44,all,all,214.57692307692307,5.368668289824046,6.334473133087158,0.021107587097435106,6.52,0.5819746684766156,3,-0.6912821334247348,0,-0.2088879996334169,48,48,48,1,5.394079637904797,0.062144749907760755,5.306523539916285,5.310982822612745
2402,provo:50:45,50,45,essentially,essentially,209.2467532467533,5.34351419310466,12.184510231018066,1.2595023726408523,4.42,-0.955177224359653,11,2.4719575549737898,0,-0.2088879996334169,49,49,49,1,5.294771931753268,-0.0417750247752835,5.385289217879944,5.392235681676455
2403,provo:50:46,50,46,different,different,234.52631578947367,5.457567802440679,4.962264060974121,-0.2693754527761397,5.59,-0.09876402692230327,9,1.6811476328741586,0,-0.2088879996334169,50,50,50,1,5.444299295613643,0.10833436926703133,5.349233433173648,5.344795258178508
2404,provo:50:47,50,47,from,from,182.9393939393939,5.209154917329946,1.335047960281372,-1.037221097161159,6.63,0.6624921485775632,4,-0.2958771723749192,0,-0.2088879996334169,51,51,51,1,5.235077558312228,-0.0977635942810533,5.306918511610999,5.299586578549272
2405,provo:50:48,50,48,those,those,209.60294117647055,5.3452149846789245,4.004047870635986,-0.4722203089152109,5.9,0.12814887154400345,5,0.0995277886748964,0,-0.2088879996334169,52,52,52,1,5.3495935762066,0.016589769929924003,5.3286252147490005,5.323928560823643
2406,provo:50:49,50,49,known,known,199.9298245614035,5.2979664277832486,8.731431007385254,0.5285197766283147,5.39,-0.24515944528766234,5,0.0995277886748964,0,-0.2088879996334169,53,53,53,1,5.288954275737555,-0.04359805248489046,5.341564480268139,5.345801950407713
2407,provo:50:50,50,50,in,in,231.11111111111111,5.442898595359145,2.6775693893432617,-0.7530226366388192,7.27,1.1309574873467116,2,-1.0866870944745504,0,-0.2088879996334169,54,54,54,1,5.490379120093457,0.15858918075808148,5.284309414601063,5.283818304620847
2408,provo:50:51,50,51,the,the,230.25641025641025,5.439193515166599,1.0141592025756836,-1.1051500619916181,7.73,1.4676669495870378,3,-0.6912821334247348,0,-0.2088879996334169,55,55,55,1,5.4963750587841655,0.16336901697219108,5.275824498194408,5.273521085749192
2409,provo:50:52,50,52,old,old,221.4878048780488,5.400367530985521,2.655977964401245,-0.7575933269802706,5.75,0.018352307769983985,3,-0.6912821334247348,0,-0.2088879996334169,56,56,56,1,5.405561481906479,0.07430823724622115,5.326059293739299,5.317527347079707
2410,provo:50:53,50,53,world.,world,266.3061224489796,5.58464648335162,1.7330669164657593,-0.9529644349152883,5.89,0.12082910062573501,5,0.0995277886748964,1,4.7854341734200965,57,58,58,2,5.579674060606961,0.2509095960438099,5.33373688730781,5.326302833816355
2412,provo:51:3,51,3,may,may,224.07142857142856,5.41196487857542,10.527063369750977,0.9086373241039054,5.98,0.1867070388901471,3,-0.6912821334247348,0,-0.2088879996334169,2,2,2,1,5.423197792284368,0.09174093987416398,5.320223938701256,5.332152767521558
2413,provo:51:4,51,4,not,not,193.0754716981132,5.263081157534634,3.345811128616333,-0.6115624934730726,6.69,0.7064107740871713,3,-0.6912821334247348,0,-0.2088879996334169,3,3,3,1,5.292956086806508,-0.03912929387527253,5.302210451409906,5.300232647858589
2414,provo:51:5,51,5,know,know,209.1034482758621,5.342829097335733,4.673645973205566,-0.3304730371029993,6.1,0.27454428990936186,4,-0.2958771723749192,0,-0.2088879996334169,4,4,4,1,5.35483586754569,0.022463898028373563,5.32036519930736,5.318463789025412
2415,provo:51:6,51,6,"it,",it,175.0,5.1647859739235145,5.962050437927246,-0.05773060076075544,6.95,0.8967248179621378,2,-1.0866870944745504,0,-0.2088879996334169,5,6,6,2,5.203864463474536,-0.1276421955130873,5.292428169436602,5.298322011175393
2416,provo:51:7,51,7,but,but,180.1,5.19351225218191,0.7113639712333679,-1.1692488068892124,6.63,0.6624921485775632,3,-0.6912821334247348,0,-0.2088879996334169,7,7,7,1,5.221811799856917,-0.11022046575965927,5.303732717941569,5.294994595851574
2417,provo:51:8,51,8,debate,debate,227.36,5.42653466434879,16.831829071044922,2.2432936412949425,4.64,-0.7941422641577583,6,0.49493274972471196,0,-0.2088879996334169,8,8,8,1,5.3954533356495356,0.06275605876542922,5.363778605583361,5.3838452273544375
2418,provo:51:9,51,9,in,in,193.03333333333333,5.262862885563634,5.098735809326172,-0.2404857382830558,7.27,1.1309574873467116,2,-1.0866870944745504,0,-0.2088879996334169,9,9,9,1,5.310343410297946,-0.021446529037429052,5.284309414601063,5.2897459111341405
2419,provo:51:10,51,10,Congress,congress,207.55714285714285,5.33540668902198,3.320009469985962,-0.6170244484951226,4.9,-0.6038282202827913,8,1.2857426718243432,0,-0.2088879996334169,10,10,10,1,5.306398200523698,-0.028147015596367453,5.363553704618347,5.351644320932108
2420,provo:51:11,51,11,over,over,228.4754098360656,5.431428588946198,2.4373440742492676,-0.8038759513422673,6.08,0.2599047480728263,4,-0.2958771723749192,0,-0.2088879996334169,11,11,11,1,5.4429102319572,0.11055596746161722,5.320872621484581,5.3133926819344515
2421,provo:51:12,51,12,reforming,reforming,236.66666666666663,5.466652681367251,10.052589416503906,0.8081958978802725,3.26,-1.804270650878735,9,1.6811476328741586,0,-0.2088879996334169,12,12,12,1,5.3922068558618825,0.0583045645473419,5.4083481168199095,5.404312659555637
2422,provo:51:13,51,13,the,the,195.58333333333337,5.275986546063023,1.1376700401306152,-1.0790040436629094,7.73,1.4676669495870378,3,-0.6912821334247348,0,-0.2088879996334169,13,13,13,1,5.33316808968059,0.0001620478686152893,5.275824498194408,5.273823470434157
2423,provo:51:14,51,14,federal,federal,238.82894736842104,5.475747594307647,4.2301459312438965,-0.42435759375784077,5.13,-0.4354734891626288,7,0.8903377107745275,0,-0.2088879996334169,14,14,14,1,5.45515497529008,0.12121503839677317,5.354532555910874,5.346162586850837
2424,provo:51:15,51,15,government's,government's,185.97333333333333,5.225603294259232,5.465943336486816,-0.16275154972399966,3.98,-1.2772471447634426,12,2.8673625160236056,0,-0.2088879996334169,15,16,16,2,5.162931327838091,-0.17403500518900739,5.399638299448239,5.387737972334697
2425,provo:51:16,51,16,regulatory,regulatory,225.1875,5.416933388508312,6.402587413787842,0.03552670421219693,4.23,-1.0942528718067437,10,2.0765525939239744,0,-0.2088879996334169,17,17,17,1,5.365579325459566,0.03000945361419749,5.3869239348941145,5.378852177405426
2426,provo:51:17,51,17,apparatus,apparatus,227.2962962962963,5.426254436384768,5.380399703979492,-0.1808602876106331,3.78,-1.4236425631288017,9,1.6811476328741586,0,-0.2088879996334169,18,18,18,1,5.365461918052246,0.031099296172607538,5.39515514021216,5.382372443978802
2427,provo:51:18,51,18,may,may,207.5897435897436,5.3355637453976,4.554544925689697,-0.355685546652482,5.98,0.1867070388901471,3,-0.6912821334247348,0,-0.2088879996334169,19,19,19,1,5.346796659106548,0.015339806696344382,5.320223938701256,5.317530584206281
2428,provo:51:19,51,19,profoundly,profoundly,236.15384615384616,5.464483483119706,14.476326942443848,1.7446572216339946,3.51,-1.6212763779220363,10,2.0765525939239744,0,-0.2088879996334169,20,20,20,1,5.394224840908558,0.0592923498456317,5.405191133274075,5.413159276815606
2429,provo:51:20,51,20,improve,improve,241.38666666666663,5.486400073777062,8.937222480773926,0.5720837888367102,4.79,-0.6843457003837389,7,0.8903377107745275,0,-0.2088879996334169,21,21,21,1,5.4568802923772495,0.1232413408534292,5.363158732923633,5.364553060453155
2430,provo:51:21,51,21,companies',companies',239.78048780487805,5.479723870662617,12.15485668182373,1.253225010620685,5.18,-0.3988746345712892,10,2.0765525939239744,0,-0.2088879996334169,22,23,23,2,5.453313349564264,0.11690248918650514,5.362821381476111,5.3737496047675615
2431,provo:51:22,51,22,ability,ability,214.41333333333333,5.367905616317715,1.8825432062149048,-0.9213217880928962,4.96,-0.5599095947731839,7,0.8903377107745275,0,-0.2088879996334169,24,24,24,1,5.342849416109025,0.00905997190046115,5.358845644417253,5.3438482827215195
2432,provo:51:23,51,23,to,to,190.1875,5.2480104276571895,0.0230697132647037,-1.3149538692193892,7.43,1.2480738220389989,2,-1.0866870944745504,0,-0.2088879996334169,25,25,25,1,5.299691969983146,-0.03223960952610483,5.280250037183294,5.274088193801363
2433,provo:51:24,51,24,survive.,survive,223.23529411764707,5.408226345773515,8.005146026611328,0.37477245538020715,4.52,-0.8819795151769738,7,0.8903377107745275,1,4.7854341734200965,26,27,27,2,5.362528896514944,0.03335945198719692,5.374866893786318,5.375456075782516
2434,provo:51:25,51,25,This,this,189.82926829268297,5.24612508025508,6.8892645835876465,0.13855143024962221,6.82,0.8015677960246546,4,-0.2958771723749192,0,-0.2088879996334169,28,28,28,1,5.27703642962744,-0.055972920672318516,5.302098000927399,5.309347550441311
2435,provo:51:26,51,26,week,week,216.68115942028984,5.378426961616668,5.2522501945495605,-0.20798826673133042,5.56,-0.1207233396771073,4,-0.2958771723749192,0,-0.2088879996334169,29,29,29,1,5.376255297454823,0.04436136352433806,5.33406559809233,5.330785813829868
2436,provo:51:27,51,27,the,the,204.91666666666663,5.322603392428192,4.748706817626953,-0.3145834014008927,7.73,1.4676669495870378,3,-0.6912821334247348,0,-0.2088879996334169,30,30,30,1,5.379784936045759,0.04677889423378456,5.275824498194408,5.282664170084279
2437,provo:51:28,51,28,Senate,senate,188.5873015873016,5.239561038066754,2.8575150966644287,-0.7149299165591,4.8,-0.6770259294654711,6,0.49493274972471196,0,-0.2088879996334169,31,31,31,1,5.212680726959145,-0.12015819009883799,5.359719228165592,5.346401447449638
2438,provo:51:29,51,29,seems,seems,245.82258064516128,5.504610058840758,12.046841621398926,1.2303592944976973,5.24,-0.3549560090616812,5,0.0995277886748964,0,-0.2088879996334169,32,32,32,1,5.491659452802897,0.1592399122434598,5.345370146597298,5.356948179591274
2439,provo:51:30,51,30,poised,poised,182.19277108433735,5.205065308321617,1.187859058380127,-1.0683795266810048,3.43,-1.6798345452681795,6,0.49493274972471196,0,-0.2088879996334169,33,33,33,1,5.142213784085547,-0.18941233898362242,5.39447764730524,5.369981278787008
2440,provo:51:31,51,31,to,to,209.70967741935485,5.345724085719323,0.031104989349842,-1.3132528810311679,7.43,1.2480738220389989,2,-1.0866870944745504,0,-0.2088879996334169,34,34,34,1,5.39740562804528,0.06547404853602856,5.280250037183294,5.274107866118997
2441,provo:51:32,51,32,join,join,233.26865671641792,5.452190822451228,8.30980396270752,0.43926551638479205,5.0,-0.5306305111001121,4,-0.2958771723749192,0,-0.2088879996334169,35,35,35,1,5.435315596718625,0.1039174033967063,5.348273419054522,5.349580818290594
2442,provo:51:33,51,33,the,the,213.97142857142856,5.365842494759954,1.2921700477600098,-1.046297925631225,7.73,1.4676669495870378,3,-0.6912821334247348,0,-0.2088879996334169,36,36,36,1,5.423024038377521,0.0900179965655461,5.275824498194408,5.274201724173333
2443,provo:51:34,51,34,House,house,207.768115942029,5.336422630617452,8.233654975891113,0.42314553173867664,5.71,-0.010926775903087828,5,0.0995277886748964,0,-0.2088879996334169,37,37,37,1,5.335812513755049,0.002976905184850942,5.333445725432601,5.338120778096825
2444,provo:51:35,51,35,in,in,195.08,5.273409730841852,0.9207473993301392,-1.1249244135232357,7.27,1.1309574873467116,2,-1.0866870944745504,0,-0.2088879996334169,38,38,38,1,5.320890255576164,-0.010899683759211243,5.284309414601063,5.279517175468903
2445,provo:51:36,51,36,a,a,211.04,5.352047688969004,3.1047797203063965,-0.662586450108969,7.36,1.1968354256111238,1,-1.482092055524366,0,-0.2088879996334169,39,39,39,1,5.404268192791342,0.07320746783486598,5.278840221134138,5.279981591055295
2446,provo:51:37,51,37,massive,massive,214.33333333333337,5.36753243556951,7.9508466720581055,0.36327782100244094,4.72,-0.7355840968116147,7,0.8903377107745275,0,-0.2088879996334169,40,40,40,1,5.336174708973353,0.0025977250256028483,5.364934710543907,5.363551842447576
2447,provo:51:38,51,38,overhaul,overhaul,224.14666666666668,5.412300599496748,5.1139445304870605,-0.2372662029766746,3.59,-1.5627182105758928,8,1.2857426718243432,0,-0.2088879996334169,41,41,41,1,5.348896279466872,0.015510742270417488,5.396789857226331,5.3824921510769075
2448,provo:51:39,51,39,of,of,195.27777777777777,5.2744230463486,0.2328009009361267,-1.2705558586033572,7.4,1.2261145092841956,2,-1.0866870944745504,0,-0.2088879996334169,42,42,42,1,5.325316897876124,-0.006588124100526116,5.281011170449126,5.27520752586523
2449,provo:51:40,51,40,the,the,231.0,5.442417710521793,0.4944590926170349,-1.215165416671465,7.73,1.4676669495870378,3,-0.6912821334247348,0,-0.2088879996334169,43,43,43,1,5.49959925413936,0.16659321232738566,5.275824498194408,5.272248732997508
2450,provo:51:41,51,41,way,way,235.95555555555555,5.463643463373297,6.820025444030762,0.12389419168047089,6.01,0.20866635164495045,3,-0.6912821334247348,0,-0.2088879996334169,44,44,44,1,5.475664067880679,0.1441806579378726,5.319462805435425,5.322471174710829
2451,provo:51:42,51,42,in,in,201.95652173913044,5.308052435318789,5.0053606033325195,-0.2602523425397161,7.27,1.1309574873467116,2,-1.0866870944745504,0,-0.2088879996334169,45,45,45,1,5.355532960053101,0.023743020717725827,5.284309414601063,5.28951730583272
2452,provo:51:43,51,43,which,which,210.03636363636363,5.347280675900136,0.0213368609547615,-1.3153206968529283,6.3,0.42093970827472094,5,0.0995277886748964,0,-0.2088879996334169,46,46,46,1,5.362161811406924,0.02880390469555838,5.318476771204578,5.3060997930905565
2453,provo:51:44,51,44,bureaucrats,bureaucrats,244.0958904109589,5.497561141579023,10.31519889831543,0.8637877184902092,3.18,-1.8628288182248782,11,2.4719575549737898,0,-0.2088879996334169,47,47,47,1,5.416260993892381,0.08081174871136998,5.416749392867653,5.412701319491642
2454,provo:51:45,51,45,enact,enact,191.37313432835825,5.2542251051562365,11.271807670593262,1.0662923001813163,3.43,-1.6798345452681795,5,0.0995277886748964,0,-0.2088879996334169,48,48,48,1,5.19375048761289,-0.13706674847957334,5.39129185363581,5.39160419491879
2455,provo:51:46,51,46,regulations,regulations,222.22222222222223,5.403677882205863,1.9252039194107056,-0.912290938564108,4.5,-0.8966190570135094,11,2.4719575549737898,0,-0.2088879996334169,49,49,49,1,5.357036129650294,0.020418353034803438,5.38325952917106,5.365502771296959
2456,provo:51:47,51,47,that,that,199.58695652173913,5.296250013654605,4.829866409301758,-0.29740272144204943,7.01,0.9406434434717452,4,-0.2958771723749192,0,-0.2088879996334169,50,50,50,1,5.332150071417044,-0.0010274765891926663,5.297277490243798,5.300468534478145
2457,provo:51:48,51,48,are,are,212.0754716981132,5.356942209895561,3.6910204887390137,-0.5384850985198147,6.74,0.743009628678511,3,-0.6912821334247348,0,-0.2088879996334169,51,51,51,1,5.388129957164823,0.05600031392870708,5.3009418959668535,5.3000680398010305
2458,provo:51:49,51,49,strangling,strangling,226.51898734177217,5.422828770733105,15.393302917480469,1.9387719335484854,2.86,-2.097061487609453,10,2.0765525939239744,0,-0.2088879996334169,52,53,53,2,5.335503494555898,0.0011464166993429004,5.421682354033762,5.428531200960568
2459,provo:51:50,51,50,the,the,211.76315789473685,5.355468470419747,2.0095481872558594,-0.8944360942714352,7.73,1.4676669495870378,3,-0.6912821334247348,0,-0.2088879996334169,54,54,54,1,5.412650014037314,0.07964397222533925,5.275824498194408,5.27595804100355
2460,provo:51:51,51,51,life,life,233.8235294117647,5.454566683032216,10.589177131652832,0.9217861909507412,5.89,0.12082910062573501,4,-0.2958771723749192,0,-0.2088879996334169,55,55,55,1,5.461059617653139,0.12887355086403485,5.3256931321681815,5.337187465932778
2461,provo:51:52,51,52,out,out,222.0909090909091,5.40308679845937,3.961341142654419,-0.4812608993173983,6.38,0.4794978756208646,3,-0.6912821334247348,0,-0.2088879996334169,56,56,56,1,5.424822256147431,0.09301130330253571,5.310075495156834,5.308000157697365
2462,provo:51:53,51,53,of,of,219.41666666666663,5.390972509708309,0.018648961558938,-1.3158896984746495,7.4,1.2261145092841956,2,-1.0866870944745504,0,-0.2088879996334169,57,57,57,1,5.4418663612358324,0.10996133925918272,5.281011170449126,5.274683229633376
2463,provo:51:54,51,54,companies,companies,245.45333333333335,5.5031068409102515,6.0765886306762695,-0.033484002274033725,5.18,-0.3988746345712892,9,1.6811476328741586,0,-0.2088879996334169,58,58,58,1,5.4790732265046245,0.14347125310357,5.3596355878066815,5.355803468573041
2465,provo:52:3,52,3,a,a,200.775,5.3021848780745255,6.295958995819092,0.012954526533195905,7.36,1.1968354256111238,1,-1.482092055524366,0,-0.2088879996334169,1,1,1,1,5.354405381896863,0.023492457191198746,5.278692420883327,5.287287567482441
2466,provo:52:4,52,4,risk,risk,210.13333333333333,5.34774224987556,10.57920742034912,0.9196757020281567,5.05,-0.49403165650877245,4,-0.2958771723749192,0,-0.2088879996334169,2,2,2,1,5.332179842140345,-0.0007574307109745604,5.348499680586534,5.355591027461357
2467,provo:52:5,52,5,factor,factor,188.7391304347826,5.240365799370444,2.795118570327759,-0.7281386418300362,4.67,-0.7721829514029543,6,0.49493274972471196,0,-0.2088879996334169,3,3,3,1,5.210072161469623,-0.12367796804160491,5.364043767412049,5.350136893717077
2468,provo:52:6,52,6,for,for,179.47058823529412,5.190011340660454,0.3156723976135254,-1.2530127853480153,7.01,0.9406434434717452,3,-0.6912821334247348,0,-0.2088879996334169,4,4,4,1,5.228288305115618,-0.10342359585071659,5.29343493651117,5.285575792357815
2469,provo:52:7,52,7,both,both,212.6140350877193,5.359478480133937,7.372027397155762,0.24074752592711388,5.79,0.0476313914430558,4,-0.2958771723749192,0,-0.2088879996334169,5,5,5,1,5.363345778760082,0.03075088908996193,5.328727591043975,5.331778620161252
2470,provo:52:8,52,8,depression,depression,197.1428571428571,5.283928629095937,5.324841499328613,-0.19262140805859357,4.56,-0.852700431503902,10,2.0765525939239744,0,-0.2088879996334169,6,6,6,1,5.24123916482996,-0.09383593601759799,5.377764565113535,5.369228141556987
2471,provo:52:9,52,9,and,and,181.53846153846155,5.201467540558119,0.0948167368769645,-1.2997657364892379,7.41,1.2334342802024634,3,-0.6912821334247348,0,-0.2088879996334169,7,7,7,1,5.250247048992396,-0.08127977998410074,5.28274732054222,5.276386893615995
2472,provo:52:10,52,10,"anxiety,",anxiety,211.9090909090909,5.356157366237387,6.574955940246582,0.07201541031524111,4.45,-0.933217911604849,7,0.8903377107745275,0,-0.2088879996334169,8,9,9,2,5.317710422455328,-0.01646001578509093,5.372617382022478,5.366735208792383
2473,provo:52:11,52,11,he,he,206.9090909090909,5.332279522447851,6.5786309242248535,0.07279336794516054,6.69,0.7064107740871713,2,-1.0866870944745504,0,-0.2088879996334169,10,10,10,1,5.364531358412449,0.032989918989025924,5.299289603458825,5.305104983201524
2474,provo:52:12,52,12,says.,says,210.13636363636363,5.347756670629909,2.7194089889526367,-0.7441656087058168,5.49,-0.17196173610498247,4,-0.2958771723749192,1,4.7854341734200965,11,12,12,2,5.334658610598862,0.0006792346466202304,5.347077435983289,5.3393876101913715
2475,provo:52:13,52,13,"""We",we,203.5,5.31566600488265,6.289291858673096,0.011543159778098808,6.54,0.5966142103131519,2,-1.0866870944745504,0,-0.2088879996334169,13,14,14,2,5.3439793868550804,0.012368545435468725,5.303297459447181,5.307644828760967
2476,provo:52:14,52,14,don't,don't,220.52702702702703,5.3960202589267645,4.390806674957275,-0.39034730904929654,6.2,0.34774199909204173,5,0.0995277886748964,0,-0.2088879996334169,15,16,16,2,5.408275758438775,0.07555204842345731,5.320468210503307,5.318292008667978
2477,provo:52:15,52,15,have,have,190.7872340425532,5.251158849241989,3.5544748306274414,-0.5673904589753532,6.71,0.7210503159237068,4,-0.2958771723749192,0,-0.2088879996334169,17,17,17,1,5.279181999020093,-0.0529872250734007,5.30414607431539,5.302587253169566
2478,provo:52:16,52,16,data,data,203.54794520547944,5.3159015801079565,6.080957889556885,-0.03255907353873443,5.34,-0.28175829987900197,4,-0.2958771723749192,0,-0.2088879996334169,18,18,18,1,5.307953516757599,-0.02484957890108852,5.340751159009045,5.338368272252146
2479,provo:52:17,52,17,on,on,174.56521739130434,5.162298410451712,1.629312515258789,-0.9749282117736155,6.91,0.8674457342890659,2,-1.0866870944745504,0,-0.2088879996334169,19,19,19,1,5.200326645604822,-0.1311130042241908,5.293411414675902,5.288298107272771
2480,provo:52:18,52,18,the,the,182.47619047619048,5.2066197013673285,2.5363364219665527,-0.7829202539390584,7.73,1.4676669495870378,3,-0.6912821334247348,0,-0.2088879996334169,20,20,20,1,5.263801244984895,-0.0675775263997318,5.27419722776706,5.2754095683512965
2481,provo:52:19,52,19,specific,specific,198.4025974025974,5.290298286512039,6.430644512176514,0.04146611344334507,5.03,-0.508671198345308,8,1.2857426718243432,0,-0.2088879996334169,21,21,21,1,5.264703124806969,-0.06951747818296639,5.359815764695005,5.356478030857993
2482,provo:52:20,52,20,causes,causes,179.96103896103895,5.192740377245031,5.208799839019775,-0.21718627570414958,4.63,-0.8014620350760262,6,0.49493274972471196,0,-0.2088879996334169,22,22,22,1,5.161396484946299,-0.17237215176391274,5.365112529008944,5.35687791832446
2483,provo:52:21,52,21,of,of,185.96,5.225531596822384,0.614072859287262,-1.1898443695663095,7.4,1.2261145092841956,2,-1.0866870944745504,0,-0.2088879996334169,23,23,23,1,5.276425448349907,-0.054787488291554,5.280319085113938,5.2752288187606
2484,provo:52:22,52,22,depression,depression,220.5897435897436,5.396304612491702,1.3678826093673706,-1.0302703278698617,4.56,-0.852700431503902,10,2.0765525939239744,0,-0.2088879996334169,24,24,24,1,5.353615148225725,0.018540047378166946,5.377764565113535,5.359595264325326
2485,provo:52:23,52,23,and,and,185.0952380952381,5.220870493128801,2.563241481781006,-0.7772247198388152,7.41,1.2334342802024634,3,-0.6912821334247348,0,-0.2088879996334169,25,25,25,1,5.269650001563077,-0.06187682741341938,5.28274732054222,5.282396062066943
2486,provo:52:24,52,24,anxiety,anxiety,222.96,5.406992383173693,0.243197813630104,-1.2683549353869,4.45,-0.933217911604849,7,0.8903377107745275,0,-0.2088879996334169,26,26,26,1,5.368545439391634,0.034375001151214946,5.372617382022478,5.351321086384135
2487,provo:52:25,52,25,in,in,203.86363636363637,5.31745132113458,3.5837512016296387,-0.561192941834551,7.27,1.1309574873467116,2,-1.0866870944745504,0,-0.2088879996334169,27,27,27,1,5.364931845868893,0.03365876083073349,5.283792560303847,5.285269900611988
2488,provo:52:26,52,26,this,this,202.29090909090908,5.309706805402768,4.660396575927734,-0.333277802991794,6.82,0.8015677960246546,4,-0.2958771723749192,0,-0.2088879996334169,28,28,28,1,5.340618154775128,0.00849982547883954,5.301206979923928,5.30290043260417
2489,provo:52:27,52,27,"sample,",sample,193.32758620689657,5.2643860879144615,6.742068290710449,0.10739143613353096,4.53,-0.8746597442587054,6,0.49493274972471196,0,-0.2088879996334169,29,30,30,2,5.230416559620951,-0.10339834508672041,5.367784433001182,5.362773340081911
2490,provo:52:28,52,28,but,but,200.24242424242425,5.299528753734334,0.3732039332389831,-1.240833930320229,6.63,0.6624921485775632,3,-0.6912821334247348,0,-0.2088879996334169,31,31,31,1,5.327828301409341,-0.004059417947339661,5.303588171681674,5.293934530288645
2491,provo:52:29,52,29,it,it,210.81578947368425,5.350984716488731,2.4417784214019775,-0.8029372440658387,6.95,0.8967248179621378,2,-1.0866870944745504,0,-0.2088879996334169,32,32,32,1,5.390063206039753,0.058642063409723555,5.292342653079007,5.2894108614209125
2492,provo:52:30,52,30,does,does,191.1551724137931,5.253085519225932,4.158196926116943,-0.4395884839697626,5.74,0.011032536851716195,4,-0.2958771723749192,0,-0.2088879996334169,33,33,33,1,5.255639999854687,-0.07697802381416263,5.330063543040095,5.325036230936253
2493,provo:52:31,52,31,make,make,211.53061224489795,5.354369726759253,5.866415500640869,-0.07797556770175307,6.08,0.2599047480728263,4,-0.2958771723749192,0,-0.2088879996334169,34,34,34,1,5.365851369770255,0.03339065729276669,5.320979069466486,5.321841184747245
2494,provo:52:32,52,32,sense,sense,217.6031746031746,5.382673104044367,1.1277903318405151,-1.0810954798408916,5.19,-0.3915548636530208,5,0.0995277886748964,0,-0.2088879996334169,35,35,35,1,5.368409680009117,0.03521866321946021,5.347454440824907,5.3321928676149595
2495,provo:52:33,52,33,scientifically,scientifically,216.86486486486487,5.379274416997547,15.859142303466797,2.0373855075906495,3.45,-1.6651950034316436,14,3.6581724381232363,0,-0.2088879996334169,36,36,36,1,5.297932766418631,-0.038929985739848405,5.418204402737396,5.429433959508865
2496,provo:52:34,52,34,that,that,220.6153846153846,5.396420844257975,1.0435618162155151,-1.0989258205375265,7.01,0.9406434434717452,4,-0.2958771723749192,0,-0.2088879996334169,37,37,37,1,5.432320902020414,0.10029048191929757,5.296130362338677,5.289986217243109
2497,provo:52:35,52,35,the,the,192.37254901960785,5.259433851439065,3.646045207977295,-0.5480059190276647,7.73,1.4676669495870378,3,-0.6912821334247348,0,-0.2088879996334169,38,38,38,1,5.3166153950566315,-0.014763376327995736,5.27419722776706,5.278111059267883
2498,provo:52:36,52,36,Millennials,millennials,185.58536585365857,5.223514969472215,21.7528076171875,3.28501595335847,3.51,-1.6212763779220363,11,2.4719575549737898,0,-0.2088879996334169,39,39,39,1,5.150879420568342,-0.1850000133873202,5.408514982859535,5.434568574363196
2499,provo:52:37,52,37,who,who,207.29545454545453,5.334145092261897,4.027012825012207,-0.46735885602633725,6.34,0.45021879194779274,3,-0.6912821334247348,0,-0.2088879996334169,40,40,40,1,5.3548302955520475,0.022808399002734348,5.311336693259163,5.309101567146642
2500,provo:52:38,52,38,report,report,239.05333333333337,5.476686679059116,9.109591484069824,0.6085725958814476,5.32,-0.2963978417155375,6,0.49493274972471196,0,-0.2088879996334169,41,41,41,1,5.463459675124354,0.13001028759661182,5.346676391462505,5.351450664334471
2501,provo:52:39,52,39,higher,higher,203.5211267605634,5.315769816499263,5.210869312286377,-0.21674818875542112,5.18,-0.3988746345712892,6,0.49493274972471196,0,-0.2088879996334169,42,42,42,1,5.298866922171811,-0.034647240552374114,5.350417057051637,5.344987494999767
2502,provo:52:40,52,40,levels,levels,191.6153846153846,5.255490157800644,0.72841876745224,-1.165638475817393,4.97,-0.5525898238549161,6,0.49493274972471196,0,-0.2088879996334169,43,43,43,1,5.2330734278841575,-0.10053789763469201,5.356028055435336,5.338617256776661
2503,provo:52:41,52,41,of,of,155.75,5.048252157667562,0.0251373667269945,-1.3145161675051698,7.4,1.2261145092841956,2,-1.0866870944745504,0,-0.2088879996334169,44,44,44,1,5.099146009195086,-0.23206692744637536,5.280319085113938,5.273795105786832
2504,provo:52:42,52,42,stress,stress,213.6769230769231,5.364465169020582,3.897998571395874,-0.49466989290775326,4.73,-0.7282643258933463,6,0.49493274972471196,0,-0.2088879996334169,45,45,45,1,5.335746912716627,0.002024544003875306,5.362440625016706,5.351524073856989
2505,provo:52:43,52,43,in,in,205.70833333333337,5.326459307910917,3.969153881072998,-0.47960702014425505,7.27,1.1309574873467116,2,-1.0866870944745504,0,-0.2088879996334169,46,46,46,1,5.373939832645229,0.04266674760707012,5.283792560303847,5.28620813039882
2506,provo:52:44,52,44,their,their,210.80392156862743,5.350928419760902,1.4611512422561646,-1.010526284081644,6.33,0.442899021029525,5,0.0995277886748964,0,-0.2088879996334169,47,47,47,1,5.3665972460661235,0.03393368444750333,5.316994735313399,5.308348359159393
2507,provo:52:45,52,45,lives,lives,191.80851063829783,5.256497533927359,1.1368930339813232,-1.079168528152069,5.14,-0.42815371824436105,5,0.0995277886748964,0,-0.2088879996334169,48,48,48,1,5.240921291894719,-0.09229285889366778,5.3487903928210265,5.333296432933955
2508,provo:52:46,52,46,are,are,184.16,5.215804944973573,1.5316381454467771,-0.9956049063366665,6.74,0.743009628678511,3,-0.6912821334247348,0,-0.2088879996334169,49,49,49,1,5.246992692242835,-0.08484413231663979,5.300649077290212,5.294375546822628
2509,provo:52:47,52,47,also,also,207.91304347826087,5.33711993208912,4.944025039672852,-0.273236472543159,6.19,0.34042222817377393,4,-0.2958771723749192,0,-0.2088879996334169,50,50,50,1,5.351489774694377,0.01907995701409515,5.318039975075025,5.317216611980271
2510,provo:52:48,52,48,reporting,reporting,199.28378378378375,5.294729858046771,9.753437042236328,0.7448683096660145,4.54,-0.8673399733404376,9,1.6811476328741586,0,-0.2088879996334169,51,51,51,1,5.253892173274563,-0.08087366203770507,5.375603520084476,5.377803299530911
2511,provo:52:49,52,49,higher,higher,157.4516129032258,5.059118191402002,1.6395270824432373,-0.9727658892915448,5.18,-0.3988746345712892,6,0.49493274972471196,0,-0.2088879996334169,52,52,52,1,5.0422152970745495,-0.2912988656496358,5.350417057051637,5.336293368472548
2512,provo:52:50,52,50,levels,levels,211.74666666666667,5.355390591574336,0.2113947719335556,-1.275087323633695,4.97,-0.5525898238549161,6,0.49493274972471196,0,-0.2088879996334169,53,53,53,1,5.33297386165785,-0.0006374638609996097,5.356028055435336,5.337358606178272
2513,provo:52:51,52,51,of,of,177.75862068965515,5.180426566464586,0.0137699088081717,-1.316922545511992,7.4,1.2261145092841956,2,-1.0866870944745504,0,-0.2088879996334169,54,54,54,1,5.23132041799211,-0.09989251864935156,5.280319085113938,5.273767432684934
2514,provo:52:52,52,52,depression,depression,158.79012345679013,5.067583352022369,1.8491036891937256,-0.9284006019220881,4.56,-0.852700431503902,10,2.0765525939239744,0,-0.2088879996334169,55,55,55,1,5.0248938877563925,-0.3101812130911652,5.377764565113535,5.360766755794447
2515,provo:52:53,52,53,and,and,235.04166666666663,5.459762803392031,1.4229742288589478,-1.0186079788687517,7.41,1.2334342802024634,3,-0.6912821334247348,0,-0.2088879996334169,56,56,56,1,5.508542311826307,0.17701548284981072,5.28274732054222,5.279620179182097
2516,provo:52:54,52,54,anxiety.,anxiety,311.1044776119403,5.740128796638139,3.414846897125244,-0.5969483065360947,4.45,-0.933217911604849,7,0.8903377107745275,1,4.7854341734200965,57,58,58,2,5.692593402183224,0.35717728165306095,5.382951514985078,5.371489151510176
2518,provo:53:3,53,3,comes,comes,183.4393939393939,5.211884334681315,11.31775188446045,1.0760182342098612,5.36,-0.2671187580424657,5,0.0995277886748964,0,-0.2088879996334169,1,1,1,1,5.202084491837188,-0.1296080255361689,5.341492360217484,5.351001789559579
2519,provo:53:4,53,4,to,to,187.53125,5.233945498189787,1.4910351037979126,-1.0042001672236345,7.43,1.2480738220389989,2,-1.0866870944745504,0,-0.2088879996334169,2,2,2,1,5.2856270405157435,-0.047790654694951584,5.281736152884738,5.279311249595961
2520,provo:53:5,53,5,having,having,196.6,5.281171207713066,9.41579818725586,0.6733935155057261,5.59,-0.09876402692230327,6,0.49493274972471196,0,-0.2088879996334169,3,3,3,1,5.2750334209642045,-0.056368851012796206,5.337540058725862,5.343921052837161
2521,provo:53:6,53,6,a,a,206.8235294117647,5.331865914748851,1.993095636367798,-0.8979189359846731,7.36,1.1968354256111238,1,-1.482092055524366,0,-0.2088879996334169,4,4,4,1,5.384086418571189,0.050328945114961776,5.28153696963389,5.2798711176701305
2522,provo:53:7,53,7,lasting,lasting,222.41333333333333,5.404537512617745,13.12625789642334,1.4588610055199613,4.11,-1.182090122825959,7,0.8903377107745275,0,-0.2088879996334169,5,5,5,1,5.357163406453441,0.026580762198355146,5.37795675041939,5.385315562626626
2523,provo:53:8,53,8,and,and,186.65217391304347,5.229246852295411,5.710960865020752,-0.11088377100333471,7.41,1.2334342802024634,3,-0.6912821334247348,0,-0.2088879996334169,6,6,6,1,5.278026360729688,-0.055023694007815926,5.284270546303227,5.291348447327187
2524,provo:53:9,53,9,fulfilling,fulfilling,218.0506329113924,5.384727296882097,7.225461483001709,0.20972097672950626,3.71,-1.4748809595566772,10,2.0765525939239744,0,-0.2088879996334169,7,7,7,1,5.319719926660505,-0.009654538870506713,5.394381835752604,5.386411589539617
2525,provo:53:10,53,10,"relationship,",relationship,217.98717948717947,5.384436251367894,7.330560684204102,0.2319694343982372,5.15,-0.4208339473260926,12,2.8673625160236056,0,-0.2088879996334169,8,9,9,2,5.352484226085658,0.023386862646161966,5.361049388721732,5.36063957106488
2526,provo:53:11,53,11,common,common,237.56451612903223,5.470439233444451,14.566014289855955,1.7636431428350168,5.2,-0.384235092734753,6,0.49493274972471196,0,-0.2088879996334169,10,10,10,1,5.454061466315955,0.12277993065881798,5.347659302785633,5.3637598418491885
2527,provo:53:12,53,12,wisdom,wisdom,230.8846153846154,5.441918085230361,6.85064697265625,0.1303764653379466,4.3,-1.0430144753788684,6,0.49493274972471196,0,-0.2088879996334169,11,11,11,1,5.401909594148861,0.07090668076833317,5.371011404462028,5.365060242398855
2528,provo:53:13,53,13,says,says,228.0943396226415,5.42975931364987,1.3651238679885864,-1.0308543260361909,5.49,-0.17196173610498247,4,-0.2958771723749192,0,-0.2088879996334169,12,12,12,1,5.42574970429168,0.09365549261132244,5.336103821038548,5.323655809590634
2529,provo:53:14,53,14,that,that,209.1904761904762,5.343245206252357,4.212401390075684,-0.4281139369889542,7.01,0.9406434434717452,4,-0.2958771723749192,0,-0.2088879996334169,13,13,13,1,5.379145264014796,0.046580490267276176,5.296664715985081,5.298349958037408
2530,provo:53:15,53,15,feeling,feeling,179.11940298507463,5.1880526392404755,10.865518569946287,0.9802849304430467,5.13,-0.4354734891626288,7,0.8903377107745275,0,-0.2088879996334169,14,14,14,1,5.167460020222909,-0.16343839594566756,5.351491035186143,5.3588673823689685
2531,provo:53:16,53,16,close,close,225.79710144927537,5.41963681482748,9.24449634552002,0.6371306159704943,5.36,-0.2671187580424657,5,0.0995277886748964,0,-0.2088879996334169,15,15,15,1,5.409836971983353,0.07814445460999586,5.341492360217484,5.3462967341568515
2532,provo:53:17,53,17,to,to,174.81632653061226,5.16373586006469,0.3123418986797333,-1.2537178189134135,7.43,1.2480738220389989,2,-1.0866870944745504,0,-0.2088879996334169,16,16,16,1,5.2154174023906466,-0.11800029282004854,5.281736152884738,5.276636317958864
2533,provo:53:18,53,18,your,your,166.03636363636363,5.112206822417215,2.9908666610717773,-0.6867007140358328,6.53,0.589294439394884,4,-0.2958771723749192,0,-0.2088879996334169,17,17,17,1,5.135503827404718,-0.19691234779527722,5.309119170212492,5.305609636152102
2534,provo:53:19,53,19,romantic,romantic,197.91139240506328,5.28781941742492,8.433144569396973,0.46537549852900856,4.43,-0.9478574534413853,8,1.2857426718243432,0,-0.2088879996334169,18,18,18,1,5.246470439751181,-0.08384982133520946,5.37166923876013,5.370019586774981
2535,provo:53:20,53,20,partner,partner,208.64383561643837,5.340628662467113,0.3301312625408172,-1.2499519871631342,4.84,-0.6477468457923993,7,0.8903377107745275,0,-0.2088879996334169,19,19,19,1,5.312421699064689,-0.01838693881475706,5.35901560128187,5.3410192272522625
2536,provo:53:21,53,21,is,is,224.3571428571429,5.413239169923388,1.443342924118042,-1.0142961282642304,7.07,0.9845620689813532,2,-1.0866870944745504,0,-0.2088879996334169,20,20,20,1,5.455468422668144,0.12216217636809201,5.291076993555296,5.286726892623297
2537,provo:53:22,53,22,paramount.,paramount,232.78481012658227,5.450114465131345,11.898273468017578,1.1989088911301102,3.73,-1.4602414177201413,9,1.6811476328741586,1,4.7854341734200965,21,22,22,2,5.378920678128577,0.04231352437116165,5.4078009407601835,5.412353314066628
2538,provo:53:23,53,23,But,but,210.0810810810811,5.347493556585995,5.433505058288574,-0.16961841123277846,6.63,0.6624921485775632,3,-0.6912821334247348,0,-0.2088879996334169,23,23,23,1,5.375793104261002,0.04298452216322701,5.304509034422768,5.307020518936238
2539,provo:53:24,53,24,a,a,198.2258064516129,5.289406817514989,6.3687238693237305,0.028358127982277714,7.36,1.1968354256111238,1,-1.482092055524366,0,-0.2088879996334169,24,24,24,1,5.341627321337326,0.007869847881099012,5.28153696963389,5.289801187973145
2540,provo:53:25,53,25,new,new,222.34426229508196,5.4042269117894035,5.413234233856201,-0.17390954355475904,6.25,0.38434085368338133,3,-0.6912821334247348,0,-0.2088879996334169,25,25,25,1,5.4225490426842535,0.08985810110326842,5.314368810686135,5.314916385214026
2541,provo:53:26,53,26,study,study,203.78125,5.317047114593476,0.4200046360492706,-1.2309266860840298,5.26,-0.3403164672251456,5,0.0995277886748964,0,-0.2088879996334169,26,26,26,1,5.304621635754571,-0.02703992358805163,5.344087038181527,5.32836035868159
2542,provo:53:27,53,27,finds,finds,187.74603174603175,5.235090154580835,4.055749416351318,-0.4612756048823002,4.61,-0.8161015769125618,5,0.0995277886748964,0,-0.2088879996334169,27,27,27,1,5.205598041775871,-0.12586229036697727,5.360952444947812,5.350196110047039
2543,provo:53:28,53,28,that,that,190.9375,5.2519461493659145,0.5025272369384766,-1.2134574706038719,7.01,0.9406434434717452,4,-0.2958771723749192,0,-0.2088879996334169,28,28,28,1,5.287846207128354,-0.04471856661916629,5.296664715985081,5.289930753023937
2544,provo:53:29,53,29,it's,it's,190.0,5.247024072160486,5.846691131591797,-0.08215102084326296,6.33,0.442899021029525,4,-0.2958771723749192,0,-0.2088879996334169,29,30,30,2,5.265069805158433,-0.06728445398009342,5.31430852614058,5.316270588032775
2545,provo:53:30,53,30,not,not,213.03636363636363,5.361462872435685,1.3987632989883425,-1.0237331924021016,6.69,0.7064107740871713,3,-0.6912821334247348,0,-0.2088879996334169,31,31,31,1,5.391337801707559,0.05851064479134305,5.302952227644342,5.29661007861056
2546,provo:53:31,53,31,how,how,226.84,5.424244923145827,11.6583890914917,1.1481277497373397,6.24,0.37702108276511354,3,-0.6912821334247348,0,-0.2088879996334169,32,32,32,1,5.442304490441199,0.10961664466328802,5.314628278482539,5.329298164161622
2547,provo:53:32,53,32,close,close,212.82608695652175,5.360475339035461,3.3349268436431885,-0.6138665885633205,5.36,-0.2671187580424657,5,0.0995277886748964,0,-0.2088879996334169,33,33,33,1,5.350675496191334,0.01898297881797717,5.341492360217484,5.332885530670183
2548,provo:53:33,53,33,you,you,180.15217391304347,5.1938019043599475,0.8427988886833191,-1.1414253395019853,6.98,0.9186841307169418,3,-0.6912821334247348,0,-0.2088879996334169,34,34,34,1,5.231291178016678,-0.10162575718866762,5.295427661548615,5.28928747047942
2549,provo:53:34,53,34,feel,feel,156.81632653061226,5.055075225777821,2.295600414276123,-0.8338816771959829,5.67,-0.040205859576159644,4,-0.2958771723749192,0,-0.2088879996334169,35,35,35,1,5.055791761210232,-0.27635817492544756,5.331433400703268,5.322005499294114
2550,provo:53:35,53,35,that,that,213.22727272727272,5.362358604970142,3.2017605304718018,-0.6420565752387579,7.01,0.9406434434717452,4,-0.2958771723749192,0,-0.2088879996334169,36,36,36,1,5.398258662732581,0.06569388898506112,5.296664715985081,5.296056405145647
2551,provo:53:36,53,36,matters,matters,178.63636363636363,5.185352251504991,1.1724659204483032,-1.0716381011872527,4.72,-0.7355840968116147,7,0.8903377107745275,0,-0.2088879996334169,37,37,37,1,5.153994524908834,-0.17677696333373216,5.362129214838723,5.345438783920809
2552,provo:53:37,53,37,"most,",most,179.39622641509433,5.189596914927963,7.4706525802612305,0.26162549822651615,6.0,0.20134658072668266,4,-0.2958771723749192,0,-0.2088879996334169,38,39,39,2,5.198978049143141,-0.13327404849396096,5.322870963421924,5.326852899632717
2553,provo:53:38,53,38,it's,it's,192.4,5.259576538231606,3.745708465576172,-0.5269081966620454,6.33,0.442899021029525,4,-0.2958771723749192,0,-0.2088879996334169,40,41,41,2,5.277622271229553,-0.0547319879089736,5.31430852614058,5.31150260856372
2554,provo:53:39,53,39,whether,whether,207.7323943661972,5.336250685818187,5.120297908782959,-0.2359212558557396,5.32,-0.2963978417155375,7,0.8903377107745275,0,-0.2088879996334169,42,42,42,1,5.320646775190699,-0.010310461236272772,5.34656114705446,5.341858218388501
2555,provo:53:40,53,40,you,you,203.36111111111111,5.314983271190533,0.990605354309082,-1.1101361778716623,6.98,0.9186841307169418,3,-0.6912821334247348,0,-0.2088879996334169,43,43,43,1,5.352472544847264,0.019555609641917826,5.295427661548615,5.28962290313429
2556,provo:53:41,53,41,are,are,217.3921568627451,5.381702897048026,4.672596454620361,-0.33069520976985445,6.74,0.743009628678511,3,-0.6912821334247348,0,-0.2088879996334169,44,44,44,1,5.412890644317288,0.08004800838570603,5.30165488866232,5.302994747471793
2557,provo:53:42,53,42,as,as,203.0487804878049,5.313446248144337,8.450526237487793,0.46905502513155467,6.77,0.7649689414333143,2,-1.0866870944745504,0,-0.2088879996334169,45,45,45,1,5.347798592904757,0.01458522069690904,5.298861027447428,5.308898922369346
2558,provo:53:43,53,43,close,close,197.97014925373136,5.28811625798411,1.9449571371078491,-0.9081093784501562,5.36,-0.2671187580424657,5,0.0995277886748964,0,-0.2088879996334169,46,46,46,1,5.278316415139983,-0.05337610223337386,5.341492360217484,5.329731127194814
2559,provo:53:44,53,44,as,as,197.83333333333337,5.287424925381613,0.8673908710479736,-1.1362194609380127,6.77,0.7649689414333143,2,-1.0866870944745504,0,-0.2088879996334169,47,47,47,1,5.321777270142033,-0.011436102065815135,5.298861027447428,5.291689721016526
2560,provo:53:45,53,45,you,you,207.9090909090909,5.337100921224411,1.037183403968811,-1.1002760670973575,6.98,0.9186841307169418,3,-0.6912821334247348,0,-0.2088879996334169,48,48,48,1,5.374590194881142,0.041673259675795826,5.295427661548615,5.289728607568732
2561,provo:53:46,53,46,want,want,203.89830508474577,5.3176213650630055,3.516529321670532,-0.5754231465703854,6.04,0.2306256643997545,4,-0.2958771723749192,0,-0.2088879996334169,49,49,49,1,5.328052753676095,-0.004211727173300872,5.321833092236306,5.317043408397586
2562,provo:53:47,53,47,to,to,201.6296296296296,5.306432497767028,0.2816272675991058,-1.2602198014364974,7.43,1.2480738220389989,2,-1.0866870944745504,0,-0.2088879996334169,50,50,50,1,5.3581140400929845,0.024696344882289445,5.281736152884738,5.276566614037569
2563,provo:53:48,53,48,"be,",be,176.2,5.171619713502079,4.903136730194092,-0.2818921217981169,6.79,0.7796084832698505,2,-1.0866870944745504,0,-0.2088879996334169,51,52,52,2,5.206497185461456,-0.12672237835253952,5.298342091854619,5.300430467634571
2564,provo:53:49,53,49,even,even,189.0,5.241747015059643,5.107180118560791,-0.2386981618371958,5.99,0.19402680980841489,4,-0.2958771723749192,0,-0.2088879996334169,53,53,53,1,5.250865585675344,-0.08138341615868594,5.3231304312183285,5.321698221198121
2565,provo:53:50,53,50,if,if,189.625,5.2450484376686966,0.7555216550827026,-1.1599010635321605,6.47,0.545375813885276,2,-1.0866870944745504,0,-0.2088879996334169,54,54,54,1,5.2715238744447825,-0.06159662367086227,5.306645061339559,5.297705741078135
2566,provo:53:51,53,51,that's,that's,193.55555555555551,5.265564580076228,5.82032585144043,-0.08773228894674091,5.86,0.09886978787093163,6,0.49493274972471196,0,-0.2088879996334169,55,56,56,2,5.266516010513268,-0.06496984814671602,5.330534428222944,5.330118564915058
2567,provo:53:52,53,52,really,really,206.8939393939394,5.33220629188138,8.436690330505371,0.4661261009600558,5.97,0.17938726797187865,6,0.49493274972471196,0,-0.2088879996334169,57,57,57,1,5.3360459219126755,0.004526009418883703,5.327680282462496,5.333757192105744
2568,provo:53:53,53,53,not,not,220.7608695652174,5.39708007752539,2.6325979232788086,-0.7625426496131231,6.69,0.7064107740871713,3,-0.6912821334247348,0,-0.2088879996334169,58,58,58,1,5.4269550067972645,0.0941278498810485,5.302952227644342,5.299410148431213
2569,provo:53:54,53,54,close,close,186.13793103448276,5.226487963591476,9.828125953674316,0.7606792108473819,5.36,-0.2671187580424657,5,0.0995277886748964,0,-0.2088879996334169,59,59,59,1,5.216688120747349,-0.11500439662600836,5.341492360217484,5.347621225802701
2570,provo:53:55,53,55,at,at,250.7,5.524257005164247,0.5834028720855713,-1.1963369014233622,6.7,0.7137305450054391,2,-1.0866870944745504,0,-0.2088879996334169,60,60,60,1,5.556771404728323,0.22357970314198905,5.300677302022258,5.292508213244451
2571,provo:53:56,53,56,all,all,215.45070422535213,5.37273213268195,0.0222447011619806,-1.315128516092378,6.52,0.5819746684766156,3,-0.6912821334247348,0,-0.2088879996334169,61,61,61,1,5.398143480762701,0.06536895249873353,5.307363180183216,5.297039142526199
2573,provo:54:3,54,3,time,time,195.7384615384615,5.276779388247063,8.673611640930176,0.5162799906709372,6.29,0.41361993735645314,4,-0.2958771723749192,0,-0.2088879996334169,1,1,1,1,5.293774866847099,-0.03616333387095505,5.312942722118018,5.322443722140445
2574,provo:54:4,54,4,the,the,177.46511627906978,5.178774061596071,4.387877941131592,-0.3909672929292713,7.73,1.4676669495870378,3,-0.6912821334247348,0,-0.2088879996334169,2,2,2,1,5.235955605213638,-0.0937983339643198,5.272572395560391,5.279165282962654
2575,provo:54:5,54,5,French,french,193.70422535211267,5.266332384073392,10.95929718017578,1.000136931372201,5.09,-0.46475257283570065,6,0.49493274972471196,0,-0.2088879996334169,3,3,3,1,5.24706641735064,-0.08316572642897135,5.349498110502363,5.358064556843323
2576,provo:54:6,54,6,crown,crown,210.15277777777777,5.347834779435515,13.7354097366333,1.5878124035866514,4.56,-0.852700431503902,5,0.0995277886748964,0,-0.2088879996334169,4,4,4,1,5.317029848633163,-0.013105487556775763,5.360940266992291,5.3737026047633005
2577,provo:54:7,54,7,secured,secured,245.62337662337663,5.503799373434771,11.466798782348633,1.1075699830374768,4.23,-1.0942528718067437,7,0.8903377107745275,0,-0.2088879996334169,5,5,5,1,5.4595760304642,0.12918537300807031,5.374614000426701,5.379531296601587
2578,provo:54:8,54,8,much,much,216.72307692307692,5.37862039536467,10.188501358032228,0.8369671068254749,6.0,0.20134658072668266,4,-0.2958771723749192,0,-0.2088879996334169,6,6,6,1,5.3880015295798485,0.05805045493000627,5.320569940434663,5.332366001993103
2579,provo:54:9,54,9,of,of,197.17241379310343,5.2840785428957835,0.6997331380844116,-1.1717109388179634,7.4,1.2261145092841956,2,-1.0866870944745504,0,-0.2088879996334169,7,7,7,1,5.334972394423307,0.005324141408669547,5.278754401487114,5.273716425471799
2580,provo:54:10,54,10,its,its,201.56603773584905,5.306117058393766,2.3572607040405273,-0.8208288058994331,6.14,0.30382337358243366,3,-0.6912821334247348,0,-0.2088879996334169,8,8,8,1,5.32155098969436,-0.008273534144092487,5.314390592537858,5.30639986395078
2581,provo:54:11,54,11,revenue,revenue,218.5185185185185,5.3868707638894815,8.26551342010498,0.42988964814845687,4.64,-0.7941422641577583,7,0.8903377107745275,0,-0.2088879996334169,9,9,9,1,5.353412528497501,0.0230400721173476,5.363830691772134,5.362718470445266
2582,provo:54:12,54,12,by,by,197.6,5.286244785313768,4.414061546325684,-0.38542448361092363,6.66,0.6844514613323672,2,-1.0866870944745504,0,-0.2088879996334169,10,10,10,1,5.317708930479933,-0.011972173257199792,5.2982169585709675,5.298637813911232
2583,provo:54:13,54,13,issuing,issuing,229.67532467532467,5.436666679785898,6.598635673522949,0.07702817480230462,3.76,-1.4382821049653376,7,0.8903377107745275,0,-0.2088879996334169,11,11,11,1,5.380102847639869,0.049691325535668796,5.386975354250229,5.376364507015916
2584,provo:54:14,54,14,government,government,245.5324675324675,5.503429189131646,9.137266159057615,0.6144310498746045,5.57,-0.11340356875883885,10,2.0765525939239744,0,-0.2088879996334169,12,12,12,1,5.487258648412928,0.15656646997072166,5.346862719160924,5.353504985616013
2585,provo:54:15,54,15,bonds.,bonds,210.41176470588235,5.349066395202802,4.631608486175537,-0.33937195583870267,4.27,-1.0649737881336725,5,0.0995277886748964,1,4.7854341734200965,13,14,14,2,5.301558669342736,-0.025720898846520512,5.374787294049322,5.365847586777491
2586,provo:54:16,54,16,In,in,213.91304347826087,5.365569593557204,3.992582321166992,-0.47464745192953717,7.27,1.1309574873467116,2,-1.0866870944745504,0,-0.2088879996334169,15,15,15,1,5.413050118291516,0.08339609420400773,5.282173499353196,5.285034026915511
2587,provo:54:17,54,17,"1727,",1727,250.5205479452055,5.523540944886201,11.78943920135498,1.1758697571781096,2.51,-2.353253469748831,4,-0.2958771723749192,0,-0.2088879996334169,16,18,18,3,5.44128738288362,0.11118137712363652,5.412359567762564,5.408067350296178
2588,provo:54:18,54,18,in,in,192.84375,5.2618802755213405,5.652507781982422,-0.12325770847104875,7.27,1.1309574873467116,2,-1.0866870944745504,0,-0.2088879996334169,19,19,19,1,5.309360800255653,-0.020293223831855833,5.282173499353196,5.2893967681497704
2589,provo:54:19,54,19,order,order,235.69565217391303,5.462541363331188,3.6590635776519775,-0.5452500593892522,5.49,-0.17196173610498247,5,0.0995277886748964,0,-0.2088879996334169,20,20,20,1,5.456154847280272,0.12606079645779378,5.336480566873394,5.32816787760503
2590,provo:54:20,54,20,to,to,166.7,5.116195789756748,0.0569842755794525,-1.3077744930168986,7.43,1.2480738220389989,2,-1.0866870944745504,0,-0.2088879996334169,21,21,21,1,5.167877332082705,-0.16176958914588546,5.277965378902634,5.271412545922078
2591,provo:54:21,54,21,save,save,180.3965517241379,5.195157492834628,6.819324016571045,0.12374570644969218,5.14,-0.42815371824436105,4,-0.2958771723749192,0,-0.2088879996334169,22,22,22,1,5.181958157494714,-0.14803109502181044,5.343188587856439,5.341128220746617
2592,provo:54:22,54,22,"money,",money,159.10638297872342,5.069573053827001,3.121864318847656,-0.6589698101813211,5.64,-0.062165172330963664,5,0.0995277886748964,0,-0.2088879996334169,23,24,24,2,5.067124991768253,-0.26296240012399075,5.3325354539509915,5.323683177345479
2593,provo:54:23,54,23,the,the,187.51724137931035,5.2338707952059424,1.2713372707366943,-1.0507080177387071,7.73,1.4676669495870378,3,-0.6912821334247348,0,-0.2088879996334169,25,25,25,1,5.291052338823509,-0.03870160035444847,5.272572395560391,5.270974155823549
2594,provo:54:24,54,24,state,state,244.77027027027023,5.500320098288747,6.5922465324401855,0.07567565705437543,5.78,0.04031162052478801,5,0.0995277886748964,0,-0.2088879996334169,26,26,26,1,5.501547926622688,0.17146674973199794,5.328853348556749,5.329936357679088
2595,provo:54:25,54,25,cut,cut,208.0754716981132,5.337900858591565,7.706930637359619,0.311643217593196,5.24,-0.3549560090616812,3,-0.6912821334247348,0,-0.2088879996334169,27,27,27,1,5.329704065939155,-0.00016041148070922162,5.3380612700722745,5.338897025785142
2596,provo:54:26,54,26,the,the,199.8125,5.2973794268200605,3.0553529262542725,-0.6730496117942047,7.73,1.4676669495870378,3,-0.6912821334247348,0,-0.2088879996334169,28,28,28,1,5.354560970437627,0.024807031259669543,5.272572395560391,5.275663040262412
2597,provo:54:27,54,27,bonds?,bonds,242.27710843373495,5.49008214722947,21.233383178710938,3.1750589555950364,4.27,-1.0649737881336725,5,0.0995277886748964,1,4.7854341734200965,29,30,30,2,5.442574421369404,0.11529485318014743,5.374787294049322,5.409481622595836
2598,provo:54:28,54,28,interest,interest,250.88888888888889,5.525010167373388,15.541180610656738,1.9700761733442387,5.17,-0.406194405489557,8,1.2857426718243432,0,-0.2088879996334169,31,31,31,1,5.503090896061007,0.17262163209118153,5.3523885352822065,5.373499267838032
2599,provo:54:29,54,29,rate.,rate,228.1818181818182,5.430142759327459,6.795683860778809,0.11874132012316889,5.14,-0.42815371824436105,4,-0.2958771723749192,1,4.7854341734200965,32,33,33,2,5.407854973314688,0.08073436273063361,5.349408396596825,5.351197634189306
2600,provo:54:30,54,30,The,the,183.5,5.212214667494625,2.3911404609680176,-0.8136567976519432,7.73,1.4676669495870378,3,-0.6912821334247348,0,-0.2088879996334169,34,34,34,1,5.269396211112192,-0.06035772806576567,5.272572395560391,5.273917306987625
2601,provo:54:31,54,31,market,market,230.25,5.439165675135416,9.364144325256348,0.6624589056421409,5.29,-0.3183571544703416,6,0.49493274972471196,0,-0.2088879996334169,35,35,35,1,5.42515098040222,0.0949277151962562,5.34423795993916,5.349774998962563
2602,provo:54:32,54,32,value,value,208.0983606557377,5.3380108556931045,8.110804557800293,0.39713931765512667,5.15,-0.4208339473260926,5,0.0995277886748964,0,-0.2088879996334169,36,36,36,1,5.322697177259943,-0.007411967137735509,5.34542282283084,5.346833275573104
2603,provo:54:33,54,33,of,of,188.93333333333337,5.2413942191484155,0.2887062728404999,-1.2587212462938508,7.4,1.2261145092841956,2,-1.0866870944745504,0,-0.2088879996334169,37,37,37,1,5.292288070675939,-0.03736018233869842,5.278754401487114,5.272636133678151
2604,provo:54:34,54,34,these,these,216.23076923076923,5.376346213444995,5.05848503112793,-0.2490064284941312,6.04,0.2306256643997545,5,0.0995277886748964,0,-0.2088879996334169,38,38,38,1,5.384400695365359,0.054331060620410376,5.3220151528245845,5.3205790361143235
2605,provo:54:35,54,35,bonds,bonds,183.28571428571428,5.211046215560323,0.4402035772800445,-1.2266507707223075,4.27,-1.0649737881336725,5,0.0995277886748964,0,-0.2088879996334169,39,39,39,1,5.172626940373114,-0.1575212697486128,5.368567485308936,5.344699874132776
2606,provo:54:36,54,36,"plummeted,",plummeted,185.7710843373494,5.224515186374755,8.173274993896484,0.4103636888885175,2.91,-2.060462633018113,9,1.6811476328741586,0,-0.2088879996334169,40,41,41,2,5.140879634887662,-0.18981029277421335,5.414325479148968,5.40294666688047
2607,provo:54:37,54,37,and,and,157.51282051282053,5.059506855034281,1.0662901401519775,-1.094114459963931,7.41,1.2334342802024634,3,-0.6912821334247348,0,-0.2088879996334169,42,42,42,1,5.108286363468558,-0.22148178142723474,5.280988636461516,5.276990526524703
2608,provo:54:38,54,38,the,the,194.4047619047619,5.269942387121197,1.7301398515701294,-0.9535840654993365,7.73,1.4676669495870378,3,-0.6912821334247348,0,-0.2088879996334169,43,43,43,1,5.327123930738764,-0.0026300084391941425,5.272572395560391,5.272180015354617
2609,provo:54:39,54,39,market,market,223.24657534246575,5.408276879627597,6.3584113121032715,0.026175061982243033,5.29,-0.3183571544703416,6,0.49493274972471196,0,-0.2088879996334169,44,44,44,1,5.3942621848944015,0.06403891968843745,5.34423795993916,5.341875104861767
2610,provo:54:40,54,40,became,became,212.97222222222223,5.361161745102785,6.348647594451904,0.024108179871145326,5.15,-0.4208339473260926,6,0.49493274972471196,0,-0.2088879996334169,45,45,45,1,5.343471159976899,0.013241679769381953,5.347920065333403,5.344717382947637
2611,provo:54:41,54,41,wary,wary,211.3,5.353278924622011,12.710246086120604,1.3707954346562141,3.57,-1.5773577524124287,4,-0.2958771723749192,0,-0.2088879996334169,46,46,46,1,5.29885710416408,-0.031201845155574226,5.384480769777586,5.388773082838711
2612,provo:54:42,54,42,of,of,207.5,5.335131339670753,0.593027651309967,-1.1942994311981368,7.4,1.2261145092841956,2,-1.0866870944745504,0,-0.2088879996334169,47,47,47,1,5.386025191198277,0.056376938183639425,5.278754401487114,5.273435974067166
2613,provo:54:43,54,43,French,french,197.4923076923077,5.28569963518929,8.113607406616211,0.39773265292808196,5.09,-0.46475257283570065,6,0.49493274972471196,0,-0.2088879996334169,48,48,48,1,5.266433668466537,-0.06379847531307359,5.349498110502363,5.350585300450136
2614,provo:54:44,54,44,credit.,credit,202.21428571428572,5.309327955496641,8.019482612609863,0.3778073683296242,5.0,-0.5306305111001121,6,0.49493274972471196,1,4.7854341734200965,49,50,50,2,5.278610465705731,-0.048757031499550685,5.358084986996191,5.36231313645456
2615,provo:54:45,54,45,The,the,186.92307692307693,5.230697178873058,2.429734706878662,-0.805486778883237,7.73,1.4676669495870378,3,-0.6912821334247348,0,-0.2088879996334169,51,51,51,1,5.287878722490625,-0.04187521668733307,5.272572395560391,5.2740187432942625
2616,provo:54:46,54,46,French,french,217.04347826086956,5.3800976941201135,2.093296766281128,-0.8767073513890618,5.09,-0.46475257283570065,6,0.49493274972471196,0,-0.2088879996334169,52,52,52,1,5.360831727397361,0.03059958361775017,5.349498110502363,5.334762266167178
2617,provo:54:47,54,47,state,state,230.1428571428571,5.4387002341216615,6.23150634765625,-0.0006894593190576551,5.78,0.04031162052478801,5,0.0995277886748964,0,-0.2088879996334169,53,53,53,1,5.439928062455603,0.10984688556491218,5.328853348556749,5.328988233130026
2618,provo:54:48,54,48,was,was,207.6279069767442,5.3357475689275295,4.279052257537842,-0.4140046099307932,6.82,0.8015677960246546,3,-0.6912821334247348,0,-0.2088879996334169,54,54,54,1,5.369035824992615,0.039241488304562644,5.296506080622967,5.297520867957239
2619,provo:54:49,54,49,left,left,224.61111111111111,5.414370511744607,8.312183380126953,0.43976921543413655,5.62,-0.07680471416749925,4,-0.2958771723749192,0,-0.2088879996334169,55,55,55,1,5.413774229179628,0.08380628523985667,5.33056422650475,5.335218929727596
2620,provo:54:50,54,50,without,without,209.2,5.343290732190768,5.002621173858643,-0.2608322525674684,5.69,-0.02556631773962341,7,0.8903377107745275,0,-0.2088879996334169,56,56,56,1,5.337401674743959,0.007075830875453271,5.336214901315315,5.33263314237638
2621,provo:54:51,54,51,an,an,191.67857142857144,5.2558198620016245,4.654319763183594,-0.3345642039306409,6.53,0.589294439394884,2,-1.0866870944745504,0,-0.2088879996334169,57,57,57,1,5.283870680374577,-0.04581619443542451,5.301636056437049,5.301932365649367
2622,provo:54:52,54,52,easy,easy,157.74074074074073,5.060952803918885,5.8757171630859375,-0.07600649809141985,5.29,-0.3183571544703416,4,-0.2958771723749192,0,-0.2088879996334169,58,58,58,1,5.0516919225711385,-0.27829067101515115,5.339243474934036,5.335575369408548
2623,provo:54:53,54,53,way,way,254.6206896551724,5.539774946196214,1.1605826616287231,-1.0741536691248705,6.01,0.20866635164495045,3,-0.6912821334247348,0,-0.2088879996334169,59,59,59,1,5.551795550703596,0.22196525579227355,5.317809690403941,5.3059177514848255
2624,provo:54:54,54,54,of,of,209.41176470588235,5.34430247978986,2.81404709815979,-0.7241316603745696,7.4,1.2261145092841956,2,-1.0866870944745504,0,-0.2088879996334169,60,60,60,1,5.395196331317384,0.06554807830274623,5.278754401487114,5.279273424815167
2625,provo:54:55,54,55,raising,raising,193.6875,5.266246035547967,5.044493675231934,-0.25196825965763137,4.43,-0.9478574534413853,7,0.8903377107745275,0,-0.2088879996334169,61,61,61,1,5.227273964566953,-0.10310781431553018,5.369353849863497,5.35855465326317
2626,provo:54:56,54,56,money,money,260.13953488372096,5.561218159687971,2.04794979095459,-0.8863068559468043,5.64,-0.062165172330963664,5,0.0995277886748964,0,-0.2088879996334169,62,62,62,1,5.558770097629223,0.22868270573697913,5.3325354539509915,5.320860634223207
2628,provo:55:3,55,3,probably,probably,209.47368421052633,5.344598119112043,12.658021926879885,1.359740098527496,5.37,-0.2597989871241979,8,1.2857426718243432,0,-0.2088879996334169,2,2,2,1,5.327930119789219,-0.007031164341607443,5.351629283453651,5.3650142656479884
2629,provo:55:4,55,4,won,won,200.78333333333333,5.3022263830447525,6.010257244110107,-0.04752569839771358,5.2,-0.384235092734753,3,-0.6912821334247348,0,-0.2088879996334169,3,3,3,1,5.292979335994431,-0.03778702056812744,5.34001340361288,5.336846855066445
2630,provo:55:5,55,5,around,around,223.86666666666667,5.411050636535276,15.693943977355955,2.002414661729086,5.77,0.03299184960651957,6,0.49493274972471196,0,-0.2088879996334169,4,4,4,1,5.409638994577016,0.07594138396490813,5.335109252570368,5.358238721169093
2631,provo:55:6,55,6,half,half,208.578125,5.340313671296061,5.448513031005859,-0.1664413723792578,5.41,-0.2305199034511261,4,-0.2958771723749192,0,-0.2088879996334169,5,5,5,1,5.334203553142048,0.0024424068745725336,5.337871264421488,5.334295607727703
2632,provo:55:7,55,7,a,a,191.22222222222223,5.25343621887532,1.874575138092041,-0.9230085490226174,7.36,1.1968354256111238,1,-1.482092055524366,0,-0.2088879996334169,6,6,6,1,5.305656722697658,-0.025404002258818004,5.278840221134138,5.276969749888974
2633,provo:55:8,55,8,million,million,203.65217391304347,5.316413508788458,1.250710368156433,-1.0550745282701262,5.33,-0.2890780707972697,7,0.8903377107745275,0,-0.2088879996334169,7,7,7,1,5.301072161760448,-0.033044825350204476,5.349458334138663,5.334829141766288
2634,provo:55:9,55,9,"livres,",livres,248.78048780487805,5.5165709325680545,20.43268585205078,3.0055592793476498,2.48,-2.3752127825036347,6,0.49493274972471196,0,-0.2088879996334169,8,10,10,3,5.42877586638159,0.09799073184481166,5.418580200723243,5.436282845515429
2635,provo:55:11,55,11,large,large,288.2567567567568,5.663851599487648,14.288835525512695,1.7049671497293553,5.39,-0.24515944528766234,5,0.0995277886748964,0,-0.2088879996334169,11,11,11,1,5.6548394474419545,0.32228711921950914,5.341564480268139,5.359407833484057
2636,provo:55:12,55,12,"fortune,",fortune,224.72,5.414855182795988,14.185766220092772,1.683148400848812,4.3,-1.0430144753788684,7,0.8903377107745275,0,-0.2088879996334169,12,13,13,2,5.372469785021763,0.03926460653043762,5.375590576265551,5.387298472490397
2637,provo:55:13,55,13,which,which,232.13725490196077,5.44732881268731,6.754249095916748,0.10996999168774033,6.3,0.42093970827472094,5,0.0995277886748964,0,-0.2088879996334169,14,14,14,1,5.462209948194098,0.1288520414827321,5.318476771204578,5.3225836060527705
2638,provo:55:14,55,14,he,he,209.8,5.346154695962197,2.6906588077545166,-0.7502517366881116,6.69,0.7064107740871713,2,-1.0866870944745504,0,-0.2088879996334169,15,15,15,1,5.378406531926795,0.04713003822172013,5.2990246577404765,5.295563623001756
2639,provo:55:15,55,15,then,then,218.95833333333337,5.388881452963106,6.204947471618652,-0.006311709749997298,6.07,0.2525849771545585,4,-0.2958771723749192,0,-0.2088879996334169,16,16,16,1,5.400100532374629,0.06775512038991494,5.321126332573191,5.322818647865575
2640,provo:55:16,55,16,made,made,183.4406779661017,5.211891334389427,5.585305213928223,-0.13748382506830625,5.92,0.14278841338053905,4,-0.2958771723749192,0,-0.2088879996334169,17,17,17,1,5.219171959808783,-0.11304066451292272,5.32493199890235,5.324330906893284
2641,provo:55:17,55,17,even,even,227.41379310344828,5.426771235164941,9.632198333740234,0.7192032785056678,5.99,0.19402680980841489,4,-0.2958771723749192,0,-0.2088879996334169,18,18,18,1,5.435889805780643,0.10361521388286565,5.323156021282076,5.332825018488321
2642,provo:55:18,55,18,larger,larger,179.22857142857143,5.188661926607329,5.597201824188232,-0.1349654307632771,4.82,-0.6623863876289349,6,0.49493274972471196,0,-0.2088879996334169,19,19,19,1,5.162306742698675,-0.17054987938104205,5.359211805988371,5.352704963500132
2643,provo:55:19,55,19,in,in,155.70731707317074,5.047978072425337,3.912623882293701,-0.49157385976307005,7.27,1.1309574873467116,2,-1.0866870944745504,0,-0.2088879996334169,20,20,20,1,5.0954585971596495,-0.23633134217572582,5.284309414601063,5.286842019552734
2644,provo:55:20,55,20,a,a,173.72413793103448,5.157468626926081,4.229005813598633,-0.4245989453464144,7.36,1.1968354256111238,1,-1.482092055524366,0,-0.2088879996334169,21,21,21,1,5.209689130748419,-0.12137159420805688,5.278840221134138,5.28273397100655
2645,provo:55:21,55,21,series,series,210.02777777777777,5.3472397971021595,7.806947231292725,0.3328157377535176,5.35,-0.2744385289607342,6,0.49493274972471196,0,-0.2088879996334169,22,22,22,1,5.3348004839658305,0.0014746788101476227,5.345765118292012,5.347411452319963
2646,provo:55:22,55,22,of,of,202.82608695652175,5.312348897352295,0.0411691702902317,-1.3111223938242147,7.4,1.2261145092841956,2,-1.0866870944745504,0,-0.2088879996334169,23,23,23,1,5.363242748879818,0.031337726903168495,5.281011170449126,5.274738364602561
2647,provo:55:23,55,23,canny,canny,239.32394366197184,5.47781804700035,17.51555061340332,2.388030705119686,2.89,-2.0751021748546488,5,0.0995277886748964,0,-0.2088879996334169,24,25,25,2,5.403164995085201,0.07282579457957006,5.40499225242078,5.417795862432197
2648,provo:55:24,55,24,investments.,investments,220.9873417721519,5.398105422828274,8.225167274475098,0.4213487695987304,4.27,-1.0649737881336725,11,2.4719575549737898,1,4.7854341734200965,26,27,27,2,5.336336256811858,0.004152577148971659,5.393952845679302,5.393303773868151
2649,provo:55:25,55,25,Soon,soon,219.65573770491804,5.392061492115297,10.683749198913574,0.9418061588574725,5.32,-0.2963978417155375,4,-0.2958771723749192,0,-0.2088879996334169,28,28,28,1,5.383588301565984,0.051906827896313956,5.340154664218983,5.348930320761204
2650,provo:55:26,55,26,Voltaire,voltaire,222.73170731707316,5.405967940945378,21.05878257751465,3.1380977414258635,3.05,-1.9579858401623618,8,1.2857426718243432,0,-0.2088879996334169,29,30,30,2,5.3283851865436995,-0.004522315065923266,5.410490256011301,5.432434467885311
2651,provo:55:27,55,27,was,was,223.5581395348837,5.409671512372253,2.3509247303009033,-0.8221700686485643,6.82,0.8015677960246546,3,-0.6912821334247348,0,-0.2088879996334169,31,31,31,1,5.442959768437339,0.11075930511428478,5.298912207257969,5.295171534441877
2652,provo:55:28,55,28,a,a,179.76,5.191622627877074,4.459010601043701,-0.3759092148962027,7.36,1.1968354256111238,1,-1.482092055524366,0,-0.2088879996334169,32,32,32,1,5.243843131699411,-0.08721759325706469,5.278840221134138,5.283297078880876
2653,provo:55:29,55,29,very,very,220.08955223880596,5.394034519158629,6.395864009857178,0.0341034263372957,6.0,0.20134658072668266,4,-0.2958771723749192,0,-0.2088879996334169,33,33,33,1,5.403415653373808,0.0711322089651647,5.322902310193465,5.3246997289561095
2654,provo:55:30,55,30,rich,rich,220.5967741935484,5.39633648383646,2.9622373580932617,-0.6927612532988875,4.91,-0.5965084493645235,4,-0.2958771723749192,0,-0.2088879996334169,34,34,34,1,5.377098185708556,0.04577966498444308,5.3505568188520165,5.338306246392024
2655,provo:55:31,55,31,"man,",man,185.25641025641025,5.221740866850986,1.6144229173660278,-0.9780801918517856,5.82,0.06959070419785983,3,-0.6912821334247348,0,-0.2088879996334169,35,36,36,2,5.22877276296829,-0.10254244926803935,5.3242833161190255,5.313563695239973
2656,provo:55:32,55,32,rich,rich,233.19565217391303,5.451877810108334,7.477882862091064,0.2631560771213477,4.91,-0.5965084493645235,4,-0.2958771723749192,0,-0.2088879996334169,37,37,37,1,5.4326395119804305,0.10132099125631733,5.3505568188520165,5.349361649060879
2657,provo:55:33,55,33,enough,enough,218.70666666666668,5.387731410376175,1.7403892278671265,-0.9514143742736582,5.54,-0.13536288151364287,6,0.49493274972471196,0,-0.2088879996334169,38,38,38,1,5.3802808056299245,0.04678680276776426,5.340944607608411,5.328721930764544
2658,provo:55:34,55,34,to,to,176.56,5.173660761948481,0.3087247908115387,-1.254483524745314,7.43,1.2480738220389989,2,-1.0866870944745504,0,-0.2088879996334169,39,39,39,1,5.225342304274438,-0.10658927523481321,5.280250037183294,5.274787547172633
2659,provo:55:35,55,35,become,become,207.21621621621625,5.33376277091467,7.471330165863037,0.2617689363726321,5.4,-0.2378396743693939,6,0.49493274972471196,0,-0.2088879996334169,40,40,40,1,5.3226362757757295,-0.010733791934288917,5.344496562848959,5.345580014951862
2660,provo:55:36,55,36,a,a,152.88888888888889,5.02971144115707,1.9817997217178345,-0.9003101689916237,7.36,1.1968354256111238,1,-1.482092055524366,0,-0.2088879996334169,41,41,41,1,5.081931944979408,-0.2491287799770685,5.278840221134138,5.277232261848103
2661,provo:55:37,55,37,moneylender,moneylender,187.9277108433735,5.236057372093845,14.592856407165527,1.769325352631751,2.05,-2.6899629319891565,11,2.4719575549737898,0,-0.2088879996334169,42,44,44,3,5.125087537666209,-0.20936137378680186,5.445418745880647,5.445994755110982
2662,provo:55:38,55,38,to,to,199.08,5.293706753990353,7.001351833343506,0.16227918843301115,7.43,1.2480738220389989,2,-1.0866870944745504,0,-0.2088879996334169,45,45,45,1,5.34538829631631,0.013456716807058733,5.280250037183294,5.2911727321483255
2663,provo:55:39,55,39,the,the,209.48979591836735,5.344675031342407,2.5586953163146973,-0.7781870979423123,7.73,1.4676669495870378,3,-0.6912821334247348,0,-0.2088879996334169,46,46,46,1,5.401856574959974,0.06885053314799983,5.275824498194408,5.2773024872473515
2664,provo:55:40,55,40,powerful,powerful,210.0704225352113,5.347442819907534,9.444809913635254,0.6795350100067715,4.85,-0.6404270748741315,8,1.2857426718243432,0,-0.2088879996334169,47,47,47,1,5.3171215134118635,-0.017379440153866277,5.3648222600614,5.367649092613852
2665,provo:55:41,55,41,and,and,207.83333333333337,5.336736476451981,2.9797329902648926,-0.6890576016316533,7.41,1.2334342802024634,3,-0.6912821334247348,0,-0.2088879996334169,48,48,48,1,5.385515984886258,0.05279322342203585,5.283943253029945,5.284795785323638
2666,provo:55:42,55,42,"famous,",famous,214.55714285714285,5.368576103156221,7.944091796875,0.36184788097578485,4.84,-0.6477468457923993,6,0.49493274972471196,0,-0.2088879996334169,49,50,50,2,5.342746046446523,0.009871719345071028,5.35870438381115,5.358046817195178
2667,provo:55:43,55,43,rich,rich,242.6,5.49141399650995,6.680283069610596,0.09431211811334814,4.91,-0.5965084493645235,4,-0.2958771723749192,0,-0.2088879996334169,51,51,51,1,5.472175698382046,0.14085717765793326,5.3505568188520165,5.347408930038392
2668,provo:55:44,55,44,enough,enough,233.6769230769231,5.453939490742382,0.0306802690029144,-1.3133427901127932,5.54,-0.13536288151364287,6,0.49493274972471196,0,-0.2088879996334169,52,52,52,1,5.446488885996131,0.11299488313397088,5.340944607608411,5.324536145815292
2669,provo:55:45,55,45,that,that,186.65217391304347,5.229246852295411,5.534156322479248,-0.14831153767873395,7.01,0.9406434434717452,4,-0.2958771723749192,0,-0.2088879996334169,53,53,53,1,5.26514691005785,-0.06803063794838682,5.297277490243798,5.3021928081349
2670,provo:55:46,55,46,he,he,216.69444444444449,5.378488271132203,0.8168187737464905,-1.1469250719527364,6.69,0.7064107740871713,2,-1.0866870944745504,0,-0.2088879996334169,54,54,54,1,5.410740107096801,0.07946361339172636,5.2990246577404765,5.290976005108669
2671,provo:55:47,55,47,no,no,220.73684210526315,5.396971232295424,9.617022514343262,0.7159907081761212,6.35,0.45753856286606054,2,-1.0866870944745504,0,-0.2088879996334169,55,55,55,1,5.420295905877777,0.08932039754218923,5.307650834753235,5.319387453393792
2672,provo:55:48,55,48,longer,longer,220.36206896551724,5.395271961585295,0.151512861251831,-1.287763729730821,5.16,-0.4135141764078248,6,0.49493274972471196,0,-0.2088879996334169,56,56,56,1,5.377843940058887,0.044686332609682466,5.350585628975613,5.33250618638081
2673,provo:55:49,55,49,had,had,205.6071428571429,5.325967274500606,2.3024392127990723,-0.8324339714313139,6.33,0.442899021029525,3,-0.6912821334247348,0,-0.2088879996334169,57,57,57,1,5.346389914191278,0.014623223900719573,5.311344050599886,5.304948525611933
2674,provo:55:50,55,50,to,to,201.575,5.306161520571085,0.4398647248744964,-1.2267225024130772,7.43,1.2480738220389989,2,-1.0866870944745504,0,-0.2088879996334169,58,58,58,1,5.357843062897042,0.025911483387790923,5.280250037183294,5.27510860974846
2675,provo:55:51,55,51,stake,stake,210.04166666666663,5.347305923734686,14.730907440185549,1.7985493860128967,4.15,-1.1528110391528874,5,0.0995277886748964,0,-0.2088879996334169,59,59,59,1,5.305735885353743,-0.025718731521163107,5.373024655255849,5.385532301802914
2676,provo:55:52,55,52,his,his,183.5681818181818,5.212586161524035,1.1433985233306885,-1.0777913806309856,6.51,0.5746548975583479,3,-0.6912821334247348,0,-0.2088879996334169,60,60,60,1,5.2377349460053075,-0.0941910894808613,5.306777251004896,5.298475757560435
2677,provo:55:53,55,53,financial,financial,208.76923076923077,5.341229482933278,8.40470027923584,0.45935412464293707,5.08,-0.4720723437539684,9,1.6811476328741586,0,-0.2088879996334169,61,61,61,1,5.314570232532872,-0.02094321575950886,5.3621726986927865,5.36352278399196
2678,provo:55:54,55,54,well-being,well-being,183.7,5.21330399222108,9.849435806274414,0.765190295118966,5.69,-0.02556631773962341,10,2.0765525939239744,0,-0.2088879996334169,62,64,64,3,5.200284214696096,-0.13657812373589273,5.349882115956973,5.357805770110384
2679,provo:55:55,55,55,on,on,192.68965517241375,5.261080890390378,1.920548439025879,-0.9132764575507838,6.91,0.8674457342890659,2,-1.0866870944745504,0,-0.2088879996334169,65,65,65,1,5.299109125543488,-0.03236212340066569,5.293443013791044,5.289235239449068
2680,provo:55:56,55,56,that,that,218.8928571428571,5.388582373310528,7.197826862335205,0.20387100183858242,7.01,0.9406434434717452,4,-0.2958771723749192,0,-0.2088879996334169,66,66,66,1,5.424482431072967,0.09130488306673001,5.297277490243798,5.306265879794342
2681,provo:55:57,55,57,most,most,214.5,5.368309738368072,10.731630325317385,0.9519421180440213,6.0,0.20134658072668266,4,-0.2958771723749192,0,-0.2088879996334169,67,67,67,1,5.37769087258325,0.045407428174606856,5.322902310193465,5.335314743454708
2682,provo:55:58,55,58,unreliable,unreliable,220.74358974358975,5.397001800528308,15.298511505126951,1.918705532462856,3.53,-1.6066368360855003,10,2.0765525939239744,0,-0.2088879996334169,68,68,68,1,5.327268285516115,-0.0076819105685457245,5.404683711096854,5.414768279416817
2683,provo:55:59,55,59,and,and,196.63636363636363,5.281356153154688,4.005863189697266,-0.4718360238889876,7.41,1.2334342802024634,3,-0.6912821334247348,0,-0.2088879996334169,69,69,69,1,5.330135661588964,-0.0025870998752575147,5.283943253029945,5.287308002577041
2684,provo:55:60,55,60,detestable,detestable,250.9367088607595,5.525200751401902,10.905539512634276,0.988756966757973,2.47,-2.3825325534219024,10,2.0765525939239744,0,-0.2088879996334169,70,72,72,3,5.4276354948450605,0.09362366491232876,5.431577086489574,5.42542022632717
