text_id,word_position,FFD,TRT,word,word_clean,zipf_freq,log_unigram_freq,word_length,log_FFD,log_TRT,corpus,primary_RT,log_primary_RT,row_uid,surprisal,hidden_row_idx,token_ids_str,n_tokens,start_token_idx,end_token_idx,hidden_token_idx
1,2,182.41666666666663,220.8452380952381,are,are,6.74,-2.259637302609493,3,5.206293447734862,5.397462176095059,provo,182.41666666666663,5.206293447734862,provo:1:2,,0,[533],1,0,0,0
1,3,182.76666666666668,186.5952380952381,now,now,6.18,-2.8210230239456076,3,5.208210293741893,5.228941768769496,provo,182.76666666666668,5.208210293741893,provo:1:3,9.602639198303223,1,[783],1,1,1,1
1,4,193.53333333333333,363.4166666666667,rumblings,rumblings,2.59,-6.409938769196257,9,5.26544976292242,5.895550018054766,provo,193.53333333333333,5.26544976292242,provo:1:4,21.732053756713867,2,"[374, 2178, 17783]",3,2,4,4
1,5,209.7962962962963,200.96428571428572,that,that,7.01,-1.9913998239802937,4,5.3461370423092145,5.303127209258075,provo,209.7962962962963,5.3461370423092145,provo:1:5,1.4818065166473389,3,[326],1,5,5,5
1,6,198.56521739130432,201.6547619047619,Apple,apple,4.76,-4.2403314000162755,5,5.291117597255849,5.306557135743068,provo,198.56521739130432,5.291117597255849,provo:1:6,8.228249549865723,4,[4196],1,6,6,6
1,7,223.8904109589041,259.14285714285717,might,might,5.66,-3.340083704898545,5,5.411156695349067,5.557379481619769,provo,223.8904109589041,5.411156695349067,provo:1:7,4.204497814178467,5,[1244],1,7,7,7
1,8,204.0,188.3809523809524,soon,soon,5.32,-3.6798535060925928,4,5.318119993844216,5.23846625501918,provo,204.0,5.318119993844216,provo:1:8,4.537541389465332,6,[2582],1,8,8,8
1,9,216.35064935064935,270.29761904761904,invade,invade,3.61,-5.390394920279776,6,5.376900468056033,5.5995236446887375,provo,216.35064935064935,5.376900468056033,provo:1:9,14.264548301696777,7,[30419],1,9,9,9
1,10,199.79310344827587,79.55952380952381,the,the,7.73,-1.2700257134917023,3,5.297282348342821,4.376505468667757,provo,199.79310344827587,5.297282348342821,provo:1:10,1.1605758666992188,8,[262],1,10,10,10
1,11,241.3,332.89285714285717,smart,smart,4.83,-4.170052661611381,5,5.4860409726309864,5.807820687885953,provo,241.3,5.4860409726309864,provo:1:11,9.46038818359375,9,[4451],1,11,11,11
1,12,243.9857142857143,361.07142857142856,watch,watch,5.34,-3.659555686851944,5,5.497109675569833,5.889075801839313,provo,243.9857142857143,5.497109675569833,provo:1:12,6.052783012390137,10,[2342],1,12,12,12
1,13,235.49333333333337,298.07142857142856,"space,",space,5.23,-3.769550823154459,5,5.461682604492437,5.697333150976294,provo,235.49333333333337,5.461682604492437,provo:1:13,8.489280700683594,11,"[2272, 11]",2,13,14,14
1,14,238.17910447761193,283.26190476190476,though,though,5.5,-3.5003127799466554,6,5.47302293047726,5.646371928193158,provo,238.17910447761193,5.47302293047726,provo:1:14,6.064347743988037,12,[996],1,15,15,15
1,15,190.9189189189189,94.39285714285714,the,the,7.73,-1.2700257134917023,3,5.251848829639571,4.547465404429086,provo,190.9189189189189,5.251848829639571,provo:1:15,3.118356466293335,13,[262],1,16,16,16
1,16,201.21052631578948,240.20238095238096,company,company,5.6,-3.40011681880711,7,5.304351754529972,5.481481821971364,provo,201.21052631578948,5.304351754529972,provo:1:16,2.0776045322418213,14,[1664],1,17,17,17
1,17,139.05263157894737,73.3452380952381,is,is,7.07,-1.9318141345419195,2,4.93485250591583,4.295177582171257,provo,139.05263157894737,4.93485250591583,provo:1:17,3.3922338485717773,15,[318],1,18,18,18
1,18,173.04819277108433,333.60714285714283,maintaining,maintaining,4.25,-4.749577557841319,11,5.153570126635225,5.809964081697645,provo,173.04819277108433,5.153570126635225,provo:1:18,10.76820182800293,16,[10941],1,19,19,19
1,19,180.8048780487805,114.70238095238096,its,its,6.14,-2.86012088212815,3,5.197418427952412,4.7423407820051535,provo,180.8048780487805,5.197418427952412,provo:1:19,3.440037250518799,17,[663],1,20,20,20
1,20,212.47560975609755,492.3809523809524,customary,customary,3.53,-5.469787490939204,9,5.358827204158652,6.199252710338997,provo,212.47560975609755,5.358827204158652,provo:1:20,14.033546447753906,18,[33093],1,21,21,21
1,21,213.48,275.5,silence.,silence,4.46,-4.5406060042764365,7,5.363543151465744,5.6185876285929695,provo,213.48,5.363543151465744,provo:1:21,5.338743209838867,19,"[9550, 13]",2,22,23,23
1,22,190.8125,38.154761904761905,The,the,7.73,-1.2700257134917023,3,5.251291270495097,3.641650570511457,provo,190.8125,5.251291270495097,provo:1:22,3.951192617416382,20,[383],1,24,24,24
1,23,237.72972972972977,314.0,watch,watch,5.34,-3.659555686851944,5,5.471134439030427,5.749392985908253,provo,237.72972972972977,5.471134439030427,provo:1:23,8.03944206237793,21,[2342],1,25,25,25
1,24,201.9078947368421,245.3809523809524,doesn't,doesn't,5.53,-3.4698001736864703,7,5.3078116267675055,5.502811910604802,provo,201.9078947368421,5.3078116267675055,provo:1:24,7.980283260345459,22,"[1595, 470]",2,26,27,27
1,25,203.59615384615384,150.39285714285714,have,have,6.71,-2.2898826264224046,4,5.316138393761952,5.013250917986724,provo,203.59615384615384,5.316138393761952,provo:1:25,3.1285831928253174,23,[423],1,28,28,28
1,26,178.52173913043478,51.285714285714285,a,a,7.36,-1.6401645157636295,1,5.1847103816497295,3.9374122394329656,provo,178.52173913043478,5.1847103816497295,provo:1:26,1.4793815612792969,24,[257],1,29,29,29
1,27,214.725,296.3809523809524,microphone,microphone,3.72,-5.27983242439698,10,5.369358139652288,5.691645628134805,provo,214.725,5.369358139652288,provo:1:27,11.4409818649292,25,[21822],1,30,30,30
1,28,213.875,65.38095238095238,or,or,6.54,-2.4596705126934353,2,5.365391732212357,4.180230968044548,provo,213.875,5.365391732212357,provo:1:28,3.372757911682129,26,[393],1,31,31,31
1,29,216.97260273972603,253.1190476190476,"speaker,",speaker,4.49,-4.5100401150936795,7,5.379771090914029,5.533859922005237,provo,216.97260273972603,5.379771090914029,provo:1:29,4.979387283325195,27,"[10834, 11]",2,32,33,33
1,30,202.0,83.52380952380952,but,but,6.63,-2.369572114804145,3,5.308267697401205,4.425131735208705,provo,202.0,5.308267697401205,provo:1:30,1.687007188796997,28,[475],1,34,34,34
1,31,201.17777777777775,118.60714285714286,you,you,6.98,-2.0199966238686677,3,5.304188983705121,4.775816711201543,provo,201.17777777777775,5.304188983705121,provo:1:31,6.07626485824585,29,[345],1,35,35,35
1,32,190.28571428571428,151.4404761904762,can,can,6.46,-2.5406074971611,3,5.248526702045021,5.020192651312898,provo,190.28571428571428,5.248526702045021,provo:1:32,0.4079093933105469,30,[460],1,36,36,36
1,33,184.26666666666668,111.54761904761904,use,use,5.81,-3.1897674147766732,3,5.2163839837853505,4.714451576389155,provo,184.26666666666668,5.2163839837853505,provo:1:33,3.9748916625976562,31,[779],1,37,37,37
1,34,208.3703703703704,100.11904761904762,it,it,6.95,-2.0501222910888885,2,5.339317123045473,4.60635995412368,provo,208.3703703703704,5.339317123045473,provo:1:34,2.203803062438965,32,[340],1,38,38,38
1,35,187.7450980392157,126.67857142857144,to,to,7.43,-1.5702477183831145,2,5.235085181324521,4.841652944598418,provo,187.7450980392157,5.235085181324521,provo:1:35,0.6706260442733765,33,[284],1,39,39,39
1,36,180.93150684931507,211.1547619047619,control,control,5.4,-3.6003261054933065,7,5.198118544451573,5.352591333362272,provo,180.93150684931507,5.198118544451573,provo:1:36,6.55855131149292,34,[1630],1,40,40,40
1,37,159.2,66.48809523809524,the,the,7.73,-1.2700257134917023,3,5.0701612734102826,4.197022912659987,provo,159.2,5.0701612734102826,provo:1:37,1.6115421056747437,35,[262],1,41,41,41
1,38,214.4857142857143,209.57142857142856,music,music,5.52,-3.480171875017509,5,5.3682431360835885,5.345064629087669,provo,214.4857142857143,5.3682431360835885,provo:1:38,5.822147846221924,36,[2647],1,42,42,42
1,39,218.20689655172413,82.97619047619048,on,on,6.91,-2.089909449064056,2,5.385443679461016,4.418553704911256,provo,218.20689655172413,5.385443679461016,provo:1:39,4.693742275238037,37,[319],1,43,43,43
1,40,207.23076923076923,159.41666666666666,your,your,6.53,-2.4698002889858715,4,5.333832999508773,5.071521319652253,provo,207.23076923076923,5.333832999508773,provo:1:40,0.9076159000396729,38,[534],1,44,44,44
1,41,194.5,122.51190476190476,phone.,phone,5.3,-3.698969787188832,5,5.270432163058501,4.808208206992778,provo,194.5,5.270432163058501,provo:1:41,4.905994415283203,39,"[3072, 13]",2,45,46,46
1,42,206.28125,103.45238095238096,You,you,6.98,-2.0199966238686677,3,5.329240528889044,4.639111419416124,provo,206.28125,5.329240528889044,provo:1:42,4.896570205688477,40,[921],1,47,47,47
1,43,226.47272727272727,194.1309523809524,can,can,6.46,-2.5406074971611,3,5.422624528281363,5.268532943617964,provo,226.47272727272727,5.422624528281363,provo:1:43,0.3772149980068207,41,[460],1,48,48,48
1,44,205.0,207.3809523809524,glance,glance,3.91,-5.0899041125632385,6,5.3230099791384085,5.33455745156318,provo,205.0,5.3230099791384085,provo:1:44,12.521197319030762,42,[16086],1,49,49,49
1,45,170.6086956521739,54.94047619047619,at,at,6.7,-2.300162265464202,2,5.139372604756104,4.006250348093639,provo,170.6086956521739,5.139372604756104,provo:1:45,1.3736519813537598,43,[379],1,50,50,50
1,46,207.74468085106383,126.77380952380952,the,the,7.73,-1.2700257134917023,3,5.336309829802792,4.84240447117207,provo,207.74468085106383,5.336309829802792,provo:1:46,1.9047114849090576,44,[262],1,51,51,51
1,47,219.83928571428572,192.6904761904762,watch,watch,5.34,-3.659555686851944,5,5.392896759912466,5.261085151212334,provo,219.83928571428572,5.392896759912466,provo:1:47,4.138535976409912,45,[2342],1,52,52,52
1,48,211.734375,214.1071428571429,face,face,5.45,-3.549750737675531,4,5.355332540963042,5.36647655728641,provo,211.734375,5.355332540963042,provo:1:48,3.40095853805542,46,[1986],1,53,53,53
1,49,226.57142857142856,108.60714285714286,to,to,7.43,-1.5702477183831145,2,5.4230602531394805,4.687737177502161,provo,226.57142857142856,5.4230602531394805,provo:1:49,3.606754779815674,47,[284],1,54,54,54
1,50,237.4032258064516,245.76190476190476,view,view,5.19,-3.80966802163981,4,5.469760070147495,5.5043632004253045,provo,237.4032258064516,5.469760070147495,provo:1:50,7.726140975952148,48,[1570],1,55,55,55
1,51,210.41176470588235,98.01190476190476,the,the,7.73,-1.2700257134917023,3,5.349066395202802,4.5850889484551125,provo,210.41176470588235,5.349066395202802,provo:1:51,2.8659887313842773,49,[262],1,56,56,56
1,52,229.80555555555551,249.75,artist,artist,4.8,-4.199969952492573,6,5.437233540734073,5.520460417528663,provo,229.80555555555551,5.437233540734073,provo:1:52,11.162458419799805,50,[6802],1,57,57,57
1,53,172.3548387096774,68.51190476190476,and,and,7.41,-1.5900668749788436,3,5.149555367472625,4.227007522312669,provo,172.3548387096774,5.149555367472625,provo:1:53,4.499797344207764,51,[290],1,58,58,58
1,54,229.55384615384617,291.3809523809524,title,title,5.1,-3.8996291102044136,5,5.436137625744784,5.674631525739118,provo,229.55384615384617,5.436137625744784,provo:1:54,8.306625366210938,52,[3670],1,59,59,59
1,55,189.17857142857144,163.16666666666666,of,of,7.4,-1.600326276788705,2,5.2426913913693225,5.094772173302455,provo,189.17857142857144,5.2426913913693225,provo:1:55,2.5478439331054688,53,[286],1,60,60,60
1,56,189.36111111111111,88.73809523809524,a,a,7.36,-1.6401645157636295,1,5.243655832906676,4.48568928119589,provo,189.36111111111111,5.243655832906676,provo:1:56,2.935771942138672,54,[257],1,61,61,61
1,57,266.078431372549,265.0952380952381,song.,song,5.26,-3.739928373391649,4,5.583791120104589,5.5800891504600845,provo,266.078431372549,5.583791120104589,provo:1:57,3.133129119873047,55,"[3496, 13]",2,62,63,63
2,2,197.37313432835825,240.1190476190476,days,days,5.61,-3.3904054840685323,4,5.285096020109894,5.481134832104944,provo,197.37313432835825,5.285096020109894,provo:2:2,,56,[12545],1,0,0,0
2,3,178.3728813559322,168.01190476190476,"later,",later,5.49,-3.510041380026812,5,5.183876198254464,5.124034838570694,provo,178.3728813559322,5.183876198254464,provo:2:3,12.760391235351562,57,"[1568, 11]",2,1,2,2
2,4,169.7906976744186,97.51190476190476,the,the,7.73,-1.2700257134917023,3,5.134566488362523,4.579974470672289,provo,169.7906976744186,5.134566488362523,provo:2:4,3.3943238258361816,58,[262],1,3,3,3
2,5,200.02857142857144,205.1190476190476,British,british,5.18,-3.821022765094686,7,5.298460213487784,5.323590530678661,provo,200.02857142857144,5.298460213487784,provo:2:5,10.191926002502441,59,[3517],1,4,4,4
2,6,243.40963855421683,371.1309523809524,astronomer,astronomer,3.16,-5.838602047454203,10,5.494745779416944,5.916554971704923,provo,243.40963855421683,5.494745779416944,provo:2:6,13.640241622924805,60,[47603],1,5,5,5
2,7,230.52631578947367,266.01190476190476,Richard,richard,4.79,-4.209714132086483,7,5.440365024204051,5.5835410625242385,provo,230.52631578947367,5.440365024204051,provo:2:7,6.270811557769775,61,[6219],1,6,6,6
2,8,226.67105263157896,305.14285714285717,Carrington,carrington,3.14,-5.860089444124317,10,5.423499859160038,5.720780051024772,provo,226.67105263157896,5.423499859160038,provo:2:8,9.879965782165527,62,"[1879, 24833]",2,7,8,8
2,9,204.41666666666663,104.4047619047619,was,was,6.82,-2.1797985339440955,3,5.320160394470489,4.648275286522915,provo,204.41666666666663,5.320160394470489,provo:2:9,4.167381763458252,63,[373],1,9,9,9
2,10,228.1139240506329,379.0119047619048,observing,observing,3.75,-5.250255956839869,9,5.42984517105125,5.937567615570391,provo,228.1139240506329,5.42984517105125,provo:2:10,9.575759887695312,64,[21769],1,10,10,10
2,11,211.06451612903223,90.41666666666669,the,the,7.73,-1.2700257134917023,3,5.352163850384592,4.504428616186559,provo,211.06451612903223,5.352163850384592,provo:2:11,1.5728793144226074,65,[262],1,11,11,11
2,12,233.025,503.4761904761905,interesting,interesting,5.0,-3.999999565705735,11,5.451145743947221,6.221536423009104,provo,233.025,5.451145743947221,provo:2:12,16.67276954650879,66,[3499],1,12,12,12
2,13,215.55844155844156,281.5595238095238,sunspot,sunspot,2.55,-6.449649327698385,7,5.37323206330471,5.640343877480949,provo,215.55844155844156,5.37323206330471,provo:2:13,12.051689147949219,67,"[4252, 20485]",2,13,14,14
2,14,232.72602739726028,276.20238095238096,group,group,5.57,-3.4294569433722897,5,5.449861913633524,5.621133861330437,provo,232.72602739726028,5.449861913633524,provo:2:14,9.620888710021973,68,[1448],1,15,15,15
2,15,174.84146341463415,393.67857142857144,through,through,5.87,-3.130181733411434,7,5.163879639982015,5.975534767788112,provo,174.84146341463415,5.163879639982015,provo:2:15,10.078136444091797,69,[832],1,16,16,16
2,16,186.02380952380952,119.98809523809524,his,his,6.51,-2.4894549763892373,3,5.225874673713376,4.787392531511564,provo,186.02380952380952,5.225874673713376,provo:2:16,3.0507421493530273,70,[465],1,17,17,17
2,17,219.91176470588235,239.82142857142856,telescope,telescope,3.75,-5.250255956839869,9,5.393226396383755,5.479894598782134,provo,219.91176470588235,5.393226396383755,provo:2:17,1.1902055740356445,71,[24344],1,18,18,18
2,18,208.6904761904762,128.0952380952381,when,when,6.37,-2.6307841240302645,4,5.340852179071967,4.8527740348724615,provo,208.6904761904762,5.340852179071967,provo:2:18,5.838540554046631,72,[618],1,19,19,19
2,19,209.88888888888889,99.52380952380952,he,he,6.69,-2.3098039111083337,2,5.34657829016529,4.600396907235433,provo,209.88888888888889,5.34657829016529,provo:2:19,0.6569235324859619,73,[339],1,20,20,20
2,20,190.11111111111111,120.88095238095238,saw,saw,5.34,-3.659555686851944,3,5.247608696555974,4.794806196664026,provo,190.11111111111111,5.247608696555974,provo:2:20,3.0601141452789307,74,[2497],1,21,21,21
2,21,179.54716981132074,144.67857142857142,what,what,6.38,-2.619788740192791,4,5.190437957870726,4.974514533027486,provo,179.54716981132074,5.190437957870726,provo:2:21,5.98159646987915,75,[644],1,22,22,22
2,22,214.07692307692307,82.97619047619048,he,he,6.69,-2.3098039111083337,2,5.366335404064354,4.418553704911256,provo,214.07692307692307,5.366335404064354,provo:2:22,1.5066581964492798,76,[339],1,23,23,23
2,23,208.0506329113924,346.4166666666667,described,described,5.0,-3.999999565705735,9,5.337781477536279,5.847642289464638,provo,208.0506329113924,5.337781477536279,provo:2:23,4.2221198081970215,77,[3417],1,24,24,24
2,24,181.54545454545453,62.57142857142857,as,as,6.77,-2.2298846978394775,2,5.201506060617445,4.136308761321133,provo,181.54545454545453,5.201506060617445,provo:2:24,0.0740470364689827,78,[355],1,25,25,25
2,25,218.36065573770492,196.1428571428571,"""two",two,6.1,-2.8996294204146222,3,5.386148079921069,5.2788432567126575,provo,218.36065573770492,5.386148079921069,provo:2:25,9.28720474243164,79,"[366, 11545]",2,26,27,27
2,26,212.62857142857143,253.3095238095238,patches,patches,3.86,-5.140255435301712,7,5.359546847417154,5.534612155232998,provo,212.62857142857143,5.359546847417154,provo:2:26,10.620054244995117,80,[16082],1,28,28,28
2,27,171.11764705882354,39.54761904761905,of,of,7.4,-1.600326276788705,2,5.142351314438986,3.6775054913299265,provo,171.11764705882354,5.142351314438986,provo:2:27,0.48656708002090454,81,[286],1,29,29,29
2,28,247.26666666666668,350.5952380952381,intensely,intensely,3.52,-5.480158885743263,9,5.510467376387381,5.859632390236419,provo,247.26666666666668,5.510467376387381,provo:2:28,11.419721603393555,82,[31146],1,30,30,30
2,29,210.1304347826087,216.22619047619048,bright,bright,4.61,-4.390404523713482,6,5.347728455915934,5.37632503790613,provo,210.1304347826087,5.347728455915934,provo:2:29,1.4636807441711426,83,[6016],1,31,31,31
2,30,147.55882352941177,75.28571428571429,and,and,7.41,-1.5900668749788436,3,4.994226899868091,4.321290399486049,provo,147.55882352941177,4.994226899868091,provo:2:30,5.393322467803955,84,[290],1,32,32,32
2,31,198.98529411764707,228.53571428571428,white,white,5.51,-3.4894548557519016,5,5.293230923087537,5.431692496964256,provo,198.98529411764707,5.293230923087537,provo:2:31,6.437377452850342,85,[2330],1,33,33,33
2,32,160.98611111111111,210.70238095238096,"light""",light,5.33,-3.6695860237095097,5,5.08131809487269,5.35044662094744,provo,160.98611111111111,5.08131809487269,provo:2:32,5.3148908615112305,86,"[1657, 1]",2,34,35,35
2,33,196.21428571428572,170.9404761904762,over,over,6.08,-2.9208187177611697,4,5.279207356480016,5.141315403451063,provo,196.21428571428572,5.279207356480016,provo:2:33,5.680197715759277,87,[625],1,36,36,36
2,34,203.7173913043478,145.17857142857142,the,the,7.73,-1.2700257134917023,3,5.316733696634729,4.977964511806707,provo,203.7173913043478,5.316733696634729,provo:2:34,0.9460139870643616,88,[262],1,37,37,37
2,35,215.9189189189189,292.4642857142857,sunspots.,sunspots,2.49,-6.509900994936695,8,5.374902961837817,5.678342559094984,provo,215.9189189189189,5.374902961837817,provo:2:35,14.605733871459961,89,"[4252, 2777, 1747, 13]",4,38,41,41
2,36,206.24242424242425,109.97619047619048,He,he,6.69,-2.3098039111083337,2,5.329052293594371,4.7002638921472375,provo,206.24242424242425,5.329052293594371,provo:2:36,4.027768611907959,90,[679],1,42,42,42
2,37,228.34666666666664,330.20238095238096,jotted,jotted,2.24,-6.759201228882668,6,5.430864942049827,5.799705742097163,provo,228.34666666666664,5.430864942049827,provo:2:37,15.142406463623047,91,"[474, 8426]",2,43,44,44
2,38,212.73076923076923,80.27380952380952,a,a,7.36,-1.6401645157636295,1,5.360027371973196,4.385443409891268,provo,212.73076923076923,5.360027371973196,provo:2:38,8.038865089416504,92,[257],1,45,45,45
2,39,245.7076923076923,226.4404761904762,note,note,5.04,-3.958606920028789,4,5.504142586760672,5.4224821121095275,provo,245.7076923076923,5.504142586760672,provo:2:39,5.8163018226623535,93,[3465],1,46,46,46
2,40,198.5,86.4047619047619,in,in,7.27,-1.730487053447167,2,5.290789100127245,4.459042788929702,provo,198.5,5.290789100127245,provo:2:40,3.965139150619507,94,[287],1,47,47,47
2,41,199.64102564102564,109.16666666666669,his,his,6.51,-2.4894549763892373,3,5.296520882040754,4.692875766407197,provo,199.64102564102564,5.296520882040754,provo:2:41,1.2827036380767822,95,[465],1,48,48,48
2,42,217.53846153846155,416.5595238095238,painstaking,painstaking,2.93,-6.070019409484486,11,5.382375669554927,6.032029365704201,provo,217.53846153846155,5.382375669554927,provo:2:42,19.637210845947266,96,[41250],1,49,49,49
2,43,219.4126984126984,203.04761904761904,record.,record,5.21,-3.7904847173744383,6,5.390954424072825,5.313440528122257,provo,219.4126984126984,5.390954424072825,provo:2:43,16.573863983154297,97,"[1700, 13]",2,50,51,51
2,44,199.0,137.14285714285714,That,that,7.01,-1.9913998239802937,4,5.293304824724492,4.9210231354065685,provo,199.0,5.293304824724492,provo:2:44,8.117658615112305,98,[1320],1,52,52,52
2,45,234.27142857142857,261.2738095238095,night,night,5.61,-3.3904054840685323,5,5.456480394294086,5.565568936059545,provo,234.27142857142857,5.456480394294086,provo:2:45,4.305603504180908,99,[1755],1,53,53,53
2,46,190.34920634920636,181.02380952380952,there,there,6.31,-2.6903698112851564,5,5.248860313390901,5.198628566945068,provo,190.34920634920636,5.248860313390901,provo:2:46,8.90965461730957,100,[612],1,54,54,54
2,47,164.8913043478261,126.57142857142856,was,was,6.82,-2.1797985339440955,3,5.105286495293537,4.840806801549768,provo,164.8913043478261,5.105286495293537,provo:2:47,1.03662109375,101,[373],1,55,55,55
2,48,220.8571428571429,377.8333333333333,scarcely,scarcely,3.33,-5.669565932990288,8,5.397516080092054,5.934453181279474,provo,220.8571428571429,5.397516080092054,provo:2:48,10.77296257019043,102,[32335],1,56,56,56
2,49,184.43478260869568,67.21428571428571,a,a,7.36,-1.6401645157636295,1,5.217295919195478,4.207885809970121,provo,184.43478260869568,5.217295919195478,provo:2:49,1.2010297775268555,103,[257],1,57,57,57
2,50,218.7323943661972,343.2261904761905,square,square,4.84,-4.159893277950514,6,5.387849039101417,5.838389677278463,provo,218.7323943661972,5.387849039101417,provo:2:50,11.926061630249023,104,[6616],1,58,58,58
2,51,191.0185185185185,175.86904761904762,inch,inch,4.49,-4.5100401150936795,4,5.252370378941078,5.169739670478294,provo,191.0185185185185,5.252370378941078,provo:2:51,1.7239949703216553,105,[11111],1,59,59,59
2,52,226.6,84.83333333333333,of,of,7.4,-1.600326276788705,2,5.423186348593906,4.440688547322468,provo,226.6,5.423186348593906,provo:2:52,0.347693532705307,106,[286],1,60,60,60
2,53,228.1129032258065,200.45238095238096,earth,earth,5.06,-3.939301781999177,5,5.429840695975408,5.3005767170542955,provo,228.1129032258065,5.429840695975408,provo:2:53,8.666948318481445,107,[4534],1,61,61,61
2,54,205.54054054054055,110.35714285714286,that,that,7.01,-1.9913998239802937,4,5.325643292049169,4.7037218597165875,provo,205.54054054054055,5.325643292049169,provo:2:54,5.953401565551758,108,[326],1,62,62,62
2,55,184.25,143.1904761904762,was,was,6.82,-2.1797985339440955,3,5.216293531069446,4.9641757452651065,provo,184.25,5.216293531069446,provo:2:55,2.2701213359832764,109,[373],1,63,63,63
2,56,198.6304347826087,126.02380952380952,not,not,6.69,-2.3098039111083337,3,5.291445986509525,4.836470853574619,provo,198.6304347826087,5.291445986509525,provo:2:56,2.783202648162842,110,[407],1,64,64,64
2,57,210.0759493670886,342.0833333333333,illuminated,illuminated,3.5,-5.500299174102789,11,5.347469128985737,5.835054372098528,provo,210.0759493670886,5.347469128985737,provo:2:57,5.897671699523926,111,[35162],1,65,65,65
2,58,258.6923076923077,164.88095238095238,by,by,6.66,-2.340083790426988,2,5.555639354278733,5.105223712772171,provo,258.6923076923077,5.555639354278733,provo:2:58,0.5796547532081604,112,[416],1,66,66,66
2,59,285.1194029850746,456.6428571428572,aurora.,aurora,3.73,-5.270017626955226,6,5.652908050372686,6.123901591151468,provo,285.1194029850746,5.652908050372686,provo:2:59,14.73701286315918,113,"[45714, 5799, 13]",3,67,69,69
3,2,199.98529411764707,228.1309523809524,agree,agree,4.97,-4.03011789077199,5,5.298243834432852,5.429919816625182,provo,199.98529411764707,5.298243834432852,provo:3:2,,114,[49221],1,0,0,0
3,3,167.88679245283018,132.97619047619048,that,that,7.01,-1.9913998239802937,4,5.123289897813865,4.890170093219933,provo,167.88679245283018,5.123289897813865,provo:3:3,6.240991592407227,115,[326],1,1,1,1
3,4,198.6375,318.8333333333333,California's,california's,3.45,-5.549735491440148,12,5.291481555538755,5.764668500212198,provo,198.6375,5.291481555538755,provo:3:4,15.011094093322754,116,"[3442, 338]",2,2,3,3
3,5,212.7012987012987,283.92857142857144,"""three",three,5.78,-3.2196826158375527,5,5.35988882797645,5.648722697473174,provo,212.7012987012987,5.35988882797645,provo:3:5,14.087555885314941,117,"[366, 15542]",2,4,5,5
3,6,204.9324324324324,241.0,strikes,strikes,4.25,-4.749577557841319,7,5.322680326918512,5.484796933490655,provo,204.9324324324324,5.322680326918512,provo:3:6,3.6410069465637207,118,[8956],1,6,6,6
3,7,176.8,50.80952380952381,and,and,7.41,-1.5900668749788436,3,5.175019150203543,3.9280838135783305,provo,176.8,5.175019150203543,provo:3:7,5.099284648895264,119,[290],1,7,7,7
3,8,212.94871794871796,252.4404761904762,you're,you're,5.87,-3.130181733411434,6,5.361051375917749,5.531175483065377,provo,212.94871794871796,5.361051375917749,provo:3:8,7.071897029876709,120,"[345, 821]",2,8,9,9
3,9,161.08,102.22619047619048,"out""",out,6.38,-2.619788740192791,3,5.081901135983253,4.627187911829171,provo,161.08,5.081901135983253,provo:3:9,2.452039957046509,121,"[503, 1]",2,10,11,11
3,10,226.25806451612905,86.0,law,law,5.46,-3.5406073614441,3,5.421676226214977,4.454347296253507,provo,226.25806451612905,5.421676226214977,provo:3:10,1.5280256271362305,122,[1099],1,12,12,12
3,11,218.3676470588235,208.27380952380952,will,will,6.45,-2.5497508762801258,4,5.386180096719955,5.338853605958475,provo,218.3676470588235,5.386180096719955,provo:3:11,3.794522285461426,123,[481],1,13,13,13
3,12,163.86666666666667,73.80952380952381,be,be,6.79,-2.20971482892795,2,5.09905308902377,4.301487772189869,provo,163.86666666666667,5.09905308902377,provo:3:12,3.1710281372070312,124,[307],1,14,14,14
3,13,203.3181818181818,58.607142857142854,a,a,7.36,-1.6401645157636295,1,5.314772150074532,4.070856580914887,provo,203.3181818181818,5.314772150074532,provo:3:13,4.834298610687256,125,[257],1,15,15,15
3,14,214.37662337662337,308.5595238095238,financial,financial,5.08,-3.9208183920404576,9,5.367734390493857,5.731914770631747,provo,214.37662337662337,5.367734390493857,provo:3:14,12.158658981323242,126,[3176],1,16,16,16
3,15,220.44736842105263,245.4047619047619,disaster,disaster,4.39,-4.610832143008547,8,5.395658974427424,5.502908936753425,provo,220.44736842105263,5.395658974427424,provo:3:15,4.848543167114258,127,[9336],1,17,17,17
3,16,142.32558139534885,89.3452380952381,for,for,7.01,-1.9913998239802937,3,4.958117259812809,4.492507945224249,provo,142.32558139534885,4.958117259812809,provo:3:16,0.6239041090011597,128,[329],1,18,18,18
3,17,217.8048780487805,330.98809523809524,taxpayers,taxpayers,3.85,-5.149960608250699,9,5.383599607166237,5.802082408682218,provo,217.8048780487805,5.383599607166237,provo:3:17,6.0699052810668945,129,[14086],1,19,19,19
3,18,184.66666666666663,124.42857142857144,who,who,6.34,-2.6595558653290836,3,5.218552398079174,4.8237318277971895,provo,184.66666666666663,5.218552398079174,provo:3:18,6.936943054199219,130,[508],1,20,20,20
3,19,203.03125,192.0952380952381,care,care,5.56,-3.440093255323551,4,5.3133599080808045,5.257991280790734,provo,203.03125,5.3133599080808045,provo:3:19,9.609251022338867,131,[1337],1,21,21,21
3,20,194.65625,191.82142857142856,about,about,6.4,-2.6003262612163933,5,5.271235182454419,5.256564879730256,provo,194.65625,5.271235182454419,provo:3:20,0.500831663608551,132,[546],1,22,22,22
3,21,217.27777777777777,273.32142857142856,education,education,5.28,-3.7189664053730223,9,5.381176616859349,5.610648496634717,provo,217.27777777777777,5.381176616859349,provo:3:21,7.399526596069336,133,[3707],1,23,23,23
3,22,208.36363636363637,54.57142857142857,and,and,7.41,-1.5900668749788436,3,5.33928480503626,3.999510459551262,provo,208.36363636363637,5.33928480503626,provo:3:22,2.07440185546875,134,[290],1,24,24,24
3,23,221.70967741935485,193.71428571428572,other,other,6.16,-2.8386319678136824,5,5.401368766636459,5.266384319445027,provo,221.70967741935485,5.401368766636459,provo:3:23,6.717750549316406,135,[584],1,25,25,25
3,24,201.4,200.26190476190476,vital,vital,4.38,-4.619786948731822,5,5.305292980284462,5.299626033679069,provo,201.4,5.305292980284462,provo:3:24,5.962143898010254,136,[9204],1,26,26,26
3,25,210.8548387096774,228.27380952380952,services.,services,5.31,-3.690369619684702,8,5.351169928516769,5.430545827392144,provo,210.8548387096774,5.351169928516769,provo:3:25,3.526815891265869,137,"[2594, 13]",2,27,28,28
3,26,215.3571428571429,84.5,But,but,6.63,-2.369572114804145,3,5.372297779546027,4.436751534363128,provo,215.3571428571429,5.372297779546027,provo:3:26,5.558338642120361,138,[887],1,29,29,29
3,27,204.171875,203.79761904761904,it's,it's,6.33,-2.669586206356675,4,5.318962163629474,5.317127437931465,provo,204.171875,5.318962163629474,provo:3:27,5.644976615905762,139,"[340, 338]",2,30,31,31
3,28,197.03225806451613,201.03571428571428,far,far,5.5,-3.5003127799466554,3,5.283367461853377,5.303482575288823,provo,197.03225806451613,5.283367461853377,provo:3:28,6.658310413360596,140,[1290],1,32,32,32
3,29,210.5,172.03571428571428,from,from,6.63,-2.369572114804145,4,5.349485653122436,5.147702096455017,provo,210.5,5.349485653122436,provo:3:29,0.4594216048717499,141,[422],1,33,33,33
3,30,212.01492537313433,236.46428571428572,clear,clear,5.25,-3.74957975370551,5,5.356656674897322,5.4657971847496425,provo,212.01492537313433,5.356656674897322,provo:3:30,0.9431039094924927,142,[1598],1,34,34,34
3,31,218.97297297297297,124.47619047619048,that,that,7.01,-1.9913998239802937,4,5.388948311118411,4.8241144564607445,provo,218.97297297297297,5.388948311118411,provo:3:31,0.8534523248672485,143,[326],1,35,35,35
3,32,213.88135593220335,184.04761904761904,the,the,7.73,-1.2700257134917023,3,5.365421449747191,5.215194523298099,provo,213.88135593220335,5.365421449747191,provo:3:32,2.597612142562866,144,[262],1,36,36,36
3,33,161.5625,104.46428571428572,law,law,5.46,-3.5406073614441,3,5.084892064702748,4.648845249490753,provo,161.5625,5.084892064702748,provo:3:33,3.186055898666382,145,[1099],1,37,37,37
3,34,205.47727272727272,144.96428571428572,can,can,6.46,-2.5406074971611,3,5.325335432819105,4.9764874066636935,provo,205.47727272727272,5.325335432819105,provo:3:34,6.917356014251709,146,[460],1,38,38,38
3,35,203.4393939393939,263.0833333333333,even,even,5.99,-3.0101053918293887,4,5.315368142046283,5.572470838769991,provo,203.4393939393939,5.315368142046283,provo:3:35,8.33790111541748,147,[772],1,39,39,39
3,36,209.8571428571429,127.35714285714286,be,be,6.79,-2.20971482892795,2,5.346427027118564,4.846995288247882,provo,209.8571428571429,5.346427027118564,provo:3:36,1.4490984678268433,148,[307],1,40,40,40
3,37,207.7948717948718,328.8333333333333,credited,credited,3.88,-5.119752502212281,8,5.336551399798873,5.79555103679456,provo,207.7948717948718,5.336551399798873,provo:3:37,10.182844161987305,149,[18141],1,41,41,41
3,38,207.06382978723408,140.32142857142858,with,with,6.85,-2.149966736176128,4,5.333027102193355,4.943935709383256,provo,207.06382978723408,5.333027102193355,provo:3:38,1.1086019277572632,150,[351],1,42,42,42
3,39,203.80769230769232,73.69047619047619,a,a,7.36,-1.6401645157636295,1,5.31717686447128,4.299873566835328,provo,203.80769230769232,5.31717686447128,provo:3:39,4.8431806564331055,151,[257],1,43,43,43
3,40,223.50602409638552,352.6547619047619,reduction,reduction,4.39,-4.610832143008547,9,5.409438367141775,5.865489566766656,provo,223.50602409638552,5.409438367141775,provo:3:40,4.934329509735107,152,[7741],1,44,44,44
3,41,217.0,69.70238095238095,in,in,7.27,-1.730487053447167,2,5.37989735354046,4.244234477188504,provo,217.0,5.37989735354046,provo:3:41,0.11866769939661026,153,[287],1,45,45,45
3,42,221.43076923076924,248.5595238095238,crime,crime,4.89,-4.110137719084335,5,5.400109986367034,5.515682349286062,provo,221.43076923076924,5.400109986367034,provo:3:42,2.9589684009552,154,[4065],1,46,46,46
3,43,202.55172413793105,75.8452380952381,in,in,7.27,-1.730487053447167,2,5.310995281772091,4.328694923273175,provo,202.55172413793105,5.310995281772091,provo:3:43,4.134657382965088,155,[287],1,47,47,47
3,44,201.8,220.22619047619048,California.,california,5.0,-3.999999565705735,10,5.307277107919509,5.394655156708075,provo,201.8,5.307277107919509,provo:3:44,2.694366931915283,156,"[3442, 13]",2,48,49,49
3,46,199.6734693877551,155.25,While,while,5.86,-3.140261373817431,5,5.296683379256382,5.045036720813588,provo,199.6734693877551,5.296683379256382,provo:3:46,7.350956916809082,157,[2893],1,50,50,50
3,47,198.66101694915255,174.64285714285714,it's,it's,6.33,-2.669586206356675,4,5.291599939817461,5.162743072293714,provo,198.66101694915255,5.291599939817461,provo:3:47,5.198729515075684,158,"[340, 338]",2,51,52,52
3,48,190.98275862068965,143.6547619047619,TRUE,true,5.4,-3.6003261054933065,4,5.252183154970513,4.967412934230287,provo,190.98275862068965,5.252183154970513,provo:3:48,20.839458465576172,159,[26751],1,53,53,53
3,49,185.1304347826087,113.0952380952381,that,that,7.01,-1.9913998239802937,4,5.221060629524275,4.728230278745318,provo,185.1304347826087,5.221060629524275,provo:3:49,0.20746763050556183,160,[326],1,54,54,54
3,50,212.84745762711864,196.6547619047619,crime,crime,4.89,-4.110137719084335,5,5.360575747768335,5.281449713711827,provo,212.84745762711864,5.360575747768335,provo:3:50,4.163593292236328,161,[4065],1,55,55,55
3,51,225.5211267605634,249.45238095238096,declined,declined,4.21,-4.790482304635508,8,5.418413843071149,5.519268039069597,provo,225.5211267605634,5.418413843071149,provo:3:51,6.55148458480835,162,[7392],1,56,56,56
3,52,195.21875,79.85714285714286,in,in,7.27,-1.730487053447167,2,5.2741207246938435,4.380239324099786,provo,195.21875,5.2741207246938435,provo:3:52,1.5517246723175049,163,[287],1,57,57,57
3,53,164.0625,273.89285714285717,California,california,5.0,-3.999999565705735,10,5.1002474527859425,5.612736997589655,provo,164.0625,5.1002474527859425,provo:3:53,1.887354850769043,164,[3442],1,58,58,58
3,54,197.5581395348837,114.1904761904762,last,last,5.86,-3.140261373817431,4,5.28603291841247,4.737867897864037,provo,197.5581395348837,5.28603291841247,provo:3:54,5.042205810546875,165,[938],1,59,59,59
3,55,177.47826086956522,121.4047619047619,"year,",year,5.96,-3.040005114051578,4,5.178848127440641,4.799130102771787,provo,177.47826086956522,5.178848127440641,provo:3:55,0.798033595085144,166,"[614, 11]",2,60,61,61
3,56,221.93846153846152,234.79761904761904,crime,crime,4.89,-4.110137719084335,5,5.402400143167981,5.458723947560189,provo,221.93846153846152,5.402400143167981,provo:3:56,4.330085754394531,167,[4065],1,62,62,62
3,57,205.1176470588235,233.83333333333337,also,also,6.19,-2.8096682738107104,4,5.323583702619435,5.454608610874406,provo,205.1176470588235,5.323583702619435,provo:3:57,7.3438615798950195,168,[635],1,63,63,63
3,58,232.4155844155844,385.7619047619048,dropped,dropped,4.73,-4.270024905559145,7,5.448527081316282,5.955220352107069,provo,232.4155844155844,5.448527081316282,provo:3:58,3.576167345046997,169,[5710],1,64,64,64
3,59,253.97435897435895,444.1190476190476,nationwide,nationwide,4.07,-4.931810426351053,10,5.5372333130030045,6.096092651761194,provo,253.97435897435895,5.5372333130030045,provo:3:59,5.147226333618164,170,[13673],1,65,65,65
4,2,182.768115942029,268.92857142857144,was,was,6.82,-2.1797985339440955,3,5.208218223358616,5.594445810618735,provo,182.768115942029,5.208218223358616,provo:4:2,,171,[9776],1,0,0,0
4,3,198.4262295081967,200.71428571428572,in,in,7.27,-1.730487053447167,2,5.290417391294881,5.3018824327125325,provo,198.4262295081967,5.290417391294881,provo:4:3,5.793780326843262,172,[287],1,1,1,1
4,4,194.4,111.60714285714286,a,a,7.36,-1.6401645157636295,1,5.2699178920263385,4.714985051995298,provo,194.4,5.2699178920263385,provo:4:4,3.4813148975372314,173,[257],1,2,2,2
4,5,194.75862068965515,162.97619047619048,bad,bad,5.53,-3.4698001736864703,3,5.271760949186604,5.093604119439181,provo,194.75862068965515,5.271760949186604,provo:4:5,6.5288496017456055,174,[2089],1,3,3,3
4,6,173.66037735849056,149.0952380952381,"temper,",temper,3.81,-5.189760759232152,6,5.157101537603134,5.0045852836029825,provo,173.66037735849056,5.157101537603134,provo:4:6,12.76361083984375,175,"[4124, 11]",2,4,5,5
4,7,230.5897435897436,121.20238095238096,for,for,7.01,-1.9913998239802937,3,5.440640129784869,4.797461718263882,provo,230.5897435897436,5.440640129784869,provo:4:7,7.297753810882568,176,[329],1,6,6,6
4,8,200.4406779661017,161.64285714285714,she,she,6.26,-2.739928588152592,3,5.300518332475056,5.085389316018278,provo,200.4406779661017,5.300518332475056,provo:4:8,4.115005016326904,177,[673],1,7,7,7
4,9,183.9811320754717,143.5595238095238,was,was,6.82,-2.1797985339440955,3,5.214833209282997,4.966749749260279,provo,183.9811320754717,5.214833209282997,provo:4:9,2.2013635635375977,178,[373],1,8,8,8
4,10,185.31428571428572,212.8690476190476,mixing,mixing,4.11,-4.8894069230899095,6,5.2220532253778496,5.3606771767318895,provo,185.31428571428572,5.2220532253778496,provo:4:10,13.652036666870117,179,[17090],1,9,9,9
4,11,190.4516129032258,80.1547619047619,the,the,7.73,-1.2700257134917023,3,5.249398161795162,4.383959289701967,provo,190.4516129032258,5.249398161795162,provo:4:11,5.3453755378723145,180,[262],1,10,10,10
4,12,211.1184210526316,284.01190476190476,Christmas,christmas,4.91,-4.089908920218706,9,5.352419213257626,5.649016155458384,provo,211.1184210526316,5.352419213257626,provo:4:12,13.392736434936523,181,[6786],1,11,11,11
4,13,228.7974683544304,277.2261904761905,puddings,puddings,2.71,-6.289797985344615,8,5.432837194559944,5.624833745089922,provo,228.7974683544304,5.432837194559944,provo:4:13,13.482926368713379,182,"[279, 4185, 654]",3,12,14,14
4,14,216.78947368421052,58.333333333333336,in,in,7.27,-1.730487053447167,2,5.37892671526964,4.0661736852554045,provo,216.78947368421052,5.37892671526964,provo:4:14,4.3442888259887695,183,[287],1,15,15,15
4,15,205.6818181818182,120.45238095238096,the,the,7.73,-1.2700257134917023,3,5.326330402775711,4.791254496008568,provo,205.6818181818182,5.326330402775711,provo:4:15,2.627556562423706,184,[262],1,16,16,16
4,16,201.0142857142857,199.1547619047619,"kitchen,",kitchen,4.65,-4.349691505293128,7,5.303375978738897,5.294082220487967,provo,201.0142857142857,5.303375978738897,provo:4:16,6.329193592071533,185,"[9592, 11]",2,17,18,18
4,17,183.78947368421052,50.95238095238095,and,and,7.41,-1.5900668749788436,3,5.2137909377930525,3.9308914897325287,provo,183.78947368421052,5.2137909377930525,provo:4:17,1.028687596321106,186,[290],1,19,19,19
4,18,197.8181818181818,146.77380952380952,had,had,6.33,-2.669586206356675,3,5.287348335177462,4.988892691025239,provo,197.8181818181818,5.287348335177462,provo:4:18,5.305235385894775,187,[550],1,20,20,20
4,19,185.01724137931035,168.60714285714286,been,been,6.27,-2.7304870324329187,4,5.220449017380708,5.1275714103710825,provo,185.01724137931035,5.220449017380708,provo:4:19,3.9783883094787598,188,[587],1,21,21,21
4,20,215.22058823529412,267.7261904761905,drawn,drawn,4.53,-4.469799020694141,5,5.371663493949879,5.589964780915172,provo,215.22058823529412,5.371663493949879,provo:4:20,11.52021312713623,189,[7428],1,22,22,22
4,21,178.7910447761194,256.48809523809524,from,from,6.63,-2.369572114804145,4,5.186217776340365,5.547082251206625,provo,178.7910447761194,5.186217776340365,provo:4:21,5.713888168334961,190,[422],1,23,23,23
4,22,197.23529411764707,226.1190476190476,"them,",them,6.19,-2.8096682738107104,4,5.284397402410012,5.421061619959584,provo,197.23529411764707,5.284397402410012,provo:4:22,11.881134033203125,191,"[606, 11]",2,24,25,25
4,23,203.05454545454543,200.29761904761904,with,with,6.85,-2.149966736176128,4,5.313474639769683,5.299804355669615,provo,203.05454545454543,5.313474639769683,provo:4:23,5.570837497711182,192,[351],1,26,26,26
4,24,201.4,111.78571428571428,a,a,7.36,-1.6401645157636295,1,5.305292980284462,4.716583773358995,provo,201.4,5.305292980284462,provo:4:24,2.63745379447937,193,[257],1,27,27,27
4,25,215.44736842105263,337.39285714285717,raisin,raisin,3.01,-5.991357252434715,6,5.372716649650062,5.821247999593931,provo,215.44736842105263,5.372716649650062,provo:4:25,15.055190086364746,194,"[2179, 45763]",2,28,29,29
4,26,239.9857142857143,258.1190476190476,still,still,5.92,-3.079876621510423,5,5.480579397760855,5.553420903377924,provo,239.9857142857143,5.480579397760855,provo:4:26,10.365555763244629,195,[991],1,30,30,30
4,27,214.32432432432432,104.8452380952381,on,on,6.91,-2.089909449064056,2,5.36749040198467,4.652485339962146,provo,214.32432432432432,5.36749040198467,provo:4:27,3.0694961547851562,196,[319],1,31,31,31
4,28,190.6046511627907,120.95238095238096,her,her,6.3,-2.6989699826212954,3,5.250201393665228,4.795396922289159,provo,190.6046511627907,5.250201393665228,provo:4:28,0.8444207310676575,197,[607],1,32,32,32
4,29,197.43333333333337,160.41666666666666,"cheek,",cheek,3.96,-5.040000399696793,5,5.285400974614809,5.077774596933884,provo,197.43333333333337,5.285400974614809,provo:4:29,7.478611469268799,198,"[19353, 11]",2,33,34,34
4,30,240.28571428571428,94.53571428571428,by,by,6.66,-2.340083790426988,2,5.48182869147758,4.548977692051897,provo,240.28571428571428,5.48182869147758,provo:4:30,4.911999225616455,199,[416],1,35,35,35
4,31,222.5897435897436,318.51190476190476,Nana's,nana's,2.28,-6.7187393129449875,6,5.405330362262162,5.763659851902092,provo,222.5897435897436,5.405330362262162,provo:4:31,22.020591735839844,200,"[399, 2271, 338]",3,36,38,38
4,32,252.22666666666663,303.45238095238096,absurd,absurd,3.95,-5.0501174217538685,6,5.530328154129353,5.715224698526847,provo,252.22666666666663,5.530328154129353,provo:4:32,13.449446678161621,201,[12986],1,39,39,39
4,33,239.94805194805195,367.7738095238095,suspicions.,suspicions,3.49,-5.510027465964983,10,5.480422449696812,5.907468101162263,provo,239.94805194805195,5.480422449696812,provo:4:33,11.194250106811523,202,"[30508, 13]",2,40,41,41
4,34,192.11111111111111,65.02380952380952,She,she,6.26,-2.739928588152592,3,5.258073908347071,4.174753503190336,provo,192.11111111111111,5.258073908347071,provo:4:34,3.447445869445801,203,[1375],1,42,42,42
4,35,230.02631578947367,321.3095238095238,thought,thought,5.59,-3.4100502870304807,7,5.4381937188541025,5.772404907168736,provo,230.02631578947367,5.4381937188541025,provo:4:35,6.132319450378418,204,[1807],1,43,43,43
4,36,158.5625,104.95238095238096,the,the,7.73,-1.2700257134917023,3,5.066148837359501,4.653506732549382,provo,158.5625,5.066148837359501,provo:4:36,4.270683765411377,205,[262],1,44,44,44
4,37,217.2280701754386,175.97619047619048,best,best,5.84,-3.1598938427839287,4,5.380947816244627,5.170348704501518,provo,217.2280701754386,5.380947816244627,provo:4:37,7.928898334503174,206,[1266],1,45,45,45
4,38,172.3030303030303,182.3809523809524,way,way,6.01,-2.991399785660194,3,5.149254730744465,5.206097644451269,provo,172.3030303030303,5.149254730744465,provo:4:38,1.892227053642273,207,[835],1,46,46,46
4,39,171.0,74.4047619047619,of,of,7.4,-1.600326276788705,2,5.14166355650266,4.309519943887134,provo,171.0,5.14166355650266,provo:4:39,3.080812692642212,208,[286],1,47,47,47
4,40,204.07894736842104,222.3690476190476,getting,getting,5.57,-3.4294569433722897,7,5.318506915884253,5.404338378315989,provo,204.07894736842104,5.318506915884253,provo:4:40,4.14471960067749,209,[1972],1,48,48,48
4,41,214.08333333333337,30.583333333333332,a,a,7.36,-1.6401645157636295,1,5.366365347321883,3.42045519826657,provo,214.08333333333337,5.366365347321883,provo:4:41,5.309754848480225,210,[257],1,49,49,49
4,42,222.3421052631579,228.79761904761904,little,little,5.75,-3.2502636071543476,6,5.404217210426459,5.432837853191091,provo,222.3421052631579,5.404217210426459,provo:4:42,5.506137847900391,211,[1310],1,50,50,50
4,43,201.95384615384617,190.47619047619048,quiet,quiet,4.65,-4.349691505293128,5,5.30803918690777,5.249527202378605,provo,201.95384615384617,5.30803918690777,provo:4:43,9.805052757263184,212,[5897],1,51,51,51
4,44,219.15,124.25,was,was,6.82,-2.1797985339440955,3,5.389756426864818,4.822295664976738,provo,219.15,5.389756426864818,provo:4:44,1.0780876874923706,213,[373],1,52,52,52
4,45,201.08333333333337,93.11904761904762,to,to,7.43,-1.5702477183831145,2,5.3037194158370315,4.533878756472146,provo,201.08333333333337,5.3037194158370315,provo:4:45,0.42379143834114075,214,[284],1,53,53,53
4,46,231.4558823529412,209.48809523809524,take,take,5.92,-3.079876621510423,4,5.444389282375495,5.344666913108448,provo,231.4558823529412,5.444389282375495,provo:4:46,4.502161979675293,215,[1011],1,54,54,54
4,47,205.0,144.41666666666666,Nana,nana,3.54,-5.459658009698343,4,5.3230099791384085,4.972702639927606,provo,205.0,5.3230099791384085,provo:4:47,4.023263931274414,216,"[399, 2271]",2,55,56,56
4,48,182.15384615384616,62.964285714285715,to,to,7.43,-1.5702477183831145,2,5.20485163854236,4.1425676722226665,provo,182.15384615384616,5.20485163854236,provo:4:48,3.1002683639526367,217,[284],1,57,57,57
4,49,202.6875,136.6904761904762,the,the,7.73,-1.2700257134917023,3,5.3116653840675365,4.917719071884268,provo,202.6875,5.3116653840675365,provo:4:49,1.6451996564865112,218,[262],1,58,58,58
4,50,203.19402985074623,202.17857142857144,nursery,nursery,3.89,-5.110132682199497,7,5.314161334616931,5.309151323861456,provo,203.19402985074623,5.314161334616931,provo:4:50,8.142330169677734,219,[41326],1,59,59,59
4,51,191.63333333333333,70.51190476190476,for,for,7.01,-1.9913998239802937,3,5.255583823961135,4.255781557433652,provo,191.63333333333333,5.255583823961135,provo:4:51,5.1754374504089355,220,[329],1,60,60,60
4,52,205.2941176470588,46.04761904761905,a,a,7.36,-1.6401645157636295,1,5.324443671140257,3.829676057729871,provo,205.2941176470588,5.324443671140257,provo:4:52,1.944509506225586,221,[257],1,61,61,61
4,53,192.30882352941177,204.91666666666663,"moment,",moment,5.24,-3.759450502122942,6,5.2591025357303955,5.322603392428192,provo,192.30882352941177,5.2591025357303955,provo:4:53,7.3016204833984375,222,"[2589, 11]",2,62,63,63
4,54,180.0,89.58333333333333,but,but,6.63,-2.369572114804145,3,5.19295685089021,4.495169290773763,provo,180.0,5.19295685089021,provo:4:54,5.386508941650391,223,[475],1,64,64,64
4,55,209.75,139.53571428571428,in,in,7.27,-1.730487053447167,2,5.345916345347316,4.938320584879866,provo,209.75,5.345916345347316,provo:4:55,6.849365711212158,224,[287],1,65,65,65
4,56,207.48,347.4047619047619,custody,custody,4.22,-4.779889295736006,7,5.335034949483199,5.850490560980655,provo,207.48,5.335034949483199,provo:4:56,17.94771957397461,225,[10804],1,66,66,66
4,57,201.34615384615384,78.67857142857143,of,of,7.4,-1.600326276788705,2,5.305025585283155,4.3653708366271395,provo,201.34615384615384,5.305025585283155,provo:4:57,3.794550895690918,226,[286],1,67,67,67
4,58,227.0909090909091,455.1428571428572,course.,course,5.44,-3.5606671482445,6,5.425350417887152,6.120611341414681,provo,227.0909090909091,5.425350417887152,provo:4:58,16.254297256469727,227,"[1781, 13]",2,68,69,69
5,2,208.49367088607596,423.4761904761905,Darling,darling,4.09,-4.910091357725508,7,5.339908685315654,6.048497291676217,provo,208.49367088607596,5.339908685315654,provo:5:2,,228,"[35, 30045]",2,0,1,1
5,3,255.253164556962,411.3809523809524,quivered,quivered,1.96,-7.039529222465701,8,5.542255854840447,6.019519676635461,provo,255.253164556962,5.542255854840447,provo:5:3,20.71078109741211,229,"[627, 6396]",2,2,3,3
5,4,191.05714285714285,85.5952380952381,and,and,7.41,-1.5900668749788436,3,5.252572560564565,4.449629651871779,provo,191.05714285714285,5.252572560564565,provo:5:4,3.787355899810791,230,[290],1,4,4,4
5,5,210.72307692307692,200.25,went,went,5.5,-3.5003127799466554,4,5.350544839839184,5.299566585948469,provo,210.72307692307692,5.350544839839184,provo:5:5,7.477003574371338,231,[1816],1,5,5,5
5,6,198.10256410256412,100.92857142857144,to,to,7.43,-1.5702477183831145,2,5.28878489709658,4.614413053069269,provo,198.10256410256412,5.28878489709658,provo:5:6,1.815023422241211,232,[284],1,6,6,6
5,7,195.41666666666663,87.88095238095238,the,the,7.73,-1.2700257134917023,3,5.27513403109238,4.47598308474663,provo,195.41666666666663,5.27513403109238,provo:5:7,2.5900049209594727,233,[262],1,7,7,7
5,8,193.82142857142856,179.48809523809524,window.,window,4.8,-4.199969952492573,6,5.266937263888201,5.190108883935605,provo,193.82142857142856,5.266937263888201,provo:5:8,5.644484519958496,234,"[4324, 13]",2,8,9,9
5,9,206.76470588235293,51.75,It,it,6.95,-2.0501222910888885,2,5.331581460188549,3.9464244321454784,provo,206.76470588235293,5.331581460188549,provo:5:9,5.193953990936279,235,[632],1,10,10,10
5,10,197.39622641509433,168.33333333333334,was,was,6.82,-2.1797985339440955,3,5.285213010378435,5.12594614060725,provo,197.39622641509433,5.285213010378435,provo:5:10,0.6533296704292297,236,[373],1,11,11,11
5,11,210.8571428571429,362.5952380952381,securely,securely,3.28,-5.718943895416496,8,5.351180856105104,5.8932871655683225,provo,210.8571428571429,5.351180856105104,provo:5:11,17.60378074645996,237,[30835],1,12,12,12
5,12,215.03896103896105,294.79761904761904,fastened.,fastened,3.02,-5.978769341520297,8,5.370819225845067,5.686289083781952,provo,215.03896103896105,5.370819225845067,provo:5:12,11.436193466186523,238,"[3049, 2945, 13]",3,13,15,15
5,13,185.3125,77.57142857142857,She,she,6.26,-2.739928588152592,3,5.222043589192045,4.351199170878622,provo,185.3125,5.222043589192045,provo:5:13,4.250269412994385,239,[1375],1,16,16,16
5,14,210.18666666666667,240.57142857142856,looked,looked,5.11,-3.889409953038492,6,5.347996024778584,5.4830170457469585,provo,210.18666666666667,5.347996024778584,provo:5:14,3.7128612995147705,240,[3114],1,17,17,17
5,15,165.0,88.83333333333333,"out,",out,6.38,-2.619788740192791,3,5.10594547390058,4.48676195493779,provo,165.0,5.10594547390058,provo:5:15,7.2393083572387695,241,"[503, 11]",2,18,19,19
5,16,183.5897435897436,93.33333333333331,and,and,7.41,-1.5900668749788436,3,5.212703613825045,4.53617731450114,provo,183.5897435897436,5.212703613825045,provo:5:16,2.2057793140411377,242,[290],1,20,20,20
5,17,174.94736842105263,135.3095238095238,the,the,7.73,-1.2700257134917023,3,5.164485176808898,4.907564923013753,provo,174.94736842105263,5.164485176808898,provo:5:17,3.6955249309539795,243,[262],1,21,21,21
5,18,196.13432835820896,215.3809523809524,night,night,5.61,-3.3904054840685323,5,5.278799773252672,5.3724083317544205,provo,196.13432835820896,5.278799773252672,provo:5:18,7.769911766052246,244,[1755],1,22,22,22
5,19,166.23636363636365,146.14285714285714,was,was,6.82,-2.1797985339440955,3,5.113410652931956,4.9845846168963135,provo,166.23636363636365,5.113410652931956,provo:5:19,1.486920952796936,245,[373],1,23,23,23
5,20,188.65,417.7857142857143,peppered,peppered,2.78,-6.219610671529047,8,5.23989344641032,6.034968655827767,provo,188.65,5.23989344641032,provo:5:20,16.92914581298828,246,"[49038, 1068]",2,24,25,25
5,21,211.79591836734693,143.8452380952381,with,with,6.85,-2.149966736176128,4,5.355623161817058,4.968737986183995,provo,211.79591836734693,5.355623161817058,provo:5:21,0.04655218869447708,247,[351],1,26,26,26
5,22,203.1692307692308,222.5952380952381,stars.,stars,4.86,-4.140260833949011,5,5.314039280858879,5.405355046407948,provo,203.1692307692308,5.314039280858879,provo:5:22,6.705471038818359,248,"[5788, 13]",2,27,28,28
5,23,209.375,123.26190476190476,They,they,6.5,-2.5003129036381,4,5.3441269025793305,4.814311398618533,provo,209.375,5.3441269025793305,provo:5:23,6.22002649307251,249,[1119],1,29,29,29
5,24,196.2698412698413,176.45238095238096,were,were,6.34,-2.6595558653290836,4,5.279490453563984,5.173051043667991,provo,196.2698412698413,5.279490453563984,provo:5:24,1.352588176727295,250,[547],1,30,30,30
5,25,206.746835443038,285.5,crowding,crowding,3.05,-5.9507432027677725,8,5.331495027586118,5.654242029096065,provo,206.746835443038,5.331495027586118,provo:5:25,15.121435165405273,251,"[4315, 278]",2,31,32,32
5,26,231.59183673469389,223.75,round,round,5.14,-3.860120598892731,5,5.444976497818115,5.410529357154965,provo,231.59183673469389,5.444976497818115,provo:5:26,4.964007377624512,252,[2835],1,33,33,33
5,27,202.54,128.11904761904762,the,the,7.73,-1.2700257134917023,3,5.310937397904139,4.852959891206051,provo,202.54,5.310937397904139,provo:5:27,1.5956097841262817,253,[262],1,34,34,34
5,28,224.7037037037037,178.33333333333334,"house,",house,5.71,-3.289882550230398,5,5.414782661937969,5.183654458227897,provo,224.7037037037037,5.414782661937969,provo:5:28,5.3240227699279785,254,"[2156, 11]",2,35,36,36
5,29,202.66666666666663,62.214285714285715,as,as,6.77,-2.2298846978394775,2,5.311562593298057,4.130584647237244,provo,202.66666666666663,5.311562593298057,provo:5:29,5.966675281524658,255,[355],1,37,37,37
5,30,231.25581395348837,135.04761904761904,if,if,6.47,-2.5301779692999906,2,5.443524517496985,4.905627449928595,provo,231.25581395348837,5.443524517496985,provo:5:30,1.7314627170562744,256,[611],1,38,38,38
5,31,211.04225352112675,244.32142857142856,curious,curious,4.45,-4.549749351632015,7,5.352058367082609,5.498484688585794,provo,211.04225352112675,5.352058367082609,provo:5:31,11.362077713012695,257,[11040],1,39,39,39
5,32,216.73684210526315,51.0,to,to,7.43,-1.5702477183831145,2,5.378683908421294,3.9318256327243257,provo,216.73684210526315,5.378683908421294,provo:5:32,2.6477136611938477,258,[284],1,40,40,40
5,33,233.5952380952381,140.60714285714286,see,see,6.1,-2.8996294204146222,3,5.453589865880023,4.945969780768533,provo,233.5952380952381,5.453589865880023,provo:5:33,0.27483609318733215,259,[766],1,41,41,41
5,34,194.125,164.29761904761904,what,what,6.38,-2.619788740192791,4,5.268502281468852,5.1016795334447265,provo,194.125,5.268502281468852,provo:5:34,1.5658117532730103,260,[644],1,42,42,42
5,35,185.140350877193,143.63095238095238,was,was,6.82,-2.1797985339440955,3,5.22111419083654,4.967247179215819,provo,185.140350877193,5.22111419083654,provo:5:35,1.7918810844421387,261,[373],1,43,43,43
5,36,173.21875,72.42857142857143,to,to,7.43,-1.5702477183831145,2,5.154555246620078,4.28260085453587,provo,173.21875,5.154555246620078,provo:5:36,5.495887756347656,262,[284],1,44,44,44
5,37,222.5744680851064,172.0952380952381,take,take,5.92,-3.079876621510423,4,5.4052617336337025,5.148048033428751,provo,222.5744680851064,5.4052617336337025,provo:5:37,9.63629150390625,263,[1011],1,45,45,45
5,38,186.6769230769231,210.27380952380952,place,place,5.71,-3.289882550230398,5,5.229379438606606,5.34841053631213,provo,186.6769230769231,5.229379438606606,provo:5:38,0.22279873490333557,264,[1295],1,46,46,46
5,39,174.23214285714286,152.63095238095238,"there,",there,6.31,-2.6903698112851564,5,5.160388564372801,5.028022931709387,provo,174.23214285714286,5.160388564372801,provo:5:39,7.326245307922363,265,"[612, 11]",2,47,48,48
5,40,186.0,101.75,but,but,6.63,-2.369572114804145,3,5.225746673713202,4.622518824322705,provo,186.0,5.225746673713202,provo:5:40,3.638988494873047,266,[475],1,49,49,49
5,41,202.377358490566,146.4047619047619,she,she,6.26,-2.739928588152592,3,5.3101340659907486,4.986375127670101,provo,202.377358490566,5.3101340659907486,provo:5:41,3.047744035720825,267,[673],1,50,50,50
5,42,208.11666666666667,177.16666666666666,did,did,5.96,-3.040005114051578,3,5.338098819893045,5.177090909113893,provo,208.11666666666667,5.338098819893045,provo:5:42,3.6541390419006348,268,[750],1,51,51,51
5,43,199.7560975609756,106.35714285714286,not,not,6.69,-2.3098039111083337,3,5.297097110142808,4.6668027030687504,provo,199.7560975609756,5.297097110142808,provo:5:43,0.031687237322330475,269,[407],1,52,52,52
5,44,193.93150684931507,216.82142857142856,notice,notice,4.9,-4.100178950602868,6,5.267505039246106,5.37907410495523,provo,193.93150684931507,5.267505039246106,provo:5:44,3.8141841888427734,270,[4003],1,53,53,53
5,45,213.93617021276592,136.02380952380952,"this,",this,6.82,-2.1797985339440955,4,5.365677700496693,4.912829940441094,provo,213.93617021276592,5.365677700496693,provo:5:45,10.86750602722168,271,"[428, 11]",2,54,55,55
5,46,205.125,113.86904761904762,nor,nor,4.78,-4.219681967637425,3,5.323619549410255,4.73504908303104,provo,205.125,5.323619549410255,provo:5:46,5.162651538848877,272,[4249],1,56,56,56
5,47,211.20338983050848,223.76190476190476,that,that,7.01,-1.9913998239802937,4,5.352821602037148,5.4105825613793925,provo,211.20338983050848,5.352821602037148,provo:5:47,6.243982791900635,273,[326],1,57,57,57
5,48,238.1875,176.03571428571428,one,one,6.47,-2.5301779692999906,3,5.473058178634079,5.1706868965301735,provo,238.1875,5.473058178634079,provo:5:48,6.679147720336914,274,[530],1,58,58,58
5,49,209.23684210526315,116.51190476190476,or,or,6.54,-2.4596705126934353,2,5.3434668261750975,4.757993454582506,provo,209.23684210526315,5.3434668261750975,provo:5:49,4.1715850830078125,275,[393],1,59,59,59
5,50,198.46666666666667,132.32142857142858,two,two,6.1,-2.8996294204146222,3,5.290621159913567,4.885234027554984,provo,198.46666666666667,5.290621159913567,provo:5:50,0.9102645516395569,276,[734],1,60,60,60
5,51,182.58333333333337,80.13095238095238,of,of,7.4,-1.600326276788705,2,5.2072066898074665,4.383662201167399,provo,182.58333333333337,5.2072066898074665,provo:5:51,2.2040889263153076,277,[286],1,61,61,61
5,52,188.86206896551724,69.52380952380952,the,the,7.73,-1.2700257134917023,3,5.241016954797248,4.241669276978959,provo,188.86206896551724,5.241016954797248,provo:5:52,1.4513846635818481,278,[262],1,62,62,62
5,53,195.22388059701493,214.8095238095238,smaller,smaller,4.8,-4.199969952492573,7,5.2741470056202235,5.369751699684973,provo,195.22388059701493,5.2741470056202235,provo:5:53,10.458234786987305,279,[4833],1,63,63,63
5,54,227.5681818181818,151.4047619047619,ones,ones,5.07,-3.931813767062132,4,5.427449893789541,5.01995679298404,provo,227.5681818181818,5.427449893789541,provo:5:54,3.1268537044525146,280,[3392],1,64,64,64
5,55,217.43421052631575,310.98809523809524,winked,winked,2.78,-6.219610671529047,6,5.381896324433556,5.739754632469389,provo,217.43421052631575,5.381896324433556,provo:5:55,13.252685546875,281,"[41955, 276]",2,65,66,66
5,56,189.83333333333337,84.21428571428571,at,at,6.7,-2.300162265464202,2,5.246146494219127,4.433364570922112,provo,189.83333333333337,5.246146494219127,provo:5:56,1.5054086446762085,282,[379],1,67,67,67
5,57,236.57142857142856,385.57142857142856,her.,her,6.3,-2.6989699826212954,3,5.4662501858898915,5.954726463962691,provo,236.57142857142856,5.4662501858898915,provo:5:57,1.4136615991592407,283,"[607, 13]",2,68,69,69
6,2,203.29577464788733,280.0952380952381,Peter,peter,4.88,-4.119757651911903,5,5.314661936590904,5.635129681390517,provo,203.29577464788733,5.314661936590904,provo:6:2,,284,[19727],1,0,0,0
6,3,218.06578947368425,277.4761904761905,slowly,slowly,4.63,-4.369571107893071,6,5.3847968038372125,5.625735129419652,provo,218.06578947368425,5.3847968038372125,provo:6:3,15.828300476074219,285,[6364],1,1,1,1
6,4,219.29333333333332,314.4166666666667,advancing,advancing,3.86,-5.140255435301712,9,5.390410255204959,5.75071907017631,provo,219.29333333333332,5.390410255204959,provo:6:4,14.410309791564941,286,[19988],1,2,2,2
6,5,224.80645161290323,227.21428571428572,upon,upon,5.12,-3.8794257397833034,4,5.415239816953372,5.4258935621338855,provo,224.80645161290323,5.415239816953372,provo:6:5,8.012755393981934,287,[2402],1,3,3,3
6,6,212.34615384615384,160.64285714285714,him,him,6.11,-2.8894102560345134,3,5.3582177442625625,5.079183622344057,provo,212.34615384615384,5.3582177442625625,provo:6:6,3.3434953689575195,288,[683],1,4,4,4
6,7,204.46478873239437,232.53571428571428,through,through,5.87,-3.130181733411434,7,5.320395778420113,5.4490438230616585,provo,204.46478873239437,5.320395778420113,provo:6:7,8.533806800842285,289,[832],1,5,5,5
6,8,206.9,83.16666666666667,the,the,7.73,-1.2700257134917023,3,5.332235584751498,4.420846626523463,provo,206.9,5.332235584751498,provo:6:8,0.5274323225021362,290,[262],1,6,6,6
6,9,202.7391304347826,121.51190476190476,air,air,5.37,-3.630783956993964,3,5.311920080879171,4.800012239560185,provo,202.7391304347826,5.311920080879171,provo:6:9,4.107641696929932,291,[1633],1,7,7,7
6,10,221.43636363636364,191.57142857142856,with,with,6.85,-2.149966736176128,4,5.40013525085464,5.255260734226365,provo,221.43636363636364,5.40013525085464,provo:6:10,5.4260430335998535,292,[351],1,8,8,8
6,11,216.46478873239437,288.1190476190476,dagger,dagger,3.54,-5.459658009698343,6,5.377427895565996,5.6633737545146845,provo,216.46478873239437,5.377427895565996,provo:6:11,15.535713195800781,293,[31322],1,9,9,9
6,12,227.35135135135135,306.17857142857144,"poised,",poised,3.43,-5.570231575521395,6,5.426496624178366,5.724168498503552,provo,227.35135135135135,5.426496624178366,provo:6:12,13.004130363464355,294,"[24357, 11]",2,10,11,11
6,13,195.05,57.92857142857143,he,he,6.69,-2.3098039111083337,2,5.273255935952665,4.059210724500154,provo,195.05,5.273255935952665,provo:6:13,3.8593807220458984,295,[339],1,12,12,12
6,14,230.05555555555551,266.45238095238096,sprang,sprang,3.12,-5.879393168943227,6,5.438320825649402,5.585195544534659,provo,230.05555555555551,5.438320825649402,provo:6:14,10.110407829284668,296,[43908],1,13,13,13
6,15,186.46428571428572,148.77380952380952,upon,upon,5.12,-3.8794257397833034,4,5.228239723235348,5.00242709564247,provo,186.46428571428572,5.228239723235348,provo:6:15,6.87277364730835,297,[2402],1,14,14,14
6,16,163.1578947368421,93.78571428571428,the,the,7.73,-1.2700257134917023,3,5.094718411306797,4.541012544687538,provo,163.1578947368421,5.094718411306797,provo:6:16,1.7586019039154053,298,[262],1,15,15,15
6,17,217.3625,393.32142857142856,bulwarks,bulwarks,1.93,-7.0695604052333,8,5.381566466708187,5.97462716198974,provo,217.3625,5.381566466708187,provo:6:17,19.936918258666992,299,"[4807, 86, 5558]",3,16,18,18
6,18,169.525,101.72619047619048,to,to,7.43,-1.5702477183831145,2,5.133000408569906,4.622284796706378,provo,169.525,5.133000408569906,provo:6:18,6.831486701965332,300,[284],1,19,19,19
6,19,203.64705882352945,226.54761904761904,cast,cast,4.79,-4.209714132086483,4,5.316388391679938,5.422955161446882,provo,203.64705882352945,5.316388391679938,provo:6:19,10.216137886047363,301,[3350],1,20,20,20
6,20,193.92537313432837,209.04761904761904,himself,himself,5.25,-3.74957975370551,7,5.26747341049177,5.342562068345794,provo,193.92537313432837,5.26747341049177,provo:6:20,5.076973915100098,302,[2241],1,21,21,21
6,21,218.0681818181818,133.96428571428572,into,into,6.11,-2.8894102560345134,4,5.384807774523539,4.897573239906683,provo,218.0681818181818,5.384807774523539,provo:6:21,3.530626058578491,303,[656],1,22,22,22
6,22,202.75,98.20238095238096,the,the,7.73,-1.2700257134917023,3,5.311973692995522,4.587030461017418,provo,202.75,5.311973692995522,provo:6:22,0.5065695643424988,304,[262],1,23,23,23
6,23,186.2391304347826,111.52380952380952,sea.,sea,5.06,-3.939301781999177,3,5.227031495474949,4.71423810643424,provo,186.2391304347826,5.227031495474949,provo:6:23,8.062987327575684,305,"[5417, 13]",2,24,25,25
6,24,189.72727272727272,79.67857142857143,He,he,6.69,-2.3098039111083337,2,5.24558763427883,4.378000684257328,provo,189.72727272727272,5.24558763427883,provo:6:24,3.7964110374450684,306,[679],1,26,26,26
6,25,218.03773584905665,154.11904761904762,did,did,5.96,-3.040005114051578,3,5.384668148034004,5.037725340262142,provo,218.03773584905665,5.384668148034004,provo:6:25,6.18408203125,307,[750],1,27,27,27
6,26,197.32608695652175,112.42857142857144,not,not,6.69,-2.3098039111083337,3,5.2848576240375325,4.72231809936209,provo,197.32608695652175,5.2848576240375325,provo:6:26,1.1574429273605347,308,[407],1,28,28,28
6,27,195.78846153846155,135.11904761904762,know,know,6.1,-2.8996294204146222,4,5.277034798525769,4.906156224066235,provo,195.78846153846155,5.277034798525769,provo:6:27,3.7704083919525146,309,[760],1,29,29,29
6,28,194.87234042553192,135.5,that,that,7.01,-1.9913998239802937,4,5.272344679692929,4.908971640319756,provo,194.87234042553192,5.272344679692929,provo:6:28,3.5377962589263916,310,[326],1,30,30,30
6,29,198.06976744186048,122.41666666666669,the,the,7.73,-1.2700257134917023,3,5.288619329447519,4.807430526385877,provo,198.06976744186048,5.288619329447519,provo:6:29,2.4173285961151123,311,[262],1,31,31,31
6,30,208.74666666666667,246.8690476190476,crocodile,crocodile,3.49,-5.510027465964983,9,5.341121395539601,5.508858024454526,provo,208.74666666666667,5.341121395539601,provo:6:30,12.243895530700684,312,"[37565, 576]",2,32,33,33
6,31,204.66666666666663,77.17857142857143,was,was,6.82,-2.1797985339440955,3,5.321382639479033,4.346121846331682,provo,204.66666666666663,5.321382639479033,provo:6:31,1.9553660154342651,313,[373],1,34,34,34
6,32,195.14084507042253,209.1428571428571,waiting,waiting,5.06,-3.939301781999177,7,5.2737215802557635,5.343017545465943,provo,195.14084507042253,5.2737215802557635,provo:6:32,7.443554878234863,314,[4953],1,35,35,35
6,33,181.1304347826087,52.404761904761905,for,for,7.01,-1.9913998239802937,3,5.199217405891767,3.9589974632430938,provo,181.1304347826087,5.199217405891767,provo:6:33,0.690669059753418,315,[329],1,36,36,36
6,34,188.69117647058823,171.11904761904762,him;,him,6.11,-2.8894102560345134,3,5.240111691718911,5.1423594991850745,provo,188.69117647058823,5.240111691718911,provo:6:34,4.820446014404297,316,"[683, 26]",2,37,38,38
6,35,174.01724137931035,130.6547619047619,for,for,7.01,-1.9913998239802937,3,5.15915438269244,4.872558439100058,provo,174.01724137931035,5.15915438269244,provo:6:35,2.540005683898926,317,[329],1,39,39,39
6,36,216.0,87.5,we,we,6.54,-2.4596705126934353,2,5.375278407684165,4.471638793363569,provo,216.0,5.375278407684165,provo:6:36,11.213383674621582,318,[356],1,40,40,40
6,37,189.12048192771084,498.70238095238096,purposely,purposely,3.44,-5.560651513930253,9,5.242384282478609,6.212009486858668,provo,189.12048192771084,5.242384282478609,provo:6:37,17.41752815246582,319,[39033],1,41,41,41
6,38,227.825,380.3690476190476,stopped,stopped,4.84,-4.159893277950514,7,5.428577790382191,5.941141959377105,provo,227.825,5.428577790382191,provo:6:38,7.8099470138549805,320,[5025],1,42,42,42
6,39,200.70967741935485,93.5595238095238,the,the,7.73,-1.2700257134917023,3,5.301859472972436,4.538597852022861,provo,200.70967741935485,5.301859472972436,provo:6:39,2.418233871459961,321,[262],1,43,43,43
6,40,209.3015873015873,187.82142857142856,clock,clock,4.43,-4.570246105522965,5,5.343776213281712,5.23549166341414,provo,209.3015873015873,5.343776213281712,provo:6:40,11.33764362335205,322,[8801],1,44,44,44
6,41,223.44897959183675,170.13095238095238,that,that,7.01,-1.9913998239802937,4,5.409183108762798,5.1365684486384815,provo,223.44897959183675,5.409183108762798,provo:6:41,8.218611717224121,323,[326],1,45,45,45
6,42,225.0,224.6904761904762,this,this,6.82,-2.1797985339440955,4,5.41610040220442,5.414723793737965,provo,225.0,5.41610040220442,provo:6:42,8.945377349853516,324,[428],1,46,46,46
6,43,199.8,249.0595238095238,knowledge,knowledge,4.96,-4.0400046854717555,9,5.297316866214453,5.517691919340335,provo,199.8,5.297316866214453,provo:6:43,15.561860084533691,325,[3725],1,47,47,47
6,44,219.98275862068965,186.32142857142856,might,might,5.66,-3.340083704898545,5,5.393549173375324,5.227473292847189,provo,219.98275862068965,5.393549173375324,provo:6:44,2.6822755336761475,326,[1244],1,48,48,48
6,45,200.7878787878788,94.35714285714286,be,be,6.79,-2.20971482892795,2,5.302249021393361,4.547086974907066,provo,200.7878787878788,5.302249021393361,provo:6:45,2.985947370529175,327,[307],1,49,49,49
6,46,214.765625,230.46428571428572,spared,spared,3.64,-5.3595086250544535,6,5.369547317239674,5.440095907760636,provo,214.765625,5.369547317239674,provo:6:46,14.664320945739746,328,[31348],1,50,50,50
6,47,203.5,127.6547619047619,him:,him,6.11,-2.8894102560345134,3,5.31566600488265,4.849329447376832,provo,203.5,5.31566600488265,provo:6:47,11.877557754516602,329,"[683, 25]",2,51,52,52
6,48,166.8,52.69047619047619,a,a,7.36,-1.6401645157636295,1,5.116795489924646,3.9644347217676814,provo,166.8,5.116795489924646,provo:6:48,7.947264671325684,330,[257],1,53,53,53
6,49,223.71641791044777,220.4047619047619,little,little,5.75,-3.2502636071543476,6,5.4103792583396295,5.3954656827838425,provo,223.71641791044777,5.4103792583396295,provo:6:49,5.521908283233643,331,[1310],1,54,54,54
6,50,233.0877192982456,183.4404761904762,mark,mark,5.05,-3.950781589567061,4,5.451414860390637,5.21189023443854,provo,233.0877192982456,5.451414860390637,provo:6:50,15.57339096069336,332,[1317],1,55,55,55
6,51,199.4516129032258,85.57142857142857,of,of,7.4,-1.600326276788705,2,5.295571665073423,4.449351449060136,provo,199.4516129032258,5.295571665073423,provo:6:51,2.36872935295105,333,[286],1,56,56,56
6,52,196.73529411764707,212.46428571428572,respect,respect,5.03,-3.9706158164322862,7,5.281859140502247,5.358773907012702,provo,196.73529411764707,5.281859140502247,provo:6:52,10.630823135375977,334,[2461],1,57,57,57
6,53,216.11111111111111,228.3571428571429,from,from,6.63,-2.369572114804145,4,5.375792678716327,5.430910819444583,provo,216.11111111111111,5.375792678716327,provo:6:53,7.179384231567383,335,[422],1,58,58,58
6,54,197.59649122807016,193.1071428571429,us,us,6.04,-2.95860727536046,2,5.286227028213147,5.263245179206801,provo,197.59649122807016,5.286227028213147,provo:6:54,5.452359199523926,336,[514],1,59,59,59
6,55,207.38333333333333,227.04761904761904,at,at,6.7,-2.300162265464202,2,5.33456893255353,5.425159771021763,provo,207.38333333333333,5.33456893255353,provo:6:55,7.03682279586792,337,[379],1,60,60,60
6,56,207.4716981132075,215.47619047619048,the,the,7.73,-1.2700257134917023,3,5.334994935733015,5.372850418410604,provo,207.4716981132075,5.334994935733015,provo:6:56,2.2067463397979736,338,[262],1,61,61,61
6,57,278.6585365853659,202.51190476190476,end.,end,5.68,-3.3196643959185397,3,5.629987149058098,5.31079867376627,provo,278.6585365853659,5.629987149058098,provo:6:57,8.303934097290039,339,"[886, 13]",2,62,63,63
7,2,220.08536585365857,378.82142857142856,didn't,didn't,5.68,-3.3196643959185397,6,5.394015497697045,5.937064929330266,provo,220.08536585365857,5.394015497697045,provo:7:2,,340,"[45168, 470]",2,0,1,1
7,3,189.56603773584905,151.61904761904762,know.,know,6.1,-2.8996294204146222,4,5.244737447910192,5.02137110924085,provo,189.56603773584905,5.244737447910192,provo:7:3,8.639154434204102,341,"[760, 13]",2,2,3,3
7,4,223.88636363636363,133.60714285714286,She,she,6.26,-2.739928588152592,3,5.411138617937418,4.894903724172942,provo,223.88636363636363,5.411138617937418,provo:7:4,5.205112934112549,342,[1375],1,4,4,4
7,5,203.5,252.58333333333337,looked,looked,5.11,-3.889409953038492,6,5.31566600488265,5.531741227269803,provo,203.5,5.31566600488265,provo:7:5,5.880015850067139,343,[3114],1,5,5,5
7,6,204.921875,228.45238095238096,around,around,5.77,-3.229884631478697,6,5.322628808941302,5.431327790158432,provo,204.921875,5.322628808941302,provo:7:6,5.101365089416504,344,[1088],1,6,6,6
7,7,199.9591836734694,158.92857142857142,her,her,6.3,-2.6989699826212954,3,5.298113264087894,5.068454864985082,provo,199.9591836734694,5.298113264087894,provo:7:7,4.8404035568237305,345,[607],1,7,7,7
7,8,200.61111111111111,294.92857142857144,anxiously,anxiously,3.09,-5.910059581501365,9,5.301368263381293,5.686733196270832,provo,200.61111111111111,5.301368263381293,provo:7:8,12.945751190185547,346,"[7296, 6819]",2,8,9,9
7,9,208.4418604651163,137.42857142857142,for,for,7.01,-1.9913998239802937,3,5.3396601556637995,4.923104301610393,provo,208.4418604651163,5.3396601556637995,provo:7:9,3.670527935028076,347,[329],1,10,10,10
7,10,194.43548387096777,186.20238095238096,some,some,6.2,-2.8013428855585856,4,5.2701004055701794,5.226834151830928,provo,194.43548387096777,5.2701004055701794,provo:7:10,5.677201747894287,348,[617],1,11,11,11
7,11,212.78082191780825,238.45238095238096,familiar,familiar,4.61,-4.390404523713482,8,5.360262630839516,5.474169629816551,provo,212.78082191780825,5.360262630839516,provo:7:11,10.416897773742676,349,[5385],1,12,12,12
7,12,245.8717948717949,303.9404761904762,landmark;,landmark,3.89,-5.110132682199497,8,5.5048102410240345,5.716831880229494,provo,245.8717948717949,5.5048102410240345,provo:7:12,20.86627960205078,350,"[20533, 26]",2,13,14,14
7,13,185.73333333333332,72.27380952380952,but,but,6.63,-2.369572114804145,3,5.224311953237541,4.28046181628712,provo,185.73333333333332,5.224311953237541,provo:7:13,6.162588119506836,351,[475],1,15,15,15
7,14,214.47435897435895,297.3452380952381,everything,everything,5.54,-3.459670400052233,10,5.368190192641689,5.694893881547282,provo,214.47435897435895,5.368190192641689,provo:7:14,8.5106840133667,352,[2279],1,16,16,16
7,15,150.45652173913044,90.79761904761904,was,was,6.82,-2.1797985339440955,3,5.013674150352768,4.508633063320925,provo,150.45652173913044,5.013674150352768,provo:7:15,2.174184799194336,353,[373],1,17,17,17
7,16,199.64935064935065,271.8452380952381,strange.,strange,4.64,-4.359517569221832,7,5.296562581058915,5.605232926775786,provo,199.64935064935065,5.296562581058915,provo:7:16,10.116945266723633,354,"[6283, 13]",2,18,19,19
7,17,192.97368421052633,260.32142857142856,Between,between,5.77,-3.229884631478697,7,5.262553828367414,5.561917131207009,provo,192.97368421052633,5.262553828367414,provo:7:17,12.533419609069824,355,[14307],1,20,20,20
7,18,181.1428571428571,79.41666666666667,the,the,7.73,-1.2700257134917023,3,5.199285985941858,4.374708253866202,provo,181.1428571428571,5.199285985941858,provo:7:18,1.274954915046692,356,[262],1,21,21,21
7,19,221.56,262.23809523809524,branches,branches,4.21,-4.790482304635508,8,5.4006934331649035,5.5692528515390585,provo,221.56,5.4006934331649035,provo:7:19,10.509782791137695,357,[13737],1,22,22,22
7,20,183.8,48.714285714285715,of,of,7.4,-1.600326276788705,2,5.213848209921586,3.885972328228203,provo,183.8,5.213848209921586,provo:7:20,1.2016464471817017,358,[286],1,23,23,23
7,21,209.95348837209303,131.76190476190476,the,the,7.73,-1.2700257134917023,3,5.346886022243864,4.880996542063503,provo,209.95348837209303,5.346886022243864,provo:7:21,1.0888900756835938,359,[262],1,24,24,24
7,22,212.27868852459017,209.5952380952381,many,many,5.91,-3.0899094009871795,4,5.357899979895529,5.3451782331775375,provo,212.27868852459017,5.357899979895529,provo:7:22,12.008146286010742,360,[867],1,25,25,25
7,23,204.36666666666667,165.78571428571428,roads,roads,4.55,-4.449770423581891,5,5.319915766100532,5.1106960766591785,provo,204.36666666666667,5.319915766100532,provo:7:23,11.11855697631836,361,[9725],1,26,26,26
7,24,211.63636363636363,128.89285714285714,were,were,6.34,-2.6595558653290836,4,5.3548695360529575,4.858981494467584,provo,211.63636363636363,5.3548695360529575,provo:7:24,6.483028888702393,362,[547],1,27,27,27
7,25,207.58461538461535,220.66666666666663,green,green,5.13,-3.8696659098054966,5,5.33553904153515,5.396653267268898,provo,207.58461538461535,5.33553904153515,provo:7:25,9.589982986450195,363,[4077],1,28,28,28
7,26,224.5675675675676,254.47619047619048,meadows,meadows,3.6,-5.400106016141739,7,5.414176631020757,5.539207277493059,provo,224.5675675675676,5.414176631020757,provo:7:26,8.876860618591309,364,"[502, 9797]",2,29,30,30
7,27,206.1176470588235,46.357142857142854,and,and,7.41,-1.5900668749788436,3,5.328447108000066,3.836375387088831,provo,206.1176470588235,5.328447108000066,provo:7:27,2.463048219680786,365,[290],1,31,31,31
7,28,186.33333333333337,39.035714285714285,a,a,7.36,-1.6401645157636295,1,5.227537184486989,3.664476978001334,provo,186.33333333333337,5.227537184486989,provo:7:28,4.817738056182861,366,[257],1,32,32,32
7,29,210.58,138.67857142857142,few,few,5.6,-3.40011681880711,3,5.3498656284286135,4.932158819556463,provo,210.58,5.3498656284286135,provo:7:29,4.14552116394043,367,[1178],1,33,33,33
7,30,198.17391304347825,211.47619047619048,shrubs,shrubs,3.37,-5.630765583393175,6,5.28914499387648,5.354112417568679,provo,198.17391304347825,5.28914499387648,provo:7:30,7.507573127746582,368,"[10157, 23161]",2,34,35,35
7,31,202.2173913043478,57.785714285714285,and,and,7.41,-1.5900668749788436,3,5.3093433132949475,4.056741587443233,provo,202.2173913043478,5.3093433132949475,provo:7:31,4.584725379943848,369,[290],1,36,36,36
7,32,194.07462686567163,178.35714285714286,"trees,",trees,4.69,-4.309803033657121,5,5.268242759660354,5.183787960664515,provo,194.07462686567163,5.268242759660354,provo:7:32,6.300753593444824,370,"[7150, 11]",2,37,38,38
7,33,175.73214285714286,129.14285714285714,but,but,6.63,-2.369572114804145,3,5.168960920163836,4.860919211336864,provo,175.73214285714286,5.168960920163836,provo:7:33,3.822007894515991,371,[475],1,39,39,39
7,34,215.0810810810811,103.53571428571428,she,she,6.26,-2.739928588152592,3,5.37101507834265,4.639916618746452,provo,215.0810810810811,5.37101507834265,provo:7:34,4.309053421020508,372,[673],1,40,40,40
7,35,178.98666666666668,268.04761904761904,couldn't,couldn't,5.09,-3.910094535475801,8,5.187311315170677,5.591164647740603,provo,178.98666666666668,5.187311315170677,provo:7:35,2.8294432163238525,373,"[3521, 470]",2,41,42,42
7,36,209.1794871794872,108.77380952380952,see,see,6.1,-2.8996294204146222,3,5.343192673747858,4.689270584155307,provo,209.1794871794872,5.343192673747858,provo:7:36,1.911611557006836,374,[766],1,43,43,43
7,37,198.125,120.20238095238096,the,the,7.73,-1.2700257134917023,3,5.288898144631545,4.789176830161008,provo,198.125,5.288898144631545,provo:7:37,3.259056806564331,375,[262],1,44,44,44
7,38,207.2289156626506,323.0595238095238,farm-house,farm-house,4.71,-4.294991184070898,10,5.333824055004946,5.777836590484414,provo,207.2289156626506,5.333824055004946,provo:7:38,19.412174224853516,376,"[5318, 12, 4803]",3,45,47,47
7,39,202.71698113207543,139.72619047619048,from,from,6.63,-2.369572114804145,4,5.3118108246509514,4.93968472525681,provo,202.71698113207543,5.3118108246509514,provo:7:39,6.976789951324463,377,[422],1,48,48,48
7,40,195.22222222222223,145.08333333333334,which,which,6.3,-2.6989699826212954,5,5.274138510850878,4.977308289980189,provo,195.22222222222223,5.274138510850878,provo:7:40,4.2731828689575195,378,[543],1,49,49,49
7,41,206.1219512195122,105.63095238095238,she,she,6.26,-2.739928588152592,3,5.328467989840174,4.659951437992024,provo,206.1219512195122,5.328467989840174,provo:7:41,1.8378105163574219,379,[673],1,50,50,50
7,42,180.225,91.35714285714286,had,had,6.33,-2.669586206356675,3,5.194206070290642,4.514776471963584,provo,180.225,5.194206070290642,provo:7:42,1.5884701013565063,380,[550],1,51,51,51
7,43,209.85454545454544,145.98809523809524,just,just,6.43,-2.570247703852816,4,5.346414650038441,4.983525078918713,provo,209.85454545454544,5.346414650038441,provo:7:43,5.126788139343262,381,[655],1,52,52,52
7,44,185.72727272727272,101.48809523809524,"come,",come,5.78,-3.2196826158375527,4,5.224279322019251,4.619941503308404,provo,185.72727272727272,5.224279322019251,provo:7:44,5.57405948638916,382,"[1282, 11]",2,53,54,54
7,45,205.72222222222223,52.464285714285715,or,or,6.54,-2.4596705126934353,2,5.326526823017448,3.9601326659986738,provo,205.72222222222223,5.326526823017448,provo:7:45,3.378572463989258,383,[393],1,55,55,55
7,46,229.2972972972973,235.1428571428571,anything,anything,5.55,-3.4497715246084493,8,5.435019403040348,5.460193232181702,provo,229.2972972972973,5.435019403040348,provo:7:46,6.080530643463135,384,[1997],1,56,56,56
7,47,200.8095238095238,51.976190476190474,she,she,6.26,-2.739928588152592,3,5.302356816023137,3.950785738266576,provo,200.8095238095238,5.302356816023137,provo:7:47,4.3708391189575195,385,[673],1,57,57,57
7,48,204.0222222222222,121.20238095238096,had,had,6.33,-2.669586206356675,3,5.318228920373381,4.797461718263882,provo,204.0222222222222,5.318228920373381,provo:7:48,2.5387532711029053,386,[550],1,58,58,58
7,49,199.17021276595744,126.0952380952381,ever,ever,5.66,-3.340083704898545,4,5.294159799661686,4.837037479333476,provo,199.17021276595744,5.294159799661686,provo:7:49,2.4723706245422363,387,[1683],1,59,59,59
7,50,190.5,140.6547619047619,seen,seen,5.52,-3.480171875017509,4,5.249652194566756,4.946308390777695,provo,190.5,5.249652194566756,provo:7:50,0.32889196276664734,388,[1775],1,60,60,60
7,51,191.63333333333333,154.38095238095238,"before,",before,5.93,-3.070070388881986,6,5.255583823961135,5.039423264572198,provo,191.63333333333333,5.255583823961135,provo:7:51,5.735206127166748,389,"[878, 11]",2,61,62,62
7,52,209.04054054054055,264.0952380952381,except,except,5.02,-3.978810287316467,6,5.342528207032495,5.5763097884523,provo,209.04054054054055,5.342528207032495,provo:7:52,3.583580493927002,390,[2845],1,63,63,63
7,53,151.23076923076923,95.70238095238096,the,the,7.73,-1.2700257134917023,3,5.0188069432455755,4.561243177484648,provo,151.23076923076923,5.0188069432455755,provo:7:53,2.503805160522461,391,[262],1,64,64,64
7,54,202.0909090909091,370.1190476190476,shaggy,shaggy,3.18,-5.82099429243518,6,5.308717641165826,5.913824704209486,provo,202.0909090909091,5.308717641165826,provo:7:54,14.593073844909668,392,"[427, 363, 1360]",3,65,67,67
7,55,231.59322033898303,229.66666666666663,man,man,5.82,-3.17979847481172,3,5.444982472122632,5.436628982345549,provo,231.59322033898303,5.444982472122632,provo:7:55,8.110250473022461,393,[582],1,68,68,68
7,56,228.7704918032787,265.2261904761905,and,and,7.41,-1.5900668749788436,3,5.4327192817971115,5.58058301088721,provo,228.7704918032787,5.4327192817971115,provo:7:56,6.007772445678711,394,[290],1,69,69,69
7,57,253.96774193548387,334.51190476190476,Toto.,toto,3.15,-5.850750087409718,4,5.537207258699321,5.812672468656673,provo,253.96774193548387,5.537207258699321,provo:7:57,23.397552490234375,395,"[309, 2069, 13]",3,70,72,72
8,2,196.58666666666667,234.04761904761904,human,human,5.35,-3.6497517877844152,5,5.281103385813349,5.4555245948578435,provo,196.58666666666667,5.281103385813349,provo:8:2,,396,[10734],1,0,0,0
8,3,175.1451612903226,155.45238095238096,body,body,5.4,-3.6003261054933065,4,5.165615123171809,5.046339452903265,provo,175.1451612903226,5.165615123171809,provo:8:3,11.08260726928711,397,[1767],1,1,1,1
8,4,193.3090909090909,143.64285714285714,can,can,6.46,-2.5406074971611,3,5.264290415160611,4.967330060157393,provo,193.3090909090909,5.264290415160611,provo:8:4,7.926630020141602,398,[460],1,2,2,2
8,5,186.16901408450704,223.6904761904762,tolerate,tolerate,3.84,-5.159887629656769,8,5.226654938989083,5.410263293564197,provo,186.16901408450704,5.226654938989083,provo:8:5,8.806253433227539,399,[21923],1,3,3,3
8,6,214.69642857142856,172.17857142857142,only,only,6.12,-2.8794260358930543,4,5.36922507023976,5.148532144230418,provo,214.69642857142856,5.36922507023976,provo:8:6,7.425940036773682,400,[691],1,4,4,4
8,7,189.5,80.66666666666667,a,a,7.36,-1.6401645157636295,1,5.244389024522481,4.390325437488577,provo,189.5,5.244389024522481,provo:8:7,2.9860987663269043,401,[257],1,5,5,5
8,8,196.75757575757575,181.20238095238096,small,small,5.51,-3.4894548557519016,5,5.281972391042006,5.199614533436353,provo,196.75757575757575,5.281972391042006,provo:8:8,3.3504879474639893,402,[1402],1,6,6,6
8,9,197.22727272727272,194.72619047619048,range,range,5.12,-3.8794257397833034,5,5.284356732440035,5.271594420415212,provo,197.22727272727272,5.284356732440035,provo:8:9,7.107352256774902,403,[2837],1,7,7,7
8,10,185.8695652173913,52.73809523809524,of,of,7.4,-1.600326276788705,2,5.225045165441711,3.965338064195868,provo,185.8695652173913,5.225045165441711,provo:8:10,0.12441889196634293,404,[286],1,8,8,8
8,11,230.475,338.5952380952381,"temperature,",temperature,4.64,-4.359517569221832,11,5.440142396684658,5.824805406089328,provo,230.475,5.440142396684658,provo:8:11,7.3744707107543945,405,"[5951, 11]",2,9,10,10
8,12,219.3924050632911,293.57142857142856,especially,especially,5.21,-3.7904847173744383,10,5.390861930392779,5.682120977875021,provo,219.3924050632911,5.390861930392779,provo:8:12,7.861237049102783,406,[2592],1,11,11,11
8,13,192.69230769230768,100.5952380952381,when,when,6.37,-2.6307841240302645,4,5.261094656057429,4.611104921507906,provo,192.69230769230768,5.261094656057429,provo:8:13,2.3440797328948975,407,[618],1,12,12,12
8,14,191.3953488372093,110.86904761904762,the,the,7.73,-1.2700257134917023,3,5.254341177977553,4.708349753678344,provo,191.3953488372093,5.254341177977553,provo:8:14,3.4638922214508057,408,[262],1,13,13,13
8,15,188.16666666666663,183.16666666666663,person,person,5.55,-3.4497715246084493,6,5.237328094921607,5.210396485175567,provo,188.16666666666663,5.237328094921607,provo:8:15,7.37005090713501,409,[1048],1,14,14,14
8,16,154.16129032258064,69.55952380952381,is,is,7.07,-1.9318141345419195,2,5.037999394093012,4.242182843711124,provo,154.16129032258064,5.037999394093012,provo:8:16,0.7407786250114441,410,[318],1,15,15,15
8,17,214.0,292.4761904761905,engaged,engaged,4.52,-4.480170694158342,7,5.365976015021851,5.678383263277345,provo,214.0,5.365976015021851,provo:8:17,8.478785514831543,411,[7953],1,16,16,16
8,18,191.7027027027027,92.92857142857144,in,in,7.27,-1.730487053447167,2,5.2559457485578625,4.531831148897247,provo,191.7027027027027,5.2559457485578625,provo:8:18,0.04487050324678421,412,[287],1,17,17,17
8,19,199.65432098765433,318.42857142857144,vigorous,vigorous,3.46,-5.540592432833052,8,5.296587476088223,5.763398184330556,provo,199.65432098765433,5.296587476088223,provo:8:19,5.535526752471924,413,[31543],1,18,18,18
8,20,203.04166666666663,226.6071428571429,activity.,activity,4.86,-4.140260833949011,8,5.31341121249556,5.423217869973284,provo,203.04166666666663,5.31341121249556,provo:8:20,4.182039737701416,414,"[3842, 13]",2,19,20,20
8,21,214.4920634920635,212.3928571428571,Heat,heat,4.86,-4.140260833949011,4,5.368272737646554,5.35843765953139,provo,214.4920634920635,5.368272737646554,provo:8:21,8.841104507446289,415,[12308],1,21,21,21
8,22,233.2716049382716,405.1309523809524,reactions,reactions,4.24,-4.759448255779274,9,5.452203461111151,6.0042103540559095,provo,233.2716049382716,5.452203461111151,provo:8:22,12.474319458007812,416,[12737],1,22,22,22
8,23,225.96,275.20238095238096,usually,usually,5.15,-3.8507805793344585,7,5.4203579924570615,5.617506757738263,provo,225.96,5.4203579924570615,provo:8:23,8.169271469116211,417,[3221],1,23,23,23
8,24,227.16129032258064,219.3690476190476,occur,occur,4.47,-4.530176511839648,5,5.425660295229852,5.3907554604915475,provo,227.16129032258064,5.425660295229852,provo:8:24,1.3514076471328735,418,[3051],1,24,24,24
8,25,206.41304347826087,135.61904761904762,when,when,6.37,-2.6307841240302645,4,5.329879226757291,4.909849834808443,provo,206.41304347826087,5.329879226757291,provo:8:25,2.131737470626831,419,[618],1,25,25,25
8,26,223.4920634920635,204.75,large,large,5.39,-3.61083373837245,5,5.409375903320501,5.321789722733179,provo,223.4920634920635,5.409375903320501,provo:8:26,8.477177619934082,420,[1588],1,26,26,26
8,27,195.77272727272728,183.0,amounts,amounts,4.41,-4.590065186810196,7,5.276954431695795,5.209486152841421,provo,195.77272727272728,5.276954431695795,provo:8:27,1.6718248128890991,421,[6867],1,27,27,27
8,28,185.47619047619048,47.94047619047619,of,of,7.4,-1.600326276788705,2,5.222926520581425,3.869960162008141,provo,185.47619047619048,5.222926520581425,provo:8:28,0.008984202519059181,422,[286],1,28,28,28
8,29,222.78571428571428,169.4047619047619,water,water,5.52,-3.480171875017509,5,5.406210386992544,5.132290892240585,provo,222.78571428571428,5.406210386992544,provo:8:29,3.5082273483276367,423,[1660],1,29,29,29
8,30,196.5967741935484,180.4047619047619,and/or,and/or,6.49,-2.51427855932579,6,5.281154799610745,5.195203003648005,provo,196.5967741935484,5.281154799610745,provo:8:30,9.048468589782715,424,"[290, 14, 273]",3,30,32,32
8,31,186.23636363636365,140.13095238095238,salt,salt,4.6,-4.400115836735518,4,5.227016639204064,4.942577359569167,provo,186.23636363636365,5.227016639204064,provo:8:31,5.056352138519287,425,[8268],1,33,33,33
8,32,198.90243902439025,118.03571428571428,are,are,6.74,-2.259637302609493,3,5.292814448350806,4.770987242110583,provo,198.90243902439025,5.292814448350806,provo:8:32,0.9342227578163147,426,[389],1,34,34,34
8,33,184.83333333333337,165.78571428571428,lost,lost,5.39,-3.61083373837245,4,5.219454518122312,5.1106960766591785,provo,184.83333333333337,5.219454518122312,provo:8:33,9.725439071655273,427,[2626],1,35,35,35
8,34,185.96103896103895,260.04761904761904,through,through,5.87,-3.130181733411434,7,5.225537183820323,5.560864764428731,provo,185.96103896103895,5.225537183820323,provo:8:34,3.8272385597229004,428,[832],1,36,36,36
8,35,222.69333333333333,260.6309523809524,excessive,excessive,4.12,-4.8794227786969016,9,5.405795638176865,5.563105431164023,provo,222.69333333333333,5.405795638176865,provo:8:35,7.467653274536133,429,[13181],1,37,37,37
8,36,229.28378378378375,253.6428571428571,sweating,sweating,3.66,-5.340074296872592,8,5.43496046683877,5.535927203327829,provo,229.28378378378375,5.43496046683877,provo:8:36,3.4598228931427,430,[38912],1,38,38,38
8,37,218.73611111111111,261.1547619047619,following,following,5.46,-3.5406073614441,9,5.387866031158525,5.565113189082374,provo,218.73611111111111,5.387866031158525,provo:8:37,12.332091331481934,431,[1708],1,39,39,39
8,38,256.56164383561645,293.75,strenuous,strenuous,3.12,-5.879393168943227,9,5.547368962581463,5.682729065458369,provo,256.56164383561645,5.547368962581463,provo:8:38,5.362929344177246,432,"[43071, 5623]",2,40,41,41
8,39,221.93548387096777,199.08333333333337,exercise.,exercise,4.68,-4.319663579917319,8,5.402386726442243,5.293723497537809,provo,221.93548387096777,5.402386726442243,provo:8:39,1.623548984527588,433,"[5517, 13]",2,42,43,43
8,40,214.26315789473685,109.64285714285714,When,when,6.37,-2.6307841240302645,4,5.367204969336538,4.6972283304060385,provo,214.26315789473685,5.367204969336538,provo:8:40,5.785245418548584,434,[1649],1,44,44,44
8,41,196.02564102564105,96.11904761904762,the,the,7.73,-1.2700257134917023,3,5.278245472233516,4.5655875025695725,provo,196.02564102564105,5.278245472233516,provo:8:41,2.497921943664551,435,[262],1,45,45,45
8,42,199.46808510638297,121.27380952380952,body,body,5.4,-3.6003261054933065,4,5.295654249128553,4.7980508777467525,provo,199.46808510638297,5.295654249128553,provo:8:42,2.1483800411224365,436,[1767],1,46,46,46
8,43,211.41538461538465,209.75,becomes,becomes,4.83,-4.170052661611381,7,5.353824845695384,5.345916345347316,provo,211.41538461538465,5.353824845695384,provo:8:43,4.971693515777588,437,[4329],1,47,47,47
8,44,207.3676470588235,226.45238095238096,overheated,overheated,2.89,-6.110082316563794,10,5.334493290661124,5.422534684199017,provo,207.3676470588235,5.334493290661124,provo:8:44,5.0838165283203125,438,"[34789, 515]",2,48,49,49
8,45,183.25,85.33333333333333,and,and,7.41,-1.5900668749788436,3,5.2108513407667605,4.446565155811452,provo,183.25,5.2108513407667605,provo:8:45,3.620654344558716,439,[290],1,50,50,50
8,46,202.4109589041096,250.5595238095238,cannot,cannot,5.11,-3.889409953038492,6,5.310300080730685,5.523696512295858,provo,202.4109589041096,5.310300080730685,provo:8:46,6.658265113830566,440,[2314],1,51,51,51
8,47,189.66666666666663,248.98809523809524,eliminate,eliminate,4.15,-4.850777807252834,9,5.245268145458221,5.517405085032985,provo,189.66666666666663,5.245268145458221,provo:8:47,11.913558959960938,441,[11005],1,52,52,52
8,48,197.4186046511628,123.0,this,this,6.82,-2.1797985339440955,4,5.285326371044405,4.812184355372417,provo,197.4186046511628,5.285326371044405,provo:8:48,5.791080951690674,442,[428],1,53,53,53
8,49,227.2089552238806,253.46428571428572,excess,excess,4.21,-4.790482304635508,6,5.425870101668288,5.535222928349779,provo,227.2089552238806,5.425870101668288,provo:8:49,4.84367036819458,443,[6992],1,54,54,54
8,50,185.48888888888888,108.20238095238096,"heat,",heat,4.86,-4.140260833949011,4,5.222994982080417,4.684003371275457,provo,185.48888888888888,5.222994982080417,provo:8:50,2.468559503555298,444,"[4894, 11]",2,55,56,56
8,51,231.75,170.36904761904762,heat,heat,4.86,-4.140260833949011,4,5.445659204445964,5.137966952467562,provo,231.75,5.445659204445964,provo:8:51,5.621706008911133,445,[4894],1,57,57,57
8,52,226.64935064935065,306.35714285714283,exhaustion,exhaustion,3.49,-5.510027465964983,10,5.423404112389816,5.724751554901622,provo,226.64935064935065,5.423404112389816,provo:8:52,5.5225443840026855,446,[32493],1,58,58,58
8,53,187.07142857142856,31.178571428571427,and,and,7.41,-1.5900668749788436,3,5.231490514892453,3.439731045664398,provo,187.07142857142856,5.231490514892453,provo:8:53,5.124455451965332,447,[290],1,59,59,59
8,54,240.10416666666663,168.04761904761904,heat,heat,4.86,-4.140260833949011,4,5.481072856956958,5.124247385951847,provo,240.10416666666663,5.481072856956958,provo:8:54,3.135159730911255,448,[4894],1,60,60,60
8,55,210.43548387096777,220.73809523809524,stroke,stroke,4.27,-4.730484720871791,6,5.349179116220657,5.396976909323614,provo,210.43548387096777,5.349179116220657,provo:8:55,3.4346868991851807,449,[14000],1,61,61,61
8,56,217.4390243902439,112.48809523809524,are,are,6.74,-2.259637302609493,3,5.381918463592933,4.722847395939312,provo,217.4390243902439,5.381918463592933,provo:8:56,1.904725432395935,450,[389],1,62,62,62
8,57,242.19642857142856,270.9642857142857,possible,possible,5.36,-3.640164328011908,8,5.489749085227565,5.601987025162871,provo,242.19642857142856,5.489749085227565,provo:8:57,5.896036624908447,451,[1744],1,63,63,63
9,2,186.01666666666668,225.6309523809524,was,was,6.82,-2.1797985339440955,3,5.225836275433615,5.418900710482987,provo,186.01666666666668,5.225836275433615,provo:9:2,,452,[9776],1,0,0,0
9,3,171.52631578947367,109.22619047619048,a,a,7.36,-1.6401645157636295,1,5.144736699671121,4.693420874079457,provo,171.52631578947367,5.144736699671121,provo:9:3,5.394439220428467,453,[257],1,1,1,1
9,4,199.5064935064935,454.2619047619048,forbidding,forbidding,3.07,-5.93177702065355,10,5.295846784704944,6.118673914443942,provo,199.5064935064935,5.295846784704944,provo:9:4,17.28400421142578,454,"[11747, 13494]",2,2,3,3
9,5,199.56,262.2857142857143,"challenge,",challenge,4.88,-4.119757651911903,9,5.296114942992837,5.569434422125123,provo,199.56,5.296114942992837,provo:9:5,15.859375,455,"[4427, 11]",2,4,5,5
9,6,206.58333333333337,107.47619047619048,and,and,7.41,-1.5900668749788436,3,5.330703882247191,4.677269339094113,provo,206.58333333333337,5.330703882247191,provo:9:6,2.9899067878723145,456,[290],1,6,6,6
9,7,217.77083333333337,183.98809523809524,it,it,6.95,-2.0501222910888885,2,5.383443286624816,5.214871055722903,provo,217.77083333333337,5.383443286624816,provo:9:7,4.182948112487793,457,[340],1,7,7,7
9,8,212.84615384615384,233.42857142857144,says,says,5.49,-3.510041380026812,4,5.360569622325389,5.452876126364635,provo,212.84615384615384,5.360569622325389,provo:9:8,10.921980857849121,458,[1139],1,8,8,8
9,9,226.0677966101695,228.8809523809524,much,much,6.0,-2.9999999565705537,4,5.420834939286532,5.433202009782448,provo,226.0677966101695,5.420834939286532,provo:9:9,6.340646266937256,459,[881],1,9,9,9
9,10,202.2340425531915,118.17857142857144,for,for,7.01,-1.9913998239802937,3,5.309425653212471,4.772196797746409,provo,202.2340425531915,5.309425653212471,provo:9:10,5.814912796020508,460,[329],1,10,10,10
9,11,230.26829268292684,667.9166666666666,Winstanley's,winstanley's,0.0,-10.0,12,5.439245119028209,6.504163415255653,provo,230.26829268292684,5.439245119028209,provo:9:11,20.553979873657227,461,"[7178, 14192, 1636, 338]",4,11,14,14
9,12,245.51282051282053,432.4166666666667,persuasive,persuasive,3.41,-5.590049978379491,10,5.5033491679192,6.06938962957974,provo,245.51282051282053,5.5033491679192,provo:9:12,12.336249351501465,462,[40116],1,15,15,15
9,13,235.35135135135135,267.35714285714283,"abilities,",abilities,4.21,-4.790482304635508,9,5.461079509710213,5.58858537828917,provo,235.35135135135135,5.461079509710213,provo:9:13,11.66484260559082,463,"[7883, 11]",2,16,17,17
9,14,207.74074074074073,156.9404761904762,not,not,6.69,-2.3098039111083337,3,5.336290863504008,5.055866600914657,provo,207.74074074074073,5.336290863504008,provo:9:14,6.296301364898682,464,[407],1,18,18,18
9,15,210.07894736842104,111.83333333333331,to,to,7.43,-1.5702477183831145,2,5.347483399919413,4.717009667743627,provo,210.07894736842104,5.347483399919413,provo:9:15,2.3871073722839355,465,[284],1,19,19,19
9,16,206.53333333333333,305.6190476190476,mention,mention,4.73,-4.270024905559145,7,5.330461819874603,5.722339383946379,provo,206.53333333333333,5.330461819874603,provo:9:16,0.13792264461517334,466,[3068],1,20,20,20
9,17,192.16666666666663,192.6071428571429,his,his,6.51,-2.4894549763892373,3,5.2583630510410035,5.260652585162023,provo,192.16666666666663,5.2583630510410035,provo:9:17,1.051187515258789,467,[465],1,21,21,21
9,18,176.390243902439,456.8928571428572,"self-confidence,",self-confidence,4.55,-4.447330567378357,15,5.172698835367704,6.124448915141831,provo,176.390243902439,5.172698835367704,provo:9:18,14.229999542236328,468,"[2116, 12, 39745, 11]",4,22,25,25
9,19,230.0408163265306,189.21428571428572,that,that,7.01,-1.9913998239802937,4,5.438256755467889,5.242880159656811,provo,230.0408163265306,5.438256755467889,provo:9:19,1.796013593673706,469,[326],1,26,26,26
9,20,191.40425531914897,129.3095238095238,the,the,7.73,-1.2700257134917023,3,5.254387711369148,4.8622089397514765,provo,191.40425531914897,5.254387711369148,provo:9:20,4.694576263427734,470,[262],1,27,27,27
9,21,247.3170731707317,671.5,admiralty,admiralty,3.44,-5.560651513930253,9,5.510671210440866,6.509514015963292,provo,247.3170731707317,5.510671210440866,provo:9:21,18.038785934448242,471,"[6178, 343, 6017]",3,28,30,30
9,22,281.1948051948052,404.4642857142857,agreed,agreed,4.84,-4.159893277950514,6,5.639047686063185,6.002563440176031,provo,281.1948051948052,5.639047686063185,provo:9:22,12.089998245239258,472,[4987],1,31,31,31
9,23,194.57692307692307,76.44047619047619,to,to,7.43,-1.5702477183831145,2,5.270827576270454,4.336512348950735,provo,194.57692307692307,5.270827576270454,provo:9:23,1.0122861862182617,473,[284],1,32,32,32
9,24,216.390625,226.48809523809524,fund,fund,4.82,-4.179797883488409,4,5.3770852234830455,5.422692383886573,provo,216.390625,5.3770852234830455,provo:9:24,9.617586135864258,474,[1814],1,33,33,33
9,25,182.31372549019608,126.58333333333331,him.,him,6.11,-2.8894102560345134,3,5.205728969526204,4.840900852807772,provo,182.31372549019608,5.205728969526204,provo:9:25,5.379117012023926,475,"[683, 13]",2,34,35,35
9,26,188.6153846153846,61.833333333333336,No,no,6.35,-2.649751962277691,2,5.239709939594565,4.1244425933793805,provo,188.6153846153846,5.239709939594565,provo:9:26,8.812042236328125,476,[1400],1,36,36,36
9,27,246.974025974026,400.7142857142857,lighthouse,lighthouse,3.55,-5.44975941346983,10,5.509283173098592,5.993248668901483,provo,246.974025974026,5.509283173098592,provo:9:27,16.3419132232666,477,[46371],1,37,37,37
9,28,235.08333333333337,110.11904761904762,had,had,6.33,-2.669586206356675,3,5.459940061213996,4.7015620316631574,provo,235.08333333333337,5.459940061213996,provo:9:28,4.406346797943115,478,[550],1,38,38,38
9,29,223.68571428571428,230.51190476190476,ever,ever,5.66,-3.340083704898545,4,5.4102420054185005,5.440302508660085,provo,223.68571428571428,5.4102420054185005,provo:9:29,0.9466391801834106,479,[1683],1,39,39,39
9,30,167.88,117.53571428571428,been,been,6.27,-2.7304870324329187,4,5.12324943846539,4.766742238768136,provo,167.88,5.12324943846539,provo:9:30,0.741812527179718,480,[587],1,40,40,40
9,31,206.7746478873239,232.01190476190476,built,built,5.07,-3.931813767062132,5,5.331629542698145,5.446788683978711,provo,206.7746478873239,5.331629542698145,provo:9:31,1.2740494012832642,481,[3170],1,41,41,41
9,32,186.15714285714284,240.5952380952381,out,out,6.38,-2.619788740192791,3,5.226591171095547,5.483116011554353,provo,186.15714285714284,5.226591171095547,provo:9:32,9.018875122070312,482,[503],1,42,42,42
9,33,174.0392156862745,153.78571428571428,to,to,7.43,-1.5702477183831145,2,5.159280651328158,5.035560167749105,provo,174.0392156862745,5.159280651328158,provo:9:33,5.100883960723877,483,[284],1,43,43,43
9,34,205.625,220.73809523809524,sea,sea,5.06,-3.939301781999177,3,5.326054121519636,5.396976909323614,provo,205.625,5.326054121519636,provo:9:34,3.4536988735198975,484,[5417],1,44,44,44
9,35,220.77777777777777,109.07142857142856,on,on,6.91,-2.089909449064056,2,5.397156665215597,4.692002975603374,provo,220.77777777777777,5.397156665215597,provo:9:35,5.700356483459473,485,[319],1,45,45,45
9,36,215.32,148.11904761904762,an,an,6.53,-2.4698002889858715,2,5.372125293692757,4.998016326231651,provo,215.32,5.372125293692757,provo:9:36,5.659326553344727,486,[281],1,46,46,46
9,37,215.78205128205127,319.10714285714283,isolated,isolated,4.24,-4.759448255779274,8,5.374268876436575,5.765526917418325,provo,215.78205128205127,5.374268876436575,provo:9:37,9.052885055541992,487,[11557],1,47,47,47
9,38,208.8928571428571,154.64285714285714,rock,rock,5.03,-3.9706158164322862,4,5.341821475267822,5.041118310821331,provo,208.8928571428571,5.341821475267822,provo:9:38,9.541799545288086,488,[3881],1,48,48,48
9,39,205.68253968253967,170.9047619047619,before.,before,5.93,-3.070070388881986,6,5.32633391061837,5.141106453424184,provo,205.68253968253967,5.32633391061837,provo:9:39,9.286264419555664,489,"[878, 13]",2,49,50,50
9,40,180.33333333333337,50.04761904761905,The,the,7.73,-1.2700257134917023,3,5.194806990178372,3.912974933153528,provo,180.33333333333337,5.194806990178372,provo:9:40,3.3317620754241943,490,[383],1,51,51,51
9,41,238.4625,434.3333333333333,Eddystone,eddystone,1.78,-7.218963061378868,9,5.474212065261636,6.073812288456735,provo,238.4625,5.474212065261636,provo:9:41,22.290014266967773,491,"[1717, 9892, 6440]",3,52,54,54
9,42,216.82142857142856,78.28571428571429,is,is,7.07,-1.9318141345419195,2,5.37907410495523,4.360365137892702,provo,216.82142857142856,5.37907410495523,provo:9:42,5.492116451263428,492,[318],1,55,55,55
9,43,216.0327868852459,213.9404761904762,hard,hard,5.53,-3.4698001736864703,4,5.375430187300454,5.365697827688709,provo,216.0327868852459,5.375430187300454,provo:9:43,10.210012435913086,493,[1327],1,56,56,56
9,44,212.52631578947367,174.63095238095238,enough,enough,5.54,-3.459670400052233,6,5.359065819706342,5.162674903644449,provo,212.52631578947367,5.359065819706342,provo:9:44,7.504696369171143,494,[1576],1,57,57,57
9,45,215.11428571428573,89.63095238095238,to,to,7.43,-1.5702477183831145,2,5.371169448360709,4.495700711006808,provo,215.11428571428573,5.371169448360709,provo:9:45,0.37856778502464294,495,[284],1,58,58,58
9,46,201.85245901639345,169.6904761904762,"avoid,",avoid,4.87,-4.13018120592865,5,5.30753702961956,5.133976049218503,provo,201.85245901639345,5.30753702961956,provo:9:46,11.066882133483887,496,"[3368, 11]",2,59,60,60
9,47,188.16666666666663,75.5,but,but,6.63,-2.369572114804145,3,5.237328094921607,4.324132656254979,provo,188.16666666666663,5.237328094921607,provo:9:47,1.5373644828796387,497,[475],1,61,61,61
9,48,214.26666666666668,268.0833333333333,landing,landing,4.4,-4.600324548265508,7,5.367221345195248,5.591297877451026,provo,214.26666666666668,5.367221345195248,provo:9:48,12.306580543518066,498,[9581],1,62,62,62
9,49,160.57142857142858,68.25,on,on,6.91,-2.089909449064056,2,5.078738881398323,4.223177434065069,provo,160.57142857142858,5.078738881398323,provo:9:49,1.661924958229065,499,[319],1,63,63,63
9,50,212.73529411764707,109.08333333333331,it,it,6.95,-2.0501222910888885,2,5.360048642233119,4.6921121161218995,provo,212.73529411764707,5.360048642233119,provo:9:50,2.0326874256134033,500,[340],1,64,64,64
9,51,224.03846153846155,179.41666666666666,is,is,7.07,-1.9318141345419195,2,5.4118177404124195,5.189710847576363,provo,224.03846153846155,5.4118177404124195,provo:9:51,3.388174533843994,501,[318],1,65,65,65
9,52,191.33333333333337,87.91666666666667,a,a,7.36,-1.6401645157636295,1,5.254017107651457,4.476389396122166,provo,191.33333333333337,5.254017107651457,provo:9:52,2.7244532108306885,502,[257],1,66,66,66
9,53,173.03896103896105,371.29761904761904,separate,separate,4.83,-4.170052661611381,8,5.1535167774598865,5.917003948686361,provo,173.03896103896105,5.1535167774598865,provo:9:53,10.715351104736328,503,[4553],1,67,67,67
9,54,226.9375,400.2261904761905,challenge,challenge,4.88,-4.119757651911903,9,5.4246746491745546,5.992029863477044,provo,226.9375,5.4246746491745546,provo:9:54,5.262715816497803,504,[4427],1,68,68,68
9,55,310.08,432.3809523809524,entirely.,entirely,4.72,-4.279839869367247,8,5.736830328702402,6.069307033871916,provo,310.08,5.736830328702402,provo:9:55,8.965386390686035,505,"[5000, 13]",2,69,70,70
10,2,228.91463414634143,414.42857142857144,clergyman,clergyman,3.17,-5.829708941374607,9,5.43334915740222,6.026900635066091,provo,228.91463414634143,5.43334915740222,provo:10:2,,506,"[22902, 1360, 805]",3,0,2,2
10,3,208.28205128205127,329.8809523809524,remarked,remarked,3.59,-5.410039234435223,8,5.3388931769213075,5.79873183901371,provo,208.28205128205127,5.3388931769213075,provo:10:3,14.950796127319336,507,[24998],1,3,3,3
10,4,184.29166666666663,63.0,to,to,7.43,-1.5702477183831145,2,5.216519647520381,4.143134726391533,provo,184.29166666666663,5.216519647520381,provo:10:4,4.318415641784668,508,[284],1,4,4,4
10,5,210.70689655172413,173.03571428571428,"him,",him,6.11,-2.8894102560345134,3,5.350468051891581,5.153498014149663,provo,210.70689655172413,5.350468051891581,provo:10:5,6.272690296173096,509,"[683, 11]",2,5,6,6
10,6,183.925,89.96428571428571,"""The",the,7.73,-1.2700257134917023,3,5.214528065818328,4.499412766177406,provo,183.925,5.214528065818328,provo:10:6,5.591033458709717,510,"[366, 464]",2,7,8,8
10,7,192.72058823529412,186.29761904761904,Lord,lord,5.1,-3.8996291102044136,4,5.2612414105814,5.227345497319858,provo,192.72058823529412,5.2612414105814,provo:10:7,7.510642051696777,511,[4453],1,9,9,9
10,8,209.76923076923077,130.02380952380952,is,is,7.07,-1.9318141345419195,2,5.346008025384052,4.867717583868785,provo,209.76923076923077,5.346008025384052,provo:10:8,3.3523786067962646,512,[318],1,10,10,10
10,9,215.96226415094335,144.96428571428572,on,on,6.91,-2.089909449064056,2,5.3751036894169255,4.9764874066636935,provo,215.96226415094335,5.3751036894169255,provo:10:9,7.290341854095459,513,[319],1,11,11,11
10,10,203.72727272727272,146.29761904761904,our,our,6.14,-2.86012088212815,3,5.316782201002557,4.985643033441283,provo,203.72727272727272,5.316782201002557,provo:10:10,4.3243255615234375,514,[674],1,12,12,12
10,11,175.08510638297872,120.71428571428572,"side.""",side,5.5,-3.5003127799466554,4,5.1652721778956545,4.7934264783018605,provo,175.08510638297872,5.1652721778956545,provo:10:11,2.707669496536255,515,"[1735, 526]",2,13,14,14
10,12,225.0,29.464285714285715,I,i,7.09,-1.9100948850297528,1,5.41610040220442,3.383178876159477,provo,225.0,5.41610040220442,provo:10:12,6.2476067543029785,516,[314],1,15,15,15
10,13,236.61363636363637,161.97619047619048,am,am,5.78,-3.2196826158375527,2,5.466428584556492,5.087449352061692,provo,236.61363636363637,5.466428584556492,provo:10:13,5.344649791717529,517,[716],1,16,16,16
10,14,228.71428571428572,210.82142857142856,not,not,6.69,-2.3098039111083337,3,5.432473563941401,5.351011465065485,provo,228.71428571428572,5.432473563941401,provo:10:14,3.1810855865478516,518,[407],1,17,17,17
10,15,205.9318181818182,123.8095238095238,at,at,6.7,-2.300162265464202,2,5.3275451343038,4.81874428628615,provo,205.9318181818182,5.3275451343038,provo:10:15,7.194793224334717,519,[379],1,18,18,18
10,16,213.7735849056604,166.14285714285714,all,all,6.52,-2.4801719931036024,3,5.36491744046993,5.112848003463351,provo,213.7735849056604,5.36491744046993,provo:10:16,0.5730461478233337,520,[477],1,19,19,19
10,17,209.46666666666667,258.8690476190476,concerned,concerned,4.75,-4.2502629116656445,9,5.344564617713356,5.556322326188425,provo,209.46666666666667,5.344564617713356,provo:10:17,6.528216361999512,521,[5213],1,20,20,20
10,18,188.3793103448276,154.16666666666666,about,about,6.4,-2.6003262612163933,5,5.238457538409244,5.03803426828437,provo,188.3793103448276,5.238457538409244,provo:10:18,3.013169765472412,522,[546],1,21,21,21
10,19,178.15254237288136,162.58333333333334,"that,",that,7.01,-1.9913998239802937,4,5.182640162917635,5.091190690835111,provo,178.15254237288136,5.182640162917635,provo:10:19,5.953366756439209,523,"[326, 11]",2,22,23,23
10,20,211.19736842105263,323.8809523809524,replied,replied,4.28,-4.718964358965126,7,5.352793091626887,5.780376017350061,provo,211.19736842105263,5.352793091626887,provo:10:20,15.092935562133789,524,[8712],1,24,24,24
10,21,180.22,130.02380952380952,Mr.,mr,5.69,-3.3098038313399685,2,5.194178326806891,4.867717583868785,provo,180.22,5.194178326806891,provo:10:21,4.549115180969238,525,"[1770, 13]",2,25,26,26
10,22,203.33333333333337,238.02380952380952,Lincoln;,lincoln,4.31,-4.6903677036848,7,5.314846668499247,5.472370708683813,provo,203.33333333333337,5.314846668499247,provo:10:22,12.791886329650879,526,"[12406, 26]",2,27,28,28
10,23,224.54166666666663,162.0952380952381,"""for",for,7.01,-1.9913998239802937,3,5.414061287585551,5.088184051969842,provo,224.54166666666663,5.414061287585551,provo:10:23,12.277586936950684,527,"[366, 1640]",2,29,30,30
10,24,205.31034482758625,73.41666666666667,I,i,7.09,-1.9100948850297528,1,5.324522711589248,4.296150976148179,provo,205.31034482758625,5.324522711589248,provo:10:24,2.481029748916626,528,[314],1,31,31,31
10,25,196.70491803278688,179.78571428571428,know,know,6.1,-2.8996294204146222,4,5.281704727791078,5.191765665520057,provo,196.70491803278688,5.281704727791078,provo:10:25,4.132138252258301,529,[760],1,32,32,32
10,26,187.3877551020408,133.53571428571428,that,that,7.01,-1.9913998239802937,4,5.233180026698541,4.8943689648019095,provo,187.3877551020408,5.233180026698541,provo:10:26,1.8761194944381714,530,[326],1,33,33,33
10,27,205.5,86.39285714285714,the,the,7.73,-1.2700257134917023,3,5.32544603393629,4.458905000434823,provo,205.5,5.32544603393629,provo:10:27,2.696316957473755,531,[262],1,34,34,34
10,28,185.30357142857144,138.26190476190476,Lord,lord,5.1,-3.8996291102044136,4,5.221995406870129,4.929149747088681,provo,185.30357142857144,5.221995406870129,provo:10:28,0.99146968126297,532,[4453],1,35,35,35
10,29,183.1290322580645,80.64285714285714,is,is,7.07,-1.9318141345419195,2,5.21019099868558,4.390030234534404,provo,183.1290322580645,5.21019099868558,provo:10:29,1.400121808052063,533,[318],1,36,36,36
10,30,198.796875,194.3095238095238,always,always,5.76,-3.240332079780901,6,5.292283574783029,5.269452371185874,provo,198.796875,5.292283574783029,provo:10:30,5.989253997802734,534,[1464],1,37,37,37
10,31,197.46666666666667,35.26190476190476,on,on,6.91,-2.089909449064056,2,5.285569793725534,3.56280319598443,provo,197.46666666666667,5.285569793725534,provo:10:31,1.3988268375396729,535,[319],1,38,38,38
10,32,212.8108108108108,104.10714285714286,the,the,7.73,-1.2700257134917023,3,5.360403558859458,4.6454205886093884,provo,212.8108108108108,5.360403558859458,provo:10:32,3.869110107421875,536,[262],1,39,39,39
10,33,180.3703703703704,147.01190476190476,side,side,5.5,-3.5003127799466554,4,5.195012350072306,4.990513568274509,provo,180.3703703703704,5.195012350072306,provo:10:33,0.19186270236968994,537,[1735],1,40,40,40
10,34,196.08695652173913,65.02380952380952,of,of,7.4,-1.600326276788705,2,5.278558216567574,4.174753503190336,provo,196.08695652173913,5.278558216567574,provo:10:34,0.2107013612985611,538,[286],1,41,41,41
10,35,199.3823529411765,85.20238095238095,the,the,7.73,-1.2700257134917023,3,5.295224352814804,4.445029378895284,provo,199.3823529411765,5.295224352814804,provo:10:35,1.1425739526748657,539,[262],1,42,42,42
10,36,214.4516129032258,200.53571428571428,right.,right,5.96,-3.040005114051578,5,5.368084132050138,5.300992356997339,provo,214.4516129032258,5.368084132050138,provo:10:36,11.351869583129883,540,"[826, 13]",2,43,44,44
10,37,199.53571428571428,74.27380952380952,But,but,6.63,-2.369572114804145,3,5.295993239283945,4.307758393267473,provo,199.53571428571428,5.295993239283945,provo:10:37,4.105874061584473,541,[887],1,45,45,45
10,38,212.19607843137257,146.03571428571428,it,it,6.95,-2.0501222910888885,2,5.357510745478355,4.983851210189438,provo,212.19607843137257,5.357510745478355,provo:10:38,4.368531227111816,542,[340],1,46,46,46
10,39,198.55769230769232,149.23809523809524,is,is,7.07,-1.9318141345419195,2,5.291079699247806,5.005542985192543,provo,198.55769230769232,5.291079699247806,provo:10:39,0.7859519720077515,543,[318],1,47,47,47
10,40,176.6,111.0595238095238,my,my,6.57,-2.4294570484435196,2,5.173887288169859,4.710066308117647,provo,176.6,5.173887288169859,provo:10:40,4.696690082550049,544,[616],1,48,48,48
10,41,219.6962025316456,317.6666666666667,constant,constant,4.54,-4.4596692736418175,8,5.39224569445122,5.761002614986093,provo,219.6962025316456,5.39224569445122,provo:10:41,12.85746955871582,545,[6937],1,49,49,49
10,42,182.01351351351352,251.48809523809524,anxiety,anxiety,4.45,-4.549749351632015,7,5.2040809343946455,5.527395653382061,provo,182.01351351351352,5.2040809343946455,provo:10:42,9.5143404006958,546,[9751],1,50,50,50
10,43,225.75,83.1547619047619,and,and,7.41,-1.5900668749788436,3,5.419428192297095,4.420703472847748,provo,225.75,5.419428192297095,provo:10:43,4.3464789390563965,547,[290],1,51,51,51
10,44,216.03076923076924,203.42857142857144,prayer,prayer,4.42,-4.580042600203565,6,5.375420847681557,5.315314942916608,provo,216.03076923076924,5.375420847681557,provo:10:44,6.668585300445557,548,[11443],1,52,52,52
10,45,201.0,137.5595238095238,that,that,7.01,-1.9913998239802937,4,5.303304908059076,4.924056723865167,provo,201.0,5.303304908059076,provo:10:45,1.1392109394073486,549,[326],1,53,53,53
10,46,205.69565217391303,58.25,I,i,7.09,-1.9100948850297528,1,5.326397659701998,4.06474409244581,provo,205.69565217391303,5.326397659701998,provo:10:46,3.515841245651245,550,[314],1,54,54,54
10,47,208.72131147540983,204.6428571428571,and,and,7.41,-1.5900668749788436,3,5.340999924228672,5.3212662995335815,provo,208.72131147540983,5.340999924228672,provo:10:47,9.687666893005371,551,[290],1,55,55,55
10,48,226.14754098360655,224.26190476190476,this,this,6.82,-2.1797985339440955,4,5.421187622478075,5.412814586539449,provo,226.14754098360655,5.421187622478075,provo:10:48,7.371936798095703,552,[428],1,56,56,56
10,49,211.76923076923077,207.07142857142856,nation,nation,4.88,-4.119757651911903,6,5.355497147681071,5.333063799306397,provo,211.76923076923077,5.355497147681071,provo:10:49,3.7351512908935547,553,[3277],1,57,57,57
10,50,201.0793650793651,211.66666666666663,should,should,5.99,-3.0101053918293887,6,5.303699681266997,5.355012710224582,provo,201.0793650793651,5.303699681266997,provo:10:50,2.9653215408325195,554,[815],1,58,58,58
10,51,200.94444444444449,110.91666666666669,be,be,6.79,-2.20971482892795,2,5.3030284740559335,4.708779168607111,provo,200.94444444444449,5.3030284740559335,provo:10:51,2.2572052478790283,555,[307],1,59,59,59
10,52,213.94871794871796,120.29761904761904,on,on,6.91,-2.089909449064056,2,5.365736350550962,4.7899688309944075,provo,213.94871794871796,5.365736350550962,provo:10:52,6.177208423614502,556,[319],1,60,60,60
10,53,220.1190476190476,124.89285714285714,the,the,7.73,-1.2700257134917023,3,5.394168525537857,4.827456226888172,provo,220.1190476190476,5.394168525537857,provo:10:53,0.9549185633659363,557,[262],1,61,61,61
10,54,222.8985507246377,264.5357142857143,Lord's,lord's,3.62,-5.379853530415341,6,5.406716738462376,5.5779762678380855,provo,222.8985507246377,5.406716738462376,provo:10:54,10.83403205871582,558,"[4453, 338]",2,62,63,63
10,55,289.0980392156863,282.60714285714283,"side.""",side,5.5,-3.5003127799466554,4,5.666765866625333,5.644057745433989,provo,289.0980392156863,5.666765866625333,provo:10:55,1.8222534656524658,559,"[1735, 526]",2,64,65,65
11,2,188.92156862745097,143.45238095238096,as,as,6.77,-2.2298846978394775,2,5.241331948124141,4.966003140075488,provo,188.92156862745097,5.241331948124141,provo:11:2,,560,[292],1,0,0,0
11,3,214.0897435897436,458.7261904761905,Rapa,rapa,2.14,-6.8598063214213685,4,5.366395289682841,6.1284534971525435,provo,214.0897435897436,5.366395289682841,provo:11:3,21.233583450317383,561,"[12281, 64]",2,1,2,2
11,4,225.32394366197184,269.8452380952381,Nui,nui,2.66,-6.339988778710669,3,5.417539116367452,5.597848602421043,provo,225.32394366197184,5.417539116367452,provo:11:4,5.036580562591553,562,"[399, 9019]",2,3,4,4
11,5,205.52941176470588,110.23809523809524,to,to,7.43,-1.5702477183831145,2,5.325589146637785,4.702642528796911,provo,205.52941176470588,5.325589146637785,provo:11:5,9.105062484741211,563,[284],1,5,5,5
11,6,205.93333333333337,127.88095238095238,the,the,7.73,-1.2700257134917023,3,5.3275524918163715,4.851099771622091,provo,205.93333333333337,5.3275524918163715,provo:11:6,3.722783327102661,564,[262],1,6,6,6
11,7,201.6164383561644,284.3809523809524,island's,island's,3.41,-5.590049978379491,8,5.306367072338153,5.650314720935658,provo,201.6164383561644,5.306367072338153,provo:11:7,13.53085994720459,565,"[7022, 338]",2,7,8,8
11,8,235.8717948717949,330.5238095238095,"inhabitants,",inhabitants,4.07,-4.931810426351053,11,5.4632884153475105,5.800678697616161,provo,235.8717948717949,5.4632884153475105,provo:11:8,9.281200408935547,566,"[17622, 11]",2,9,10,10
11,9,237.75903614457832,940.5,Rongorongo,rongorongo,0.0,-10.0,10,5.471257707620514,6.846411648741085,provo,237.75903614457832,5.471257707620514,provo:11:9,40.046142578125,567,"[371, 506, 273, 25162]",4,11,14,14
11,10,180.16129032258064,79.98809523809524,is,is,7.07,-1.9318141345419195,2,5.193852507018155,4.381877814076836,provo,180.16129032258064,5.193852507018155,provo:11:10,4.915680885314941,568,[318],1,15,15,15
11,11,204.51612903225808,80.28571428571429,a,a,7.36,-1.6401645157636295,1,5.320646842946125,4.385591700838378,provo,204.51612903225808,5.320646842946125,provo:11:11,2.8546407222747803,569,[257],1,16,16,16
11,12,220.2125,321.4166666666667,writing,writing,5.07,-3.931813767062132,7,5.394592989253258,5.7727383084202275,provo,220.2125,5.394592989253258,provo:11:12,15.307136535644531,570,[3597],1,17,17,17
11,13,219.7076923076923,203.0595238095238,system,system,5.56,-3.440093255323551,6,5.392297991557296,5.313499156797559,provo,219.7076923076923,5.392297991557296,provo:11:13,4.83237361907959,571,[1080],1,18,18,18
11,14,213.52564102564105,312.9404761904762,comprised,comprised,3.82,-5.179791970299582,9,5.363756923938189,5.7460130005397705,provo,213.52564102564105,5.363756923938189,provo:11:14,9.10156536102295,572,[19869],1,19,19,19
11,15,146.13333333333333,60.642857142857146,of,of,7.4,-1.600326276788705,2,4.984519446965696,4.105001856696089,provo,146.13333333333333,4.984519446965696,provo:11:15,0.17177921533584595,573,[286],1,20,20,20
11,16,187.27380952380952,593.4285714285714,pictographs.,pictographs,2.03,-6.970210529168145,11,5.232571767979191,6.385916855380744,provo,187.27380952380952,5.232571767979191,provo:11:16,16.22031593322754,574,"[2862, 33492, 13]",3,21,23,23
11,17,199.8181818181818,84.51190476190476,It,it,6.95,-2.0501222910888885,2,5.297407862165196,4.436892409196072,provo,199.8181818181818,5.297407862165196,provo:11:17,4.269294738769531,575,[632],1,24,24,24
11,18,216.06,155.28571428571428,has,has,6.37,-2.6307841240302645,3,5.375556146888839,5.045266738065896,provo,216.06,5.375556146888839,provo:11:18,4.039452075958252,576,[468],1,25,25,25
11,19,198.83333333333337,192.72619047619048,been,been,6.27,-2.7304870324329187,4,5.292466952869861,5.261270479398192,provo,198.83333333333337,5.292466952869861,provo:11:19,1.8184138536453247,577,[587],1,26,26,26
11,20,206.8095238095238,226.5952380952381,found,found,5.68,-3.3196643959185397,5,5.331798194811399,5.423165333788975,provo,206.8095238095238,5.331798194811399,provo:11:20,6.41178560256958,578,[1043],1,27,27,27
11,21,240.8846153846154,288.64285714285717,carved,carved,3.88,-5.119752502212281,6,5.484318044503931,5.665190135463215,provo,240.8846153846154,5.484318044503931,provo:11:21,11.752097129821777,579,[23470],1,28,28,28
11,22,211.6981132075472,170.1904761904762,into,into,6.11,-2.8894102560345134,4,5.355161265524566,5.1369182579959505,provo,211.6981132075472,5.355161265524566,provo:11:22,1.761462688446045,580,[656],1,29,29,29
11,23,208.3,188.3928571428571,many,many,5.91,-3.0899094009871795,4,5.3389793482669266,5.238529448169063,provo,208.3,5.3389793482669266,provo:11:23,5.238702774047852,581,[867],1,30,30,30
11,24,237.74025974025977,323.6309523809524,oblong,oblong,2.93,-6.070019409484486,6,5.471178732091041,5.779603830736708,provo,237.74025974025977,5.471178732091041,provo:11:24,16.203781127929688,582,"[909, 6511]",2,31,32,32
11,25,230.29850746268656,231.22619047619048,wooden,wooden,4.33,-4.669584197242084,6,5.43937632596624,5.443396410988819,provo,230.29850746268656,5.43937632596624,provo:11:25,6.774754524230957,583,[13510],1,33,33,33
11,26,211.18309859154928,229.9404761904762,tablets,tablets,3.91,-5.0899041125632385,7,5.352725523021692,5.437820476257068,provo,211.18309859154928,5.352725523021692,provo:11:26,5.9518890380859375,584,[17255],1,34,34,34
11,27,176.47368421052633,39.916666666666664,and,and,7.41,-1.5900668749788436,3,5.173171767299788,3.686793947622915,provo,176.47368421052633,5.173171767299788,provo:11:27,2.6768016815185547,585,[290],1,35,35,35
11,28,219.14,150.3095238095238,other,other,6.16,-2.8386319678136824,5,5.389710794977248,5.0126966600842575,provo,219.14,5.389710794977248,provo:11:28,5.100265026092529,586,[584],1,36,36,36
11,29,222.84,338.07142857142856,artifacts,artifacts,3.72,-5.27983242439698,9,5.406454025152615,5.823257200290989,provo,222.84,5.406454025152615,provo:11:29,4.448256492614746,587,[20316],1,37,37,37
11,30,180.79166666666663,109.57142857142856,from,from,6.63,-2.369572114804145,4,5.197345355450405,4.6965766523119425,provo,180.79166666666663,5.197345355450405,provo:11:30,4.584338665008545,588,[422],1,38,38,38
11,31,205.7741935483871,88.01190476190476,the,the,7.73,-1.2700257134917023,3,5.326779419756809,4.477472086713786,provo,205.7741935483871,5.326779419756809,provo:11:31,1.347862958908081,589,[262],1,39,39,39
11,32,199.6794871794872,286.5238095238095,island's,island's,3.41,-5.590049978379491,8,5.296713516966062,5.657821637496928,provo,199.6794871794872,5.296713516966062,provo:11:32,5.514298439025879,590,"[7022, 338]",2,40,41,41
11,33,170.9264705882353,204.02380952380952,history.,history,5.39,-3.61083373837245,7,5.141233467467601,5.318236700385751,provo,170.9264705882353,5.141233467467601,provo:11:33,4.848692417144775,591,"[2106, 13]",2,42,43,43
11,34,201.6216216216216,100.4404761904762,The,the,7.73,-1.2700257134917023,3,5.306392780553582,4.609565275322313,provo,201.6216216216216,5.306392780553582,provo:11:34,3.1011993885040283,592,[383],1,44,44,44
11,35,227.4406779661017,209.97619047619048,art,art,5.29,-3.70996516592242,3,5.426889448195238,5.346994145604812,provo,227.4406779661017,5.426889448195238,provo:11:35,7.893474102020264,593,[1242],1,45,45,45
11,36,199.5121951219512,116.91666666666669,of,of,7.4,-1.600326276788705,2,5.295875362892485,4.76146143031446,provo,199.5121951219512,5.295875362892485,provo:11:36,1.9467567205429077,594,[286],1,46,46,46
11,37,203.0958904109589,248.6547619047619,writing,writing,5.07,-3.931813767062132,7,5.3136782340682736,5.516065436012004,provo,203.0958904109589,5.3136782340682736,provo:11:37,2.048574924468994,595,[3597],1,47,47,47
11,38,217.18,185.9404761904762,was,was,6.82,-2.1797985339440955,3,5.380726502788755,5.225426602014409,provo,217.18,5.380726502788755,provo:11:38,3.4925081729888916,596,[373],1,48,48,48
11,39,215.81132075471697,193.0,not,not,6.69,-2.3098039111083337,3,5.3744045109231395,5.262690188904886,provo,215.81132075471697,5.3744045109231395,provo:11:39,5.027743339538574,597,[407],1,49,49,49
11,40,209.578125,185.22619047619048,known,known,5.39,-3.61083373837245,5,5.3450965815424185,5.221577729471649,provo,209.578125,5.3450965815424185,provo:11:40,6.556037902832031,598,[1900],1,50,50,50
11,41,214.58620689655172,89.39285714285714,in,in,7.27,-1.730487053447167,2,5.3687115545827435,4.49304078125657,provo,214.58620689655172,5.3687115545827435,provo:11:41,2.9539825916290283,599,[287],1,51,51,51
11,42,223.6382978723404,161.35714285714286,any,any,6.07,-2.9318141011346532,3,5.4100300051132955,5.083620186852745,provo,223.6382978723404,5.4100300051132955,provo:11:42,6.356427192687988,600,[597],1,52,52,52
11,43,219.84931506849315,272.0238095238095,nearby,nearby,4.55,-4.449770423581891,6,5.392942380172765,5.605889597479037,provo,219.84931506849315,5.392942380172765,provo:11:43,12.431291580200195,601,[6716],1,53,53,53
11,44,202.29032258064515,178.63095238095238,islands,islands,4.5,-4.500311543034145,7,5.309703906057875,5.185321959031154,provo,202.29032258064515,5.309703906057875,provo:11:44,3.8550302982330322,602,[14807],1,54,54,54
11,45,207.0,43.76190476190476,and,and,7.41,-1.5900668749788436,3,5.332718793265369,3.778763684632264,provo,207.0,5.332718793265369,provo:11:45,4.466297149658203,603,[290],1,55,55,55
11,46,195.36111111111111,88.39285714285714,the,the,7.73,-1.2700257134917023,3,5.274849697851908,4.4817911648275865,provo,195.36111111111111,5.274849697851908,provo:11:46,3.269766092300415,604,[262],1,56,56,56
11,47,202.08219178082192,267.3333333333333,script's,script's,1.98,-7.0195421077238995,8,5.308674504647984,5.588496319198405,provo,202.08219178082192,5.308674504647984,provo:11:47,17.022621154785156,605,"[4226, 338]",2,57,58,58
11,48,210.26315789473685,168.45238095238096,mere,mere,4.13,-4.8696630145207465,4,5.348359879033935,5.12665310422807,provo,210.26315789473685,5.348359879033935,provo:11:48,12.653257369995117,606,[5019],1,59,59,59
11,49,229.8375,335.1190476190476,existence,existence,4.55,-4.449770423581891,9,5.43737253747996,5.814485834724523,provo,229.8375,5.43737253747996,provo:11:49,1.2927298545837402,607,[6224],1,60,60,60
11,50,173.72727272727272,74.3452380952381,is,is,7.07,-1.9318141345419195,2,5.1574866714419025,4.308719623716365,provo,173.72727272727272,5.1574866714419025,provo:11:50,2.788463592529297,608,[318],1,61,61,61
11,51,222.50617283950615,366.29761904761904,sufficient,sufficient,4.32,-4.6798516359298885,10,5.4049548443203665,5.903446169757143,provo,222.50617283950615,5.4049548443203665,provo:11:51,10.227150917053223,609,[6751],1,62,62,62
11,52,224.84615384615384,83.60714285714286,to,to,7.43,-1.5702477183831145,2,5.415416407649709,4.426128957315707,provo,224.84615384615384,5.415416407649709,provo:11:52,1.301640272140503,610,[284],1,63,63,63
11,53,241.56962025316457,421.29761904761904,confound,confound,2.65,-6.349595330131968,8,5.487157714168976,6.043339517527318,provo,241.56962025316457,5.487157714168976,provo:11:53,11.757006645202637,611,"[1013, 633]",2,64,65,65
11,54,263.6585365853659,708.5714285714286,anthropologists.,anthropologists,3.02,-5.978769341520297,15,5.574654843928946,6.563250870663659,provo,263.6585365853659,5.574654843928946,provo:11:54,10.85627269744873,612,"[17911, 9251, 13]",3,66,68,68
12,2,195.47297297297297,310.89285714285717,months,months,5.35,-3.6497517877844152,6,5.275422124206066,5.739448342027085,provo,195.47297297297297,5.275422124206066,provo:12:2,,613,[41537],1,0,0,0
12,3,172.5079365079365,189.72619047619048,"later,",later,5.49,-3.510041380026812,5,5.1504432441547054,5.24558193001632,provo,172.5079365079365,5.1504432441547054,provo:12:3,12.704734802246094,614,"[1568, 11]",2,1,2,2
12,4,195.19736842105263,262.6666666666667,Michael,michael,5.08,-3.9208183920404576,7,5.274011192438591,5.570885801189769,provo,195.19736842105263,5.274011192438591,provo:12:4,11.215920448303223,615,[3899],1,3,3,3
12,5,224.05263157894737,253.73809523809524,Larson,larson,3.35,-5.6497325939520815,6,5.4118809866617115,5.536302613937588,provo,224.05263157894737,5.4118809866617115,provo:12:5,15.214851379394531,616,[42630],1,4,4,4
12,6,219.7924528301887,170.17857142857142,saw,saw,5.34,-3.659555686851944,3,5.392683704847655,5.136848305913099,provo,219.7924528301887,5.392683704847655,provo:12:6,9.473897933959961,617,[2497],1,5,5,5
12,7,220.9189189189189,259.1190476190476,another,another,5.74,-3.25963723154313,7,5.397795751479998,5.557287599412693,provo,220.9189189189189,5.397795751479998,provo:12:7,6.9995646476745605,618,[1194],1,6,6,6
12,8,219.05479452054792,254.3928571428571,opportunity,opportunity,4.95,-4.050121808539738,11,5.3893219018110505,5.53887975380315,provo,219.05479452054792,5.3893219018110505,provo:12:8,8.163399696350098,619,[3663],1,7,7,7
12,9,233.21052631578948,61.61904761904762,to,to,7.43,-1.5702477183831145,2,5.451941592033049,4.120971037337423,provo,233.21052631578948,5.451941592033049,provo:12:9,1.3080233335494995,620,[284],1,8,8,8
12,10,222.5774647887324,249.75,stack,stack,4.05,-4.950778099717827,5,5.405275197367788,5.520460417528663,provo,222.5774647887324,5.405275197367788,provo:12:10,13.766573905944824,621,[8931],1,9,9,9
12,11,198.45238095238096,119.25,the,the,7.73,-1.2700257134917023,3,5.290549176901526,4.781222129768451,provo,198.45238095238096,5.290549176901526,provo:12:11,2.179903030395508,622,[262],1,10,10,10
12,12,247.06896551724137,197.71428571428572,odds,odds,4.28,-4.718964358965126,4,5.509667510275798,5.286822987122302,provo,247.06896551724137,5.509667510275798,provo:12:12,7.932290554046631,623,[10402],1,11,11,11
12,13,198.46428571428572,78.73809523809524,in,in,7.27,-1.730487053447167,2,5.290609163104717,4.366127094698425,provo,198.46428571428572,5.290609163104717,provo:12:13,4.645621299743652,624,[287],1,12,12,12
12,14,210.71153846153845,152.1904761904762,his,his,6.51,-2.4894549763892373,3,5.350490081823966,5.025132869162743,provo,210.71153846153845,5.350490081823966,provo:12:14,0.9764090776443481,625,[465],1,13,13,13
12,15,186.22916666666663,113.3452380952381,favor,favor,4.58,-4.420215260504478,5,5.226977994179961,4.730438365442378,provo,186.22916666666663,5.226977994179961,provo:12:15,0.5026088953018188,626,[2661],1,14,14,14
12,16,168.11111111111111,135.83333333333334,with,with,6.85,-2.149966736176128,4,5.124625136452137,4.911428644012807,provo,168.11111111111111,5.124625136452137,provo:12:16,5.592133045196533,627,[351],1,15,15,15
12,17,159.26923076923077,52.773809523809526,a,a,7.36,-1.6401645157636295,1,5.070596045524085,3.96601503590174,provo,159.26923076923077,5.070596045524085,provo:12:17,1.7965989112854004,628,[257],1,16,16,16
12,18,219.77586206896552,212.75,dash,dash,4.0,-4.999995657076895,4,5.392608218236502,5.360117767453484,provo,219.77586206896552,5.392608218236502,provo:12:18,13.015417098999023,629,[14470],1,17,17,17
12,19,169.41176470588235,136.8452380952381,of,of,7.4,-1.600326276788705,2,5.132332229073776,4.918850638353969,provo,169.41176470588235,5.132332229073776,provo:12:19,1.6498533487319946,630,[286],1,18,18,18
12,20,185.07407407407408,535.1904761904761,ingenuity.,ingenuity,3.23,-5.769525532638841,9,5.220756145339876,6.282622713794844,provo,185.07407407407408,5.220756145339876,provo:12:20,12.315607070922852,631,"[45207, 13]",2,19,20,20
12,21,216.0,79.96428571428571,He,he,6.69,-2.3098039111083337,2,5.375278407684165,4.3815801064235504,provo,216.0,5.375278407684165,provo:12:21,2.9351563453674316,632,[679],1,21,21,21
12,22,244.86301369863017,317.4047619047619,walked,walked,4.67,-4.329753218947205,6,5.5006989264138175,5.760177810830308,provo,244.86301369863017,5.5006989264138175,provo:12:22,9.268102645874023,633,[6807],1,22,22,22
12,23,225.2037037037037,188.6904761904762,into,into,6.11,-2.8894102560345134,4,5.417005342416725,5.240107980462113,provo,225.2037037037037,5.417005342416725,provo:12:23,1.5224814414978027,634,[656],1,23,23,23
12,24,213.1090909090909,169.73809523809524,his,his,6.51,-2.4894549763892373,3,5.361804198490709,5.13425663283426,provo,213.1090909090909,5.361804198490709,provo:12:24,3.5555410385131836,635,[465],1,24,24,24
12,25,221.86666666666667,201.8571428571429,bank,bank,5.16,-3.838631698251693,4,5.402076600838889,5.307560233629214,provo,221.86666666666667,5.402076600838889,provo:12:25,9.077037811279297,636,[3331],1,25,25,25
12,26,190.7906976744186,104.4404761904762,one,one,6.47,-2.5301779692999906,3,5.251177003498709,4.648617303285071,provo,190.7906976744186,5.251177003498709,provo:12:26,7.1630706787109375,637,[530],1,26,26,26
12,27,227.50943396226415,158.41666666666666,day,day,5.95,-3.0501222472207616,3,5.427191705497229,5.065228692700429,provo,227.50943396226415,5.427191705497229,provo:12:27,0.8922550082206726,638,[1110],1,27,27,27
12,28,213.63636363636363,59.51190476190476,and,and,7.41,-1.5900668749788436,3,5.364275334339834,4.0861763725702565,provo,213.63636363636363,5.364275334339834,provo:12:28,1.1583844423294067,639,[290],1,28,28,28
12,29,218.955223880597,222.82142857142856,asked,asked,5.3,-3.698969787188832,5,5.388867251746062,5.406370681935583,provo,218.955223880597,5.388867251746062,provo:12:29,4.995097637176514,640,[1965],1,29,29,29
12,30,215.1304347826087,65.71428571428571,to,to,7.43,-1.5702477183831145,2,5.371244517583229,4.1853163404278275,provo,215.1304347826087,5.371244517583229,provo:12:30,3.189079523086548,641,[284],1,30,30,30
12,31,211.45205479452056,230.8095238095238,withdraw,withdraw,4.05,-4.950778099717827,8,5.353998281509118,5.4415927981219525,provo,211.45205479452056,5.353998281509118,provo:12:31,8.453113555908203,642,[8399],1,31,31,31
12,32,197.92307692307693,74.13095238095238,his,his,6.51,-2.4894549763892373,3,5.287878454820207,4.305833156029139,provo,197.92307692307693,5.287878454820207,provo:12:32,3.6242592334747314,643,[465],1,32,32,32
12,33,222.7945205479452,271.5833333333333,entire,entire,5.09,-3.910094535475801,6,5.406249914159791,5.604269029049561,provo,222.7945205479452,5.406249914159791,provo:12:33,6.709321022033691,644,[2104],1,33,33,33
12,34,170.40322580645162,158.6904761904762,account,account,5.21,-3.7904847173744383,7,5.138167545005065,5.066955614329441,provo,170.40322580645162,5.138167545005065,provo:12:34,5.319866180419922,645,[1848],1,34,34,34
12,35,197.9240506329114,311.54761904761904,"balance,",balance,4.76,-4.2403314000162755,7,5.287883374445824,5.741552196680878,provo,197.9240506329114,5.287883374445824,provo:12:35,6.934472560882568,646,"[5236, 11]",2,35,36,36
12,36,175.9,162.3452380952381,but,but,6.63,-2.369572114804145,3,5.169915651743512,5.08972516701452,provo,175.9,5.169915651743512,provo:12:36,4.65558385848999,647,[475],1,37,37,37
12,37,196.4126984126984,213.1190476190476,with,with,6.85,-2.149966736176128,4,5.280218049699402,5.361850918587571,provo,196.4126984126984,5.280218049699402,provo:12:37,7.563751697540283,648,[351],1,38,38,38
12,38,212.65625,93.78571428571428,an,an,6.53,-2.4698002889858715,2,5.3596770122858395,4.541012544687538,provo,212.65625,5.3596770122858395,provo:12:38,5.165023326873779,649,[281],1,39,39,39
12,39,204.0144927536232,247.45238095238096,unusual,unusual,4.45,-4.549749351632015,7,5.318191034230706,5.511218163305053,provo,204.0144927536232,5.318191034230706,provo:12:39,5.4937520027160645,650,[8468],1,40,40,40
12,40,226.0,423.2738095238095,stipulation:,stipulation,2.92,-6.079824477989977,11,5.420534999272286,6.048019273474305,provo,226.0,5.420534999272286,provo:12:40,12.105843544006348,651,"[22111, 1741, 25]",3,41,43,43
12,41,222.80769230769232,86.1547619047619,He,he,6.69,-2.3098039111083337,2,5.406309033075142,4.456145236022814,provo,222.80769230769232,5.406309033075142,provo:12:41,2.9305713176727295,652,[679],1,44,44,44
12,42,225.74358974358975,284.0,wanted,wanted,5.36,-3.640164328011908,6,5.419399796516706,5.648974238161206,provo,225.74358974358975,5.419399796516706,provo:12:42,7.668118953704834,653,[2227],1,45,45,45
12,43,197.52,75.44047619047619,as,as,6.77,-2.2298846978394775,2,5.285839845036924,4.323343950480203,provo,197.52,5.285839845036924,provo:12:43,10.89625072479248,654,[355],1,46,46,46
12,44,225.79661016949152,191.79761904761904,much,much,6.0,-2.9999999565705537,4,5.4196346390674055,5.256440748647673,provo,225.79661016949152,5.4196346390674055,provo:12:44,0.5991950035095215,655,[881],1,47,47,47
12,45,218.03703703703704,73.35714285714286,of,of,7.4,-1.600326276788705,2,5.384664943023933,4.2953398803133,provo,218.03703703703704,5.384664943023933,provo:12:45,3.482377290725708,656,[286],1,48,48,48
12,46,204.6,88.23809523809524,the,the,7.73,-1.2700257134917023,3,5.321056853517526,4.480038788561937,provo,204.6,5.321056853517526,provo:12:46,1.6466491222381592,657,[262],1,49,49,49
12,47,194.66666666666663,131.02380952380952,cash,cash,4.92,-4.07987615172103,4,5.271288694160117,4.8753790587763906,provo,194.66666666666663,5.271288694160117,provo:12:47,3.9085898399353027,658,[5003],1,50,50,50
12,48,183.22857142857143,84.88095238095238,as,as,6.77,-2.2298846978394775,2,5.210734397659449,4.441249714565028,provo,183.22857142857143,5.210734397659449,provo:12:48,0.5379437208175659,659,[355],1,51,51,51
12,49,202.38028169014083,214.73809523809524,possible,possible,5.36,-3.640164328011908,8,5.310148510187891,5.36941912388234,provo,202.38028169014083,5.310148510187891,provo:12:49,0.8446077704429626,660,[1744],1,52,52,52
12,50,237.64705882352945,51.73809523809524,in,in,7.27,-1.730487053447167,2,5.470786626898979,3.9461943619730615,provo,237.64705882352945,5.470786626898979,provo:12:50,3.7746591567993164,661,[287],1,53,53,53
12,51,228.55555555555551,183.8690476190476,one,one,6.47,-2.5301779692999906,3,5.4317793123167375,5.214223806509368,provo,228.55555555555551,5.4317793123167375,provo:12:51,5.618215560913086,662,[530],1,54,54,54
12,52,198.54,134.95238095238096,dollar,dollar,4.59,-4.410049282237471,6,5.290990591161576,4.904921982527203,provo,198.54,5.290990591161576,provo:12:52,8.773443222045898,663,[8872],1,55,55,55
12,53,239.48,424.7857142857143,notes.,notes,4.84,-4.159893277950514,5,5.478469906057152,6.051584840091335,provo,239.48,5.478469906057152,provo:12:53,8.103416442871094,664,"[4710, 13]",2,56,57,57
13,2,188.76,330.4642857142857,"Murphy,",murphy,4.13,-4.8696630145207465,6,5.240476366858187,5.800498592073827,provo,188.76,5.240476366858187,provo:13:2,,665,"[23830, 6883, 11]",3,0,2,2
13,3,176.5,99.27380952380952,the,the,7.73,-1.2700257134917023,3,5.173320876373351,4.597881785243672,provo,176.5,5.173320876373351,provo:13:3,5.33073091506958,666,[262],1,3,3,3
13,4,222.1604938271605,347.14285714285717,Senior,senior,4.92,-4.07987615172103,6,5.403400065840692,5.849736387279281,provo,222.1604938271605,5.403400065840692,provo:13:4,12.694974899291992,667,[14017],1,4,4,4
13,5,222.55384615384617,222.48809523809524,PGA,pga,3.61,-5.390394920279776,3,5.405169077513589,5.404873595626989,provo,222.55384615384617,5.405169077513589,provo:13:5,18.94133186340332,668,"[350, 9273]",2,5,6,6
13,6,212.9857142857143,250.66666666666663,Tour,tour,4.99,-4.01010499176305,4,5.36122509437904,5.52412403528173,provo,212.9857142857143,5.36122509437904,provo:13:6,1.1436434984207153,669,[9852],1,7,7,7
13,7,241.0,288.0952380952381,money,money,5.64,-3.359518463648701,5,5.484796933490655,5.663291113301464,provo,241.0,5.484796933490655,provo:13:7,17.912979125976562,670,[1637],1,8,8,8
13,8,241.54166666666663,277.20238095238096,leader,leader,4.95,-4.050121808539738,6,5.487041990991787,5.624747856573164,provo,241.54166666666663,5.487041990991787,provo:13:8,7.870205879211426,671,[3554],1,9,9,9
13,9,186.5471698113207,128.95238095238096,with,with,6.85,-2.149966736176128,4,5.228684128345011,4.859443196308742,provo,186.5471698113207,5.228684128345011,provo:13:9,6.563947677612305,672,[351],1,10,10,10
13,10,196.9375,201.47619047619048,seven,seven,5.08,-3.9208183920404576,5,5.282886419517493,5.305671212996645,provo,196.9375,5.282886419517493,provo:13:10,7.9333906173706055,673,[3598],1,11,11,11
13,11,193.88571428571427,227.8095238095238,hundred,hundred,4.71,-4.289881788311072,7,5.267268883854761,5.428509857907045,provo,193.88571428571427,5.267268883854761,provo:13:11,9.55732536315918,674,[3470],1,12,12,12
13,12,227.63768115942028,259.35714285714283,"thousand,",thousand,4.64,-4.359517569221832,8,5.427755247245773,5.558206041799077,provo,227.63768115942028,5.427755247245773,provo:13:12,9.574682235717773,675,"[7319, 11]",2,13,14,14
13,13,232.3404255319149,181.6428571428571,says,says,5.49,-3.510041380026812,4,5.448203647588837,5.202042435806861,provo,232.3404255319149,5.448203647588837,provo:13:13,5.409544944763184,676,[1139],1,15,15,15
13,14,230.89333333333337,306.0595238095238,heat,heat,4.86,-4.140260833949011,4,5.44195584341584,5.723779605288726,provo,230.89333333333337,5.44195584341584,provo:13:14,17.627243041992188,677,[4894],1,16,16,16
13,15,217.9875,369.57142857142856,shouldn't,shouldn't,4.82,-4.179797883488409,9,5.384437721695579,5.912344033130716,provo,217.9875,5.384437721695579,provo:13:15,10.453399658203125,678,"[6584, 470]",2,17,18,18
13,16,179.91666666666666,109.97619047619048,be,be,6.79,-2.20971482892795,2,5.192493780726807,4.7002638921472375,provo,179.91666666666666,5.192493780726807,provo:13:16,0.7569320797920227,679,[307],1,19,19,19
13,17,167.07692307692307,58.61904761904762,a,a,7.36,-1.6401645157636295,1,5.11845432359229,4.07105968846103,provo,167.07692307692307,5.11845432359229,provo:13:17,2.175485372543335,680,[257],1,20,20,20
13,18,194.8860759493671,272.2142857142857,factor.,factor,4.67,-4.329753218947205,6,5.272415161936615,5.606589571258602,provo,194.8860759493671,5.272415161936615,provo:13:18,4.153010368347168,681,"[5766, 13]",2,21,22,22
13,20,138.94594594594594,71.85714285714286,"""I",i,7.09,-1.9100948850297528,1,4.93408497941128,4.274680021044426,provo,138.94594594594594,4.93408497941128,provo:13:20,5.2408833503723145,682,"[366, 40]",2,23,24,24
13,21,203.74242424242425,209.3690476190476,don't,don't,6.2,-2.8013428855585856,5,5.316856569797444,5.344098472893051,provo,203.74242424242425,5.316856569797444,provo:13:21,2.8674798011779785,683,"[836, 470]",2,25,26,26
13,22,201.41071428571428,157.1547619047619,think,think,6.08,-2.9208187177611697,5,5.3053461779047675,5.057231064437446,provo,201.41071428571428,5.3053461779047675,provo:13:22,1.0109503269195557,684,[892],1,27,27,27
13,23,194.28169014084503,205.5595238095238,you're,you're,5.87,-3.130181733411434,6,5.269309116949921,5.325735645569116,provo,194.28169014084503,5.269309116949921,provo:13:23,7.470116138458252,685,"[345, 821]",2,28,29,29
13,24,191.21052631578948,152.38095238095238,going,going,5.94,-3.0599817951307458,5,5.253375053054762,5.026383651064395,provo,191.21052631578948,5.253375053054762,provo:13:24,0.7984946966171265,686,[1016],1,30,30,30
13,25,193.88888888888889,66.07142857142857,to,to,7.43,-1.5702477183831145,2,5.267285257300308,4.190736407897167,provo,193.88888888888889,5.267285257300308,provo:13:25,0.01689090207219124,687,[284],1,31,31,31
13,26,206.59322033898303,179.11904761904762,have,have,6.71,-2.2898826264224046,4,5.330751740750117,5.188050655276853,provo,206.59322033898303,5.330751740750117,provo:13:26,4.255760192871094,688,[423],1,32,32,32
13,27,199.76666666666668,71.3452380952381,a,a,7.36,-1.6401645157636295,1,5.29715001879603,4.2675306016148715,provo,199.76666666666668,5.29715001879603,provo:13:27,1.9048244953155518,689,[257],1,33,33,33
13,28,234.73333333333332,208.08333333333337,heat,heat,4.86,-4.140260833949011,4,5.458450118052842,5.337938640491773,provo,234.73333333333332,5.458450118052842,provo:13:28,6.955201148986816,690,[4894],1,34,34,34
13,29,202.29310344827587,170.3095238095238,wave,wave,4.62,-4.379862903553914,4,5.309717652877205,5.137617509825016,provo,202.29310344827587,5.309717652877205,provo:13:29,4.59773063659668,691,[6769],1,35,35,35
13,30,199.4090909090909,130.9047619047619,I'm,i'm,6.15,-2.850780856543594,3,5.2953584478078985,4.874470050441823,provo,199.4090909090909,5.2953584478078985,provo:13:30,16.531736373901367,692,"[314, 1101]",2,36,37,37
13,31,201.34426229508196,180.8452380952381,not,not,6.69,-2.3098039111083337,3,5.305016190716033,5.197641627364349,provo,201.34426229508196,5.305016190716033,provo:13:31,1.0620750188827515,693,[407],1,38,38,38
13,32,219.7321428571429,209.76190476190476,going,going,5.94,-3.0599817951307458,5,5.392409272090007,5.345973100646857,provo,219.7321428571429,5.392409272090007,provo:13:32,3.0666067600250244,694,[1016],1,39,39,39
13,33,191.82608695652175,58.54761904761905,to,to,7.43,-1.5702477183831145,2,5.256589164444243,4.069840423932824,provo,191.82608695652175,5.256589164444243,provo:13:33,0.005085667595267296,695,[284],1,40,40,40
13,34,195.5,69.47619047619048,be,be,6.79,-2.20971482892795,2,5.27556037942542,4.240984110799363,provo,195.5,5.27556037942542,provo:13:34,2.9914097785949707,696,[307],1,41,41,41
13,35,211.79032258064515,194.16666666666663,able,able,5.43,-3.570247558549859,4,5.355596740813914,5.268716896771746,provo,211.79032258064515,5.355596740813914,provo:13:35,2.0758495330810547,697,[1498],1,42,42,42
13,36,207.67857142857144,76.47619047619048,to,to,7.43,-1.5702477183831145,2,5.335991554777561,4.3369794567832844,provo,207.67857142857144,5.335991554777561,provo:13:36,0.0014496012590825558,698,[284],1,43,43,43
13,37,219.34246575342465,290.8333333333333,"handle,""",handle,4.79,-4.209714132086483,6,5.390634278964073,5.672750365408472,provo,219.34246575342465,5.390634278964073,provo:13:37,6.704390048980713,699,"[5412, 553]",2,44,45,45
13,38,178.5,121.92857142857144,he,he,6.69,-2.3098039111083337,2,5.184588601219693,4.803435393179182,provo,178.5,5.184588601219693,provo:13:38,0.429616779088974,700,[339],1,46,46,46
13,39,183.59259259259255,138.21428571428572,said.,said,6.01,-2.991399785660194,4,5.212719132016245,4.928805275848624,provo,183.59259259259255,5.212719132016245,provo:13:39,2.5763461589813232,701,"[531, 13]",2,47,48,48
13,40,162.88888888888889,283.0833333333333,"""Everybody",everybody,4.84,-4.159893277950514,9,5.093068305110378,5.6457413183725835,provo,162.88888888888889,5.093068305110378,provo:13:40,9.5221529006958,702,"[366, 28172]",2,49,50,50
13,41,207.23076923076923,219.5,treats,treats,4.06,-4.939298383189052,6,5.333832999508773,5.391352232515226,provo,207.23076923076923,5.333832999508773,provo:13:41,13.556739807128906,703,[18432],1,51,51,51
13,42,212.0625,98.35714285714286,it,it,6.95,-2.0501222910888885,2,5.356881042544449,4.588605169113396,provo,212.0625,5.356881042544449,provo:13:42,2.4509172439575195,704,[340],1,52,52,52
13,43,206.3108108108108,249.21428571428572,differently.,differently,4.23,-4.769548523955817,11,5.3293838220527725,5.518313111571516,provo,206.3108108108108,5.3293838220527725,provo:13:43,4.859708786010742,705,"[10338, 13]",2,53,54,54
13,44,212.6875,93.60714285714286,My,my,6.57,-2.4294570484435196,2,5.359823952261125,4.539106693148202,provo,212.6875,5.359823952261125,provo:13:44,8.239480018615723,706,[2011],1,55,55,55
13,45,224.2741935483871,213.6547619047619,son,son,5.28,-3.7189664053730223,3,5.412869381622974,5.364361450185963,provo,224.2741935483871,5.412869381622974,provo:13:45,7.341829299926758,707,[3367],1,56,56,56
13,46,207.40277777777777,270.76190476190476,"Ronnie,",ronnie,3.7,-5.300153605666733,6,5.334662689041213,5.601239854487522,provo,207.40277777777777,5.334662689041213,provo:13:46,18.396968841552734,708,"[40892, 11]",2,57,58,58
13,47,220.4186046511628,151.14285714285714,his,his,6.51,-2.4894549763892373,3,5.395528486833971,5.018225463362931,provo,220.4186046511628,5.395528486833971,provo:13:47,3.7734458446502686,709,[465],1,59,59,59
13,48,223.0704225352113,314.89285714285717,"caddie,",caddie,2.6,-6.400007822415902,6,5.4074875177290425,5.752232444911823,provo,223.0704225352113,5.4074875177290425,provo:13:48,18.7034912109375,710,"[269, 2860, 494, 11]",4,60,63,63
13,49,177.14285714285714,52.095238095238095,and,and,7.41,-1.5900668749788436,3,5.1769565095437695,3.953073545258503,provo,177.14285714285714,5.1769565095437695,provo:13:49,4.056194305419922,711,[290],1,64,64,64
13,50,218.9047619047619,61.904761904761905,I,i,7.09,-1.9100948850297528,1,5.388636758082805,4.1255971057262055,provo,218.9047619047619,5.388636758082805,provo:13:50,3.0085551738739014,712,[314],1,65,65,65
13,51,221.6176470588235,350.01190476190476,won't,won't,5.34,-3.659555686851944,5,5.400953586444435,5.857967167510452,provo,221.6176470588235,5.400953586444435,provo:13:51,9.93775463104248,713,"[1839, 470]",2,66,67,67
13,52,198.67741935483872,94.45238095238096,be,be,6.79,-2.20971482892795,2,5.291682501201897,4.548095802230962,provo,198.67741935483872,5.291682501201897,provo:13:52,1.494167685508728,714,[307],1,68,68,68
13,53,245.77333333333337,397.1071428571428,riding,riding,4.49,-4.5100401150936795,6,5.5044097019598635,5.984206125528045,provo,245.77333333333337,5.5044097019598635,provo:13:53,10.497523307800293,715,[10311],1,69,69,69
13,54,258.84375,305.6904761904762,carts,carts,3.45,-5.549735491440148,5,5.556224597798537,5.722573074307715,provo,258.84375,5.556224597798537,provo:13:54,15.503058433532715,716,[44355],1,70,70,70
14,2,184.34615384615384,381.3571428571428,schools,schools,5.05,-3.950781589567061,7,5.216815261138149,5.943736318884928,provo,184.34615384615384,5.216815261138149,provo:14:2,,717,"[14347, 82]",2,0,1,1
14,3,212.768115942029,273.5595238095238,still,still,5.92,-3.079876621510423,5,5.360202915142201,5.611519235511623,provo,212.768115942029,5.360202915142201,provo:14:3,10.904443740844727,718,[991],1,2,2,2
14,4,188.56521739130432,237.6547619047619,"closed,",closed,4.9,-4.100178950602868,6,5.239443927906216,5.47081904032934,provo,188.56521739130432,5.239443927906216,provo:14:4,16.990463256835938,719,"[4838, 11]",2,3,4,4
14,5,249.5820895522388,242.0,cars,cars,4.89,-4.110137719084335,4,5.519787877319037,5.488937726156687,provo,249.5820895522388,5.519787877319037,provo:14:5,13.50677490234375,720,[5006],1,5,5,5
14,6,221.6338028169014,259.5357142857143,still,still,5.92,-3.079876621510423,5,5.40102648302758,5.558894320441432,provo,221.6338028169014,5.40102648302758,provo:14:6,4.390843868255615,721,[991],1,6,6,6
14,7,220.425,300.60714285714283,buried,buried,4.4,-4.600324548265508,6,5.395557500973091,5.705804239036372,provo,220.425,5.395557500973091,provo:14:7,13.162872314453125,722,[11694],1,7,7,7
14,8,185.8421052631579,50.214285714285715,and,and,7.41,-1.5900668749788436,3,5.224897416761946,3.916299562195406,provo,185.8421052631579,5.224897416761946,provo:14:8,4.942807674407959,723,[290],1,8,8,8
14,9,236.6625,296.6190476190476,streets,streets,4.66,-4.340082849615037,7,5.466635075578467,5.692448647530722,provo,236.6625,5.466635075578467,provo:14:9,8.475704193115234,724,[6483],1,9,9,9
14,10,203.03508771929825,180.48809523809524,still,still,5.92,-3.079876621510423,5,5.3133788100135275,5.195664821238268,provo,203.03508771929825,5.3133788100135275,provo:14:10,1.7636632919311523,725,[991],1,10,10,10
14,11,210.95833333333337,232.1071428571429,blocked,blocked,4.31,-4.6903677036848,7,5.351660641621963,5.447199087719145,provo,210.95833333333337,5.351660641621963,provo:14:11,4.631307601928711,726,[10226],1,11,11,11
14,12,174.77777777777777,37.45238095238095,by,by,6.66,-2.340083790426988,2,5.1635153257220585,3.623070284774909,provo,174.77777777777777,5.1635153257220585,provo:14:12,2.6843180656433105,727,[416],1,12,12,12
14,13,207.8947368421053,103.02380952380952,the,the,7.73,-1.2700257134917023,3,5.337031878728727,4.634960121941517,provo,207.8947368421053,5.337031878728727,provo:14:13,4.0781989097595215,728,[262],1,13,13,13
14,14,217.6712328767123,292.67857142857144,widespread,widespread,4.19,-4.8096654999388635,10,5.3829858183823704,5.679074981002726,provo,217.6712328767123,5.3829858183823704,provo:14:14,15.030213356018066,729,[10095],1,14,14,14
14,15,183.14864864864865,199.25,weekend,weekend,4.93,-4.070069929581421,7,5.210298110811846,5.294560317670324,provo,183.14864864864865,5.210298110811846,provo:14:15,14.41014575958252,730,[5041],1,15,15,15
14,16,197.7875,393.25,"snowstorm,",snowstorm,2.89,-6.110082316563794,9,5.287193222045102,5.974445541938387,provo,197.7875,5.287193222045102,provo:14:16,14.490851402282715,731,"[6729, 12135, 11]",3,16,18,18
14,17,233.4512195121951,419.79761904761904,officials,officials,4.68,-4.319663579917319,9,5.452973145272203,6.03977273573543,provo,233.4512195121951,5.452973145272203,provo:14:17,7.758197784423828,732,[2828],1,19,19,19
14,18,210.42105263157896,100.0952380952381,are,are,6.74,-2.259637302609493,3,5.349110535893905,4.606122113713473,provo,210.42105263157896,5.349110535893905,provo:14:18,5.034530162811279,733,[389],1,20,20,20
14,19,210.9041095890411,237.3690476190476,asking,asking,4.96,-4.0400046854717555,6,5.351403573255245,5.4696160929635855,provo,210.9041095890411,5.351403573255245,provo:14:19,6.1207804679870605,734,[4737],1,21,21,21
14,20,189.6315789473684,138.29761904761904,people,people,6.25,-2.74957997329254,6,5.245083131581652,4.929408022670161,provo,189.6315789473684,5.245083131581652,provo:14:20,3.6129376888275146,735,[661],1,22,22,22
14,21,191.75862068965515,66.20238095238095,to,to,7.43,-1.5702477183831145,2,5.25623739720109,4.192716428344251,provo,191.75862068965515,5.25623739720109,provo:14:21,0.30693987011909485,736,[284],1,23,23,23
14,22,202.96428571428572,156.1904761904762,pick,pick,5.08,-3.9208183920404576,4,5.313030031121918,5.051076263654767,provo,202.96428571428572,5.313030031121918,provo:14:22,9.32847785949707,737,[2298],1,24,24,24
14,23,180.0857142857143,83.8452380952381,up,up,6.39,-2.6108338979091625,2,5.193432928023697,4.428972695902097,provo,180.0857142857143,5.193432928023697,provo:14:23,0.1817816197872162,738,[510],1,25,25,25
14,24,171.66666666666666,45.01190476190476,a,a,7.36,-1.6401645157636295,1,5.145554611995626,3.806927005047619,provo,171.66666666666666,5.145554611995626,provo:14:24,5.340146064758301,739,[257],1,26,26,26
14,25,215.984126984127,170.25,shovel,shovel,3.5,-5.500299174102789,6,5.375204918799326,5.137267945029622,provo,215.984126984127,5.375204918799326,provo:14:25,2.6474926471710205,740,[33677],1,27,27,27
14,26,199.54545454545453,63.94047619047619,and,and,7.41,-1.5900668749788436,3,5.296042052710901,4.157952591062146,provo,199.54545454545453,5.296042052710901,provo:14:26,1.7730079889297485,741,[290],1,28,28,28
14,27,218.56140350877192,162.10714285714286,help,help,5.75,-3.2502636071543476,4,5.387066997979541,5.088257492281262,provo,218.56140350877192,5.387066997979541,provo:14:27,4.9070820808410645,742,[1037],1,29,29,29
14,28,172.25,119.25,out.,out,6.38,-2.619788740192791,3,5.148946909893768,4.781222129768451,provo,172.25,5.148946909893768,provo:14:28,6.885537624359131,743,"[503, 13]",2,30,31,31
14,29,178.77272727272728,49.94047619047619,In,in,7.27,-1.730487053447167,2,5.186115319073494,3.910831820057993,provo,178.77272727272728,5.186115319073494,provo:14:29,7.826440811157227,744,[554],1,32,32,32
14,30,241.7012987012987,274.75,"Boston,",boston,4.67,-4.329753218947205,6,5.48770266089028,5.61586159328373,provo,241.7012987012987,5.48770266089028,provo:14:30,8.82650375366211,745,"[6182, 11]",2,33,34,34
14,31,200.72727272727272,34.13095238095238,a,a,7.36,-1.6401645157636295,1,5.301947134598615,3.530204667040056,provo,200.72727272727272,5.301947134598615,provo:14:31,3.6728382110595703,746,[257],1,35,35,35
14,32,246.8684210526316,337.5833333333333,"""snow",snow,4.66,-4.340082849615037,4,5.508855486399566,5.821812393414691,provo,246.8684210526316,5.508855486399566,provo:14:32,16.598661422729492,747,"[366, 82, 2197]",3,36,38,38
14,33,179.09803921568627,131.58333333333334,"angel""",angel,4.45,-4.549749351632015,5,5.187933361020619,4.879640364467642,provo,179.09803921568627,5.187933361020619,provo:14:33,10.340641021728516,748,"[18304, 1]",2,39,40,40
14,34,212.0375,365.9404761904762,campaign,campaign,5.0,-3.999999565705735,8,5.356763145821841,5.902470686815772,provo,212.0375,5.356763145821841,provo:14:34,10.701212882995605,749,[1923],1,41,41,41
14,35,201.0,130.51190476190476,is,is,7.07,-1.9318141345419195,2,5.303304908059076,4.871464446831227,provo,201.0,5.303304908059076,provo:14:35,1.8856680393218994,750,[318],1,42,42,42
14,36,220.8985507246377,321.07142857142856,using,using,5.47,-3.530177836803394,5,5.397703549628804,5.771663617290462,provo,220.8985507246377,5.397703549628804,provo:14:36,7.926559925079346,751,[1262],1,43,43,43
14,37,228.06849315068493,251.82142857142856,social,social,5.42,-3.5800440863792917,6,5.429645992396461,5.528720219543836,provo,228.06849315068493,5.429645992396461,provo:14:37,6.871113300323486,752,[1919],1,44,44,44
14,38,196.1129032258065,176.89285714285714,media,media,5.3,-3.698969787188832,5,5.2786905302513265,5.175544222413034,provo,196.1129032258065,5.2786905302513265,provo:14:38,0.015304957516491413,753,[2056],1,45,45,45
14,39,196.46428571428572,71.5952380952381,to,to,7.43,-1.5702477183831145,2,5.2804806627002545,4.271028564705161,provo,196.46428571428572,5.2804806627002545,provo:14:39,0.28742900490760803,754,[284],1,46,46,46
14,40,237.02702702702703,257.60714285714283,encourage,encourage,4.45,-4.549749351632015,9,5.468174172722004,5.551435722328469,provo,237.02702702702703,5.468174172722004,provo:14:40,3.6260268688201904,755,[7898],1,47,47,47
14,41,228.7625,262.2738095238095,neighbors,neighbors,4.24,-4.759448255779274,9,5.432684347471401,5.569389032569251,provo,228.7625,5.432684347471401,provo:14:41,9.587925910949707,756,[12020],1,48,48,48
14,42,175.0,31.904761904761905,and,and,7.41,-1.5900668749788436,3,5.1647859739235145,3.4627552746615886,provo,175.0,5.1647859739235145,provo:14:42,3.3445076942443848,757,[290],1,49,49,49
14,43,199.97014925373136,192.1904761904762,friends,friends,5.43,-3.570247558549859,7,5.298168101677247,5.258486943750077,provo,199.97014925373136,5.298168101677247,provo:14:43,4.206733226776123,758,[2460],1,50,50,50
14,44,185.15384615384616,28.654761904761905,to,to,7.43,-1.5702477183831145,2,5.221187080321536,3.355319638939758,provo,185.15384615384616,5.221187080321536,provo:14:44,0.1382855325937271,759,[284],1,51,51,51
14,45,196.3939393939394,86.08333333333333,be,be,6.79,-2.20971482892795,2,5.280122536961236,4.455315819331638,provo,196.3939393939394,5.280122536961236,provo:14:45,7.2028398513793945,760,[307],1,52,52,52
14,46,211.6551724137931,80.52380952380952,an,an,6.53,-2.4698002889858715,2,5.354958405193208,4.388552911175157,provo,211.6551724137931,5.354958405193208,provo:14:46,10.135018348693848,761,[281],1,53,53,53
14,47,187.11320754716985,136.33333333333334,angel,angel,4.45,-4.549749351632015,5,5.231713821634004,4.915102867374692,provo,187.11320754716985,5.231713821634004,provo:14:47,7.492428302764893,762,[18304],1,54,54,54
14,48,183.0952380952381,50.67857142857143,and,and,7.41,-1.5900668749788436,3,5.210006444216321,3.925503166984839,provo,183.0952380952381,5.210006444216321,provo:14:48,4.088054656982422,763,[290],1,55,55,55
14,49,205.45098039215685,144.61904761904762,help,help,5.75,-3.2502636071543476,4,5.325207467243839,4.974103027322326,provo,205.45098039215685,5.325207467243839,provo:14:49,1.6136096715927124,764,[1037],1,56,56,56
14,50,211.3448275862069,173.02380952380952,dig,dig,4.22,-4.779889295736006,3,5.3534910534992575,5.1534292123332675,provo,211.3448275862069,5.3534910534992575,provo:14:50,9.527113914489746,765,[3100],1,57,57,57
14,51,158.44444444444446,79.04761904761905,out,out,6.38,-2.619788740192791,3,5.065404023638022,4.370050443627166,provo,158.44444444444446,5.065404023638022,provo:14:51,4.011363506317139,766,[503],1,58,58,58
14,52,233.6578947368421,146.33333333333334,the,the,7.73,-1.2700257134917023,3,5.453858057305941,4.9858871244070615,provo,233.6578947368421,5.453858057305941,provo:14:52,2.124069929122925,767,[262],1,59,59,59
14,53,187.55128205128204,508.8095238095238,stranded,stranded,3.7,-5.300153605666733,8,5.234052312288494,6.232073730029825,provo,187.55128205128204,5.234052312288494,provo:14:53,9.11690616607666,768,[28553],1,60,60,60
15,2,191.45945945945945,338.6190476190476,"Anderson,",anderson,4.36,-4.6401626211817995,8,5.2546760862585,5.824875722160095,provo,191.45945945945945,5.2546760862585,provo:15:2,,769,"[42991, 11]",2,0,1,1
15,3,209.45,373.54761904761904,considered,considered,5.08,-3.9208183920404576,10,5.344485047393044,5.923045490549587,provo,209.45,5.344485047393044,provo:15:3,14.21540355682373,770,[3177],1,2,2,2
15,4,249.43478260869568,71.38095238095238,a,a,7.36,-1.6401645157636295,1,5.519197488672721,4.268031060379175,provo,249.43478260869568,5.519197488672721,provo:15:4,2.14231014251709,771,[257],1,3,3,3
15,5,224.56896551724137,235.02380952380952,key,key,5.12,-3.8794257397833034,3,5.414182856075148,5.4596868261345195,provo,224.56896551724137,5.414182856075148,provo:15:5,5.939257621765137,772,[1994],1,4,4,4
15,6,202.81690140845072,271.8690476190476,witness,witness,4.52,-4.480170694158342,7,5.312303608522777,5.605320507788278,provo,202.81690140845072,5.312303608522777,provo:15:6,7.950456142425537,773,[4973],1,5,5,5
15,7,194.77142857142857,104.51190476190476,by,by,6.66,-2.340083790426988,2,5.2718267098733715,4.649300986082895,provo,194.77142857142857,5.2718267098733715,provo:15:7,6.3325958251953125,774,[416],1,6,6,6
15,8,199.22222222222223,126.82142857142856,the,the,7.73,-1.2700257134917023,3,5.294420896268914,4.842780022767884,provo,199.22222222222223,5.294420896268914,provo:15:8,1.559893012046814,775,[262],1,7,7,7
15,9,223.5185185185185,419.32142857142856,"prosecution,",prosecution,4.06,-4.939298383189052,11,5.409494267527303,6.038637758455008,provo,223.5185185185185,5.409494267527303,provo:15:9,5.076138973236084,776,"[12580, 11]",2,8,9,9
15,10,252.52631578947367,219.6428571428571,vowed,vowed,3.39,-5.610816189691835,5,5.531515464233199,5.392002850625359,provo,252.52631578947367,5.531515464233199,provo:15:10,12.537027359008789,777,[19982],1,10,10,10
15,11,214.6818181818182,129.32142857142858,he,he,6.69,-2.3098039111083337,2,5.369157016537801,4.862300999590437,provo,214.6818181818182,5.369157016537801,provo:15:11,5.750391483306885,778,[339],1,11,11,11
15,12,217.0909090909091,317.54761904761904,wouldn't,wouldn't,5.18,-3.821022765094686,8,5.380316201714122,5.7606277883390264,provo,217.0909090909091,5.380316201714122,provo:15:12,5.055330276489258,779,"[3636, 470]",2,12,13,13
15,13,216.30666666666667,252.82142857142856,testify,testify,3.84,-5.159887629656769,7,5.376697153874089,5.532683423598986,provo,216.30666666666667,5.376697153874089,provo:15:13,3.4376184940338135,780,[19671],1,14,14,14
15,14,217.8181818181818,153.3095238095238,when,when,6.37,-2.6307841240302645,4,5.383660686436969,5.0324589092548155,provo,217.8181818181818,5.383660686436969,provo:15:14,7.839180946350098,781,[618],1,15,15,15
15,15,229.3918918918919,317.7857142857143,served,served,4.81,-4.189766809722957,6,5.435431859222727,5.761377301190783,provo,229.3918918918919,5.435431859222727,provo:15:15,12.29041862487793,782,[4983],1,16,16,16
15,16,150.2962962962963,56.19047619047619,a,a,7.36,-1.6401645157636295,1,5.012608654381431,4.0287472797362875,provo,150.2962962962963,5.012608654381431,provo:15:16,4.822831153869629,783,[257],1,17,17,17
15,17,225.679012345679,713.1904761904761,subpoena,subpoena,3.34,-5.659536054814366,8,5.419113690335703,6.569748532268973,provo,225.679012345679,5.419113690335703,provo:15:17,1.1772586107254028,784,[33262],1,18,18,18
15,18,179.12307692307692,250.02380952380952,last,last,5.86,-3.140261373817431,4,5.188073150141379,5.521556151422625,provo,179.12307692307692,5.188073150141379,provo:15:18,6.976099967956543,785,[938],1,19,19,19
15,19,187.4255319148936,145.6547619047619,week.,week,5.56,-3.440093255323551,4,5.233381603399737,4.9812391770334585,provo,187.4255319148936,5.233381603399737,provo:15:19,3.3625893592834473,786,"[1285, 13]",2,20,21,21
15,20,210.02,162.85714285714286,His,his,6.51,-2.4894549763892373,3,5.3472027642778475,5.092873392333228,provo,210.02,5.3472027642778475,provo:15:20,7.136014938354492,787,[2399],1,22,22,22
15,21,203.21052631578948,300.5,lawyers,lawyers,4.39,-4.610832143008547,7,5.314242517097796,5.705447753975262,provo,203.21052631578948,5.314242517097796,provo:15:21,4.119051456451416,788,[9326],1,23,23,23
15,22,215.18867924528303,156.4404761904762,said,said,6.01,-2.991399785660194,4,5.371515221166367,5.052675593800324,provo,215.18867924528303,5.371515221166367,provo:15:22,2.981301784515381,789,[531],1,24,24,24
15,23,204.025,102.5595238095238,he,he,6.69,-2.3098039111083337,2,5.318242535355306,4.630443350118717,provo,204.025,5.318242535355306,provo:15:23,1.7508479356765747,790,[339],1,25,25,25
15,24,203.66666666666663,131.13095238095238,was,was,6.82,-2.1797985339440955,3,5.316484670503486,4.87619646039313,provo,203.66666666666663,5.316484670503486,provo:15:24,3.1333882808685303,791,[373],1,26,26,26
15,25,224.2987012987013,308.9166666666667,prepared,prepared,4.74,-4.259636520880143,8,5.412978651490236,5.733071553362732,provo,224.2987012987013,5.412978651490236,provo:15:25,6.470423698425293,792,[5597],1,27,27,27
15,26,184.43333333333337,93.6904761904762,for,for,7.01,-1.9913998239802937,3,5.217288061235954,4.539996542568136,provo,184.43333333333337,5.217288061235954,provo:15:26,6.073668956756592,793,[329],1,28,28,28
15,27,173.72413793103448,59.976190476190474,a,a,7.36,-1.6401645157636295,1,5.157468626926081,4.093947658069242,provo,173.72413793103448,5.157468626926081,provo:15:27,2.2752110958099365,794,[257],1,29,29,29
15,28,204.87878787878788,205.3809523809524,third,third,5.32,-3.6798535060925928,5,5.322418525624197,5.32486655892442,provo,204.87878787878788,5.322418525624197,provo:15:28,9.198261260986328,795,[2368],1,30,30,30
15,29,239.53333333333333,252.1547619047619,prison,prison,4.8,-4.199969952492573,6,5.4786925860113085,5.530043033550685,provo,239.53333333333333,5.4786925860113085,provo:15:29,12.086645126342773,796,[3770],1,31,31,31
15,30,227.94545454545457,250.53571428571428,stay,stay,5.33,-3.6695860237095097,4,5.4291063658835546,5.523601482361357,provo,227.94545454545457,5.4291063658835546,provo:15:30,8.514215469360352,797,[2652],1,32,32,32
15,31,228.23684210526315,127.77380952380952,to,to,7.43,-1.5702477183831145,2,5.43038387095807,4.850261587638211,provo,228.23684210526315,5.43038387095807,provo:15:31,5.3423237800598145,798,[284],1,33,33,33
15,32,217.4794520547945,317.1666666666667,maintain,maintain,4.65,-4.349691505293128,8,5.382104372754565,5.759427398068095,provo,217.4794520547945,5.382104372754565,provo:15:32,9.329583168029785,799,[5529],1,34,34,34
15,33,154.6875,111.41666666666669,his,his,6.51,-2.4894549763892373,3,5.041406952763009,4.7132769273139425,provo,154.6875,5.041406952763009,provo:15:33,1.020459771156311,800,[465],1,35,35,35
15,34,190.475,283.4047619047619,silence.,silence,4.46,-4.5406060042764365,7,5.249520952359073,5.646876129884512,provo,190.475,5.249520952359073,provo:15:34,9.500940322875977,801,"[9550, 13]",2,36,37,37
15,35,189.06172839506172,353.23809523809524,Anderson,anderson,4.36,-4.6401626211817995,8,5.24207356700063,5.8671423203261135,provo,189.06172839506172,5.24207356700063,provo:15:35,13.843297958374023,802,[9918],1,38,38,38
15,36,209.65714285714284,106.6547619047619,was,was,6.82,-2.1797985339440955,3,5.345473543425814,4.669597093754264,provo,209.65714285714284,5.345473543425814,provo:15:36,3.6076228618621826,803,[373],1,39,39,39
15,37,218.3924050632911,336.3452380952381,released,released,5.05,-3.950781589567061,8,5.386293467914842,5.818138126783282,provo,218.3924050632911,5.386293467914842,provo:15:37,3.8174731731414795,804,[2716],1,40,40,40
15,38,222.68421052631575,199.57142857142856,July,july,5.17,-3.829737991162924,4,5.405754671553627,5.296172210201648,provo,222.68421052631575,5.405754671553627,provo:15:38,9.54233455657959,805,[2901],1,41,41,41
15,39,211.29787234042553,125.4047619047619,20,20,5.08,-3.917214270762639,2,5.3532688551933,4.831546601200021,provo,211.29787234042553,5.3532688551933,provo:15:39,4.727632522583008,806,[1160],1,42,42,42
15,40,221.8448275862069,197.82142857142856,after,after,6.11,-2.8894102560345134,5,5.401978162638571,5.2873647478579,provo,221.8448275862069,5.401978162638571,provo:15:40,2.8144328594207764,807,[706],1,43,43,43
15,41,244.1578947368421,55.226190476190474,a,a,7.36,-1.6401645157636295,1,5.497815125585303,4.01143730590843,provo,244.1578947368421,5.497815125585303,provo:15:41,3.5971145629882812,808,[257],1,44,44,44
15,42,229.74647887323945,269.95238095238096,two-week,two-week,5.45,-3.549750737675531,8,5.4369764352129755,5.598245576600881,provo,229.74647887323945,5.4369764352129755,provo:15:42,7.399631500244141,809,"[734, 12, 10464]",3,45,47,47
15,43,214.3921568627451,154.23809523809524,stay,stay,5.33,-3.6695860237095097,4,5.367806846730619,5.038497481447906,provo,214.3921568627451,5.367806846730619,provo:15:43,3.1632256507873535,810,[2652],1,48,48,48
15,44,209.71052631578948,112.96428571428572,for,for,7.01,-1.9913998239802937,3,5.345728133671362,4.727071713130445,provo,209.71052631578948,5.345728133671362,provo:15:44,6.321019172668457,811,[329],1,49,49,49
15,45,214.97058823529412,277.6666666666667,previously,previously,4.83,-4.170052661611381,10,5.37050121986423,5.626421353498733,provo,214.97058823529412,5.37050121986423,provo:15:45,14.08681869506836,812,[4271],1,50,50,50
15,46,254.3823529411765,257.32142857142856,declining,declining,3.83,-5.170046879631298,9,5.53883846169035,5.550325998258418,provo,254.3823529411765,5.53883846169035,provo:15:46,10.244755744934082,813,[18080],1,51,51,51
15,47,183.8571428571429,47.607142857142854,to,to,7.43,-1.5702477183831145,2,5.2141590585408135,3.862982810003505,provo,183.8571428571429,5.2141590585408135,provo:15:47,0.7830301523208618,814,[284],1,52,52,52
15,48,214.4848484848485,230.1547619047619,testify,testify,3.84,-5.159887629656769,7,5.368239099438928,5.4387519604891885,provo,214.4848484848485,5.368239099438928,provo:15:48,1.7823238372802734,815,[19671],1,53,53,53
15,49,200.5,242.6071428571429,before,before,5.93,-3.070070388881986,6,5.300814246746624,5.491443439016098,provo,200.5,5.300814246746624,provo:15:49,4.670499801635742,816,[878],1,54,54,54
15,50,200.72413793103448,73.83333333333333,a,a,7.36,-1.6401645157636295,1,5.3019315172852615,4.30181030081708,provo,200.72413793103448,5.3019315172852615,provo:15:50,1.4607248306274414,817,[257],1,55,55,55
15,51,179.8875,416.8928571428572,different,different,5.59,-3.4100502870304807,9,5.192331655496292,6.03282925147746,provo,179.8875,5.192331655496292,provo:15:51,11.515850067138672,818,[1180],1,56,56,56
15,52,267.58730158730157,278.1904761904762,grand,grand,4.91,-4.089908920218706,5,5.589445874165895,5.628306045224264,provo,267.58730158730157,5.589445874165895,provo:15:52,2.3059868812561035,819,[4490],1,57,57,57
15,53,270.3611111111111,183.1309523809524,jury,jury,4.49,-4.5100401150936795,4,5.599758513970383,5.210201483712438,provo,270.3611111111111,5.599758513970383,provo:15:53,0.00885874591767788,820,[9002],1,58,58,58
16,2,203.28048780487805,716.797619047619,sterilization,sterilization,3.1,-5.899594988434111,13,5.314586738678835,6.574793540014047,provo,203.28048780487805,5.314586738678835,provo:16:2,,821,"[1706, 346, 1634]",3,0,2,2
16,3,224.12244897959184,148.72619047619048,is,is,7.07,-1.9318141345419195,2,5.412192549728191,5.0021069675885155,provo,224.12244897959184,5.412192549728191,provo:16:3,5.289520263671875,822,[318],1,3,3,3
16,4,212.14666666666668,334.2857142857143,limited,limited,5.02,-3.978810287316467,7,5.357277859371546,5.811996059296434,provo,212.14666666666668,5.357277859371546,provo:16:4,9.245438575744629,823,[3614],1,4,4,4
16,5,214.47058823529412,98.9404761904762,in,in,7.27,-1.730487053447167,2,5.368172611182392,4.594518418709713,provo,214.47058823529412,5.368172611182392,provo:16:5,4.586697101593018,824,[287],1,5,5,5
16,6,202.43636363636364,173.98809523809524,the,the,7.73,-1.2700257134917023,3,5.310425583510982,5.1589868787020325,provo,202.43636363636364,5.310425583510982,provo:16:6,2.7162580490112305,825,[262],1,6,6,6
16,7,202.05555555555551,232.58333333333337,types,types,4.85,-4.149966128900379,5,5.308542687090824,5.4492485837483216,provo,202.05555555555551,5.308542687090824,provo:16:7,12.050602912902832,826,[3858],1,7,7,7
16,8,185.16,59.083333333333336,of,of,7.4,-1.600326276788705,2,5.22122031616307,4.0789488767441275,provo,185.16,5.22122031616307,provo:16:8,0.15351662039756775,827,[286],1,8,8,8
16,9,218.56410256410257,285.23809523809524,medical,medical,5.16,-3.838631698251693,7,5.387079347088862,5.653324253386072,provo,218.56410256410257,5.387079347088862,provo:16:9,9.940855979919434,828,[3315],1,9,9,9
16,10,211.4264705882353,212.91666666666663,waste,waste,4.81,-4.189766809722957,5,5.353877281246485,5.360900852849804,provo,211.4264705882353,5.353877281246485,provo:16:10,9.49411678314209,829,[7030],1,10,10,10
16,11,203.64705882352945,108.3095238095238,it,it,6.95,-2.0501222910888885,2,5.316388391679938,4.684993089286635,provo,203.64705882352945,5.316388391679938,provo:16:11,5.394011497497559,830,[340],1,11,11,11
16,12,208.80392156862743,153.4047619047619,can,can,6.46,-2.5406074971611,3,5.341395637291058,5.0330799308552745,provo,208.80392156862743,5.341395637291058,provo:16:12,2.9982476234436035,831,[460],1,12,12,12
16,13,202.19402985074623,207.9404761904762,"treat,",treat,4.75,-4.2502629116656445,5,5.3092277801897705,5.337251866585079,provo,202.19402985074623,5.3092277801897705,provo:16:13,10.233843803405762,832,"[2190, 11]",2,13,14,14
16,14,198.06666666666663,87.03571428571429,but,but,6.63,-2.369572114804145,3,5.288603674360398,4.466318543450003,provo,198.06666666666663,5.288603674360398,provo:16:14,2.395353078842163,833,[475],1,15,15,15
16,15,205.19148936170217,160.32142857142858,is,is,7.07,-1.9318141345419195,2,5.323943637591003,5.077180728606728,provo,205.19148936170217,5.323943637591003,provo:16:15,5.297642707824707,834,[318],1,16,16,16
16,16,217.3116883116883,450.5357142857143,appropriate,appropriate,4.67,-4.329753218947205,11,5.381332674640889,6.1104373508999545,provo,217.3116883116883,5.381332674640889,provo:16:16,12.144415855407715,835,[5035],1,17,17,17
16,17,155.60416666666666,107.02380952380952,for,for,7.01,-1.9913998239802937,3,5.047315389449175,4.6730513286223525,provo,155.60416666666666,5.047315389449175,provo:16:17,0.9328262209892273,836,[329],1,18,18,18
16,18,206.0625,376.4047619047619,laboratory,laboratory,4.31,-4.6903677036848,10,5.32817952083195,5.93066505881282,provo,206.0625,5.32817952083195,provo:16:18,11.1439847946167,837,[14010],1,19,19,19
16,19,211.43421052631575,295.54761904761904,cultures,cultures,4.2,-4.8013401643550235,8,5.3539138887554225,5.68882997123258,provo,211.43421052631575,5.3539138887554225,provo:16:19,6.903242111206055,838,[13817],1,20,20,20
16,20,197.1578947368421,56.523809523809526,and,and,7.41,-1.5900668749788436,3,5.284004903837594,4.034661956886245,provo,197.1578947368421,5.284004903837594,provo:16:20,2.7413601875305176,839,[290],1,21,21,21
16,21,248.1428571428571,378.95238095238096,substances,substances,3.93,-5.070065336602483,10,5.514004617185791,5.937410553263451,provo,248.1428571428571,5.514004617185791,provo:16:21,13.30351734161377,840,[15938],1,22,22,22
16,22,262.3164556962025,407.29761904761904,contaminated,contaminated,3.7,-5.300153605666733,12,5.569551621070466,6.009544168940298,provo,262.3164556962025,5.569551621070466,provo:16:22,8.95938491821289,841,[23543],1,23,23,23
16,23,195.48936170212767,125.97619047619048,with,with,6.85,-2.149966736176128,4,5.27550596209893,4.836092924620764,provo,195.48936170212767,5.27550596209893,provo:16:23,0.3960227370262146,842,[351],1,24,24,24
16,24,223.13333333333333,321.5,infectious,infectious,3.81,-5.189760759232152,10,5.407769500109117,5.772997543677674,provo,223.13333333333333,5.407769500109117,provo:16:24,6.029273986816406,843,[25246],1,25,25,25
16,25,242.25714285714287,292.6547619047619,organisms.,organisms,3.8,-5.199963758172021,9,5.48999973581459,5.6789936272766806,provo,242.25714285714287,5.48999973581459,provo:16:25,5.170437812805176,844,"[20296, 13]",2,26,27,27
16,26,179.65217391304347,50.88095238095238,The,the,7.73,-1.2700257134917023,3,5.19102261431038,3.9294886370357793,provo,179.65217391304347,5.19102261431038,provo:16:26,3.875051975250244,845,[383],1,28,28,28
16,27,218.84722222222223,264.26190476190476,waste,waste,4.81,-4.189766809722957,5,5.3883738709459905,5.576940674868611,provo,218.84722222222223,5.3883738709459905,provo:16:27,8.093914031982422,846,[7030],1,29,29,29
16,28,205.3684210526316,96.1904761904762,is,is,7.07,-1.9318141345419195,2,5.324805542016616,4.5663303526718275,provo,205.3684210526316,5.324805542016616,provo:16:28,2.8947315216064453,847,[318],1,30,30,30
16,29,223.10256410256412,310.42857142857144,subjected,subjected,3.86,-5.140255435301712,9,5.407631594436378,5.737953831201116,provo,223.10256410256412,5.407631594436378,provo:16:29,10.380263328552246,848,[16164],1,31,31,31
16,30,225.8717948717949,124.47619047619048,to,to,7.43,-1.5702477183831145,2,5.419967558980149,4.8241144564607445,provo,225.8717948717949,5.419967558980149,provo:16:30,0.054898884147405624,849,[284],1,32,32,32
16,31,223.5921052631579,330.25,steam,steam,4.52,-4.480170694158342,5,5.409823433247775,5.799849943402434,provo,223.5921052631579,5.409823433247775,provo:16:31,12.166534423828125,850,[13324],1,33,33,33
16,32,191.66,179.5595238095238,in,in,7.27,-1.730487053447167,2,5.255722968915616,5.190506761924938,provo,191.66,5.255722968915616,provo:16:32,6.93250036239624,851,[287],1,34,34,34
16,33,230.71428571428572,122.9047619047619,a,a,7.36,-1.6401645157636295,1,5.4411800866014435,4.811409761995191,provo,230.71428571428572,5.4411800866014435,provo:16:33,2.1884543895721436,852,[257],1,35,35,35
16,34,203.04545454545453,270.8690476190476,"sealed,",sealed,4.12,-4.8794227786969016,6,5.313429867993802,5.601635484973813,provo,203.04545454545453,5.313429867993802,provo:16:34,10.307207107543945,853,"[15283, 11]",2,36,37,37
16,35,250.0125,419.42857142857144,pressurized,pressurized,3.03,-5.970575635941984,11,5.521510916612288,6.0388932406790925,provo,250.0125,5.521510916612288,provo:16:35,10.685432434082031,854,"[1803, 44796]",2,38,39,39
16,36,222.83823529411765,238.9404761904762,chamber.,chamber,4.47,-4.530176511839648,7,5.406446105960056,5.476214467316179,provo,222.83823529411765,5.406446105960056,provo:16:36,5.012812614440918,855,"[11847, 13]",2,40,41,41
16,37,194.21428571428572,74.4047619047619,The,the,7.73,-1.2700257134917023,3,5.268962115017212,4.309519943887134,provo,194.21428571428572,5.268962115017212,provo:16:37,2.2006099224090576,856,[383],1,42,42,42
16,38,227.05263157894737,287.5,liquid,liquid,4.39,-4.610832143008547,6,5.425181847782661,5.661222860237405,provo,227.05263157894737,5.425181847782661,provo:16:38,7.523397445678711,857,[8122],1,43,43,43
16,39,213.3703703703704,169.75,that,that,7.01,-1.9913998239802937,4,5.363029483728054,5.1343267664388055,provo,213.3703703703704,5.363029483728054,provo:16:39,6.213918209075928,858,[326],1,44,44,44
16,40,231.55172413793105,192.83333333333337,may,may,5.98,-3.019996582940394,3,5.444803278970864,5.261826257965621,provo,231.55172413793105,5.444803278970864,provo:16:40,8.870180130004883,859,[743],1,45,45,45
16,41,215.7924528301887,159.96428571428572,form,form,5.31,-3.690369619684702,4,5.374317079229095,5.074950576032096,provo,215.7924528301887,5.374317079229095,provo:16:41,6.608192443847656,860,[1296],1,46,46,46
16,42,200.0810810810811,111.02380952380952,is,is,7.07,-1.9318141345419195,2,5.298722689798874,4.709744678524952,provo,200.0810810810811,5.298722689798874,provo:16:42,2.473130702972412,861,[318],1,47,47,47
16,43,240.7611940298507,262.29761904761904,drained,drained,3.69,-5.309795056909233,7,5.483805546086821,5.5694798096208755,provo,240.7611940298507,5.483805546086821,provo:16:43,8.933721542358398,862,[29738],1,48,48,48
16,44,213.4102564102564,109.10714285714286,off,off,5.93,-3.070070388881986,3,5.363216399616449,4.692330361430492,provo,213.4102564102564,5.363216399616449,provo:16:44,4.201697826385498,863,[572],1,49,49,49
16,45,214.9090909090909,89.86904761904762,to,to,7.43,-1.5702477183831145,2,5.370215105727619,4.498353584296312,provo,214.9090909090909,5.370215105727619,provo:16:45,4.548257350921631,864,[284],1,50,50,50
16,46,204.82926829268297,136.70238095238096,the,the,7.73,-1.2700257134917023,3,5.322176794539831,4.917806160932876,provo,204.82926829268297,5.322176794539831,provo:16:46,2.385784864425659,865,[262],1,51,51,51
16,47,219.84722222222223,276.42857142857144,sewer,sewer,3.64,-5.3595086250544535,5,5.392932860669683,5.621952456408569,provo,219.84722222222223,5.392932860669683,provo:16:47,9.97670841217041,866,[34327],1,52,52,52
16,48,162.45454545454547,73.26190476190476,or,or,6.54,-2.4596705126934353,2,5.090398242361058,4.294040757038673,provo,162.45454545454547,5.090398242361058,provo:16:48,4.640950679779053,867,[393],1,53,53,53
16,49,245.46875,290.1666666666667,sent,sent,5.16,-3.838631698251693,4,5.503169647889995,5.670455470540134,provo,245.46875,5.503169647889995,provo:16:49,9.121119499206543,868,[1908],1,54,54,54
16,50,194.43478260869568,236.79761904761904,for,for,7.01,-1.9913998239802937,3,5.270096798905786,5.467205848261747,provo,194.43478260869568,5.270096798905786,provo:16:50,4.339927673339844,869,[329],1,55,55,55
16,51,204.59722222222223,440.3690476190476,processing.,processing,4.46,-4.5406060042764365,10,5.321043276798883,6.087613119951369,provo,204.59722222222223,5.321043276798883,provo:16:51,5.239295482635498,870,"[7587, 13]",2,56,57,57
17,2,197.42857142857144,248.8571428571429,are,are,6.74,-2.259637302609493,3,5.285376855272302,5.516879008357135,provo,197.42857142857144,5.285376855272302,provo:17:2,,871,[533],1,0,0,0
17,3,202.95890410958904,272.1190476190476,more,more,6.36,-2.6401644986952877,4,5.313003515737569,5.606239645614229,provo,202.95890410958904,5.313003515737569,provo:17:3,9.45685863494873,872,[517],1,1,1,1
17,4,174.3913043478261,245.3690476190476,flexible,flexible,4.13,-4.8696630145207465,8,5.161301649840903,5.502763393999984,provo,174.3913043478261,5.161301649840903,provo:17:4,10.027251243591309,873,[12846],1,2,2,2
17,5,204.70149253731344,196.5595238095238,than,than,6.13,-2.8696661993350334,4,5.321552783980738,5.280965305588519,provo,204.70149253731344,5.321552783980738,provo:17:5,2.2821242809295654,874,[621],1,3,3,3
17,6,196.91044776119404,209.0,humans,humans,4.61,-4.390404523713482,6,5.28274904549281,5.342334251964811,provo,196.91044776119404,5.28274904549281,provo:17:6,10.768264770507812,875,[5384],1,4,4,4
17,7,215.3846153846154,281.8809523809524,because,because,6.03,-2.970616181726523,7,5.372425338701759,5.641484827128268,provo,215.3846153846154,5.372425338701759,provo:17:7,5.818995952606201,876,[780],1,5,5,5
17,8,187.30769230769232,61.67857142857143,a,a,7.36,-1.6401645157636295,1,5.232752678055154,4.121936567971475,provo,187.30769230769232,5.232752678055154,provo:17:8,7.4219183921813965,877,[257],1,6,6,6
17,9,201.84415584415584,217.08333333333337,bird's,bird's,3.23,-5.769525532638841,6,5.307495893915504,5.380281304399467,provo,201.84415584415584,5.307495893915504,provo:17:9,12.337151527404785,878,"[6512, 338]",2,7,8,8
17,10,225.8,217.07142857142856,head,head,5.51,-3.4894548557519016,4,5.419649651715562,5.380226463301534,provo,225.8,5.419649651715562,provo:17:10,4.348425388336182,879,[1182],1,9,9,9
17,11,224.2941176470588,99.66666666666669,is,is,7.07,-1.9318141345419195,2,5.412958215801347,4.601831284722577,provo,224.2941176470588,5.412958215801347,provo:17:11,1.46554434299469,880,[318],1,10,10,10
17,12,206.11666666666667,160.27380952380952,only,only,6.12,-2.8794260358930543,4,5.328442351519956,5.076883662135921,provo,206.11666666666667,5.328442351519956,provo:17:12,6.534843921661377,881,[691],1,11,11,11
17,13,228.16455696202533,297.0,connected,connected,4.68,-4.319663579917319,9,5.430067109686129,5.6937321388027,provo,228.16455696202533,5.430067109686129,provo:17:13,10.764984130859375,882,[5884],1,12,12,12
17,14,193.5,57.773809523809526,by,by,6.66,-2.340083790426988,2,5.2652775124698366,4.056535550561903,provo,193.5,5.2652775124698366,provo:17:14,3.623119354248047,883,[416],1,13,13,13
17,15,217.17543859649123,207.6071428571429,one,one,6.47,-2.5301779692999906,3,5.38070549969726,5.335647557526147,provo,217.17543859649123,5.38070549969726,provo:17:15,4.597259521484375,884,[530],1,14,14,14
17,16,244.225,469.6190476190476,socket,socket,3.52,-5.480158885743263,6,5.498089931539006,6.151921829060648,provo,244.225,5.498089931539006,provo:17:16,8.445487976074219,885,[17802],1,15,15,15
17,17,202.69117647058823,247.29761904761904,pivot.,pivot,3.5,-5.500299174102789,5,5.311683522518332,5.510592546691371,provo,202.69117647058823,5.311683522518332,provo:17:17,23.383485794067383,886,"[30355, 13]",2,16,17,17
17,18,214.5,316.2738095238095,People,people,6.25,-2.74957997329254,6,5.368309738368072,5.756608324239612,provo,214.5,5.368309738368072,provo:17:18,9.984345436096191,887,[4380],1,18,18,18
17,19,171.04225352112675,274.42857142857144,have,have,6.71,-2.2898826264224046,4,5.141910622594096,5.6146910137132435,provo,171.04225352112675,5.141910622594096,provo:17:19,3.741399049758911,888,[423],1,19,19,19
17,20,174.0,183.78571428571428,"two,",two,6.1,-2.8996294204146222,3,5.159055299214529,5.213770482666486,provo,174.0,5.159055299214529,provo:17:20,14.952308654785156,889,"[734, 11]",2,20,21,21
17,21,209.1290322580645,224.5595238095238,which,which,6.3,-2.6989699826212954,5,5.342951440689849,5.414140811502411,provo,209.1290322580645,5.342951440689849,provo:17:21,5.309383392333984,890,[543],1,22,22,22
17,22,209.3918918918919,281.6309523809524,limits,limits,4.47,-4.530176511839648,6,5.344207577017679,5.6405975343690935,provo,209.3918918918919,5.344207577017679,provo:17:22,11.049317359924316,891,[7095],1,23,23,23
17,23,214.3235294117647,93.35714285714286,our,our,6.14,-2.86012088212815,3,5.367486693054121,4.536432384008964,provo,214.3235294117647,5.367486693054121,provo:17:23,6.629200458526611,892,[674],1,24,24,24
17,24,197.82666666666665,240.0952380952381,ability,ability,4.96,-4.0400046854717555,7,5.287391226414483,5.4810356700244425,provo,197.82666666666665,5.287391226414483,provo:17:24,0.8028367757797241,893,[2694],1,25,25,25
17,25,180.7,49.23809523809524,to,to,7.43,-1.5702477183831145,2,5.196838197598183,3.896667617344951,provo,180.7,5.196838197598183,provo:17:25,0.012396753765642643,894,[284],1,26,26,26
17,26,213.0810810810811,229.02380952380952,"twist,",twist,4.22,-4.779889295736006,5,5.361672755628386,5.433825969869247,provo,213.0810810810811,5.361672755628386,provo:17:26,15.845378875732422,895,"[14528, 11]",2,27,28,28
17,27,240.47368421052633,376.8333333333333,Forsman,forsman,1.56,-7.438898616350944,7,5.482610662396831,5.9318030030499145,provo,240.47368421052633,5.482610662396831,provo:17:27,30.834327697753906,896,"[27325, 805]",2,29,30,30
17,28,204.9558823529412,288.76190476190476,added.,added,5.16,-3.838631698251693,5,5.322794747943403,5.665602489598784,provo,204.9558823529412,5.322794747943403,provo:17:28,7.393442630767822,897,"[2087, 13]",2,31,32,32
17,29,211.52,164.3452380952381,Owls,owls,3.41,-5.590049978379491,4,5.354319556663322,5.101969325520941,provo,211.52,5.354319556663322,provo:17:29,14.962104797363281,898,"[11960, 7278]",2,33,34,34
17,30,231.66666666666663,230.53571428571428,also,also,6.19,-2.8096682738107104,4,5.445299556896682,5.440405793105539,provo,231.66666666666663,5.445299556896682,provo:17:30,4.435060501098633,899,[635],1,35,35,35
17,31,204.35384615384615,213.8928571428571,have,have,6.71,-2.2898826264224046,4,5.319853031236867,5.365475222089258,provo,204.35384615384615,5.319853031236867,provo:17:31,1.2798768281936646,900,[423],1,36,36,36
17,32,174.60294117647058,199.25,multiple,multiple,4.92,-4.07987615172103,8,5.162514488489686,5.294560317670324,provo,174.60294117647058,5.162514488489686,provo:17:32,6.787174224853516,901,[3294],1,37,37,37
17,33,221.96385542168676,453.6071428571428,"vertebrae,",vertebrae,3.21,-5.7904581779834,9,5.402514555200911,6.117231499329115,provo,221.96385542168676,5.402514555200911,provo:17:33,9.559366226196289,902,"[30362, 16057, 68, 11]",4,38,41,41
17,34,201.30434782608697,120.29761904761904,the,the,7.73,-1.2700257134917023,3,5.30481793115113,4.7899688309944075,provo,201.30434782608697,5.30481793115113,provo:17:34,6.662595748901367,903,[262],1,42,42,42
17,35,232.95945945945945,252.8928571428571,small,small,5.51,-3.4894548557519016,5,5.450864444690809,5.53296590947657,provo,232.95945945945945,5.450864444690809,provo:17:35,7.99768590927124,904,[1402],1,43,43,43
17,36,206.03030303030303,191.51190476190476,bones,bones,4.32,-4.6798516359298885,5,5.32802326005998,5.254949972546994,provo,206.03030303030303,5.32802326005998,provo:17:36,2.932602643966675,905,[11945],1,44,44,44
17,37,211.6046511627907,122.01190476190476,that,that,7.01,-1.9913998239802937,4,5.354719680663129,4.804118619988249,provo,211.6046511627907,5.354719680663129,provo:17:37,1.4104193449020386,906,[326],1,45,45,45
17,38,200.58490566037736,132.03571428571428,make,make,6.08,-2.9208187177611697,4,5.301237626736484,4.883072448761428,provo,200.58490566037736,5.301237626736484,provo:17:38,4.270232677459717,907,[787],1,46,46,46
17,39,203.71428571428572,72.5952380952381,up,up,6.39,-2.6108338979091625,2,5.316718451918928,4.284899328704887,provo,203.71428571428572,5.316718451918928,provo:17:39,0.4696160852909088,908,[510],1,47,47,47
17,40,191.74285714285713,79.89285714285714,the,the,7.73,-1.2700257134917023,3,5.256155188668825,4.380686451314926,provo,191.74285714285713,5.256155188668825,provo:17:40,1.401827335357666,909,[262],1,48,48,48
17,41,206.6296296296296,143.1547619047619,neck,neck,4.63,-4.369571107893071,4,5.3309279618411995,4.963926296130648,provo,206.6296296296296,5.3309279618411995,provo:17:41,5.075882434844971,910,[7393],1,49,49,49
17,42,191.86666666666667,74.27380952380952,and,and,7.41,-1.5900668749788436,3,5.256800686345103,4.307758393267473,provo,191.86666666666667,5.256800686345103,provo:17:42,1.8174610137939453,911,[290],1,50,50,50
17,43,207.8360655737705,163.16666666666666,"spine,",spine,3.93,-5.070065336602483,5,5.3367496226708,5.094772173302455,provo,207.8360655737705,5.3367496226708,provo:17:43,6.1031060218811035,912,"[19656, 11]",2,51,52,52
17,44,219.29577464788733,206.26190476190476,helping,helping,4.78,-4.219681967637425,7,5.390421387786729,5.329146743606772,provo,219.29577464788733,5.390421387786729,provo:17:44,10.37069034576416,913,[5742],1,53,53,53
17,45,207.94117647058823,99.32142857142856,them,them,6.19,-2.8096682738107104,4,5.3372552342744575,4.598361344058761,provo,207.94117647058823,5.3372552342744575,provo:17:45,1.4734874963760376,914,[606],1,54,54,54
17,46,212.10294117647055,217.1190476190476,achieve,achieve,4.57,-4.4294558926613865,7,5.357071728407403,5.380445809650297,provo,212.10294117647055,5.357071728407403,provo:17:46,9.341195106506348,915,[4620],1,55,55,55
17,47,192.58333333333337,27.511904761904763,a,a,7.36,-1.6401645157636295,1,5.26052896048638,3.314618811431067,provo,192.58333333333337,5.26052896048638,provo:17:47,3.283952236175537,916,[257],1,56,56,56
17,48,234.33928571428572,171.97619047619048,wide,wide,4.96,-4.0400046854717555,4,5.456770004161138,5.1473560397674785,provo,234.33928571428572,5.456770004161138,provo:17:48,6.79504919052124,917,[3094],1,57,57,57
17,49,201.125,155.76190476190476,range,range,5.12,-3.8794257397833034,5,5.303926605312547,5.048328589814961,provo,201.125,5.303926605312547,provo:17:49,0.42539453506469727,918,[2837],1,58,58,58
17,50,191.625,56.333333333333336,of,of,7.4,-1.600326276788705,2,5.255540337191978,4.0312864262549635,provo,191.625,5.255540337191978,provo:17:50,0.062727190554142,919,[286],1,59,59,59
17,51,230.34615384615384,433.2738095238095,motion.,motion,4.59,-4.410049282237471,6,5.439583194242981,6.071369882709044,provo,230.34615384615384,5.439583194242981,provo:17:51,3.680817127227783,920,"[6268, 13]",2,60,61,61
18,2,189.33870967741936,191.45238095238096,in,in,7.27,-1.730487053447167,2,5.243537525833431,5.254639114264781,provo,189.33870967741936,5.243537525833431,provo:18:2,,921,[259],1,0,0,0
18,3,243.625,329.5952380952381,the,the,7.73,-1.2700257134917023,3,5.4956301578277245,5.797865350404367,provo,243.625,5.4956301578277245,provo:18:3,5.385766506195068,922,[262],1,1,1,1
18,4,205.3661971830986,271.9642857142857,same,same,5.8,-3.1999705719294873,4,5.32479471327497,5.605670755154058,provo,205.3661971830986,5.32479471327497,provo:18:4,6.359106540679932,923,[976],1,2,2,2
18,5,200.01351351351352,274.2261904761905,"animal,",animal,4.81,-4.189766809722957,6,5.298384931833019,5.6139532785267034,provo,200.01351351351352,5.298384931833019,provo:18:5,15.589685440063477,924,"[5044, 11]",2,3,4,4
18,6,215.02083333333337,187.26190476190476,not,not,6.69,-2.3098039111083337,3,5.370734922658042,5.23250819720901,provo,215.02083333333337,5.370734922658042,provo:18:6,7.684470176696777,925,[407],1,5,5,5
18,7,198.72131147540983,203.57142857142856,all,all,6.52,-2.4801719931036024,3,5.291903398337919,5.316016943647438,provo,198.72131147540983,5.291903398337919,provo:18:7,7.735630989074707,926,[477],1,6,6,6
18,8,184.37142857142857,215.02380952380952,bites,bites,3.79,-5.20970779721534,5,5.216952356446426,5.3707487639674305,provo,184.37142857142857,5.216952356446426,provo:18:8,12.341643333435059,927,[26081],1,7,7,7
18,9,200.17391304347825,125.47619047619048,are,are,6.74,-2.259637302609493,3,5.299186553912624,4.8321160232520395,provo,200.17391304347825,5.299186553912624,provo:18:9,1.7424839735031128,928,[389],1,8,8,8
18,10,209.23076923076923,142.64285714285714,the,the,7.73,-1.2700257134917023,3,5.3434378018285065,4.960344003800556,provo,209.23076923076923,5.3434378018285065,provo:18:10,3.7145400047302246,929,[262],1,9,9,9
18,11,194.0,106.77380952380952,same.,same,5.8,-3.1999705719294873,4,5.267858159063328,4.67071266727469,provo,194.0,5.267858159063328,provo:18:11,0.8464329838752747,930,"[976, 13]",2,10,11,11
18,12,164.5,33.25,A,a,7.36,-1.6401645157636295,1,5.1029105702054265,3.5040547671018634,provo,164.5,5.1029105702054265,provo:18:12,5.624024391174316,931,[317],1,12,12,12
18,13,248.28571428571428,184.01190476190476,new,new,6.25,-2.74957997329254,3,5.514580156770024,5.215000455309005,provo,248.28571428571428,5.514580156770024,provo:18:13,8.549405097961426,932,[649],1,13,13,13
18,14,212.69565217391303,230.73809523809524,study,study,5.26,-3.739928373391649,5,5.3598622808779135,5.441283280451182,provo,212.69565217391303,5.3598622808779135,provo:18:14,1.4292927980422974,933,[2050],1,14,14,14
18,15,226.33333333333337,197.95238095238096,finds,finds,4.61,-4.390404523713482,5,5.422008838890586,5.288026501529215,provo,226.33333333333337,5.422008838890586,provo:18:15,4.680956840515137,934,[7228],1,15,15,15
18,16,188.0,77.57142857142857,that,that,7.01,-1.9913998239802937,4,5.236441962829949,4.351199170878622,provo,188.0,5.236441962829949,provo:18:16,0.35836800932884216,935,[326],1,16,16,16
18,17,221.32432432432432,264.8095238095238,because,because,6.03,-2.970616181726523,7,5.399629156625964,5.5790107894641405,provo,221.32432432432432,5.399629156625964,provo:18:17,10.571295738220215,936,[780],1,17,17,17
18,18,191.12121212121212,83.28571428571429,the,the,7.73,-1.2700257134917023,3,5.252907845197171,4.422277037295179,provo,191.12121212121212,5.252907845197171,provo:18:18,3.6829335689544678,937,[262],1,18,18,18
18,19,210.28169014084503,219.52380952380952,force,force,5.23,-3.769550823154459,5,5.348448013491921,5.391460698267271,provo,210.28169014084503,5.348448013491921,provo:18:19,11.343635559082031,938,[2700],1,19,19,19
18,20,180.79166666666663,106.58333333333331,in,in,7.27,-1.730487053447167,2,5.197345355450405,4.668927151790842,provo,180.79166666666663,5.197345355450405,provo:18:20,6.371604919433594,939,[287],1,20,20,20
18,21,177.2258064516129,69.13095238095238,a,a,7.36,-1.6401645157636295,1,5.177424662170073,4.236002566528736,provo,177.2258064516129,5.177424662170073,provo:18:21,1.9798617362976074,940,[257],1,21,21,21
18,22,225.95774647887325,277.5833333333333,muscle,muscle,4.44,-4.5606657269199475,6,5.420348019309761,5.626121188405679,provo,225.95774647887325,5.420348019309761,provo:18:22,10.03288459777832,941,[8280],1,22,22,22
18,23,186.1052631578947,293.7857142857143,depends,depends,4.53,-4.469799020694141,7,5.226312444591094,5.682850638615165,provo,186.1052631578947,5.226312444591094,provo:18:23,7.776040077209473,942,[8338],1,23,23,23
18,24,174.46428571428572,67.69047619047619,on,on,6.91,-2.089909449064056,2,5.1617200543016795,4.214945493367631,provo,174.46428571428572,5.1617200543016795,provo:18:24,0.34937840700149536,943,[319],1,24,24,24
18,25,219.30434782608697,139.32142857142858,how,how,6.24,-2.759450726757948,3,5.39046048115566,4.9367836993314524,provo,219.30434782608697,5.39046048115566,provo:18:25,3.5719833374023438,944,[703],1,25,25,25
18,26,208.8679245283019,151.51190476190476,much,much,6.0,-2.9999999565705537,4,5.341702112150561,5.020664201148733,provo,208.8679245283019,5.341702112150561,provo:18:26,2.1861696243286133,945,[881],1,26,26,26
18,27,225.96875,87.8452380952381,it,it,6.95,-2.0501222910888885,2,5.420396715375225,4.475576608215053,provo,225.96875,5.420396715375225,provo:18:27,3.977600574493408,946,[340],1,27,27,27
18,28,205.8095238095238,110.64285714285714,is,is,7.07,-1.9318141345419195,2,5.326951099343408,4.70630751080161,provo,205.8095238095238,5.326951099343408,provo:18:28,3.5286705493927,947,[318],1,28,28,28
18,29,220.7027027027027,262.29761904761904,"stretched,",stretched,3.88,-5.119752502212281,9,5.396816559235297,5.5694798096208755,provo,220.7027027027027,5.396816559235297,provo:18:29,5.787749290466309,948,"[19110, 11]",2,29,30,30
18,30,187.8823529411765,48.55952380952381,an,an,6.53,-2.4698002889858715,2,5.235815984718742,3.8827903404742448,provo,187.8823529411765,5.235815984718742,provo:18:30,6.940952777862549,949,[281],1,31,31,31
18,31,211.5,271.1190476190476,animal's,animal's,2.93,-6.070019409484486,8,5.354224998486333,5.6025580145272365,provo,211.5,5.354224998486333,provo:18:31,3.5924108028411865,950,"[5044, 338]",2,32,33,33
18,32,201.83636363636364,149.42857142857142,bite,bite,4.31,-4.6903677036848,4,5.307457288100176,5.006818495569555,provo,201.83636363636364,5.307457288100176,provo:18:32,3.9530773162841797,951,[13197],1,34,34,34
18,33,222.75438596491227,185.3452380952381,force,force,5.23,-3.769550823154459,5,5.406069756235241,5.222220237846361,provo,222.75438596491227,5.406069756235241,provo:18:33,4.4275336265563965,952,[2700],1,35,35,35
18,34,216.78666666666663,279.5952380952381,depends,depends,4.53,-4.469799020694141,7,5.378913767059244,5.633342979081712,provo,216.78666666666663,5.378913767059244,provo:18:34,4.9569830894470215,953,[8338],1,36,36,36
18,35,201.8695652173913,61.38095238095238,on,on,6.91,-2.089909449064056,2,5.307621772090772,4.1170995652157645,provo,201.8695652173913,5.307621772090772,provo:18:35,0.5393519401550293,954,[319],1,37,37,37
18,36,184.23529411764707,86.80952380952381,the,the,7.73,-1.2700257134917023,3,5.2162137130544775,4.46371633695524,provo,184.23529411764707,5.2162137130544775,provo:18:36,2.7858448028564453,955,[262],1,38,38,38
18,37,201.19642857142856,152.0595238095238,size,size,5.13,-3.8696659098054966,4,5.304281687429016,5.024272048199463,provo,201.19642857142856,5.304281687429016,provo:18:37,3.2606348991394043,956,[2546],1,39,39,39
18,38,177.63636363636363,50.773809523809526,of,of,7.4,-1.600326276788705,2,5.179738559804357,3.927380661082466,provo,177.63636363636363,5.179738559804357,provo:18:38,0.4315389096736908,957,[286],1,40,40,40
18,39,189.5,166.6904761904762,what,what,6.38,-2.619788740192791,4,5.244389024522481,5.116138656693829,provo,189.5,5.244389024522481,provo:18:39,9.582743644714355,958,[644],1,41,41,41
18,40,166.61764705882354,78.70238095238095,it,it,6.95,-2.0501222910888885,2,5.1157016488459455,4.365673408490265,provo,166.61764705882354,5.1157016488459455,provo:18:40,0.9227537512779236,959,[340],1,42,42,42
18,41,258.2307692307692,92.77380952380952,is,is,7.07,-1.9318141345419195,2,5.553853639518498,4.530164375000247,provo,258.2307692307692,5.553853639518498,provo:18:41,1.2508776187896729,960,[318],1,43,43,43
18,42,203.57333333333332,303.14285714285717,biting.,biting,3.77,-5.229877331854745,6,5.31602630032881,5.714204170118615,provo,203.57333333333332,5.31602630032881,provo:18:42,7.883849620819092,961,"[30791, 13]",2,44,45,45
18,43,163.35714285714286,99.1904761904762,The,the,7.73,-1.2700257134917023,3,5.095938864407523,4.597042003537549,provo,163.35714285714286,5.095938864407523,provo:18:43,3.8535876274108887,962,[383],1,46,46,46
18,44,224.0,359.5,finding,finding,4.85,-4.149966128900379,7,5.41164605185504,5.884714177161102,provo,224.0,5.41164605185504,provo:18:44,8.994556427001953,963,[4917],1,47,47,47
18,45,195.09756097560975,126.5595238095238,has,has,6.37,-2.6307841240302645,3,5.273499746144514,4.840712741445292,provo,195.09756097560975,5.273499746144514,provo:18:45,4.70834493637085,964,[468],1,48,48,48
18,46,226.68421052631575,330.4166666666667,direct,direct,4.91,-4.089908920218706,6,5.42355790588767,5.800354484280948,provo,226.68421052631575,5.42355790588767,provo:18:46,9.519911766052246,965,[1277],1,49,49,49
18,47,217.3125,305.9166666666667,implications,implications,4.1,-4.899626008114512,12,5.38133640976808,5.723312733708834,provo,217.3125,5.38133640976808,provo:18:47,0.4586403965950012,966,[10939],1,50,50,50
18,48,199.0,74.48809523809524,for,for,7.01,-1.9913998239802937,3,5.293304824724492,4.31063931715505,provo,199.0,5.293304824724492,provo:18:48,0.18213289976119995,967,[329],1,51,51,51
18,49,248.26315789473685,369.6190476190476,ecology,ecology,3.74,-5.259629414314232,7,5.514489304117821,5.912472874205428,provo,248.26315789473685,5.514489304117821,provo:18:49,13.414448738098145,968,[36517],1,52,52,52
18,50,219.70833333333337,65.8452380952381,and,and,7.41,-1.5900668749788436,3,5.3923009091825245,4.187307111151364,provo,219.70833333333337,5.3923009091825245,provo:18:50,1.8628275394439697,969,[290],1,53,53,53
19,2,190.6153846153846,121.35714285714286,the,the,7.73,-1.2700257134917023,3,5.250257704727551,4.798737792056674,provo,190.6153846153846,5.250257704727551,provo:19:2,,970,[1169],1,0,0,0
19,3,219.4567901234568,403.3571428571428,heaviest,heaviest,3.35,-5.6497325939520815,8,5.391155357206973,5.999822380057578,provo,219.4567901234568,5.391155357206973,provo:19:3,17.020511627197266,971,[45568],1,1,1,1
19,4,251.75,426.25,isotopes,isotopes,3.12,-5.879393168943227,8,5.528436531598672,6.055026028597727,provo,251.75,5.528436531598672,provo:19:4,16.489219665527344,972,"[31624, 13920]",2,2,3,3
19,5,259.87654320987656,487.0595238095238,physicists,physicists,3.3,-5.698948290154774,10,5.560206684438088,6.188386341095232,provo,259.87654320987656,5.560206684438088,provo:19:5,17.86810302734375,973,[37898],1,4,4,4
19,6,192.8409090909091,150.88095238095238,have,have,6.71,-2.2898826264224046,4,5.261865543750066,5.016491131040149,provo,192.8409090909091,5.261865543750066,provo:19:6,1.1532286405563354,974,[423],1,5,5,5
19,7,235.5675675675676,300.0357142857143,managed,managed,4.76,-4.2403314000162755,7,5.461997783420286,5.703901515189643,provo,235.5675675675676,5.461997783420286,provo:19:7,9.18704605102539,975,[5257],1,6,6,6
19,8,203.46153846153845,35.916666666666664,to,to,7.43,-1.5702477183831145,2,5.315476986830863,3.5812014403157475,provo,203.46153846153845,5.315476986830863,provo:19:8,0.21219326555728912,976,[284],1,7,7,7
19,9,237.57894736842104,311.5595238095238,synthesize,synthesize,2.94,-6.059931986260647,10,5.47049997821104,5.741590407643608,provo,237.57894736842104,5.47049997821104,provo:19:9,7.934518337249756,977,"[24983, 1096]",2,8,9,9
19,10,204.16666666666663,76.73809523809524,so,so,6.52,-2.4801719931036024,2,5.3189366537507725,4.3403982635320695,provo,204.16666666666663,5.3189366537507725,provo:19:10,4.412829875946045,978,[523],1,10,10,10
19,11,225.68421052631575,189.48809523809524,far,far,5.5,-3.5003127799466554,3,5.419136723584198,5.244326200586541,provo,225.68421052631575,5.419136723584198,provo:19:11,0.005200314801186323,979,[1290],1,11,11,11
19,12,192.3582089552239,195.48809523809524,don't,don't,6.2,-2.8013428855585856,5,5.2593593054658445,5.275499483648524,provo,192.3582089552239,5.2593593054658445,provo:19:12,10.258657455444336,980,"[836, 470]",2,12,13,13
19,13,196.53623188405797,200.91666666666663,behave,behave,4.0,-4.999995657076895,6,5.280846800490686,5.302890228393171,provo,196.53623188405797,5.280846800490686,provo:19:13,9.98758316040039,981,[17438],1,14,14,14
19,14,225.6,279.26190476190476,quite,quite,5.29,-3.70996516592242,5,5.418763519623904,5.632150068238137,provo,225.6,5.418763519623904,provo:19:14,6.245208740234375,982,[2407],1,15,15,15
19,15,178.2,186.25,like,like,6.41,-2.590066859770088,4,5.182906515036709,5.227089857259669,provo,178.2,5.182906515036709,provo:19:15,1.4825252294540405,983,[588],1,16,16,16
19,16,207.93506493506493,365.2380952380952,science's,science's,2.23,-6.769295686387431,9,5.337225843148371,5.900549456637878,provo,207.93506493506493,5.337225843148371,provo:19:16,20.738834381103516,984,"[3783, 338]",2,17,18,18
19,17,233.37142857142857,243.70238095238096,best,best,5.84,-3.1598938427839287,4,5.4526312983550875,5.495947730597308,provo,233.37142857142857,5.4526312983550875,provo:19:17,5.209517478942871,985,[1266],1,19,19,19
19,18,239.53424657534248,333.7142857142857,current,current,5.27,-3.7304868222904894,7,5.4786963985924455,5.8102851948928045,provo,239.53424657534248,5.4786963985924455,provo:19:18,12.843023300170898,986,[1459],1,20,20,20
19,19,230.53731343283584,233.45238095238096,models,models,4.74,-4.259636520880143,6,5.440412729738243,5.452978120347078,provo,230.53731343283584,5.440412729738243,provo:19:19,5.089297771453857,987,[4981],1,21,21,21
19,20,243.30882352941177,234.67857142857144,"predict,",predict,4.08,-4.920815134846772,7,5.4943315151796055,5.458216796722664,provo,243.30882352941177,5.4943315151796055,provo:19:20,8.70294189453125,988,"[4331, 11]",2,22,23,23
19,21,205.0,86.63095238095238,so,so,6.52,-2.4801719931036024,2,5.3230099791384085,4.461657169503773,provo,205.0,5.3230099791384085,provo:19:21,5.387424468994141,989,[523],1,24,24,24
19,22,237.025974025974,355.3452380952381,stable,stable,4.48,-4.519991618984032,6,5.468169730176337,5.873089818578748,provo,237.025974025974,5.468169730176337,provo:19:22,17.429943084716797,990,[8245],1,25,25,25
19,23,225.8717948717949,524.0952380952381,superheavy,superheavy,1.87,-7.129596094720973,10,5.419967558980149,6.261673419896281,provo,225.8717948717949,5.419967558980149,provo:19:23,16.75814437866211,991,"[2208, 23701]",2,26,27,27
19,24,269.8030303030303,280.70238095238096,nuclei,nuclei,3.19,-5.809640283734676,6,5.597692175374889,5.637294965527734,provo,269.8030303030303,5.597692175374889,provo:19:24,7.066803932189941,992,"[17751, 72]",2,28,29,29
19,25,188.2,99.3095238095238,are,are,6.74,-2.259637302609493,3,5.23750522715128,4.598241475913577,provo,188.2,5.23750522715128,provo:19:25,2.2313172817230225,993,[389],1,30,30,30
19,26,226.27142857142857,251.1428571428571,likely,likely,5.2,-3.801342638175739,6,5.4217352900130615,5.526021929189809,provo,226.27142857142857,5.4217352900130615,provo:19:26,3.531123638153076,994,[1884],1,31,31,31
19,27,173.96428571428572,62.51190476190476,to,to,7.43,-1.5702477183831145,2,5.158850023631339,4.135357014794546,provo,173.96428571428572,5.158850023631339,provo:19:27,0.8074079155921936,995,[284],1,32,32,32
19,28,194.76190476190476,113.08333333333331,be,be,6.79,-2.20971482892795,2,5.271777811313425,4.728125010046869,provo,194.76190476190476,5.271777811313425,provo:19:28,2.3680217266082764,996,[307],1,33,33,33
19,29,171.3653846153846,130.9047619047619,full,full,5.54,-3.459670400052233,4,5.143798029031292,4.874470050441823,provo,171.3653846153846,5.143798029031292,provo:19:29,13.065096855163574,997,[1336],1,34,34,34
19,30,223.95833333333337,69.54761904761905,of,of,7.4,-1.600326276788705,2,5.411460022647918,4.242011684104373,provo,223.95833333333337,5.411460022647918,provo:19:30,1.1707727909088135,998,[286],1,35,35,35
19,31,183.79012345679013,360.4166666666667,surprises.,surprises,3.89,-5.110132682199497,9,5.213794473204619,5.8872607695779795,provo,183.79012345679013,5.213794473204619,provo:19:31,8.143548965454102,999,"[24072, 13]",2,36,37,37
19,32,240.96296296296296,330.42857142857144,Chemists,chemists,3.25,-5.7495555998100345,8,5.484643241028968,5.800390513176126,provo,240.96296296296296,5.484643241028968,provo:19:32,13.985997200012207,1000,"[12870, 1023]",2,38,39,39
19,33,249.77142857142857,262.98809523809524,cannot,cannot,5.11,-3.889409953038492,6,5.520546213933846,5.5721087658988715,provo,249.77142857142857,5.520546213933846,provo:19:33,9.540325164794922,1001,[2314],1,40,40,40
19,34,216.6190476190476,203.8095238095238,even,even,5.99,-3.0101053918293887,4,5.378140269846581,5.317185850852419,provo,216.6190476190476,5.378140269846581,provo:19:34,7.078850746154785,1002,[772],1,41,41,41
19,35,214.8823529411765,241.32142857142856,predict,predict,4.08,-4.920815134846772,7,5.370090682739066,5.4861297733769705,provo,214.8823529411765,5.370090682739066,provo:19:35,2.727043628692627,1003,[4331],1,42,42,42
19,36,236.74418604651163,147.83333333333334,with,with,6.85,-2.149966736176128,4,5.466980174410951,4.996085513081525,provo,236.74418604651163,5.466980174410951,provo:19:36,8.800357818603516,1004,[351],1,43,43,43
19,37,212.10204081632656,138.72619047619048,any,any,6.07,-2.9318141011346532,3,5.357067483477795,4.93250213772995,provo,212.10204081632656,5.357067483477795,provo:19:37,2.953524112701416,1005,[597],1,44,44,44
19,38,238.12,267.3095238095238,certainty,certainty,3.82,-5.179791970299582,9,5.47277474828519,5.588407252175411,provo,238.12,5.47277474828519,provo:19:38,1.2510595321655273,1006,[18979],1,45,45,45
19,39,226.54545454545453,172.0952380952381,whether,whether,5.32,-3.6798535060925928,7,5.422945607108973,5.148048033428751,provo,226.54545454545453,5.422945607108973,provo:19:39,3.442387580871582,1007,[1771],1,46,46,46
19,40,203.64814814814815,141.38095238095238,these,these,6.04,-2.95860727536046,5,5.31639374074666,4.951458037040337,provo,203.64814814814815,5.31639374074666,provo:19:40,4.4583048820495605,1008,[777],1,47,47,47
19,41,204.35294117647055,218.6071428571429,materials,materials,4.78,-4.219681967637425,9,5.319848602744834,5.387276250675866,provo,204.35294117647055,5.319848602744834,provo:19:41,9.670099258422852,1009,[5696],1,48,48,48
19,42,190.375,79.27380952380952,will,will,6.45,-2.5497508762801258,4,5.248995811215326,4.372907803267308,provo,190.375,5.248995811215326,provo:19:42,1.263771414756775,1010,[481],1,49,49,49
19,43,201.53521126760563,204.91666666666663,exist,exist,4.73,-4.270024905559145,5,5.3059641118654195,5.322603392428192,provo,201.53521126760563,5.3059641118654195,provo:19:43,6.400620460510254,1011,[2152],1,50,50,50
19,44,197.94285714285715,90.41666666666669,as,as,6.77,-2.2298846978394775,2,5.287978388752857,4.504428616186559,provo,197.94285714285715,5.287978388752857,provo:19:44,5.6818766593933105,1012,[355],1,51,51,51
19,45,227.01388888888889,280.8809523809524,"gases,",gases,3.73,-5.270017626955226,5,5.425011200142255,5.637930922558474,provo,227.01388888888889,5.425011200142255,provo:19:45,11.905041694641113,1013,"[21678, 11]",2,52,53,53
19,46,164.48,252.33333333333337,"liquids,",liquids,3.48,-5.51997867666895,7,5.102788982266801,5.530750964769339,provo,164.48,5.102788982266801,provo:19:46,7.767612934112549,1014,"[38236, 11]",2,54,55,55
19,47,170.2173913043478,56.857142857142854,or,or,6.54,-2.4596705126934353,2,5.137076392495754,4.040541856229124,provo,170.2173913043478,5.137076392495754,provo:19:47,0.4070560932159424,1015,[393],1,56,56,56
19,48,217.78082191780825,256.0833333333333,solids,solids,3.33,-5.669565932990288,6,5.383489152984667,5.545502912342484,provo,217.78082191780825,5.383489152984667,provo:19:48,8.331336975097656,1016,"[1540, 2340]",2,57,58,58
19,49,259.6,103.79761904761904,at,at,6.7,-2.300162265464202,2,5.559141984829935,4.642443032584501,provo,259.6,5.559141984829935,provo:19:49,5.660053730010986,1017,[379],1,59,59,59
19,50,259.7692307692308,295.35714285714283,room,room,5.39,-3.61083373837245,4,5.559793662924031,5.688185277842533,provo,259.7692307692308,5.559793662924031,provo:19:50,8.067154884338379,1018,[2119],1,60,60,60
19,51,253.91044776119404,322.5833333333333,temperature,temperature,4.64,-4.359517569221832,11,5.536981636982558,5.776361500789648,provo,253.91044776119404,5.536981636982558,provo:19:51,0.07070731371641159,1019,[5951],1,61,61,61
20,2,188.15384615384616,229.27380952380952,did,did,5.96,-3.040005114051578,3,5.237259958785581,5.434916964080898,provo,188.15384615384616,5.237259958785581,provo:20:2,,1020,[20839],1,0,0,0
20,3,182.55737704918033,180.9404761904762,not,not,6.69,-2.3098039111083337,3,5.207064518400889,5.1981681163531475,provo,182.55737704918033,5.207064518400889,provo:20:3,6.472997188568115,1021,[407],1,1,1,1
20,4,195.4923076923077,219.73809523809524,like,like,6.41,-2.590066859770088,4,5.275521031808897,5.392436360982209,provo,195.4923076923077,5.275521031808897,provo:20:4,6.916474342346191,1022,[588],1,2,2,2
20,5,180.1,70.98809523809524,"it,",it,6.95,-2.0501222910888885,2,5.19351225218191,4.262512190279792,provo,180.1,5.19351225218191,provo:20:5,5.78810977935791,1023,"[340, 11]",2,3,4,4
20,6,203.47272727272727,179.0,but,but,6.63,-2.369572114804145,3,5.3155319775855565,5.187385805840755,provo,203.47272727272727,5.3155319775855565,provo:20:6,2.2316701412200928,1024,[475],1,5,5,5
20,7,208.6086956521739,140.04761904761904,he,he,6.69,-2.3098039111083337,2,5.34046022747049,4.941982500830572,provo,208.6086956521739,5.34046022747049,provo:20:7,3.6376092433929443,1025,[339],1,6,6,6
20,8,222.03030303030303,241.78571428571428,bore,bore,3.93,-5.070065336602483,4,5.402813872693484,5.488051855731117,provo,222.03030303030303,5.402813872693484,provo:20:8,15.508809089660645,1026,[18631],1,7,7,7
20,9,242.66666666666663,179.02380952380952,up,up,6.39,-2.6108338979091625,2,5.491688759528576,5.187518811094659,provo,242.66666666666663,5.491688759528576,provo:20:9,9.648468017578125,1027,[510],1,8,8,8
20,10,216.6056338028169,274.2261904761905,well,well,6.03,-2.970616181726523,4,5.378078344398608,5.6139532785267034,provo,216.6056338028169,5.378078344398608,provo:20:10,8.657200813293457,1028,[880],1,9,9,9
20,11,222.53488372093025,152.29761904761904,to,to,7.43,-1.5702477183831145,2,5.405083870085701,5.025836626473721,provo,222.53488372093025,5.405083870085701,provo:20:11,4.675144195556641,1029,[284],1,10,10,10
20,12,202.20833333333337,175.97619047619048,the,the,7.73,-1.2700257134917023,3,5.309298519057271,5.170348704501518,provo,202.20833333333337,5.309298519057271,provo:20:12,2.4744532108306885,1030,[262],1,11,11,11
20,13,200.13725490196077,143.38095238095238,"work,",work,5.96,-3.040005114051578,4,5.299003405679173,4.9655050907583105,provo,200.13725490196077,5.299003405679173,provo:20:13,12.572196960449219,1031,"[670, 11]",2,12,13,13
20,14,221.7058823529412,235.79761904761904,taking,taking,5.39,-3.61083373837245,6,5.40135164921092,5.4629738907139505,provo,221.7058823529412,5.40135164921092,provo:20:14,8.323753356933594,1032,[2263],1,14,14,14
20,15,196.234375,178.35714285714286,pride,pride,4.49,-4.5100401150936795,5,5.279309735658455,5.183787960664515,provo,196.234375,5.279309735658455,provo:20:15,7.8604559898376465,1033,[11293],1,15,15,15
20,16,187.76315789473685,84.94047619047619,in,in,7.27,-1.730487053447167,2,5.235181370184551,4.441950731067623,provo,187.76315789473685,5.235181370184551,provo:20:16,0.33290261030197144,1034,[287],1,16,16,16
20,17,196.35,96.8095238095238,it.,it,6.95,-2.0501222910888885,2,5.279898781024019,4.5727453759049235,provo,196.35,5.279898781024019,provo:20:17,5.116179943084717,1035,"[340, 13]",2,17,18,18
20,18,254.54545454545453,33.333333333333336,It,it,6.95,-2.0501222910888885,2,5.5394794233649245,3.506557897319982,provo,254.54545454545453,5.5394794233649245,provo:20:18,4.79793643951416,1036,[632],1,19,19,19
20,19,221.50943396226415,176.75,was,was,6.82,-2.1797985339440955,3,5.400465179829966,5.174736304776682,provo,221.50943396226415,5.400465179829966,provo:20:19,1.0567909479141235,1037,[373],1,20,20,20
20,20,208.9375,81.9047619047619,a,a,7.36,-1.6401645157636295,1,5.342035164180317,4.405557132084076,provo,208.9375,5.342035164180317,provo:20:20,2.4155783653259277,1038,[257],1,21,21,21
20,21,207.4805194805195,416.54761904761904,monotonous,monotonous,2.95,-6.050073556332087,10,5.335037453241967,6.03200078651842,provo,207.4805194805195,5.335037453241967,provo:20:21,14.87287425994873,1039,"[937, 18970, 516]",3,22,24,24
20,22,227.4264705882353,271.67857142857144,"life,",life,5.89,-3.1101382227760315,4,5.426826979943064,5.6046196448220975,provo,227.4264705882353,5.426826979943064,provo:20:22,7.528193473815918,1040,"[1204, 11]",2,25,26,26
20,23,177.9506172839506,431.9047619047619,operating,operating,4.75,-4.2502629116656445,9,5.181506080811948,6.0682051053857595,provo,177.9506172839506,5.181506080811948,provo:20:23,14.15657901763916,1041,[5361],1,27,27,27
20,24,216.4782608695652,147.23809523809524,with,with,6.85,-2.149966736176128,4,5.377490130713033,4.99205097198389,provo,216.4782608695652,5.377490130713033,provo:20:24,4.0006561279296875,1042,[351],1,28,28,28
20,25,206.97560975609755,440.3333333333333,machine-like,machine-like,4.89,-4.1129450586621426,12,5.332600959057962,6.087532015854215,provo,206.97560975609755,5.332600959057962,provo:20:25,18.01795196533203,1043,"[4572, 12, 2339]",3,29,31,31
20,26,217.77215189873417,405.3333333333333,regularity.,regularity,3.03,-5.970575635941984,10,5.383449341436606,6.004709773858003,provo,217.77215189873417,5.383449341436606,provo:20:26,11.876391410827637,1044,"[3218, 414, 13]",3,32,34,34
20,27,226.54054054054055,130.25,One,one,6.47,-2.5301779692999906,3,5.4229239158407925,4.869455680633476,provo,226.54054054054055,5.4229239158407925,provo:20:27,6.917175769805908,1045,[1881],1,35,35,35
20,28,224.4179104477612,212.5595238095238,day,day,5.95,-3.0501222472207616,3,5.413509985293103,5.3592220611852355,provo,224.4179104477612,5.413509985293103,provo:20:28,1.9806349277496338,1046,[1110],1,36,36,36
20,29,214.72413793103448,193.07142857142856,was,was,6.82,-2.1797985339440955,3,5.3693541248859775,5.263060216661189,provo,214.72413793103448,5.3693541248859775,provo:20:29,10.103918075561523,1047,[373],1,37,37,37
20,30,216.5873015873016,227.8809523809524,very,very,6.0,-2.9999999565705537,4,5.377993706750906,5.428823353912538,provo,216.5873015873016,5.377993706750906,provo:20:30,6.81227970123291,1048,[845],1,38,38,38
20,31,220.57575757575756,215.03571428571428,like,like,6.41,-2.590066859770088,4,5.396241207651777,5.370804127289244,provo,220.57575757575756,5.396241207651777,provo:20:31,10.436837196350098,1049,[588],1,39,39,39
20,32,195.234375,215.4047619047619,another.,another,5.74,-3.25963723154313,7,5.274200759909381,5.372518871742373,provo,195.234375,5.274200759909381,provo:20:32,7.243019104003906,1050,"[1194, 13]",2,40,41,41
20,33,202.17391304347825,65.05952380952381,At,at,6.7,-2.300162265464202,2,5.309128282652252,4.175302601767325,provo,202.17391304347825,5.309128282652252,provo:20:33,5.860100269317627,1051,[1629],1,42,42,42
20,34,238.28125,114.60714285714286,a,a,7.36,-1.6401645157636295,1,5.473451698675886,4.741510130934653,provo,238.28125,5.473451698675886,provo:20:34,5.1341753005981445,1052,[257],1,43,43,43
20,35,212.7051282051282,280.0833333333333,certain,certain,5.16,-3.838631698251693,7,5.359906831953763,5.6350871779371055,provo,212.7051282051282,5.359906831953763,provo:20:35,3.979727268218994,1053,[1728],1,44,44,44
20,36,196.05555555555551,152.28571428571428,time,time,6.29,-2.709965366365971,4,5.278398065779105,5.025758455670476,provo,196.05555555555551,5.278398065779105,provo:20:36,2.8804500102996826,1054,[640],1,45,45,45
20,37,173.03636363636363,139.38095238095238,each,each,5.69,-3.3098038313399685,4,5.153501766839873,4.937210848968463,provo,173.03636363636363,5.153501766839873,provo:20:37,9.897539138793945,1055,[1123],1,46,46,46
20,38,206.7532467532467,274.54761904761904,morning,morning,5.33,-3.6695860237095097,7,5.33152603754469,5.6151247214877475,provo,206.7532467532467,5.33152603754469,provo:20:38,5.352363109588623,1056,[3329],1,47,47,47
20,39,184.4468085106383,148.45238095238096,the,the,7.73,-1.2700257134917023,3,5.217361121158582,5.000264239830768,provo,184.4468085106383,5.217361121158582,provo:20:39,3.358968496322632,1057,[262],1,48,48,48
20,40,209.14084507042253,282.32142857142856,cooks,cooks,3.65,-5.349682761216518,5,5.343007924854746,5.643046239468369,provo,209.14084507042253,5.343007924854746,provo:20:40,11.479215621948242,1058,[38383],1,49,49,49
20,41,232.22058823529412,304.4761904761905,turned,turned,5.09,-3.910094535475801,6,5.447687731290537,5.718592891896364,provo,232.22058823529412,5.447687731290537,provo:20:41,7.522550106048584,1059,[2900],1,50,50,50
20,42,188.84444444444443,125.1547619047619,"out,",out,6.38,-2.619788740192791,3,5.240923630904437,4.829551066732518,provo,188.84444444444443,5.240923630904437,provo:20:42,9.278648376464844,1060,"[503, 11]",2,51,52,52
20,43,216.13888888888889,245.25,fires,fires,4.17,-4.829735350192781,5,5.37592120516082,5.502278098445473,provo,216.13888888888889,5.37592120516082,provo:20:43,16.84096336364746,1061,[12252],1,53,53,53
20,44,215.2982456140351,169.23809523809524,were,were,6.34,-2.6595558653290836,4,5.372024255772487,5.131306570991174,provo,215.2982456140351,5.372024255772487,provo:20:44,2.0317907333374023,1062,[547],1,54,54,54
20,45,198.1904761904762,169.9047619047619,"built,",built,5.07,-3.931813767062132,5,5.289228569230157,5.135238055976477,provo,198.1904761904762,5.289228569230157,provo:20:45,10.569474220275879,1063,"[3170, 11]",2,55,56,56
20,46,178.8235294117647,42.73809523809524,and,and,7.41,-1.5900668749788436,3,5.186399450344052,3.755090682639011,provo,178.8235294117647,5.186399450344052,provo:20:46,1.6037724018096924,1064,[290],1,57,57,57
20,47,227.2911392405063,357.23809523809524,breakfast,breakfast,4.61,-4.390404523713482,9,5.426231747434802,5.8784024929184095,provo,227.2911392405063,5.426231747434802,provo:20:47,9.064175605773926,1065,[12607],1,58,58,58
20,48,268.77777777777777,159.96428571428572,was,was,6.82,-2.1797985339440955,3,5.593884933273808,5.074950576032096,provo,268.77777777777777,5.593884933273808,provo:20:48,0.758252739906311,1066,[373],1,59,59,59
20,49,218.875,214.6309523809524,eaten.,eaten,4.13,-4.8696630145207465,5,5.388500790606016,5.368920052698886,provo,218.875,5.388500790606016,provo:20:49,6.619633674621582,1067,"[17065, 13]",2,60,61,61
21,2,177.0625,222.27380952380952,"days,",days,5.61,-3.3904054840685323,4,5.176502777590735,5.403909998122022,provo,177.0625,5.176502777590735,provo:21:2,,1068,"[12545, 11]",2,0,1,1
21,3,225.59036144578317,412.04761904761904,neuroscience,neuroscience,3.45,-5.549735491440148,12,5.418720794623363,6.021138922883316,provo,225.59036144578317,5.418720794623363,provo:21:3,18.381309509277344,1069,[39738],1,2,2,2
21,4,221.95833333333337,67.52380952380952,is,is,7.07,-1.9318141345419195,2,5.402489676569053,4.212480269368649,provo,221.95833333333337,5.402489676569053,provo:21:4,4.287483215332031,1070,[318],1,3,3,3
21,5,215.23376623376623,302.4166666666667,beginning,beginning,5.0,-3.999999565705735,9,5.37172472226986,5.71180575742507,provo,215.23376623376623,5.37172472226986,provo:21:5,8.974844932556152,1071,[3726],1,4,4,4
21,6,188.25,48.035714285714285,to,to,7.43,-1.5702477183831145,2,5.237770866680003,3.8719447818607353,provo,188.25,5.237770866680003,provo:21:6,0.03278782218694687,1072,[284],1,5,5,5
21,7,205.2753623188406,196.6190476190476,catch,catch,4.87,-4.13018120592865,5,5.324352308634535,5.281268088162667,provo,205.2753623188406,5.324352308634535,provo:21:7,5.893227577209473,1073,[4929],1,6,6,6
21,8,181.1071428571429,62.333333333333336,up,up,6.39,-2.6108338979091625,2,5.199088805619815,4.132496328186477,provo,181.1071428571429,5.199088805619815,provo:21:8,0.12307847291231155,1074,[510],1,7,7,7
21,9,184.2972972972973,104.4404761904762,to,to,7.43,-1.5702477183831145,2,5.216550199876428,4.648617303285071,provo,184.2972972972973,5.216550199876428,provo:21:9,2.035291910171509,1075,[284],1,8,8,8
21,10,232.8,354.9761904761905,musicians,musicians,4.09,-4.910091357725508,9,5.450179715857283,5.872050718145031,provo,232.8,5.450179715857283,provo:21:10,15.933441162109375,1076,[17245],1,9,9,9
21,11,197.14705882352945,87.30952380952381,who,who,6.34,-2.6595558653290836,3,5.283949941741796,4.469459549787958,provo,197.14705882352945,5.283949941741796,provo:21:11,4.535599231719971,1077,[508],1,10,10,10
21,12,226.07692307692307,440.1428571428572,practice,practice,5.06,-3.939301781999177,8,5.42087530895738,6.087099349541354,provo,226.07692307692307,5.42087530895738,provo:21:12,8.94912052154541,1078,[3357],1,11,11,11
21,13,235.0632911392405,378.8928571428572,mentally.,mentally,4.2,-4.8013401643550235,8,5.45985480187973,5.9372534662840675,provo,235.0632911392405,5.45985480187973,provo:21:13,20.22067642211914,1079,"[14946, 13]",2,12,13,13
21,14,218.07692307692307,320.9404761904762,Although,although,5.3,-3.698969787188832,8,5.384847858700316,5.771255673506874,provo,218.07692307692307,5.384847858700316,provo:21:14,8.160808563232422,1080,[4900],1,14,14,14
21,15,150.97368421052633,69.89285714285714,the,the,7.73,-1.2700257134917023,3,5.017105544875485,4.246963457220872,provo,150.97368421052633,5.017105544875485,provo:21:15,3.3389506340026855,1081,[262],1,15,15,15
21,16,201.23376623376623,300.4166666666667,details,details,4.91,-4.089908920218706,7,5.304467248368165,5.705170399931049,provo,201.23376623376623,5.304467248368165,provo:21:16,10.32898998260498,1082,[3307],1,16,16,16
21,17,170.33333333333334,133.70238095238096,are,are,6.74,-2.259637302609493,3,5.137757301535594,4.895616292119723,provo,170.33333333333334,5.137757301535594,provo:21:17,2.0258853435516357,1083,[389],1,17,17,17
21,18,202.37313432835825,198.47619047619048,still,still,5.92,-3.079876621510423,5,5.310113193071343,5.29066914570978,provo,202.37313432835825,5.310113193071343,provo:21:18,1.312040090560913,1084,[991],1,18,18,18
21,19,212.52702702702703,257.8333333333333,somewhat,somewhat,4.55,-4.449770423581891,8,5.359069166286556,5.552313381345011,provo,212.52702702702703,5.359069166286556,provo:21:19,6.801831245422363,1085,[6454],1,19,19,19
21,20,208.56410256410257,267.3333333333333,"elusive,",elusive,3.47,-5.53016326242451,7,5.340246440337523,5.588496319198405,provo,208.56410256410257,5.340246440337523,provo:21:20,6.467625617980957,1086,"[29885, 11]",2,20,21,21
21,21,212.54166666666663,71.33333333333333,the,the,7.73,-1.2700257134917023,3,5.359138047574981,4.267363726353742,provo,212.54166666666663,5.359138047574981,provo:21:21,3.273867130279541,1087,[262],1,22,22,22
21,22,236.1034482758621,236.71428571428572,key,key,5.12,-3.8794257397833034,3,5.464270049134589,5.46685386837125,provo,236.1034482758621,5.464270049134589,provo:21:22,8.058228492736816,1088,[1994],1,23,23,23
21,23,203.68421052631575,113.91666666666669,to,to,7.43,-1.5702477183831145,2,5.316570806857387,4.735467186935949,provo,203.68421052631575,5.316570806857387,provo:21:23,2.517183303833008,1089,[284],1,24,24,24
21,24,196.32432432432432,92.8452380952381,the,the,7.73,-1.2700257134917023,3,5.279768007636905,4.530934000487185,provo,196.32432432432432,5.279768007636905,provo:21:24,4.103199005126953,1090,[262],1,25,25,25
21,25,221.17567567567568,283.07142857142856,success,success,5.06,-3.939301781999177,7,5.398957298301714,5.645699263575176,provo,221.17567567567568,5.398957298301714,provo:21:25,3.5879385471343994,1091,[1943],1,26,26,26
21,26,193.42857142857144,51.285714285714285,of,of,7.4,-1.600326276788705,2,5.264908304416907,3.9374122394329656,provo,193.42857142857144,5.264908304416907,provo:21:26,0.10863499343395233,1092,[286],1,27,27,27
21,27,228.6865671641791,241.08333333333337,mental,mental,4.83,-4.170052661611381,6,5.4323523636858,5.485142655188135,provo,228.6865671641791,5.4323523636858,provo:21:27,5.151347637176514,1093,[5110],1,28,28,28
21,28,226.55714285714285,254.29761904761904,imagery,imagery,3.83,-5.170046879631298,7,5.422997199449242,5.5385053096143615,provo,226.55714285714285,5.422997199449242,provo:21:28,9.212668418884277,1094,[19506],1,29,29,29
21,29,189.06451612903223,85.79761904761905,as,as,6.77,-2.2298846978394775,2,5.242088311991283,4.4519912560811274,provo,189.06451612903223,5.242088311991283,provo:21:29,5.437960147857666,1095,[355],1,30,30,30
21,30,214.96428571428572,80.73809523809524,a,a,7.36,-1.6401645157636295,1,5.370471901372567,4.39121052384227,provo,214.96428571428572,5.370471901372567,provo:21:30,0.8275411128997803,1096,[257],1,31,31,31
21,31,214.83098591549296,293.6190476190476,rehearsal,rehearsal,3.68,-5.319655419989433,9,5.369851606958618,5.682283170722672,provo,214.83098591549296,5.369851606958618,provo:21:31,14.366140365600586,1097,[45795],1,32,32,32
21,32,200.65432098765433,315.2857142857143,technique,technique,4.47,-4.530176511839648,9,5.301583631430737,5.753479257201423,provo,200.65432098765433,5.301583631430737,provo:21:32,3.559826135635376,1098,[8173],1,33,33,33
21,33,161.52631578947367,101.33333333333331,is,is,7.07,-1.9318141345419195,2,5.084668075453296,4.618415412738112,provo,161.52631578947367,5.084668075453296,provo:21:33,0.7085832357406616,1099,[318],1,34,34,34
21,34,218.36507936507937,254.4404761904762,that,that,7.01,-1.9913998239802937,4,5.386168338069463,5.539066923332497,provo,218.36507936507937,5.386168338069463,provo:21:34,2.3712351322174072,1100,[326],1,35,35,35
21,35,227.7301587301587,223.46428571428572,most,most,6.0,-2.9999999565705537,4,5.4281614137068575,5.40925160582316,provo,227.7301587301587,5.4281614137068575,provo:21:35,8.806968688964844,1101,[749],1,36,36,36
21,36,209.65384615384616,84.38095238095238,of,of,7.4,-1.600326276788705,2,5.345457819042799,4.435341693441603,provo,209.65384615384616,5.345457819042799,provo:21:36,2.2744498252868652,1102,[286],1,37,37,37
21,37,189.5,106.21428571428572,the,the,7.73,-1.2700257134917023,3,5.244389024522481,4.665458616844896,provo,189.5,5.244389024522481,provo:21:37,1.1693949699401855,1103,[262],1,38,38,38
21,38,198.0909090909091,165.4047619047619,same,same,5.8,-3.1999705719294873,4,5.2887260621462495,5.1083955724095125,provo,198.0909090909091,5.2887260621462495,provo:21:38,10.219115257263184,1104,[976],1,39,39,39
21,39,222.58024691358025,369.3571428571428,neurological,neurological,3.54,-5.459658009698343,12,5.405287696869761,5.911764042780963,provo,222.58024691358025,5.405287696869761,provo:21:39,9.08974552154541,1105,[30232],1,40,40,40
21,40,237.93150684931507,245.91666666666663,regions,regions,4.53,-4.469799020694141,7,5.471982845905622,5.504992725154939,provo,237.93150684931507,5.471982845905622,provo:21:40,9.0282564163208,1106,[7652],1,41,41,41
21,41,200.8,86.47619047619048,are,are,6.74,-2.259637302609493,3,5.302309387817574,4.459869121437816,provo,200.8,5.302309387817574,provo:21:41,2.278066396713257,1107,[389],1,42,42,42
21,42,231.47222222222223,273.20238095238096,invoked,invoked,3.33,-5.669565932990288,7,5.444459875926097,5.610212842711298,provo,231.47222222222223,5.444459875926097,provo:21:42,13.729113578796387,1108,[24399],1,43,43,43
21,43,188.54545454545453,54.54761904761905,by,by,6.66,-2.340083790426988,2,5.239339115991102,3.9990740641701272,provo,188.54545454545453,5.239339115991102,provo:21:43,4.176438331604004,1109,[416],1,44,44,44
21,44,257.3333333333333,235.82142857142856,mental,mental,4.83,-4.170052661611381,6,5.550372261356666,5.4630748600193675,provo,257.3333333333333,5.550372261356666,provo:21:44,7.758225440979004,1110,[5110],1,45,45,45
21,45,234.53125,250.21428571428572,practice,practice,5.06,-3.939301781999177,8,5.457588841267836,5.522317693582228,provo,234.53125,5.457588841267836,provo:21:45,9.596224784851074,1111,[3357],1,46,46,46
21,46,214.46153846153845,79.58333333333333,as,as,6.77,-2.2298846978394775,2,5.368130414418878,4.37680469069273,provo,214.46153846153845,5.368130414418878,provo:21:46,5.038208961486816,1112,[355],1,47,47,47
21,47,241.04444444444445,155.54761904761904,by,by,6.66,-2.340083790426988,2,5.484981333269898,5.046951916557382,provo,241.04444444444445,5.484981333269898,provo:21:47,11.34911823272705,1113,[416],1,48,48,48
21,48,199.66071428571428,147.1904761904762,real,real,5.6,-3.40011681880711,4,5.296619497412219,4.9917275044086935,provo,199.66071428571428,5.296619497412219,provo:21:48,7.120022773742676,1114,[1103],1,49,49,49
21,49,202.48101265822783,418.1190476190476,practice.,practice,5.06,-3.939301781999177,8,5.3106461174996875,6.035766194892486,provo,202.48101265822783,5.3106461174996875,provo:21:49,5.011533737182617,1115,"[3357, 13]",2,50,51,51
22,2,197.11428571428573,329.9761904761905,only,only,6.12,-2.8794260358930543,4,5.283783691056695,5.799020501785434,provo,197.11428571428573,5.283783691056695,provo:22:2,,1116,[8807],1,0,0,0
22,3,205.4090909090909,259.3809523809524,smoke,smoke,4.67,-4.329753218947205,5,5.325003556052963,5.558297839660251,provo,205.4090909090909,5.325003556052963,provo:22:3,14.964975357055664,1117,[7523],1,1,1,1
22,4,227.0857142857143,299.9166666666667,came,came,5.5,-3.5003127799466554,4,5.425327542182294,5.70350465829103,provo,227.0857142857143,5.425327542182294,provo:22:4,11.468088150024414,1118,[1625],1,2,2,2
22,5,213.98245614035088,193.03571428571428,out,out,6.38,-2.619788740192791,3,5.365894031008688,5.262875219898104,provo,213.98245614035088,5.365894031008688,provo:22:5,1.9868085384368896,1119,[503],1,3,3,3
22,6,204.12121212121212,98.5,of,of,7.4,-1.600326276788705,2,5.318713994455682,4.590056548178043,provo,204.12121212121212,5.318713994455682,provo:22:6,1.0603729486465454,1120,[286],1,4,4,4
22,7,168.80555555555554,86.71428571428571,it.,it,6.95,-2.0501222910888885,2,5.128747493679245,4.462618642004185,provo,168.80555555555554,5.128747493679245,provo:22:7,5.54005241394043,1121,"[340, 13]",2,5,6,6
22,8,214.64406779661016,198.82142857142856,There,there,6.31,-2.6903698112851564,5,5.368981157655129,5.292407078008304,provo,214.64406779661016,5.368981157655129,provo:22:8,6.179470062255859,1122,[1318],1,7,7,7
22,9,215.65,232.3571428571429,came,came,5.5,-3.5003127799466554,4,5.373656723093852,5.4482755968580925,provo,215.65,5.373656723093852,provo:22:9,10.408774375915527,1123,[1625],1,8,8,8
22,10,199.88135593220335,182.1309523809524,also,also,6.19,-2.8096682738107104,4,5.297723970184251,5.204725946924065,provo,199.88135593220335,5.297723970184251,provo:22:10,8.060029983520508,1124,[635],1,9,9,9
22,11,189.3918918918919,269.20238095238096,children's,children's,4.47,-4.530176511839648,10,5.2438183703947185,5.59546344227968,provo,189.3918918918919,5.2438183703947185,provo:22:11,17.621170043945312,1125,"[1751, 338]",2,10,11,11
22,12,200.18571428571428,219.9404761904762,"voices,",voices,4.35,-4.649750042855514,6,5.299245507120859,5.393356946973089,provo,200.18571428571428,5.299245507120859,provo:22:12,8.19839859008789,1126,"[10839, 11]",2,12,13,13
22,13,209.12121212121212,126.23809523809524,for,for,7.01,-1.9913998239802937,3,5.342914046154122,4.838169768565603,provo,209.12121212121212,5.342914046154122,provo:22:13,8.363082885742188,1127,[329],1,14,14,14
22,14,202.80392156862743,206.9404761904762,so,so,6.52,-2.4801719931036024,2,5.312239608653478,5.332431197278227,provo,202.80392156862743,5.312239608653478,provo:22:14,10.102821350097656,1128,[523],1,15,15,15
22,15,219.90769230769232,305.07142857142856,safe,safe,5.07,-3.931813767062132,4,5.393207877884287,5.720545941226208,provo,219.90769230769232,5.393207877884287,provo:22:15,16.66718292236328,1129,[3338],1,16,16,16
22,16,208.44444444444449,161.92857142857142,did,did,5.96,-3.040005114051578,3,5.339672552229951,5.08715532089227,provo,208.44444444444449,5.339672552229951,provo:22:16,5.141601085662842,1130,[750],1,17,17,17
22,17,213.59259259259255,169.28571428571428,the,the,7.73,-1.2700257134917023,3,5.364070427611083,5.1315879045139186,provo,213.59259259259255,5.364070427611083,provo:22:17,2.970609188079834,1131,[262],1,18,18,18
22,18,187.72,124.91666666666669,boys,boys,5.03,-3.9706158164322862,4,5.234951490926217,4.827646848314598,provo,187.72,5.234951490926217,provo:22:18,9.636038780212402,1132,[6510],1,19,19,19
22,19,183.65,155.63095238095238,feel,feel,5.67,-3.32975405412792,4,5.213031772265676,5.047487514718546,provo,183.65,5.213031772265676,provo:22:19,7.062443256378174,1133,[1254],1,20,20,20
22,20,188.2439024390244,111.32142857142856,in,in,7.27,-1.730487053447167,2,5.2377384753932565,4.712421769592133,provo,188.2439024390244,5.2377384753932565,provo:22:20,5.502742290496826,1134,[287],1,21,21,21
22,21,192.66101694915255,175.63095238095238,their,their,6.33,-2.669586206356675,5,5.260932255780991,5.168384932074253,provo,192.66101694915255,5.260932255780991,provo:22:21,1.9004662036895752,1135,[511],1,22,22,22
22,22,162.55555555555554,373.0833333333333,hiding-place,hiding-place,4.3,-4.696801781915822,12,5.091019823683905,5.921801808452965,provo,162.55555555555554,5.091019823683905,provo:22:22,16.369461059570312,1136,"[11816, 12, 5372]",3,23,25,25
22,23,188.38636363636363,115.77380952380952,that,that,7.01,-1.9913998239802937,4,5.238494979673265,4.7516383696433335,provo,188.38636363636363,5.238494979673265,provo:22:23,2.7153913974761963,1137,[326],1,26,26,26
22,24,193.05769230769232,158.75,they,they,6.5,-2.5003129036381,4,5.262989068110099,5.067330637772801,provo,193.05769230769232,5.262989068110099,provo:22:24,0.8045493960380554,1138,[484],1,27,27,27
22,25,199.58490566037736,149.63095238095238,were,were,6.34,-2.6595558653290836,4,5.296239738073804,5.008171945081524,provo,199.58490566037736,5.296239738073804,provo:22:25,3.803710460662842,1139,[547],1,28,28,28
22,26,216.82432432432432,321.3452380952381,gaily,gaily,2.2,-6.801068130067791,5,5.379087460339788,5.772516053270402,provo,216.82432432432432,5.379087460339788,provo:22:26,15.737649917602539,1140,"[308, 3079]",2,29,30,30
22,27,211.77777777777777,376.5595238095238,chattering.,chattering,2.83,-6.169989064063882,10,5.355537506877928,5.931076132511473,provo,211.77777777777777,5.355537506877928,provo:22:27,17.99405288696289,1141,"[442, 16475, 13]",3,31,33,33
22,28,200.71428571428572,55.583333333333336,The,the,7.73,-1.2700257134917023,3,5.3018824327125325,4.0178833961276235,provo,200.71428571428572,5.3018824327125325,provo:22:28,3.6223089694976807,1142,[383],1,34,34,34
22,29,250.66233766233765,336.0238095238095,pirates,pirates,3.99,-5.0101009911199235,7,5.524106765168524,5.817182019130638,provo,250.66233766233765,5.524106765168524,provo:22:29,14.454809188842773,1143,[27516],1,35,35,35
22,30,224.46052631578948,322.1309523809524,listened,listened,4.21,-4.790482304635508,8,5.413699862394188,5.774958147283612,provo,224.46052631578948,5.413699862394188,provo:22:30,10.285139083862305,1144,[16399],1,36,36,36
22,31,228.84285714285716,258.42857142857144,"grimly,",grimly,2.57,-6.429340329978466,6,5.4330355546521245,5.554619336339982,provo,228.84285714285716,5.4330355546521245,provo:22:31,14.973628997802734,1145,"[18288, 306, 11]",3,37,39,39
22,32,169.9375,34.154761904761905,and,and,7.41,-1.5900668749788436,3,5.135430722392689,3.530902017138051,provo,169.9375,5.135430722392689,provo:22:32,2.540623903274536,1146,[290],1,40,40,40
22,33,190.74545454545455,167.04761904761904,then,then,6.07,-2.9318141011346532,4,5.250939840499015,5.11827891576865,provo,190.74545454545455,5.250939840499015,provo:22:33,4.0855255126953125,1147,[788],1,41,41,41
22,34,198.9041095890411,260.92857142857144,replaced,replaced,4.55,-4.449770423581891,8,5.292822847230396,5.564246697180024,provo,198.9041095890411,5.292822847230396,provo:22:34,13.844199180603027,1148,[6928],1,42,42,42
22,35,214.7878787878788,105.0,the,the,7.73,-1.2700257134917023,3,5.369650930818437,4.653960350157523,provo,214.7878787878788,5.369650930818437,provo:22:35,1.4846440553665161,1149,[262],1,43,43,43
22,36,195.8875,378.7380952380952,mushroom.,mushroom,3.63,-5.369561954263113,8,5.277540514849334,5.936844924614992,provo,195.8875,5.277540514849334,provo:22:36,20.609865188598633,1150,"[28520, 13]",2,44,45,45
22,37,195.25581395348837,122.63095238095238,They,they,6.5,-2.5003129036381,4,5.274310565246961,4.80917945804038,provo,195.25581395348837,5.274310565246961,provo:22:37,3.7680106163024902,1151,[1119],1,46,46,46
22,38,232.43055555555551,251.57142857142856,looked,looked,5.11,-3.889409953038492,6,5.448591494629372,5.527726959440893,provo,232.43055555555551,5.448591494629372,provo:22:38,4.7786760330200195,1152,[3114],1,47,47,47
22,39,207.5072463768116,216.79761904761904,around,around,5.77,-3.229884631478697,6,5.335166261358871,5.378964287252506,provo,207.5072463768116,5.335166261358871,provo:22:39,5.770049095153809,1153,[1088],1,48,48,48
22,40,197.48888888888888,114.08333333333331,them,them,6.19,-2.8096682738107104,4,5.285682323968155,4.736929175500449,provo,197.48888888888888,5.285682323968155,provo:22:40,5.356897830963135,1154,[606],1,49,49,49
22,41,192.6,118.95238095238096,and,and,7.41,-1.5900668749788436,3,5.260615499364025,4.7787232529620995,provo,192.6,5.260615499364025,provo:22:41,4.40740966796875,1155,[290],1,50,50,50
22,42,222.5820895522388,232.66666666666663,noted,noted,4.69,-4.309803033657121,5,5.405295975371816,5.449606814094262,provo,222.5820895522388,5.405295975371816,provo:22:42,9.203072547912598,1156,[4367],1,51,51,51
22,43,182.97142857142856,91.14285714285714,the,the,7.73,-1.2700257134917023,3,5.209330012627191,4.512428134289476,provo,182.97142857142856,5.209330012627191,provo:22:43,2.302577257156372,1157,[262],1,52,52,52
22,44,210.2608695652174,237.8690476190476,holes,holes,4.35,-4.649750042855514,5,5.348348995805534,5.471720302156819,provo,210.2608695652174,5.348348995805534,provo:22:44,10.103128433227539,1158,[10421],1,53,53,53
22,45,202.1764705882353,110.26190476190476,in,in,7.27,-1.730487053447167,2,5.309140932793618,4.702858488197384,provo,202.1764705882353,5.309140932793618,provo:22:45,1.199483871459961,1159,[287],1,54,54,54
22,46,200.96,151.63095238095238,the,the,7.73,-1.2700257134917023,3,5.303105883279834,5.021449623746446,provo,200.96,5.303105883279834,provo:22:46,0.35151469707489014,1160,[262],1,55,55,55
22,47,247.22222222222223,383.0119047619048,seven,seven,5.08,-3.9208183920404576,5,5.5102876172641215,5.948066071626837,provo,247.22222222222223,5.5102876172641215,provo:22:47,15.010974884033203,1161,[3598],1,56,56,56
22,48,233.74074074074073,257.9404761904762,trees.,trees,4.69,-4.309803033657121,5,5.45421255557991,5.552728845863394,provo,233.74074074074073,5.45421255557991,provo:22:48,7.841850280761719,1162,"[7150, 13]",2,57,58,58
23,2,179.25714285714287,82.19047619047619,a,a,7.36,-1.6401645157636295,1,5.18882132726121,4.409039433919951,provo,179.25714285714287,5.18882132726121,provo:23:2,,1163,[64],1,0,0,0
23,3,189.26829268292684,320.29761904761904,nucleus,nucleus,3.59,-5.410039234435223,7,5.243165546472957,5.7692506230802065,provo,189.26829268292684,5.243165546472957,provo:23:3,18.204124450683594,1164,[29984],1,1,1,1
23,4,222.43859649122808,189.1428571428571,has,has,6.37,-2.6307841240302645,3,5.404651092693398,5.24250258744164,provo,222.43859649122808,5.404651092693398,provo:23:4,7.178027629852295,1165,[468],1,2,2,2
23,5,218.48387096774192,202.6190476190476,all,all,6.52,-2.4801719931036024,3,5.386712194729757,5.3113276032840515,provo,218.48387096774192,5.386712194729757,provo:23:5,9.877208709716797,1166,[477],1,3,3,3
23,6,210.48648648648648,100.61904761904762,of,of,7.4,-1.600326276788705,2,5.3494214538478655,4.611341579892634,provo,210.48648648648648,5.3494214538478655,provo:23:6,3.2559986114501953,1167,[286],1,4,4,4
23,7,205.5084745762712,158.66666666666666,its,its,6.14,-2.86012088212815,3,5.325487271899965,5.06680556556331,provo,205.5084745762712,5.325487271899965,provo:23:7,1.9890629053115845,1168,[663],1,5,5,5
23,8,232.05714285714285,308.1190476190476,proton,proton,3.42,-5.580027738726001,6,5.44698364675683,5.730486226538302,provo,232.05714285714285,5.44698364675683,provo:23:8,11.406526565551758,1169,"[386, 1122]",2,6,7,7
23,9,220.7972972972973,264.3095238095238,shells,shells,3.93,-5.070065336602483,6,5.397245073826654,5.577120855049278,provo,220.7972972972973,5.397245073826654,provo:23:9,12.181089401245117,1170,[19679],1,8,8,8
23,10,191.72,62.726190476190474,or,or,6.54,-2.4596705126934353,2,5.25603597429143,4.138779071365972,provo,191.72,5.25603597429143,provo:23:10,10.059884071350098,1171,[393],1,9,9,9
23,11,248.33783783783784,299.76190476190476,neutron,neutron,3.44,-5.560651513930253,7,5.514790068491255,5.702988508755024,provo,248.33783783783784,5.514790068491255,provo:23:11,7.781771183013916,1172,[49810],1,10,10,10
23,12,192.03333333333333,155.39285714285714,shells,shells,3.93,-5.070065336602483,6,5.257668968070227,5.045956472545476,provo,192.03333333333333,5.257668968070227,provo:23:12,6.243476390838623,1173,[19679],1,11,11,11
23,13,209.61428571428573,244.77380952380952,loaded,loaded,4.25,-4.749577557841319,6,5.345269107158108,5.500334557675288,provo,209.61428571428573,5.345269107158108,provo:23:13,11.3604736328125,1174,[9639],1,12,12,12
23,14,201.47222222222223,100.5952380952381,to,to,7.43,-1.5702477183831145,2,5.305651516907303,4.611104921507906,provo,201.47222222222223,5.305651516907303,provo:23:14,5.360471725463867,1175,[284],1,13,13,13
23,15,206.43396226415095,158.5952380952381,full,full,5.54,-3.459670400052233,4,5.329980565924668,5.066355284129811,provo,206.43396226415095,5.329980565924668,provo:23:15,9.882951736450195,1176,[1336],1,14,14,14
23,16,196.68571428571428,209.3095238095238,"capacity,",capacity,4.71,-4.289881788311072,8,5.281607095842016,5.34381413156781,provo,196.68571428571428,5.281607095842016,provo:23:16,5.232658386230469,1177,"[5339, 11]",2,15,16,16
23,17,201.0952380952381,58.63095238095238,the,the,7.73,-1.2700257134917023,3,5.30377861721052,4.071262754762875,provo,201.0952380952381,5.30377861721052,provo:23:17,4.831464767456055,1178,[262],1,17,17,17
23,18,192.8552631578947,254.21428571428572,layers,layers,4.17,-4.829735350192781,6,5.26193997574097,5.538177555894934,provo,192.8552631578947,5.26193997574097,provo:23:18,12.970970153808594,1179,[11685],1,18,18,18
23,19,238.1086956521739,182.8809523809524,can,can,6.46,-2.5406074971611,3,5.472727273834652,5.208835407715314,provo,238.1086956521739,5.472727273834652,provo:23:19,6.107183933258057,1180,[460],1,19,19,19
23,20,199.84722222222223,298.4642857142857,align,align,3.63,-5.369561954263113,5,5.297553185747362,5.698650279826232,provo,199.84722222222223,5.297553185747362,provo:23:20,14.640715599060059,1181,[10548],1,20,20,20
23,21,199.73809523809524,113.21428571428572,so,so,6.52,-2.4801719931036024,2,5.297006984562926,4.729282356696122,provo,199.73809523809524,5.297006984562926,provo:23:21,6.755336284637451,1182,[523],1,21,21,21
23,22,199.25806451612905,188.75,well,well,6.03,-2.970616181726523,4,5.294600791210753,5.240423388129134,provo,199.25806451612905,5.294600791210753,provo:23:22,6.566920280456543,1183,[880],1,22,22,22
23,23,202.1190476190476,124.92857142857144,that,that,7.01,-1.9913998239802937,4,5.308856868454599,4.827742145403343,provo,202.1190476190476,5.308856868454599,provo:23:23,0.6809012293815613,1184,[326],1,23,23,23
23,24,215.640625,205.4047619047619,each,each,5.69,-3.3098038313399685,4,5.373613248928368,5.32498248079321,provo,215.640625,5.373613248928368,provo:23:24,6.524922847747803,1185,[1123],1,24,24,24
23,25,193.64705882352945,202.8690476190476,shell,shell,4.39,-4.610832143008547,5,5.266037217740744,5.312560685264079,provo,193.64705882352945,5.266037217740744,provo:23:25,5.942870140075684,1186,[7582],1,25,25,25
23,26,212.6122448979592,151.9047619047619,can,can,6.46,-2.5406074971611,3,5.359470060194511,5.023253758055467,provo,212.6122448979592,5.359470060194511,provo:23:26,2.455274820327759,1187,[460],1,26,26,26
23,27,228.7,334.1904761904762,spoon,spoon,3.88,-5.119752502212281,5,5.432411101028736,5.811711118419738,provo,228.7,5.432411101028736,provo:23:27,17.97286605834961,1188,[24556],1,27,27,27
23,28,234.88888888888889,592.1190476190476,intimately,intimately,3.24,-5.759425792981616,10,5.459112589093963,6.383707708618421,provo,234.88888888888889,5.459112589093963,provo:23:28,21.772510528564453,1189,[42075],1,28,28,28
23,29,201.1590909090909,141.3095238095238,with,with,6.85,-2.149966736176128,4,5.3040960920506155,4.9509526887604,provo,201.1590909090909,5.3040960920506155,provo:23:29,3.6243324279785156,1190,[351],1,29,29,29
23,30,209.25925925925927,163.0952380952381,its,its,6.14,-2.86012088212815,3,5.343573958136157,5.094334312972903,provo,209.25925925925927,5.343573958136157,provo:23:30,2.8017795085906982,1191,[663],1,30,30,30
23,31,216.17333333333335,396.5833333333333,attractive,attractive,4.53,-4.469799020694141,10,5.3760805550137585,5.98288619133311,provo,216.17333333333335,5.3760805550137585,provo:23:31,16.009357452392578,1192,[10966],1,31,31,31
23,32,238.48648648648648,299.8095238095238,"neighbors,",neighbors,4.24,-4.759448255779274,9,5.474312648289114,5.703147352373816,provo,238.48648648648648,5.474312648289114,provo:23:32,10.806488990783691,1193,"[12020, 11]",2,32,33,33
23,33,228.4788732394366,276.9404761904762,forming,forming,4.21,-4.790482304635508,7,5.4314437475889745,5.623802595696731,provo,228.4788732394366,5.4314437475889745,provo:23:33,4.833591461181641,1194,[14583],1,34,34,34
23,34,131.5909090909091,36.714285714285715,a,a,7.36,-1.6401645157636295,1,4.87969793664878,3.603165935839906,provo,131.5909090909091,4.87969793664878,provo:23:34,1.1998579502105713,1195,[257],1,35,35,35
23,35,220.0909090909091,185.1904761904762,more,more,6.36,-2.6401644986952877,4,5.3940406841396875,5.221384896432324,provo,220.0909090909091,5.3940406841396875,provo:23:35,7.031167507171631,1196,[517],1,36,36,36
23,36,179.6578947368421,315.3690476190476,compact,compact,4.06,-4.939298383189052,7,5.191054457691894,5.75374353280466,provo,179.6578947368421,5.191054457691894,provo:23:36,4.608327388763428,1197,[16001],1,37,37,37
23,37,236.8219178082192,263.9761904761905,sphere,sphere,3.91,-5.0899041125632385,6,5.467308457038331,5.575858911488983,provo,236.8219178082192,5.467308457038331,provo:23:37,7.491151332855225,1198,[16558],1,38,38,38
23,38,234.2173913043478,141.5,that,that,7.01,-1.9913998239802937,4,5.456249706751384,4.952299717083292,provo,234.2173913043478,5.456249706751384,provo:23:38,4.169862270355225,1199,[326],1,39,39,39
23,39,220.0597014925373,210.75,fits,fits,4.27,-4.730484720871791,4,5.393898879958693,5.350672596881965,provo,220.0597014925373,5.393898879958693,provo:23:39,8.009307861328125,1200,[11414],1,40,40,40
23,40,215.66666666666663,168.20238095238096,well,well,6.03,-2.970616181726523,4,5.373734005832791,5.125167902922494,provo,215.66666666666663,5.373734005832791,provo:23:40,6.972568988800049,1201,[880],1,41,41,41
23,41,214.1384615384615,212.28571428571428,within,within,5.44,-3.5606671482445,6,5.366622822331763,5.357933076222391,provo,214.1384615384615,5.366622822331763,provo:23:41,3.2164394855499268,1202,[1626],1,42,42,42
23,42,218.4814814814815,72.03571428571429,the,the,7.73,-1.2700257134917023,3,5.386701257998746,4.277162027779008,provo,218.4814814814815,5.386701257998746,provo:23:42,0.7024365067481995,1203,[262],1,43,43,43
23,43,217.36486486486487,223.8809523809524,strong,strong,5.22,-3.779891650336842,6,5.381577346468957,5.411114447993708,provo,217.36486486486487,5.381577346468957,provo:23:43,11.253442764282227,1204,[1913],1,44,44,44
23,44,224.13432835820896,234.1071428571429,nuclear,nuclear,4.73,-4.270024905559145,7,5.412245552289314,5.455778886022596,provo,224.13432835820896,5.412245552289314,provo:23:44,7.414360523223877,1205,[4523],1,45,45,45
23,45,208.421875,221.22619047619048,force's,force's,2.92,-6.079824477989977,7,5.339564270781373,5.3991856644303375,provo,208.421875,5.339564270781373,provo:23:45,12.219767570495605,1206,"[2700, 338]",2,46,47,47
23,46,264.6333333333333,250.83333333333337,area,area,5.46,-3.5406073614441,4,5.578345220062958,5.524788707954921,provo,264.6333333333333,5.578345220062958,provo:23:46,9.346916198730469,1207,[1989],1,48,48,48
23,47,211.3,100.58333333333331,of,of,7.4,-1.600326276788705,2,5.353278924622011,4.610986571309531,provo,211.3,5.353278924622011,provo:23:47,0.7466140985488892,1208,[286],1,49,49,49
23,48,239.40298507462688,353.7857142857143,influence.,influence,4.78,-4.219681967637425,9,5.478148262029539,5.868691402972979,provo,239.40298507462688,5.478148262029539,provo:23:48,3.207106113433838,1209,"[4588, 13]",2,50,51,51
24,2,215.83544303797467,322.2261904761905,vehicles,vehicles,4.62,-4.379862903553914,8,5.37451627955113,5.77525375383345,provo,215.83544303797467,5.37451627955113,provo:24:2,,1210,"[33892, 2983]",2,0,1,1
24,3,206.7076923076923,258.89285714285717,have,have,6.71,-2.2898826264224046,4,5.331305680836546,5.556414297125674,provo,206.7076923076923,5.331305680836546,provo:24:3,7.11582612991333,1211,[423],1,2,2,2
24,4,200.95,106.26190476190476,a,a,7.36,-1.6401645157636295,1,5.30305612089521,4.6659068463459015,provo,200.95,5.30305612089521,provo:24:4,4.536006450653076,1212,[257],1,3,3,3
24,5,214.16901408450704,223.98809523809524,halo,halo,3.75,-5.250255956839869,4,5.366765488747067,5.411592904184224,provo,214.16901408450704,5.366765488747067,provo:24:5,14.136028289794922,1213,"[289, 7335]",2,4,5,5
24,6,197.68965517241375,161.5952380952381,that,that,7.01,-1.9913998239802937,4,5.286698402921909,5.08509467842039,provo,197.68965517241375,5.286698402921909,provo:24:6,4.415826320648193,1214,[326],1,6,6,6
24,7,228.0,256.25,makes,makes,5.46,-3.5406073614441,5,5.429345628954441,5.546153530452618,provo,228.0,5.429345628954441,provo:24:7,4.881200790405273,1215,[1838],1,7,7,7
24,8,236.44871794871796,292.85714285714283,owners,owners,4.65,-4.349691505293128,6,5.4657313469932145,5.679684923077141,provo,236.44871794871796,5.4657313469932145,provo:24:8,16.23371124267578,1216,[4393],1,8,8,8
24,9,205.75438596491227,162.8452380952381,feel,feel,5.67,-3.32975405412792,4,5.326683156291883,5.092800290246131,provo,205.75438596491227,5.326683156291883,provo:24:9,3.774015426635742,1217,[1254],1,9,9,9
24,10,207.3896103896104,304.8333333333333,righteous,righteous,3.8,-5.199963758172021,9,5.334599199987183,5.719765179162811,provo,207.3896103896104,5.334599199987183,provo:24:10,14.265345573425293,1218,[19539],1,10,10,10
24,11,180.5625,35.92857142857143,and,and,7.41,-1.5900668749788436,3,5.196076978226454,3.581532840484481,provo,180.5625,5.196076978226454,provo:24:11,2.814251184463501,1219,[290],1,11,11,11
24,12,228.78333333333333,239.71428571428572,their,their,6.33,-2.669586206356675,5,5.4327754130295585,5.479447737971838,provo,228.78333333333333,5.4327754130295585,provo:24:12,6.991668701171875,1220,[511],1,12,12,12
24,13,225.9873417721519,337.0238095238095,neighbors,neighbors,4.24,-4.759448255779274,9,5.42047898784594,5.820153579262632,provo,225.9873417721519,5.42047898784594,provo:24:13,7.81492805480957,1221,[12020],1,13,13,13
24,14,216.5471698113207,154.61904761904762,feel,feel,5.67,-3.32975405412792,4,5.377808398128546,5.040964334379423,provo,216.5471698113207,5.377808398128546,provo:24:14,1.0245660543441772,1222,[1254],1,14,14,14
24,15,187.52631578947367,205.5,guilty,guilty,4.61,-4.390404523713482,6,5.233919186439396,5.32544603393629,provo,187.52631578947367,5.233919186439396,provo:24:15,5.324911594390869,1223,[6717],1,15,15,15
24,16,136.93478260869566,82.69047619047619,for,for,7.01,-1.9913998239802937,3,4.919504773132834,4.415104434460706,provo,136.93478260869566,4.919504773132834,provo:24:16,3.773344039916992,1224,[329],1,16,16,16
24,17,216.41463414634143,132.51190476190476,not,not,6.69,-2.3098039111083337,3,5.37719617013103,4.886672488649912,provo,216.41463414634143,5.37719617013103,provo:24:17,2.8502604961395264,1225,[407],1,17,17,17
24,18,188.82608695652175,205.91666666666663,doing,doing,5.6,-3.40011681880711,5,5.240826416605672,5.32747155620061,provo,188.82608695652175,5.240826416605672,provo:24:18,3.433344602584839,1226,[1804],1,18,18,18
24,19,169.65853658536585,93.41666666666669,as,as,6.77,-2.2298846978394775,2,5.133787808769866,4.53706977328416,provo,169.65853658536585,5.133787808769866,provo:24:19,7.319097518920898,1227,[355],1,19,19,19
24,20,210.75,210.03571428571428,much,much,6.0,-2.9999999565705537,4,5.350672596881965,5.347277584284752,provo,210.75,5.350672596881965,provo:24:20,3.3423142433166504,1228,[881],1,20,20,20
24,21,191.12121212121212,85.4047619047619,to,to,7.43,-1.5702477183831145,2,5.252907845197171,4.447401859248914,provo,191.12121212121212,5.252907845197171,provo:24:21,2.7674360275268555,1229,[284],1,21,21,21
24,22,218.5873015873016,207.01190476190476,save,save,5.14,-3.860120598892731,4,5.3871854843355935,5.332776302538755,provo,218.5873015873016,5.3871854843355935,provo:24:22,6.604994297027588,1230,[3613],1,22,22,22
24,23,184.72727272727272,84.94047619047619,the,the,7.73,-1.2700257134917023,3,5.218880535900002,4.441950731067623,provo,184.72727272727272,5.218880535900002,provo:24:23,3.032034158706665,1231,[262],1,23,23,23
24,24,194.91836734693877,127.36904761904762,planet.,planet,4.68,-4.319663579917319,6,5.2725808419241105,4.847088759295293,provo,194.91836734693877,5.2725808419241105,provo:24:24,5.554807186126709,1232,"[5440, 13]",2,24,25,25
24,25,208.16666666666663,154.92857142857142,They,they,6.5,-2.5003129036381,4,5.338339040897522,5.042964181211616,provo,208.16666666666663,5.338339040897522,provo:24:25,5.840519905090332,1233,[1119],1,26,26,26
24,26,199.47058823529412,219.73809523809524,also,also,6.19,-2.8096682738107104,4,5.295666798069423,5.392436360982209,provo,199.47058823529412,5.295666798069423,provo:24:26,3.207336187362671,1234,[635],1,27,27,27
24,27,207.2463768115942,187.6547619047619,cost,cost,5.24,-3.759450502122942,4,5.333908311650739,5.234603901783228,provo,207.2463768115942,5.333908311650739,provo:24:27,11.09238338470459,1235,[1575],1,28,28,28
24,28,201.37704918032787,173.77380952380952,more,more,6.36,-2.6401644986952877,4,5.305179017387402,5.157754508287264,provo,201.37704918032787,5.305179017387402,provo:24:28,3.2803213596343994,1236,[517],1,29,29,29
24,29,180.9090909090909,139.22619047619048,and,and,7.41,-1.5900668749788436,3,5.1979946449201675,4.936099880174966,provo,180.9090909090909,5.1979946449201675,provo:24:29,3.976073741912842,1237,[290],1,30,30,30
24,30,219.33333333333337,74.52380952380952,a,a,7.36,-1.6401645157636295,1,5.390592642657207,4.311118665250831,provo,219.33333333333337,5.390592642657207,provo:24:30,8.389874458312988,1238,[257],1,31,31,31
24,31,224.80769230769232,177.53571428571428,new,new,6.25,-2.74957997329254,3,5.415245335884687,5.179171795919468,provo,224.80769230769232,5.415245335884687,provo:24:31,6.27392578125,1239,[649],1,32,32,32
24,32,217.013698630137,264.32142857142856,report,report,5.32,-3.6798535060925928,6,5.379960478875834,5.5771658950222625,provo,217.013698630137,5.379960478875834,provo:24:32,10.219539642333984,1240,[989],1,33,33,33
24,33,208.37142857142857,101.96428571428572,from,from,6.63,-2.369572114804145,4,5.339322201494819,4.624622611914907,provo,208.37142857142857,5.339322201494819,provo:24:33,2.600675582885742,1241,[422],1,34,34,34
24,34,196.525,123.71428571428572,the,the,7.73,-1.2700257134917023,3,5.280789649679821,4.817974759507122,provo,196.525,5.280789649679821,provo:24:34,0.7844108939170837,1242,[262],1,35,35,35
24,35,202.23333333333332,176.36904761904762,very,very,6.0,-2.9999999565705537,4,5.309422146280142,5.172578661164352,provo,202.23333333333332,5.309422146280142,provo:24:35,14.44084358215332,1243,[845],1,36,36,36
24,36,167.10714285714286,131.46428571428572,green,green,5.13,-3.8696659098054966,5,5.118635180691013,4.878735223203817,provo,167.10714285714286,5.118635180691013,provo:24:36,10.916594505310059,1244,[4077],1,37,37,37
24,37,213.75384615384615,203.51190476190476,Union,union,5.08,-3.9208183920404576,5,5.364825101357189,5.315724503230088,provo,213.75384615384615,5.364825101357189,provo:24:37,15.053492546081543,1245,[4479],1,38,38,38
24,38,172.77272727272728,100.92857142857144,of,of,7.4,-1.600326276788705,2,5.151977015630933,4.614413053069269,provo,172.77272727272728,5.151977015630933,provo:24:38,0.9568043351173401,1246,[286],1,39,39,39
24,39,195.91780821917808,331.6547619047619,Concerned,concerned,4.75,-4.2502629116656445,9,5.27769522545995,5.8040945540918,provo,195.91780821917808,5.27769522545995,provo:24:39,0.07423947006464005,1247,"[32265, 276]",2,40,41,41
24,40,205.54929577464787,230.6190476190476,Scientists,scientists,4.5,-4.500311543034145,10,5.32568588728425,5.440767204679807,provo,205.54929577464787,5.32568588728425,provo:24:40,0.04127563536167145,1248,[23782],1,42,42,42
24,41,234.0,164.53571428571428,says,says,5.49,-3.510041380026812,4,5.455321115357702,5.103127654760713,provo,234.0,5.455321115357702,provo:24:41,3.69266676902771,1249,[1139],1,43,43,43
24,42,220.04347826086956,243.97619047619048,buyers,buyers,4.16,-4.838629002640995,6,5.393825155284929,5.497070640516349,provo,220.04347826086956,5.393825155284929,provo:24:42,15.009284019470215,1250,[14456],1,44,44,44
24,43,209.5806451612903,199.92857142857144,aren't,aren't,5.05,-3.950781589567061,6,5.345108606395385,5.297960159900195,provo,209.5806451612903,5.345108606395385,provo:24:43,8.08721923828125,1251,"[3588, 470]",2,45,46,46
24,44,211.76470588235293,211.6071428571429,always,always,5.76,-3.240332079780901,6,5.3554757803879856,5.354731455828128,provo,211.76470588235293,5.3554757803879856,provo:24:44,6.588891506195068,1252,[1464],1,47,47,47
24,45,205.3571428571429,222.46428571428572,getting,getting,5.57,-3.4294569433722897,7,5.324750623616192,5.404766575078941,provo,205.3571428571429,5.324750623616192,provo:24:45,5.8392534255981445,1253,[1972],1,48,48,48
24,46,202.92,145.88095238095238,their,their,6.33,-2.669586206356675,5,5.312811812698489,4.982790894442286,provo,202.92,5.312811812698489,provo:24:46,4.923393249511719,1254,[511],1,49,49,49
24,47,238.72058823529412,278.17857142857144,money's,money's,3.1,-5.899594988434111,7,5.475293781134738,5.6282632507447445,provo,238.72058823529412,5.475293781134738,provo:24:47,1.8895500898361206,1255,"[1637, 338]",2,50,51,51
24,48,270.875,241.83333333333337,worth,worth,5.16,-3.838631698251693,5,5.601657459856523,5.4882487836561324,provo,270.875,5.601657459856523,provo:24:48,0.0033809978049248457,1256,[2861],1,52,52,52
25,2,188.28205128205127,280.17857142857144,girl's,girl's,3.96,-5.040000399696793,6,5.237941111321964,5.6354271549919295,provo,188.28205128205127,5.237941111321964,provo:25:2,,1257,"[15219, 338]",2,0,1,1
25,3,191.90769230769232,189.5952380952381,feet,feet,4.99,-4.01010499176305,4,5.257014487190431,5.244891473974077,provo,191.90769230769232,5.257014487190431,provo:25:3,9.016349792480469,1258,[3625],1,2,2,2
25,4,183.36507936507937,191.97619047619048,were,were,6.34,-2.6595558653290836,4,5.211479134741075,5.257371356401654,provo,183.36507936507937,5.211479134741075,provo:25:4,3.588038921356201,1259,[547],1,3,3,3
25,5,208.0806451612903,223.6190476190476,then,then,6.07,-2.9318141011346532,4,5.337925721680045,5.4099439237845095,provo,208.0806451612903,5.337925721680045,provo:25:5,9.570459365844727,1260,[788],1,4,4,4
25,6,207.92207792207793,370.9404761904762,re-wrapped,re-wrapped,4.11,-4.886053306979228,10,5.337163384137076,5.916041608200211,provo,207.92207792207793,5.337163384137076,provo:25:6,18.285612106323242,1261,"[302, 12, 29988, 1496]",4,5,8,8
25,7,215.7377049180328,196.0595238095238,even,even,5.99,-3.0101053918293887,4,5.374063340705997,5.278418306030895,provo,215.7377049180328,5.374063340705997,provo:25:7,13.106115341186523,1262,[772],1,9,9,9
25,8,198.7246376811594,208.0,tighter,tighter,3.58,-5.420204974731411,7,5.291920136240302,5.337538079701318,provo,198.7246376811594,5.291920136240302,provo:25:8,3.1479952335357666,1263,[28619],1,10,10,10
25,9,208.64102564102564,121.6547619047619,than,than,6.13,-2.8696661993350334,4,5.340615194567011,4.8011872127688955,provo,208.64102564102564,5.340615194567011,provo:25:9,5.846129894256592,1264,[621],1,11,11,11
25,10,186.51470588235293,177.77380952380952,"before,",before,5.93,-3.070070388881986,6,5.228510087891323,5.180512009213955,provo,186.51470588235293,5.228510087891323,provo:25:10,3.5142722129821777,1265,"[878, 11]",2,12,13,13
25,11,209.8235294117647,214.6547619047619,causing,causing,4.53,-4.469799020694141,7,5.3462668413026755,5.369030978933055,provo,209.8235294117647,5.3462668413026755,provo:25:11,7.011167049407959,1266,[6666],1,14,14,14
25,12,185.0,75.98809523809524,her,her,6.3,-2.6989699826212954,3,5.220355825078324,4.330576686412743,provo,185.0,5.220355825078324,provo:25:12,1.9642893075942993,1267,[607],1,15,15,15
25,13,197.02666666666667,297.70238095238096,footprint,footprint,3.52,-5.480158885743263,9,5.2833390833673235,5.69609426581434,provo,197.02666666666667,5.2833390833673235,provo:25:13,18.858875274658203,1268,[24713],1,16,16,16
25,14,198.72222222222223,44.95238095238095,to,to,7.43,-1.5702477183831145,2,5.291907981362853,3.805603728422078,provo,198.72222222222223,5.291907981362853,provo:25:14,0.07144681364297867,1269,[284],1,17,17,17
25,15,189.74285714285713,217.6309523809524,shrink,shrink,3.73,-5.270017626955226,6,5.2456697720513,5.3828007492637715,provo,189.74285714285713,5.2456697720513,provo:25:15,7.778488636016846,1270,[22085],1,18,18,18
25,16,203.52702702702703,268.4761904761905,further,further,5.31,-3.690369619684702,7,5.3157988070076785,5.592762233950635,provo,203.52702702702703,5.3157988070076785,provo:25:16,4.686328411102295,1271,[2252],1,19,19,19
25,17,188.5,98.61904761904762,as,as,6.77,-2.2298846978394775,2,5.2390980068880655,4.591264423672161,provo,188.5,5.2390980068880655,provo:25:17,5.036875247955322,1272,[355],1,20,20,20
25,18,174.41071428571428,154.5952380952381,the,the,7.73,-1.2700257134917023,3,5.161412944712327,5.040810334225118,provo,174.41071428571428,5.161412944712327,provo:25:18,3.039907455444336,1273,[262],1,21,21,21
25,19,218.64705882352945,245.54761904761904,bones,bones,4.32,-4.6798516359298885,5,5.387458826241036,5.503490896032701,provo,218.64705882352945,5.387458826241036,provo:25:19,9.873893737792969,1274,[11945],1,22,22,22
25,20,215.375,224.41666666666663,slowly,slowly,4.63,-4.369571107893071,6,5.372380694848093,5.413504443023599,provo,215.375,5.372380694848093,provo:25:20,6.928787708282471,1275,[6364],1,23,23,23
25,21,220.0597014925373,228.33333333333337,fused,fused,3.4,-5.600308976294626,5,5.393898879958693,5.430806549594116,provo,220.0597014925373,5.393898879958693,provo:25:21,7.507406711578369,1276,[43954],1,24,24,24
25,22,211.94117647058823,146.26190476190476,into,into,6.11,-2.8894102560345134,4,5.356308766691877,4.985398882880559,provo,211.94117647058823,5.356308766691877,provo:25:22,2.8074066638946533,1277,[656],1,25,25,25
25,23,203.82142857142856,170.1904761904762,their,their,6.33,-2.669586206356675,5,5.317244260361504,5.1369182579959505,provo,203.82142857142856,5.317244260361504,provo:25:23,5.933960914611816,1278,[511],1,26,26,26
25,24,192.79166666666663,123.16666666666669,new,new,6.25,-2.74957997329254,3,5.261610158559054,4.813538451720147,provo,192.79166666666663,5.261610158559054,provo:25:24,5.6922807693481445,1279,[649],1,27,27,27
25,25,217.71794871794873,333.5952380952381,configuration.,configuration,3.97,-5.030113701460847,13,5.383200411869717,5.809928396087863,provo,217.71794871794873,5.383200411869717,provo:25:25,9.569820404052734,1280,"[8398, 13]",2,28,29,29
25,26,228.9873417721519,334.7738095238095,Occasionally,occasionally,4.39,-4.610832143008547,12,5.433666725922319,5.813455108326646,provo,228.9873417721519,5.433666725922319,provo:25:26,13.392030715942383,1281,[40659],1,30,30,30
25,27,212.27397260273972,218.8095238095238,girls',girls',5.17,-3.829737991162924,6,5.357877763938441,5.388201597066364,provo,212.27397260273972,5.357877763938441,provo:25:27,20.601091384887695,1282,"[4813, 6]",2,31,32,32
25,28,184.9821428571429,151.95238095238096,feet,feet,4.99,-4.01010499176305,4,5.220259295322953,5.0235671885548205,provo,184.9821428571429,5.220259295322953,provo:25:28,0.8918602466583252,1283,[3625],1,33,33,33
25,29,191.12121212121212,210.0595238095238,would,would,6.27,-2.7304870324329187,5,5.252907845197171,5.347390937266057,provo,191.12121212121212,5.252907845197171,provo:25:29,1.0210622549057007,1284,[561],1,34,34,34
25,30,234.3717948717949,441.9642857142857,"fester,",fester,2.76,-6.240256632402275,6,5.456908721417493,6.091229077261687,provo,234.3717948717949,5.456908721417493,provo:25:30,17.015161514282227,1285,"[277, 7834, 11]",3,35,37,37
25,31,174.71875,181.03571428571428,and,and,7.41,-1.5900668749788436,3,5.163177538226919,5.198694328297146,provo,174.71875,5.163177538226919,provo:25:31,3.1397998332977295,1286,[290],1,38,38,38
25,32,215.55844155844156,316.32142857142856,blood,blood,5.1,-3.8996291102044136,5,5.37323206330471,5.756758875634379,provo,215.55844155844156,5.37323206330471,provo:25:32,12.072978019714355,1287,[2910],1,39,39,39
25,33,215.7051282051282,350.4642857142857,poisoning,poisoning,3.84,-5.159887629656769,9,5.373912327823337,5.859258806031289,provo,215.7051282051282,5.373912327823337,provo:25:33,14.31865406036377,1288,[22475],1,40,40,40
25,34,206.59183673469389,149.20238095238096,from,from,6.63,-2.369572114804145,4,5.330745043488125,5.005303645768208,provo,206.59183673469389,5.330745043488125,provo:25:34,4.922849178314209,1289,[422],1,41,41,41
25,35,242.8181818181818,400.54761904761904,gangrene,gangrene,2.68,-6.319573829141855,8,5.4923129403115905,5.992832658435792,provo,242.8181818181818,5.4923129403115905,provo:25:35,11.112345695495605,1290,"[7706, 25924]",2,42,43,43
25,36,207.74545454545455,175.14285714285714,could,could,6.06,-2.9393021218816524,5,5.336313554051937,5.1656019674408435,provo,207.74545454545455,5.336313554051937,provo:25:36,3.54243803024292,1291,[714],1,44,44,44
25,37,198.96666666666667,92.91666666666669,be,be,6.79,-2.20971482892795,2,5.293137306506495,4.5317030341062186,provo,198.96666666666667,5.293137306506495,provo:25:37,1.882933259010315,1292,[307],1,45,45,45
25,38,212.2962962962963,72.33333333333333,a,a,7.36,-1.6401645157636295,1,5.357982922943734,4.28128506487235,provo,212.2962962962963,5.357982922943734,provo:25:38,5.81085205078125,1293,[257],1,46,46,46
25,39,214.0151515151515,210.73809523809524,cause,cause,5.35,-3.6497517877844152,5,5.366046813988216,5.350616107685509,provo,214.0151515151515,5.366046813988216,provo:25:39,6.427318572998047,1294,[2728],1,47,47,47
25,40,178.75,79.53571428571429,for,for,7.01,-1.9913998239802937,3,5.185988181574117,4.376206157082164,provo,178.75,5.185988181574117,provo:25:40,1.913149118423462,1295,[329],1,48,48,48
25,41,208.68055555555551,226.79761904761904,"concern,",concern,4.66,-4.340082849615037,7,5.340804640387353,5.424058073772121,provo,208.68055555555551,5.340804640387353,provo:25:41,6.788515567779541,1296,"[2328, 11]",2,49,50,50
25,42,209.6086956521739,62.785714285714285,but,but,6.63,-2.369572114804145,3,5.345242438476473,4.139727568069918,provo,209.6086956521739,5.345242438476473,provo:25:42,1.0500158071517944,1297,[475],1,51,51,51
25,43,217.27777777777777,113.45238095238096,an,an,6.53,-2.4698002889858715,2,5.381176616859349,4.731383197804934,provo,217.27777777777777,5.381176616859349,provo:25:43,9.655795097351074,1298,[281],1,52,52,52
25,44,215.3108108108108,295.0952380952381,estimated,estimated,4.62,-4.379862903553914,9,5.372082615886339,5.687298145238684,provo,215.3108108108108,5.372082615886339,provo:25:44,7.121799468994141,1299,[6108],1,53,53,53
25,45,190.85185185185185,149.60714285714286,0.9,0.9,2.19,-6.812197361281581,3,5.251497482323895,5.008012810771831,provo,190.85185185185185,5.251497482323895,provo:25:45,14.622498512268066,1300,"[657, 13, 24]",3,54,56,56
25,46,226.71604938271605,400.0,survived,survived,4.32,-4.6798516359298885,8,5.423698350696674,5.991464547107982,provo,226.71604938271605,5.423698350696674,provo:25:46,20.456878662109375,1301,[11803],1,57,57,57
25,47,195.32075471698113,173.38095238095238,the,the,7.73,-1.2700257134917023,3,5.27464310318856,5.15549121045201,provo,195.32075471698113,5.27464310318856,provo:25:47,2.8517255783081055,1302,[262],1,58,58,58
25,48,256.36986301369865,378.9047619047619,process,process,5.26,-3.739928373391649,7,5.546621179190138,5.937284885654112,provo,256.36986301369865,5.546621179190138,provo:25:48,5.750851631164551,1303,[1429],1,59,59,59
26,2,209.53164556962025,325.98809523809524,early,early,5.43,-3.570247558549859,5,5.344874780793144,5.786860863025367,provo,209.53164556962025,5.344874780793144,provo:26:2,,1304,[11458],1,0,0,0
26,3,234.44776119402985,237.47619047619048,task,task,4.65,-4.349691505293128,4,5.4572327963069345,5.4700673678227,provo,234.44776119402985,5.4572327963069345,provo:26:3,14.677907943725586,1305,[4876],1,1,1,1
26,4,208.9264705882353,251.5,will,will,6.45,-2.5497508762801258,4,5.34198237469597,5.527442989539794,provo,208.9264705882353,5.34198237469597,provo:26:4,7.2848124504089355,1306,[481],1,2,2,2
26,5,201.89795918367344,168.88095238095238,be,be,6.79,-2.20971482892795,2,5.307762417212596,5.129194042918718,provo,201.89795918367344,5.307762417212596,provo:26:5,1.5653313398361206,1307,[307],1,3,3,3
26,6,231.66,193.8809523809524,to,to,7.43,-1.5702477183831145,2,5.4452707795042,5.267244323183763,provo,231.66,5.4452707795042,provo:26:6,1.7779247760772705,1308,[284],1,4,4,4
26,7,202.9142857142857,275.1190476190476,make,make,6.08,-2.9208187177611697,4,5.31278365201362,5.6172039044251125,provo,202.9142857142857,5.31278365201362,provo:26:7,5.2003631591796875,1309,[787],1,5,5,5
26,8,198.0,216.6547619047619,sure,sure,5.67,-3.32975405412792,4,5.288267030694535,5.378305127657093,provo,198.0,5.288267030694535,provo:26:8,1.3097875118255615,1310,[1654],1,6,6,6
26,9,192.05882352941177,99.4404761904762,the,the,7.73,-1.2700257134917023,3,5.257801697654315,4.599559235912593,provo,192.05882352941177,5.257801697654315,provo:26:9,3.104175329208374,1311,[262],1,7,7,7
26,10,224.5185185185185,355.4166666666667,newfound,newfound,3.14,-5.860089444124317,8,5.413958191613419,5.873290810137779,provo,224.5185185185185,5.413958191613419,provo:26:10,17.409770965576172,1312,[40000],1,8,8,8
26,11,247.51282051282053,367.6309523809524,microbes,microbes,3.18,-5.82099429243518,8,5.511462380718969,5.907079588190756,provo,247.51282051282053,5.511462380718969,provo:26:11,13.870338439941406,1313,[33712],1,9,9,9
26,12,211.22033898305085,181.46428571428572,were,were,6.34,-2.6595558653290836,4,5.352901849198448,5.201058861418528,provo,211.22033898305085,5.352901849198448,provo:26:12,7.792731285095215,1314,[547],1,10,10,10
26,13,193.45098039215685,136.8095238095238,not,not,6.69,-2.3098039111083337,3,5.265024149069358,4.918589621255866,provo,193.45098039215685,5.265024149069358,provo:26:13,3.3295629024505615,1315,[407],1,11,11,11
26,14,214.2962962962963,364.57142857142856,introduced,introduced,4.72,-4.279839869367247,10,5.367359619531752,5.898722495409367,provo,214.2962962962963,5.367359619531752,provo:26:14,7.791756629943848,1316,[5495],1,12,12,12
26,15,223.21052631578948,194.52380952380952,while,while,5.86,-3.140261373817431,5,5.408115390308151,5.27055456957068,provo,223.21052631578948,5.408115390308151,provo:26:15,8.350075721740723,1317,[981],1,13,13,13
26,16,219.7012987012987,287.1666666666667,drilling,drilling,3.93,-5.070065336602483,8,5.392268890621608,5.660062767299875,provo,219.7012987012987,5.392268890621608,provo:26:16,10.566620826721191,1318,[19747],1,14,14,14
26,17,185.49295774647888,199.4404761904762,through,through,5.87,-3.130181733411434,7,5.223016917696011,5.2955158268502185,provo,185.49295774647888,5.223016917696011,provo:26:17,5.459902763366699,1319,[832],1,15,15,15
26,18,196.05263157894737,123.71428571428572,the,the,7.73,-1.2700257134917023,3,5.278383151647219,4.817974759507122,provo,196.05263157894737,5.278383151647219,provo:26:18,1.1482813358306885,1320,[262],1,16,16,16
26,19,203.05797101449275,212.3452380952381,ice,ice,5.0,-3.999999565705735,3,5.313491509773972,5.35821343171499,provo,203.05797101449275,5.313491509773972,provo:26:19,7.416146278381348,1321,[4771],1,17,17,17
26,20,174.24285714285713,236.3928571428571,into,into,6.11,-2.8894102560345134,4,5.160450056793879,5.465495069943719,provo,174.24285714285713,5.160450056793879,provo:26:20,8.975903511047363,1322,[656],1,18,18,18
26,21,183.4318181818182,105.9047619047619,the,the,7.73,-1.2700257134917023,3,5.211843035406111,4.66254021764705,provo,183.4318181818182,5.211843035406111,provo:26:21,0.6463247537612915,1323,[262],1,19,19,19
26,22,197.82978723404256,127.98809523809524,"lake,",lake,4.83,-4.170052661611381,4,5.287407000540472,4.851937253641914,provo,197.82978723404256,5.287407000540472,provo:26:22,9.517962455749512,1324,"[13546, 11]",2,20,21,21
26,23,204.03508771929825,196.73809523809524,which,which,6.3,-2.6989699826212954,5,5.31829197767816,5.281873378417816,provo,204.03508771929825,5.31829197767816,provo:26:23,3.6845154762268066,1325,[543],1,22,22,22
26,24,219.08860759493672,316.7738095238095,involved,involved,5.1,-3.8996291102044136,8,5.389476248877754,5.758187984565084,provo,219.08860759493672,5.389476248877754,provo:26:24,15.588800430297852,1326,[2950],1,23,23,23
26,25,203.66666666666663,32.19047619047619,a,a,7.36,-1.6401645157636295,1,5.316484670503486,3.4716706383195413,provo,203.66666666666663,5.316484670503486,provo:26:25,3.9518723487854004,1327,[257],1,24,24,24
26,26,223.24358974358975,374.0238095238095,hot-water,hot-water,5.0,-3.9956781962230337,9,5.408263505989791,5.924319457216572,provo,223.24358974358975,5.408263505989791,provo:26:26,17.09496307373047,1328,"[3024, 12, 7050]",3,25,27,27
26,27,229.55844155844156,280.95238095238096,drilling,drilling,3.93,-5.070065336602483,8,5.436157644396947,5.638185192170388,provo,229.55844155844156,5.436157644396947,provo:26:27,3.4156882762908936,1329,[19747],1,28,28,28
26,28,225.1081081081081,255.83333333333337,technique,technique,4.47,-4.530176511839648,9,5.416580767291116,5.544526190793243,provo,225.1081081081081,5.416580767291116,provo:26:28,4.630411148071289,1330,[8173],1,29,29,29
26,29,253.43661971830983,260.3095238095238,designed,designed,4.96,-4.0400046854717555,8,5.535113770935749,5.561871399151117,provo,253.43661971830983,5.535113770935749,provo:26:29,8.351075172424316,1331,[3562],1,30,30,30
26,30,205.75,62.785714285714285,to,to,7.43,-1.5702477183831145,2,5.326661839557179,4.139727568069918,provo,205.75,5.326661839557179,provo:26:30,0.262243390083313,1332,[284],1,31,31,31
26,31,236.23287671232876,298.75,greatly,greatly,4.33,-4.669584197242084,7,5.46481808422255,5.699607103245721,provo,236.23287671232876,5.46481808422255,provo:26:31,10.905534744262695,1333,[9257],1,32,32,32
26,32,218.85135135135135,227.8095238095238,reduce,reduce,4.73,-4.270024905559145,6,5.38839273840126,5.428509857907045,provo,218.85135135135135,5.38839273840126,provo:26:32,1.339421272277832,1334,[4646],1,33,33,33
26,33,142.16666666666666,67.23809523809524,or,or,6.54,-2.4596705126934353,2,4.957000078263624,4.208239980329765,provo,142.16666666666666,4.957000078263624,provo:26:33,8.732376098632812,1335,[393],1,34,34,34
26,34,200.4375,326.3333333333333,eliminate,eliminate,4.15,-4.850777807252834,9,5.3005024774533736,5.7879193538624,provo,200.4375,5.3005024774533736,provo:26:34,0.31138840317726135,1336,[11005],1,35,35,35
26,35,202.4390243902439,123.64285714285714,any,any,6.07,-2.9318141011346532,3,5.310438727080381,4.817397225560951,provo,202.4390243902439,5.310438727080381,provo:26:35,3.60159969329834,1337,[597],1,36,36,36
26,36,238.74358974358975,414.07142857142856,contamination,contamination,3.7,-5.300153605666733,13,5.475390129758884,6.026038491724474,provo,238.74358974358975,5.475390129758884,provo:26:36,4.3573431968688965,1338,[22733],1,37,37,37
26,37,238.6122448979592,159.3452380952381,that,that,7.01,-1.9913998239802937,4,5.47483982812051,5.071073157111139,provo,238.6122448979592,5.47483982812051,provo:26:37,5.311636924743652,1339,[326],1,38,38,38
26,38,225.1578947368421,185.82142857142856,might,might,5.66,-3.340083704898545,5,5.41680191047591,5.2247861511151,provo,225.1578947368421,5.41680191047591,provo:26:38,1.2777823209762573,1340,[1244],1,39,39,39
26,39,213.33962264150944,141.16666666666666,come,come,5.78,-3.2196826158375527,4,5.3628853683831235,4.949941225423999,provo,213.33962264150944,5.3628853683831235,provo:26:39,4.750181674957275,1341,[1282],1,40,40,40
26,40,204.41666666666663,129.57142857142858,from,from,6.63,-2.369572114804145,4,5.320160394470489,4.864232301059824,provo,204.41666666666663,5.320160394470489,provo:26:40,0.5722705721855164,1342,[422],1,41,41,41
26,41,209.6078431372549,169.70238095238096,other,other,6.16,-2.8386319678136824,5,5.345238371294765,5.134046202503459,provo,209.6078431372549,5.345238371294765,provo:26:41,7.183901786804199,1343,[584],1,42,42,42
26,42,224.85333333333332,511.04761904761904,kerosene-based,kerosene-based,3.02,-5.982924903623941,14,5.415448337804778,6.236462773822092,provo,224.85333333333332,5.415448337804778,provo:26:42,28.701026916503906,1344,"[479, 27498, 1734, 12, 3106]",5,43,47,47
26,43,217.5606060606061,228.9404761904762,drilling,drilling,3.93,-5.070065336602483,8,5.3824774602679515,5.433462040467534,provo,217.5606060606061,5.3824774602679515,provo:26:43,3.571934938430786,1345,[19747],1,48,48,48
26,44,191.69444444444449,233.33333333333337,"technology,",technology,5.09,-3.910094535475801,10,5.255902669164492,5.452468046375295,provo,191.69444444444449,5.255902669164492,provo:26:44,14.652084350585938,1346,"[3037, 11]",2,49,50,50
26,45,259.7307692307692,586.3333333333334,Christner,christner,1.21,-7.787812395596042,9,5.55964559155336,6.373888456069449,provo,259.7307692307692,5.55964559155336,provo:26:45,22.954021453857422,1347,"[1951, 1008]",2,51,52,52
26,46,198.1034482758621,293.51190476190476,said.,said,6.01,-2.991399785660194,4,5.288789360296382,5.681918199814913,provo,198.1034482758621,5.288789360296382,provo:26:46,0.43943166732788086,1348,"[531, 13]",2,53,54,54
27,2,187.41666666666663,307.89285714285717,"similar,",similar,5.21,-3.7904847173744383,7,5.233334302171316,5.729751856034722,provo,187.41666666666663,5.233334302171316,provo:27:2,,1349,"[38610, 11]",2,0,1,1
27,3,190.43478260869568,168.02380952380952,but,but,6.63,-2.369572114804145,3,5.249309787441343,5.124105692717462,provo,190.43478260869568,5.249309787441343,provo:27:3,2.5017905235290527,1350,[475],1,2,2,2
27,4,208.27272727272728,242.33333333333337,even,even,5.99,-3.0101053918293887,4,5.338848409655125,5.49031418886541,provo,208.27272727272728,5.338848409655125,provo:27:4,8.754064559936523,1351,[772],1,3,3,3
27,5,178.52542372881356,181.8928571428571,more,more,6.36,-2.6401644986952877,4,5.184731020930823,5.2034178167094005,provo,178.52542372881356,5.184731020930823,provo:27:5,1.2576498985290527,1352,[517],1,4,4,4
27,6,196.82089552238807,225.26190476190476,"striking,",striking,4.2,-4.8013401643550235,8,5.282294155416733,5.417263746421076,provo,196.82089552238807,5.282294155416733,provo:27:6,10.141992568969727,1353,"[8871, 11]",2,5,6,6
27,7,203.25,86.22619047619048,is,is,7.07,-1.9318141345419195,2,5.31443674842792,4.456973965352012,provo,203.25,5.31443674842792,provo:27:7,0.8630269765853882,1354,[318],1,7,7,7
27,8,202.19607843137257,137.89285714285714,the,the,7.73,-1.2700257134917023,3,5.309237911894697,4.926476986089033,provo,202.19607843137257,5.309237911894697,provo:27:8,1.3922665119171143,1355,[262],1,8,8,8
27,9,197.61971830985917,224.6309523809524,evidence,evidence,5.14,-3.860120598892731,8,5.28634456935268,5.4144588439444,provo,197.61971830985917,5.28634456935268,provo:27:9,9.666057586669922,1356,[2370],1,9,9,9
27,10,187.5,119.73809523809524,from,from,6.63,-2.369572114804145,4,5.233778845410465,4.785306817888596,provo,187.5,5.233778845410465,provo:27:10,6.042538166046143,1357,[422],1,10,10,10
27,11,213.975,345.95238095238096,athletic,athletic,4.12,-4.8794227786969016,8,5.365859185767674,5.84630113828096,provo,213.975,5.365859185767674,provo:27:11,16.994977951049805,1358,[15177],1,11,11,11
27,12,212.97368421052633,270.70238095238096,training.,training,5.18,-3.821022765094686,8,5.361168609769316,5.601019992120477,provo,212.97368421052633,5.361168609769316,provo:27:12,7.387846946716309,1359,"[3047, 13]",2,12,13,13
27,13,216.32,72.03571428571429,As,as,6.77,-2.2298846978394775,2,5.3767587928545995,4.277162027779008,provo,216.32,5.3767587928545995,provo:27:13,5.955682277679443,1360,[1081],1,14,14,14
27,14,229.48611111111111,290.64285714285717,with,with,6.85,-2.149966736176128,4,5.435842509634935,5.672095218386431,provo,229.48611111111111,5.435842509634935,provo:27:14,5.583705902099609,1361,[351],1,15,15,15
27,15,225.126582278481,409.2619047619048,rehearsing,rehearsing,3.13,-5.869634062734793,10,5.416662831915534,6.014355305044789,provo,225.126582278481,5.416662831915534,provo:27:15,22.267187118530273,1362,"[28779, 278]",2,16,17,17
27,16,149.45454545454547,43.607142857142854,a,a,7.36,-1.6401645157636295,1,5.006992302817755,3.7752209639355008,provo,149.45454545454547,5.006992302817755,provo:27:16,3.6632838249206543,1363,[257],1,18,18,18
27,17,214.0704225352113,298.5833333333333,piece,piece,5.04,-3.958606920028789,5,5.366305038155145,5.699049067516953,provo,214.0704225352113,5.366305038155145,provo:27:17,7.71506929397583,1364,[3704],1,19,19,19
27,18,187.97674418604652,118.16666666666669,on,on,6.91,-2.089909449064056,2,5.236318254040282,4.772096057304073,provo,187.97674418604652,5.236318254040282,provo:27:18,7.341744899749756,1365,[319],1,20,20,20
27,19,166.3265306122449,129.67857142857142,the,the,7.73,-1.2700257134917023,3,5.113952908124282,4.865058861239132,provo,166.3265306122449,5.113952908124282,provo:27:19,2.118314027786255,1366,[262],1,21,21,21
27,20,175.61666666666667,165.45238095238096,"piano,",piano,4.31,-4.6903677036848,5,5.168303589377427,5.108683425030959,provo,175.61666666666667,5.168303589377427,provo:27:20,6.065921306610107,1367,"[19132, 11]",2,22,23,23
27,21,231.4691358024691,369.7142857142857,practicing,practicing,3.99,-5.0101009911199235,10,5.444446541970512,5.912730506565478,provo,231.4691358024691,5.444446541970512,provo:27:21,9.70637321472168,1368,[18207],1,24,24,24
27,22,174.72222222222223,39.714285714285715,a,a,7.36,-1.6401645157636295,1,5.163197411238376,3.681710964635324,provo,174.72222222222223,5.163197411238376,provo:27:22,3.8944480419158936,1369,[257],1,25,25,25
27,23,227.29166666666663,266.3452380952381,complex,complex,4.86,-4.140260833949011,7,5.426234067919226,5.584793354829762,provo,227.29166666666663,5.426234067919226,provo:27:23,9.304180145263672,1370,[3716],1,26,26,26
27,24,244.03947368421052,303.5952380952381,physical,physical,4.94,-4.059981346376685,8,5.497329989602956,5.715695360600174,provo,244.03947368421052,5.497329989602956,provo:27:24,9.467697143554688,1371,[3518],1,27,27,27
27,25,210.5681818181818,128.9404761904762,task,task,4.65,-4.349691505293128,4,5.349809504801199,4.859350872992423,provo,210.5681818181818,5.349809504801199,provo:27:25,2.688199281692505,1372,[4876],1,28,28,28
27,26,199.825,100.85714285714286,in,in,7.27,-1.730487053447167,2,5.2974419835120825,4.6137050884379285,provo,199.825,5.2974419835120825,provo:27:26,4.961843490600586,1373,[287],1,29,29,29
27,27,211.58333333333337,110.92857142857144,the,the,7.73,-1.2700257134917023,3,5.354618931916678,4.708886493533428,provo,211.58333333333337,5.354618931916678,provo:27:27,3.0359153747558594,1374,[262],1,30,30,30
27,28,216.01538461538465,215.6071428571429,mind,mind,5.41,-3.5900667076825585,4,5.375349630219005,5.3734579686212225,provo,216.01538461538465,5.375349630219005,provo:27:28,7.299613952636719,1375,[2000],1,31,31,31
27,29,215.94915254237287,212.29761904761904,alone,alone,5.16,-3.838631698251693,5,5.375042975075662,5.3579891536092,provo,215.94915254237287,5.375042975075662,provo:27:29,9.405488967895508,1376,[3436],1,32,32,32
27,30,214.1282051282051,120.10714285714286,is,is,7.07,-1.9318141345419195,2,5.366574925023583,4.788384201565066,provo,214.1282051282051,5.366574925023583,provo:27:30,2.0342636108398438,1377,[318],1,33,33,33
27,31,229.04285714285712,253.33333333333337,nearly,nearly,5.0,-3.999999565705735,6,5.433909135139478,5.534706144612267,provo,229.04285714285712,5.433909135139478,provo:27:31,8.512038230895996,1378,[3016],1,34,34,34
27,32,189.0,68.66666666666667,as,as,6.77,-2.2298846978394775,2,5.241747015059643,4.229263880121471,provo,189.0,5.241747015059643,provo:27:32,1.9634981155395508,1379,[355],1,35,35,35
27,33,218.93421052631575,295.64285714285717,effective,effective,4.89,-4.110137719084335,9,5.388771276129176,5.689152162133474,provo,218.93421052631575,5.388771276129176,provo:27:33,2.068868398666382,1380,[4050],1,36,36,36
27,34,146.125,42.892857142857146,a,a,7.36,-1.6401645157636295,1,4.984462419792233,3.75870531190478,provo,146.125,4.984462419792233,provo:27:34,8.342156410217285,1381,[257],1,37,37,37
27,35,221.9620253164557,320.2142857142857,learning,learning,4.92,-4.07987615172103,8,5.402506310107257,5.7689904145401805,provo,221.9620253164557,5.402506310107257,provo:27:35,6.419347286224365,1382,[4673],1,38,38,38
27,36,188.32,268.0357142857143,strategy,strategy,4.74,-4.259636520880143,8,5.238142643511966,5.591120233892358,provo,188.32,5.238142643511966,provo:27:36,5.411830902099609,1383,[4811],1,39,39,39
27,37,235.32258064516128,86.8452380952381,as,as,6.77,-2.2298846978394775,2,5.4609572564717395,4.464127662113572,provo,235.32258064516128,5.4609572564717395,provo:27:37,0.4728892147541046,1384,[355],1,40,40,40
27,38,229.98666666666668,336.4642857142857,actually,actually,5.49,-3.510041380026812,8,5.438021336228318,5.818492008873464,provo,229.98666666666668,5.438021336228318,provo:27:38,10.417498588562012,1385,[1682],1,41,41,41
27,39,236.73076923076923,309.5595238095238,physically,physically,4.3,-4.698967832869038,10,5.466923500597072,5.735150396119398,provo,236.73076923076923,5.466923500597072,provo:27:39,11.504103660583496,1386,[10170],1,42,42,42
27,40,233.88524590163937,183.8690476190476,doing,doing,5.6,-3.40011681880711,5,5.454830592941503,5.214223806509368,provo,233.88524590163937,5.454830592941503,provo:27:40,4.583433151245117,1387,[1804],1,43,43,43
27,41,192.57575757575756,78.8452380952381,it.,it,6.95,-2.0501222910888885,2,5.260489622157074,4.367486919641666,provo,192.57575757575756,5.260489622157074,provo:27:41,0.729692816734314,1388,"[340, 13]",2,44,45,45
27,42,191.3617021276596,111.86904761904762,But,but,6.63,-2.369572114804145,3,5.254165365620594,4.717328969539752,provo,191.3617021276596,5.254165365620594,provo:27:42,6.5385003089904785,1389,[887],1,46,46,46
27,43,207.86486486486487,110.11904761904762,it,it,6.95,-2.0501222910888885,2,5.33688818041283,4.7015620316631574,provo,207.86486486486487,5.33688818041283,provo:27:43,4.140936851501465,1390,[340],1,47,47,47
27,44,226.4102564102564,699.7857142857143,doesn't,doesn't,5.53,-3.4698001736864703,7,5.422348647468359,6.550774165729384,provo,226.4102564102564,5.422348647468359,provo:27:44,5.4768290519714355,1391,"[1595, 470]",2,48,49,49
27,45,225.96923076923076,302.04761904761904,stop,stop,5.52,-3.480171875017509,4,5.420398842964635,5.710584683910474,provo,225.96923076923076,5.420398842964635,provo:27:45,5.2137017250061035,1392,[2245],1,50,50,50
27,46,296.8474576271187,372.2261904761905,there.,there,6.31,-2.6903698112851564,5,5.693218396176451,5.919501708406875,provo,296.8474576271187,5.693218396176451,provo:27:46,0.8018007278442383,1393,"[612, 13]",2,51,52,52
28,2,212.9393939393939,240.98809523809524,bill,bill,5.15,-3.8507805793344585,4,5.361007589725718,5.484747534918264,provo,212.9393939393939,5.361007589725718,provo:28:2,,1394,[35546],1,0,0,0
28,3,202.17543859649123,174.0,was,was,6.82,-2.1797985339440955,3,5.309135828369869,5.159055299214529,provo,202.17543859649123,5.309135828369869,provo:28:3,7.326861381530762,1395,[373],1,1,1,1
28,4,210.45714285714288,298.0238095238095,drafted,drafted,3.91,-5.0899041125632385,7,5.349282035515597,5.697173381044655,provo,210.45714285714288,5.349282035515597,provo:28:4,10.364481925964355,1396,[15937],1,2,2,2
28,5,187.04,65.8452380952381,and,and,7.41,-1.5900668749788436,3,5.231322497723759,4.187307111151364,provo,187.04,5.231322497723759,provo:28:5,4.401203155517578,1397,[290],1,3,3,3
28,6,220.42307692307693,359.73809523809524,introduced,introduced,4.72,-4.279839869367247,10,5.395548776530256,5.885376253456473,provo,220.42307692307693,5.395548776530256,provo:28:6,8.560392379760742,1398,[5495],1,4,4,4
28,7,195.2741935483871,183.8452380952381,into,into,6.11,-2.8894102560345134,4,5.274404691662649,5.214094306379687,provo,195.2741935483871,5.274404691662649,provo:28:7,2.4004974365234375,1399,[656],1,5,5,5
28,8,211.07407407407408,320.2142857142857,Parliament,parliament,4.74,-4.259636520880143,10,5.35220913383067,5.7689904145401805,provo,211.07407407407408,5.35220913383067,provo:28:8,6.47396993637085,1400,[8411],1,6,6,6
28,9,234.77027027027023,253.4404761904762,several,several,5.39,-3.61083373837245,7,5.45860746268973,5.535128987532425,provo,234.77027027027023,5.45860746268973,provo:28:9,11.645430564880371,1401,[1811],1,7,7,7
28,10,203.43636363636364,154.41666666666666,times,times,5.56,-3.440093255323551,5,5.31535324657525,5.03965457649736,provo,203.43636363636364,5.31535324657525,provo:28:10,2.5715510845184326,1402,[1661],1,8,8,8
28,11,181.1190476190476,104.83333333333331,but,but,6.63,-2.369572114804145,3,5.199154536713933,4.6523717874723856,provo,181.1190476190476,5.199154536713933,provo:28:11,7.173440933227539,1403,[475],1,9,9,9
28,12,235.0727272727273,182.8809523809524,met,met,5.09,-3.910094535475801,3,5.459894944022082,5.208835407715314,provo,235.0727272727273,5.459894944022082,provo:28:12,12.378137588500977,1404,[1138],1,10,10,10
28,13,215.45454545454547,175.4404761904762,with,with,6.85,-2.149966736176128,4,5.372749961330807,5.1672998183699494,provo,215.45454545454547,5.372749961330807,provo:28:13,0.8755695223808289,1405,[351],1,11,11,11
28,14,213.859375,205.6428571428571,great,great,5.88,-3.119758166885224,5,5.365318672851594,5.326140960996917,provo,213.859375,5.365318672851594,provo:28:14,7.709208965301514,1406,[1049],1,12,12,12
28,15,204.16,265.23809523809524,"opposition,",opposition,4.57,-4.4294558926613865,10,5.318904000156425,5.580627895197907,provo,204.16,5.318904000156425,provo:28:15,5.481189727783203,1407,"[5471, 11]",2,13,14,14
28,16,214.2054794520548,279.98809523809524,mostly,mostly,4.83,-4.170052661611381,6,5.366935738695119,5.6347470852585735,provo,214.2054794520548,5.366935738695119,provo:28:16,6.261895179748535,1408,[4632],1,15,15,15
28,17,174.77586206896552,183.0,from,from,6.63,-2.369572114804145,4,5.163504364835981,5.209486152841421,provo,174.77586206896552,5.163504364835981,provo:28:17,1.0956815481185913,1409,[422],1,16,16,16
28,18,199.43835616438355,262.51190476190476,farmers.,farmers,4.43,-4.570246105522965,7,5.2955051969249345,5.570296432477254,provo,199.43835616438355,5.2955051969249345,provo:28:18,11.009601593017578,1410,"[9818, 13]",2,17,18,18
28,19,226.91139240506328,339.42857142857144,"Eventually,",eventually,4.88,-4.119757651911903,10,5.424559599450285,5.8272635314272225,provo,226.91139240506328,5.424559599450285,provo:28:19,9.890204429626465,1411,"[16178, 11]",2,19,20,20
28,20,187.02564102564105,102.86904761904762,in,in,7.27,-1.730487053447167,2,5.2312457252389795,4.633456796998086,provo,187.02564102564105,5.2312457252389795,provo:28:20,5.436578750610352,1412,[287],1,21,21,21
28,21,231.9459459459459,380.4404761904762,"1925,",1925,3.94,-5.06247709306378,4,5.446504352907246,5.941329729296916,provo,231.9459459459459,5.446504352907246,provo:28:21,7.66786527633667,1413,"[36864, 11]",2,22,23,23
28,22,184.9393939393939,84.73809523809524,it,it,6.95,-2.0501222910888885,2,5.220028171078015,4.439565267226825,provo,184.9393939393939,5.220028171078015,provo:28:22,4.783267498016357,1414,[340],1,24,24,24
28,23,208.24074074074073,154.46428571428572,was,was,6.82,-2.1797985339440955,3,5.338694817829142,5.039962909190776,provo,208.24074074074073,5.338694817829142,provo:28:23,0.529338538646698,1415,[373],1,25,25,25
28,24,215.27777777777777,252.22619047619048,decided,decided,5.09,-3.910094535475801,7,5.371929183891282,5.530326266180977,provo,215.27777777777777,5.371929183891282,provo:28:24,6.399318218231201,1416,[3066],1,26,26,26
28,25,200.27083333333337,137.64285714285714,that,that,7.01,-1.9913998239802937,4,5.2996706171579255,4.9246623387991075,provo,200.27083333333337,5.2996706171579255,provo:28:25,0.9340059757232666,1417,[326],1,27,27,27
28,26,217.7391304347826,285.14285714285717,summer,summer,5.23,-3.769550823154459,6,5.383297696850785,5.652990307816096,provo,217.7391304347826,5.383297696850785,provo:28:26,16.433732986450195,1418,[3931],1,28,28,28
28,27,216.953125,213.73809523809524,time,time,6.29,-2.709965366365971,4,5.3796813163812285,5.36475141147332,provo,216.953125,5.3796813163812285,provo:28:27,7.519798278808594,1419,[640],1,29,29,29
28,28,203.2615384615385,210.6904761904762,should,should,5.99,-3.0101053918293887,6,5.314493516615043,5.350390118983982,provo,203.2615384615385,5.314493516615043,provo:28:28,2.11596941947937,1420,[815],1,30,30,30
28,29,232.515625,250.28571428571428,begin,begin,4.84,-4.159893277950514,5,5.448957427070378,5.522603122441024,provo,232.515625,5.448957427070378,provo:28:29,6.864842414855957,1421,[2221],1,31,31,31
28,30,193.44827586206895,72.83333333333333,on,on,6.91,-2.089909449064056,2,5.265010168530268,4.288173725867535,provo,193.44827586206895,5.265010168530268,provo:28:30,3.9467837810516357,1422,[319],1,32,32,32
28,31,216.64705882352945,149.11904761904762,the,the,7.73,-1.2700257134917023,3,5.37826957238885,5.004744964242045,provo,216.64705882352945,5.37826957238885,provo:28:31,1.4538663625717163,1423,[262],1,33,33,33
28,32,181.18421052631575,105.76190476190476,day,day,5.95,-3.0501222472207616,3,5.199514251436369,4.661190386171004,provo,181.18421052631575,5.199514251436369,provo:28:32,5.731696605682373,1424,[1110],1,34,34,34
28,33,200.2875,295.4404761904762,following,following,5.46,-3.5406073614441,9,5.299753834333998,5.688467382343971,provo,200.2875,5.299753834333998,provo:28:33,5.672223091125488,1425,[1708],1,35,35,35
28,34,166.4516129032258,65.4047619047619,the,the,7.73,-1.2700257134917023,3,5.114704653990462,4.180595067811906,provo,166.4516129032258,5.114704653990462,provo:28:34,1.3161016702651978,1426,[262],1,36,36,36
28,35,204.33802816901408,256.48809523809524,third,third,5.32,-3.6798535060925928,5,5.319775623361478,5.547082251206625,provo,204.33802816901408,5.319775623361478,provo:28:35,9.9295654296875,1427,[2368],1,37,37,37
28,36,233.83561643835617,326.64285714285717,Saturday,saturday,4.87,-4.13018120592865,8,5.454618374640095,5.788867394042796,provo,233.83561643835617,5.454618374640095,provo:28:36,7.957114219665527,1428,[3909],1,38,38,38
28,37,194.03846153846155,79.95238095238095,in,in,7.27,-1.730487053447167,2,5.268056394766227,4.381431219354118,provo,194.03846153846155,5.268056394766227,provo:28:37,1.132452130317688,1429,[287],1,39,39,39
28,38,223.33823529411765,234.82142857142856,April,april,5.19,-3.80966802163981,5,5.408687372554163,5.4588253468707615,provo,223.33823529411765,5.408687372554163,provo:28:38,3.522442102432251,1430,[3035],1,40,40,40
28,39,195.6153846153846,67.52380952380952,and,and,7.41,-1.5900668749788436,3,5.276150407960583,4.212480269368649,provo,195.6153846153846,5.276150407960583,provo:28:39,3.4890549182891846,1431,[290],1,41,41,41
28,40,226.28358208955223,245.66666666666663,close,close,5.36,-3.640164328011908,5,5.421789000690615,5.503975603521227,provo,226.28358208955223,5.421789000690615,provo:28:40,7.649072170257568,1432,[1969],1,42,42,42
28,41,227.55,201.6190476190476,after,after,6.11,-2.8894102560345134,5,5.427369994462651,5.3063800139713875,provo,227.55,5.427369994462651,provo:28:41,7.775328636169434,1433,[706],1,43,43,43
28,42,177.3548387096774,75.97619047619048,the,the,7.73,-1.2700257134917023,3,5.1781524642400445,4.330420007994875,provo,177.3548387096774,5.1781524642400445,provo:28:42,2.616751194000244,1434,[262],1,44,44,44
28,43,226.76923076923077,229.9404761904762,first,first,6.11,-2.8894102560345134,5,5.423932895847691,5.437820476257068,provo,226.76923076923077,5.423932895847691,provo:28:43,3.2205841541290283,1435,[717],1,45,45,45
28,44,231.72222222222223,377.8809523809524,Saturday,saturday,4.87,-4.13018120592865,8,5.44553933630078,5.93457920522419,provo,231.72222222222223,5.44553933630078,provo:28:44,1.6710083484649658,1436,[3909],1,46,46,46
28,45,214.95833333333337,73.17857142857143,in,in,7.27,-1.730487053447167,2,5.3704442108967045,4.292902638063696,provo,214.95833333333337,5.3704442108967045,provo:28:45,0.9223505258560181,1437,[287],1,47,47,47
28,46,260.1694915254237,378.9880952380952,October,october,5.11,-3.889409953038492,7,5.5613333091096235,5.937504793607812,provo,260.1694915254237,5.5613333091096235,provo:28:46,3.975989818572998,1438,[3267],1,48,48,48
29,2,206.82666666666665,358.3690476190476,early,early,5.43,-3.570247558549859,5,5.331881083386177,5.881563314701237,provo,206.82666666666665,5.331881083386177,provo:29:2,,1439,[11458],1,0,0,0
29,3,201.53164556962025,354.5238095238095,Europeans,europeans,3.87,-5.130175931136036,9,5.305946419028984,5.870775507394686,provo,201.53164556962025,5.305946419028984,provo:29:3,16.46293830871582,1440,[20006],1,1,1,1
29,4,218.3625,368.8571428571428,discovered,discovered,4.74,-4.259636520880143,10,5.386156525831348,5.910409422351274,provo,218.3625,5.386156525831348,provo:29:4,9.978846549987793,1441,[5071],1,2,2,2
29,5,218.40540540540545,282.23809523809524,Easter,easter,4.12,-4.8794227786969016,6,5.386352993589223,5.642751024064415,provo,218.40540540540545,5.386352993589223,provo:29:5,12.729137420654297,1442,[20111],1,3,3,3
29,6,192.87692307692308,209.46428571428572,"Island,",island,5.01,-3.991399402459387,6,5.262052281220388,5.344553250912372,provo,192.87692307692308,5.262052281220388,provo:29:6,5.360385894775391,1443,"[5451, 11]",2,4,5,5
29,7,219.15555555555557,176.47619047619048,its,its,6.14,-2.86012088212815,3,5.389781777013751,5.173185969121882,provo,219.15555555555557,5.389781777013751,provo:29:7,8.696788787841797,1444,[663],1,6,6,6
29,8,228.41772151898735,361.8095238095238,somewhat,somewhat,4.55,-4.449770423581891,8,5.4311760646098675,5.891117896024148,provo,228.41772151898735,5.4311760646098675,provo:29:8,15.399347305297852,1445,[6454],1,7,7,7
29,9,238.44,345.4642857142857,isolated,isolated,4.24,-4.759448255779274,8,5.474117706351726,5.844889268007343,provo,238.44,5.474117706351726,provo:29:9,7.958841323852539,1446,[11557],1,8,8,8
29,10,263.05128205128204,332.7857142857143,ecosystem,ecosystem,3.78,-5.219675485689354,9,5.572349001958067,5.807498782201538,provo,263.05128205128204,5.572349001958067,provo:29:10,9.719574928283691,1447,[13187],1,9,9,9
29,11,214.3421052631579,105.79761904761904,was,was,6.82,-2.1797985339440955,3,5.36757336130976,4.661528014895161,provo,214.3421052631579,5.36757336130976,provo:29:11,4.529390811920166,1448,[373],1,10,10,10
29,12,210.3783783783784,280.04761904761904,suffering,suffering,4.53,-4.469799020694141,9,5.348907711221616,5.634959656736533,provo,210.3783783783784,5.348907711221616,provo:29:12,11.94636344909668,1449,[7195],1,11,11,11
29,13,169.8793103448276,129.46428571428572,from,from,6.63,-2.369572114804145,4,5.135088245776055,4.863405057113571,provo,169.8793103448276,5.135088245776055,provo:29:13,0.9783213138580322,1450,[422],1,12,12,12
29,14,182.12121212121212,81.73809523809524,the,the,7.73,-1.2700257134917023,3,5.204672466062773,4.403520175174323,provo,182.12121212121212,5.204672466062773,provo:29:14,4.1959228515625,1451,[262],1,13,13,13
29,15,172.84722222222223,261.8333333333333,effects,effects,4.89,-4.110137719084335,7,5.1524080957856375,5.567708169027566,provo,172.84722222222223,5.1524080957856375,provo:29:15,3.0433664321899414,1452,[3048],1,14,14,14
29,16,190.4,90.6547619047619,of,of,7.4,-1.600326276788705,2,5.249127122357265,4.507058466485948,provo,190.4,5.249127122357265,provo:29:16,0.020752960816025734,1453,[286],1,15,15,15
29,17,224.42307692307693,334.9047619047619,limited,limited,5.02,-3.978810287316467,7,5.413533006699175,5.813846198584596,provo,224.42307692307693,5.413533006699175,provo:29:17,11.176830291748047,1454,[3614],1,16,16,16
29,18,245.88888888888889,260.5952380952381,natural,natural,5.11,-3.889409953038492,7,5.504879762714831,5.562968391673595,provo,245.88888888888889,5.504879762714831,provo:29:18,5.223301410675049,1455,[3288],1,17,17,17
29,19,235.89705882352945,235.67857142857144,"resources,",resources,4.91,-4.089908920218706,9,5.463395518440735,5.462468891208218,provo,235.89705882352945,5.463395518440735,provo:29:19,2.4907028675079346,1456,"[4133, 11]",2,18,19,19
29,20,245.9268292682927,500.1547619047619,"deforestation,",deforestation,3.2,-5.801315426922857,13,5.505034049688907,6.214917574339103,provo,245.9268292682927,5.505034049688907,provo:29:20,8.931880950927734,1457,"[48152, 11]",2,20,21,21
29,21,177.0,24.238095238095237,and,and,7.41,-1.5900668749788436,3,5.176149732573829,3.1879255788271,provo,177.0,5.176149732573829,provo:29:21,0.842362105846405,1458,[290],1,22,22,22
29,22,242.8780487804878,445.4880952380952,overpopulation.,overpopulation,2.71,-6.289797985344615,14,5.49255946049782,6.099170524304874,provo,242.8780487804878,5.49255946049782,provo:29:22,10.74156379699707,1459,"[625, 39748, 13]",3,23,25,25
29,23,239.95348837209303,164.36904761904762,Over,over,6.08,-2.9208187177611697,4,5.480445106111032,5.102114190072839,provo,239.95348837209303,5.480445106111032,provo:29:23,7.10115385055542,1460,[3827],1,26,26,26
29,24,202.78333333333333,184.07142857142856,the,the,7.73,-1.2700257134917023,3,5.312138085565349,5.215323881037106,provo,202.78333333333333,5.312138085565349,provo:29:24,1.1620783805847168,1461,[262],1,27,27,27
29,25,194.5,233.26190476190476,following,following,5.46,-3.5406073614441,9,5.270432163058501,5.452161877061274,provo,194.5,5.270432163058501,provo:29:25,6.202381610870361,1462,[1708],1,28,28,28
29,26,208.16666666666663,222.52380952380952,years,years,5.96,-3.040005114051578,5,5.338339040897522,5.405034104977003,provo,208.16666666666663,5.338339040897522,provo:29:26,3.455897808074951,1463,[812],1,29,29,29
29,27,169.14545454545456,144.76190476190476,the,the,7.73,-1.2700257134917023,3,5.130759022536088,4.975090356676844,provo,169.14545454545456,5.130759022536088,provo:29:27,3.90667986869812,1464,[262],1,30,30,30
29,28,190.1818181818182,285.98809523809524,island's,island's,3.41,-5.590049978379491,8,5.247980552386443,5.655950184911881,provo,190.1818181818182,5.247980552386443,provo:29:28,3.8375067710876465,1465,"[7022, 338]",2,31,32,32
29,29,225.64197530864195,286.3095238095238,population,population,5.01,-3.991399402459387,10,5.418949563082004,5.657073476690593,provo,225.64197530864195,5.418949563082004,provo:29:29,2.0519282817840576,1466,[3265],1,33,33,33
29,30,197.64,69.54761904761905,of,of,7.4,-1.600326276788705,2,5.2864471939775495,4.242011684104373,provo,197.64,5.2864471939775495,provo:29:30,5.867262363433838,1467,[286],1,34,34,34
29,31,243.6969696969697,211.79761904761904,four,four,5.53,-3.4698001736864703,4,5.495925525990739,5.355631191591462,provo,243.6969696969697,5.495925525990739,provo:29:31,10.11388874053955,1468,[1440],1,35,35,35
29,32,202.90769230769232,199.54761904761904,thousand,thousand,4.64,-4.359517569221832,8,5.312751157930248,5.296052899815538,provo,202.90769230769232,5.312751157930248,provo:29:32,6.129180908203125,1469,[7319],1,36,36,36
29,33,238.08695652173913,73.60714285714286,or,or,6.54,-2.4596705126934353,2,5.47263597047919,4.298742070715255,provo,238.08695652173913,5.47263597047919,provo:29:33,5.737058639526367,1470,[393],1,37,37,37
29,34,225.2826086956522,147.02380952380952,so,so,6.52,-2.4801719931036024,2,5.4173556526951225,4.99059454321281,provo,225.2826086956522,5.4173556526951225,provo:29:34,1.963856816291809,1471,[523],1,38,38,38
29,35,219.09803921568627,153.16666666666666,was,was,6.82,-2.1797985339440955,3,5.389519297294768,5.031526653127632,provo,219.09803921568627,5.389519297294768,provo:29:35,3.3709464073181152,1472,[373],1,39,39,39
29,36,212.65151515151516,200.75,slowly,slowly,4.63,-4.369571107893071,6,5.359654746769557,5.302060352826871,provo,212.65151515151516,5.359654746769557,provo:29:36,6.5735249519348145,1473,[6364],1,40,40,40
29,37,251.97058823529412,250.17857142857144,eroded,eroded,3.33,-5.669565932990288,6,5.529312367347883,5.522174948595904,provo,251.97058823529412,5.529312367347883,provo:29:37,7.41654109954834,1474,[44699],1,41,41,41
29,38,217.53333333333333,80.89285714285714,by,by,6.66,-2.340083790426988,2,5.38235209549111,4.3931255277419305,provo,217.53333333333333,5.38235209549111,provo:29:38,2.4460136890411377,1475,[416],1,42,42,42
29,39,206.34782608695653,199.5952380952381,Western,western,5.01,-3.991399402459387,7,5.329563221066559,5.296291506354489,provo,206.34782608695653,5.329563221066559,provo:29:39,11.36668872833252,1476,[4885],1,43,43,43
29,40,224.0958904109589,240.8452380952381,disease,disease,4.9,-4.100178950602868,7,5.41207404244578,5.4841545616341,provo,224.0958904109589,5.41207404244578,provo:29:40,11.408658027648926,1477,[4369],1,44,44,44
29,41,162.05714285714285,78.44047619047619,and,and,7.41,-1.5900668749788436,3,5.08794900672255,4.362340072070507,provo,162.05714285714285,5.08794900672255,provo:29:41,1.3949309587478638,1478,[290],1,45,45,45
29,42,212.0379746835443,470.5357142857143,deportation,deportation,3.57,-5.429445385692169,11,5.356765384496665,6.153871863234359,provo,212.0379746835443,5.356765384496665,provo:29:42,17.598682403564453,1479,[24031],1,46,46,46
29,43,212.65853658536585,142.8452380952381,by,by,6.66,-2.340083790426988,2,5.359687764723507,4.961761793121076,provo,212.65853658536585,5.359687764723507,provo:29:43,6.074999809265137,1480,[416],1,47,47,47
29,44,241.04166666666663,354.6666666666667,slave,slave,4.31,-4.6903677036848,5,5.484969809279831,5.87117838123348,provo,241.04166666666663,5.484969809279831,provo:29:44,8.624204635620117,1481,[11778],1,48,48,48
29,45,270.63157894736844,291.39285714285717,traders.,traders,3.95,-5.0501174217538685,7,5.600758408659394,5.674672381253596,provo,270.63157894736844,5.600758408659394,provo:29:45,1.9472559690475464,1482,"[21703, 13]",2,49,50,50
30,2,194.775,371.5119047619048,drinking,drinking,4.71,-4.289881788311072,8,5.271845046216922,5.917580908763909,provo,194.775,5.271845046216922,provo:30:2,,1483,"[7109, 8040]",2,0,1,1
30,3,216.5813953488372,134.27380952380952,may,may,5.98,-3.019996582940394,3,5.377966436828095,4.899881069796603,provo,216.5813953488372,5.377966436828095,provo:30:3,11.423406600952148,1484,[743],1,2,2,2
30,4,220.6904761904762,129.58333333333334,not,not,6.69,-2.3098039111083337,3,5.396761159592464,4.8643241748253345,provo,220.6904761904762,5.396761159592464,provo:30:4,3.6046910285949707,1485,[407],1,3,3,3
30,5,207.6125,295.07142857142856,necessarily,necessarily,4.48,-4.519991618984032,11,5.335673361425117,5.687217457781506,provo,207.6125,5.335673361425117,provo:30:5,6.238725662231445,1486,[6646],1,4,4,4
30,6,200.7076923076923,184.07142857142856,kill,kill,5.09,-3.910094535475801,4,5.301849582460404,5.215323881037106,provo,200.7076923076923,5.301849582460404,provo:30:6,8.736202239990234,1487,[1494],1,5,5,5
30,7,198.68965517241375,71.45238095238095,or,or,6.54,-2.4596705126934353,2,5.291744085657999,4.269031227156999,provo,198.68965517241375,5.291744085657999,provo:30:7,6.273993015289307,1488,[393],1,6,6,6
30,8,226.16949152542372,179.48809523809524,even,even,5.99,-3.0101053918293887,4,5.421284680692809,5.190108883935605,provo,226.16949152542372,5.421284680692809,provo:30:8,4.009739875793457,1489,[772],1,7,7,7
30,9,190.3661971830986,215.82142857142856,damage,damage,4.9,-4.100178950602868,6,5.248949570792865,5.374451346186355,provo,190.3661971830986,5.248949570792865,provo:30:9,7.0227813720703125,1490,[2465],1,8,8,8
30,10,201.66153846153847,186.27380952380952,brain,brain,4.94,-4.059981346376685,5,5.3065907399230685,5.2272176854587435,provo,201.66153846153847,5.3065907399230685,provo:30:10,12.871374130249023,1491,[3632],1,9,9,9
30,11,176.6590909090909,117.72619047619048,"cells,",cells,4.75,-4.2502629116656445,5,5.1742218353119585,4.768361508426677,provo,176.6590909090909,5.1742218353119585,provo:30:11,2.1966164112091064,1492,"[4778, 11]",2,10,11,11
30,12,186.875,47.035714285714285,as,as,6.77,-2.2298846978394775,2,5.230439944144951,3.8509071915680777,provo,186.875,5.230439944144951,provo:30:12,5.2437663078308105,1493,[355],1,12,12,12
30,13,230.8552631578947,315.10714285714283,commonly,commonly,4.38,-4.619786948731822,8,5.4417909477309845,5.7529127170469,provo,230.8552631578947,5.4417909477309845,provo:30:13,11.196857452392578,1494,[8811],1,13,13,13
30,14,200.41666666666663,217.51190476190476,"thought,",thought,5.59,-3.4100502870304807,7,5.300398532751861,5.382253583568351,provo,200.41666666666663,5.300398532751861,provo:30:14,4.0384521484375,1495,"[1807, 11]",2,14,15,15
30,15,167.64705882352942,45.23809523809524,a,a,7.36,-1.6401645157636295,1,5.1218609292064805,3.811939546871164,provo,167.64705882352942,5.1218609292064805,provo:30:15,8.350568771362305,1496,[257],1,16,16,16
30,16,197.68333333333337,168.5952380952381,new,new,6.25,-2.74957997329254,3,5.286666423807175,5.127500801368406,provo,197.68333333333337,5.286666423807175,provo:30:16,3.4920670986175537,1497,[649],1,17,17,17
30,17,200.86666666666667,306.51190476190476,animal,animal,4.81,-4.189766809722957,6,5.302641338028091,5.725256595606982,provo,200.86666666666667,5.302641338028091,provo:30:17,10.264419555664062,1498,[5044],1,18,18,18
30,18,179.0281690140845,279.4761904761905,study,study,5.26,-3.739928373391649,5,5.187543162253354,5.632917102834911,provo,179.0281690140845,5.187543162253354,provo:30:18,0.6236405968666077,1499,[2050],1,19,19,19
30,19,189.73333333333332,312.0952380952381,suggests.,suggests,4.49,-4.5100401150936795,8,5.245619577547587,5.7433083915353365,provo,189.73333333333332,5.245619577547587,provo:30:19,1.8358641862869263,1500,"[5644, 13]",2,20,21,21
30,20,193.45454545454547,135.97619047619048,But,but,6.63,-2.369572114804145,3,5.265042577663165,4.912479800381495,provo,193.45454545454547,5.265042577663165,provo:30:20,5.511813640594482,1501,[887],1,22,22,22
30,21,196.35555555555555,125.14285714285714,it,it,6.95,-2.0501222910888885,2,5.279927074769688,4.829455941881078,provo,196.35555555555555,5.279927074769688,provo:30:21,3.3754374980926514,1502,[340],1,23,23,23
30,22,189.3921568627451,142.0595238095238,can,can,6.46,-2.5406074971611,3,5.24381976945497,4.956246151526342,provo,189.3921568627451,5.24381976945497,provo:30:22,3.832690477371216,1503,[460],1,24,24,24
30,23,195.2676056338028,220.83333333333337,block,block,4.88,-4.119757651911903,5,5.274370954354127,5.397408269192268,provo,195.2676056338028,5.274370954354127,provo:30:23,9.155329704284668,1504,[2512],1,25,25,25
30,24,214.91304347826087,136.45238095238096,key,key,5.12,-3.8794257397833034,3,5.37023349737781,4.91597569626837,provo,214.91304347826087,5.37023349737781,provo:30:24,8.542962074279785,1505,[1994],1,26,26,26
30,25,228.2207792207792,347.5238095238095,receptors,receptors,3.65,-5.349682761216518,9,5.430313490341162,5.8508331792729695,provo,228.2207792207792,5.430313490341162,provo:30:25,6.602009296417236,1506,[20099],1,27,27,27
30,26,178.28,55.76190476190476,in,in,7.27,-1.730487053447167,2,5.183355348078355,4.021090925874295,provo,178.28,5.183355348078355,provo:30:26,2.258399486541748,1507,[287],1,28,28,28
30,27,194.6904761904762,118.6547619047619,the,the,7.73,-1.2700257134917023,3,5.271410995878609,4.776218116124142,provo,194.6904761904762,5.271410995878609,provo:30:27,0.6734970211982727,1508,[262],1,29,29,29
30,28,205.63076923076923,182.76190476190476,brain,brain,4.94,-4.059981346376685,5,5.326082178175378,5.208184238844222,provo,205.63076923076923,5.326082178175378,provo:30:28,0.4185139238834381,1509,[3632],1,30,30,30
30,29,199.28571428571428,50.976190476190474,and,and,7.41,-1.5900668749788436,3,5.294739545200152,3.9313586703063144,provo,199.28571428571428,5.294739545200152,provo:30:29,3.164235830307007,1510,[290],1,31,31,31
30,30,238.16901408450704,240.3095238095238,trigger,trigger,4.25,-4.749577557841319,7,5.47298056485131,5.4819277749554916,provo,238.16901408450704,5.47298056485131,provo:30:30,5.4982171058654785,1511,[7616],1,32,32,32
30,31,220.3947368421053,283.70238095238096,production,production,5.14,-3.860120598892731,10,5.395420196966882,5.647925734280051,provo,220.3947368421053,5.395420196966882,provo:30:31,10.918903350830078,1512,[3227],1,33,33,33
30,32,168.2972972972973,76.25,of,of,7.4,-1.600326276788705,2,5.125732042228227,4.334017415487521,provo,168.2972972972973,5.125732042228227,provo:30:32,0.0699002593755722,1513,[286],1,34,34,34
30,33,220.3548387096774,90.3095238095238,a,a,7.36,-1.6401645157636295,1,5.395239150246703,4.503242923405531,provo,220.3548387096774,5.395239150246703,provo:30:33,3.7861721515655518,1514,[257],1,35,35,35
30,34,214.14864864864865,305.9642857142857,steroid,steroid,3.33,-5.669565932990288,7,5.366670393738638,5.72346838178884,provo,214.14864864864865,5.366670393738638,provo:30:34,11.319260597229004,1515,[40762],1,36,36,36
30,35,172.0,141.73809523809524,that,that,7.01,-1.9913998239802937,4,5.147494476813453,4.953980954870022,provo,172.0,5.147494476813453,provo:30:35,4.477665901184082,1516,[326],1,37,37,37
30,36,235.679012345679,389.4880952380952,interferes,interferes,3.05,-5.9507432027677725,10,5.462470762047355,5.964833300628292,provo,235.679012345679,5.462470762047355,provo:30:36,10.65308666229248,1517,"[987, 5036, 411]",3,38,40,40
30,37,191.2,86.26190476190476,with,with,6.85,-2.149966736176128,4,5.2533200006173,4.4573880726117086,provo,191.2,5.2533200006173,provo:30:37,0.026207998394966125,1518,[351],1,41,41,41
30,38,214.12328767123287,225.0,brain,brain,4.94,-4.059981346376685,5,5.36655195974708,5.41610040220442,provo,214.12328767123287,5.36655195974708,provo:30:38,3.544553518295288,1519,[3632],1,42,42,42
30,39,202.77777777777777,233.71428571428572,functions,functions,4.5,-4.500311543034145,9,5.312110688680373,5.4540993681073795,provo,202.77777777777777,5.312110688680373,provo:30:39,4.222072124481201,1520,[5499],1,43,43,43
30,40,252.51351351351352,297.2142857142857,critical,critical,4.83,-4.170052661611381,8,5.531464766148731,5.694453379367682,provo,252.51351351351352,5.531464766148731,provo:30:40,11.054121971130371,1521,[4688],1,44,44,44
30,41,218.44,69.53571428571429,to,to,7.43,-1.5702477183831145,2,5.386511377283953,4.241840495196996,provo,218.44,5.386511377283953,provo:30:41,1.390765905380249,1522,[284],1,45,45,45
30,42,252.34722222222223,403.7380952380952,learning,learning,4.92,-4.07987615172103,8,5.530806005086386,6.000766388623759,provo,252.34722222222223,5.530806005086386,provo:30:42,4.106273651123047,1523,[4673],1,46,46,46
30,43,213.3703703703704,81.39285714285714,and,and,7.41,-1.5900668749788436,3,5.363029483728054,4.39928751907048,provo,213.3703703703704,5.363029483728054,provo:30:43,0.7693120837211609,1524,[290],1,47,47,47
30,44,241.52727272727273,277.85714285714283,memory.,memory,4.81,-4.189766809722957,6,5.486982397264167,5.627107106997233,provo,241.52727272727273,5.486982397264167,provo:30:44,0.6470719575881958,1525,"[4088, 13]",2,48,49,49
31,2,183.07792207792207,340.0595238095238,preparing,preparing,4.33,-4.669584197242084,9,5.209911865917242,5.829120672315249,provo,183.07792207792207,5.209911865917242,provo:31:2,,1526,"[46012, 1723]",2,0,1,1
31,3,211.0,69.22619047619048,to,to,7.43,-1.5702477183831145,2,5.351858133476067,4.237379266109452,provo,211.0,5.351858133476067,provo:31:3,3.2804713249206543,1527,[284],1,2,2,2
31,4,191.8939393939394,201.8928571428571,check,check,5.31,-3.690369619684702,5,5.25694282040935,5.307737146500087,provo,191.8939393939394,5.25694282040935,provo:31:4,11.140955924987793,1528,[2198],1,3,3,3
31,5,175.11111111111111,132.82142857142858,out,out,6.38,-2.619788740192791,3,5.165420693081605,4.889005583749866,provo,175.11111111111111,5.165420693081605,provo:31:5,3.7431256771087646,1529,[503],1,4,4,4
31,6,200.86363636363637,136.3095238095238,of,of,7.4,-1.600326276788705,2,5.302626251772424,4.914928210139072,provo,200.86363636363637,5.302626251772424,provo:31:6,8.032275199890137,1530,[286],1,5,5,5
31,7,200.5,228.6309523809524,their,their,6.33,-2.669586206356675,5,5.300814246746624,5.432109141936691,provo,200.5,5.300814246746624,provo:31:7,6.528169631958008,1531,[511],1,6,6,6
31,8,187.21666666666667,154.61904761904762,hotel,hotel,4.95,-4.050121808539738,5,5.232266591419468,5.040964334379423,provo,187.21666666666667,5.232266591419468,provo:31:8,6.101563930511475,1532,[7541],1,7,7,7
31,9,172.0,91.79761904761904,"room,",room,5.39,-3.61083373837245,4,5.147494476813453,4.519586360989647,provo,172.0,5.147494476813453,provo:31:9,4.910770416259766,1533,"[2119, 11]",2,8,9,9
31,10,205.44,145.07142857142858,some,some,6.2,-2.8013428855585856,4,5.325154020501596,4.977226231965126,provo,205.44,5.325154020501596,provo:31:10,9.264354705810547,1534,[617],1,10,10,10
31,11,211.6315789473684,277.89285714285717,frequent,frequent,4.27,-4.730484720871791,8,5.354846927730834,5.627235633441726,provo,211.6315789473684,5.354846927730834,provo:31:11,14.420868873596191,1535,[10792],1,11,11,11
31,12,225.13698630136983,291.3333333333333,travelers,travelers,3.84,-5.159887629656769,9,5.416709044949928,5.674468086987425,provo,225.13698630136983,5.416709044949928,provo:31:12,3.392472743988037,1536,[23325],1,12,12,12
31,13,227.15384615384616,158.64285714285714,pile,pile,4.14,-4.8601177665487025,4,5.425627524282386,5.066655494279169,provo,227.15384615384616,5.425627524282386,provo:31:13,14.015771865844727,1537,[14540],1,13,13,13
31,14,228.4878048780488,125.0595238095238,up,up,6.39,-2.6108338979091625,2,5.431482838573245,4.828789814435787,provo,228.4878048780488,5.431482838573245,provo:31:14,2.8473238945007324,1538,[510],1,14,14,14
31,15,203.46875,211.3690476190476,their,their,6.33,-2.669586206356675,5,5.315512430437136,5.353605646533874,provo,203.46875,5.315512430437136,provo:31:15,4.37394380569458,1539,[511],1,15,15,15
31,16,212.044776119403,221.46428571428572,used,used,5.8,-3.1999705719294873,4,5.356797460481111,5.4002613381746745,provo,212.044776119403,5.356797460481111,provo:31:16,15.531238555908203,1540,[973],1,16,16,16
31,17,204.85454545454544,173.9047619047619,bath,bath,4.44,-4.5606657269199475,4,5.322300192931695,5.158507803991436,provo,204.85454545454544,5.322300192931695,provo:31:17,12.486339569091797,1541,[7837],1,17,17,17
31,18,202.22368421052633,248.1904761904762,towels,towels,3.65,-5.349682761216518,6,5.309374432320981,5.5141965005213125,provo,202.22368421052633,5.309374432320981,provo:31:18,1.364267349243164,1542,[38494],1,18,18,18
31,19,169.48837209302326,92.52380952380952,on,on,6.91,-2.089909449064056,2,5.132784323246232,4.527466011654017,provo,169.48837209302326,5.132784323246232,provo:31:19,4.593379020690918,1543,[319],1,19,19,19
31,20,170.71794871794873,107.88095238095238,the,the,7.73,-1.2700257134917023,3,5.140012772005324,4.68102832638377,provo,170.71794871794873,5.140012772005324,provo:31:20,0.6978414058685303,1544,[262],1,20,20,20
31,21,205.65277777777777,267.75,bathroom,bathroom,4.54,-4.4596692736418175,8,5.326189201892664,5.590053709327858,provo,205.65277777777777,5.326189201892664,provo:31:21,7.217916011810303,1545,[12436],1,21,21,21
31,22,191.36363636363637,124.48809523809524,"floor,",floor,4.94,-4.059981346376685,5,5.254175473318111,4.824210090755275,provo,191.36363636363637,5.254175473318111,provo:31:22,3.618647575378418,1546,"[4314, 11]",2,22,23,23
31,23,193.16666666666663,164.13095238095238,which,which,6.3,-2.6989699826212954,5,5.263553374111696,5.100664599328315,provo,193.16666666666663,5.263553374111696,provo:31:23,6.085907936096191,1547,[543],1,24,24,24
31,24,199.8030303030303,216.0595238095238,would,would,6.27,-2.7304870324329187,5,5.297332032781274,5.375553942913087,provo,199.8030303030303,5.297332032781274,provo:31:24,7.74234676361084,1548,[561],1,25,25,25
31,25,212.4181818181818,194.8928571428571,make,make,6.08,-2.9208187177611697,4,5.358556887484678,5.272449957011028,provo,212.4181818181818,5.358556887484678,provo:31:25,4.130836009979248,1549,[787],1,26,26,26
31,26,189.58823529411765,146.60714285714286,them,them,6.19,-2.8096682738107104,4,5.244854537759222,4.987756511711325,provo,189.58823529411765,5.244854537759222,provo:31:26,2.9639439582824707,1550,[606],1,27,27,27
31,27,206.6071428571429,172.39285714285714,easy,easy,5.29,-3.70996516592242,4,5.330819129452573,5.149775925485289,provo,206.6071428571429,5.330819129452573,provo:31:27,7.718995571136475,1551,[2562],1,28,28,28
31,28,209.92592592592592,73.61904761904762,for,for,7.01,-1.9913998239802937,3,5.346754734806242,4.298903791423944,provo,209.92592592592592,5.346754734806242,provo:31:28,4.046170711517334,1552,[329],1,29,29,29
31,29,188.92307692307693,266.1190476190476,housekeepers,housekeepers,2.45,-6.549596913844634,12,5.241339931805497,5.583943756102243,provo,188.92307692307693,5.241339931805497,provo:31:29,16.57607650756836,1553,"[2156, 24952]",2,30,31,31
31,30,183.5483870967742,71.42857142857143,to,to,7.43,-1.5702477183831145,2,5.2124783226352305,4.268697949366879,provo,183.5483870967742,5.2124783226352305,provo:31:30,0.23162680864334106,1554,[284],1,32,32,32
31,31,218.72307692307692,202.75,spot.,spot,4.89,-4.110137719084335,4,5.387806440740061,5.311973692995522,provo,218.72307692307692,5.387806440740061,provo:31:31,6.877089977264404,1555,"[4136, 13]",2,33,34,34
31,32,207.64912280701753,174.64285714285714,Other,other,6.16,-2.8386319678136824,5,5.33584974568555,5.162743072293714,provo,207.64912280701753,5.33584974568555,provo:31:32,7.751004695892334,1556,[3819],1,35,35,35
31,33,191.76,235.8690476190476,travelers,travelers,3.84,-5.159887629656769,9,5.256244590126129,5.463276768050945,provo,191.76,5.256244590126129,provo:31:33,2.128203868865967,1557,[23325],1,36,36,36
31,34,220.74603174603175,222.83333333333337,neatly,neatly,3.49,-5.510027465964983,6,5.397012863087078,5.406424107873888,provo,220.74603174603175,5.397012863087078,provo:31:34,15.091144561767578,1558,[29776],1,37,37,37
31,35,169.07575757575756,167.13095238095238,fold,fold,4.08,-4.920815134846772,4,5.130346884159276,5.118777651128638,provo,169.07575757575756,5.130346884159276,provo:31:35,6.041818618774414,1559,[5591],1,38,38,38
31,36,174.58333333333334,158.1904761904762,"them,",them,6.19,-2.8096682738107104,4,5.162402182568238,5.063799852449817,provo,174.58333333333334,5.162402182568238,provo:31:36,11.817781448364258,1560,"[606, 11]",2,39,40,40
31,37,195.3571428571429,68.82142857142857,or,or,6.54,-2.4596705126934353,2,5.274829385240823,4.231515158239162,provo,195.3571428571429,5.274829385240823,provo:31:37,6.889970302581787,1561,[393],1,41,41,41
31,38,194.52631578947367,152.08333333333334,hang,hang,4.6,-4.400115836735518,4,5.270567453595135,5.024428616228592,provo,194.52631578947367,5.270567453595135,provo:31:38,7.71019983291626,1562,[8181],1,42,42,42
31,39,200.58490566037736,160.4404761904762,them,them,6.19,-2.8096682738107104,4,5.301237626736484,5.077923008925846,provo,200.58490566037736,5.301237626736484,provo:31:39,0.4453260004520416,1563,[606],1,43,43,43
31,40,183.3653846153846,137.47619047619048,from,from,6.63,-2.369572114804145,4,5.211480799453092,4.923450741939512,provo,183.3653846153846,5.211480799453092,provo:31:40,3.3280527591705322,1564,[422],1,44,44,44
31,41,195.52631578947367,103.58333333333331,the,the,7.73,-1.2700257134917023,3,5.275694977985419,4.640376441722711,provo,195.52631578947367,5.275694977985419,provo:31:41,2.0350873470306396,1565,[262],1,45,45,45
31,42,203.1780821917808,278.85714285714283,shower,shower,4.5,-4.500311543034145,6,5.314082846657246,5.630699617917724,provo,203.1780821917808,5.314082846657246,provo:31:42,7.433072090148926,1566,[14643],1,46,46,46
31,43,238.69736842105263,381.9642857142857,curtain,curtain,3.86,-5.140255435301712,7,5.475196508654991,5.945327111341302,provo,238.69736842105263,5.475196508654991,provo:31:43,2.3548672199249268,1567,[29461],1,47,47,47
31,44,261.2708333333333,209.83333333333337,pole,pole,4.23,-4.769548523955817,4,5.5655575449161585,5.346313564816292,provo,261.2708333333333,5.5655575449161585,provo:31:44,13.783439636230469,1568,[16825],1,48,48,48
32,2,211.66666666666663,223.3809523809524,no,no,6.35,-2.649751962277691,2,5.355012710224582,5.408878620605035,provo,211.66666666666663,5.355012710224582,provo:32:2,,1569,[3919],1,0,0,0
32,3,188.9156626506024,544.3452380952381,celestial,celestial,3.53,-5.469787490939204,9,5.241300686107801,6.299583674415753,provo,188.9156626506024,5.241300686107801,provo:32:3,17.832181930541992,1570,[33258],1,1,1,1
32,4,220.81333333333333,271.67857142857144,"hurry,",hurry,4.14,-4.8601177665487025,5,5.397317699053181,5.6046196448220975,provo,220.81333333333333,5.397317699053181,provo:32:4,20.326086044311523,1571,"[23290, 11]",2,2,3,3
32,5,242.675,307.9642857142857,Neptune,neptune,3.36,-5.640145553249642,7,5.49172309959829,5.729983820777121,provo,242.675,5.49172309959829,provo:32:5,13.987987518310547,1572,[26461],1,4,4,4
32,6,196.71428571428572,139.35714285714286,has,has,6.37,-2.6307841240302645,3,5.281752349673342,4.937040011007853,provo,196.71428571428572,5.281752349673342,provo:32:6,21.74444007873535,1573,[468],1,5,5,5
32,7,196.29508196721312,205.41666666666663,just,just,6.43,-2.570247703852816,4,5.279619047311986,5.3250404366887905,provo,196.29508196721312,5.279619047311986,provo:32:7,8.104104042053223,1574,[655],1,6,6,6
32,8,215.5,353.8809523809524,completed,completed,4.77,-4.22988396787145,9,5.372960909543803,5.868960563865527,provo,215.5,5.372960909543803,provo:32:8,3.6200246810913086,1575,[5668],1,7,7,7
32,9,209.73809523809524,123.88095238095238,its,its,6.14,-2.86012088212815,3,5.345859586826427,4.819321043006935,provo,209.73809523809524,5.345859586826427,provo:32:9,1.2854608297348022,1576,[663],1,8,8,8
32,10,212.47692307692307,232.6904761904762,first,first,6.11,-2.8894102560345134,5,5.358833385182291,5.449709142055467,provo,212.47692307692307,5.358833385182291,provo:32:10,5.037079811096191,1577,[717],1,9,9,9
32,11,214.91666666666663,175.70238095238096,orbit,orbit,4.03,-4.970612163506823,5,5.370250356093345,5.168791546338462,provo,214.91666666666663,5.370250356093345,provo:32:11,4.094791889190674,1578,[13066],1,10,10,10
32,12,205.1296296296296,155.07142857142858,around,around,5.77,-3.229884631478697,6,5.323642118952659,5.043885840263033,provo,205.1296296296296,5.323642118952659,provo:32:12,1.927415370941162,1579,[1088],1,11,11,11
32,13,192.36111111111111,85.41666666666667,the,the,7.73,-1.2700257134917023,3,5.25937439259943,4.447541241784508,provo,192.36111111111111,5.25937439259943,provo:32:13,0.7870067358016968,1580,[262],1,12,12,12
32,14,193.8108108108108,92.47619047619048,sun,sun,4.97,-4.03011789077199,3,5.26688248123835,4.526951211127847,provo,193.8108108108108,5.26688248123835,provo:32:14,1.5464249849319458,1581,[4252],1,13,13,13
32,15,202.38571428571427,230.29761904761904,since,since,5.75,-3.2502636071543476,5,5.310175353329992,5.4393724682913,provo,202.38571428571427,5.310175353329992,provo:32:15,10.248861312866211,1582,[1201],1,14,14,14
32,16,181.2173913043478,192.71428571428572,being,being,5.95,-3.0501222472207616,5,5.199697367504053,5.261208707152442,provo,181.2173913043478,5.199697367504053,provo:32:16,6.8016676902771,1583,[852],1,15,15,15
32,17,184.50617283950615,366.0595238095238,discovered,discovered,4.74,-4.259636520880143,10,5.2176829200456,5.90279595353735,provo,184.50617283950615,5.2176829200456,provo:32:17,2.8795700073242188,1584,[5071],1,16,16,16
32,18,222.32075471698113,201.1904761904762,165,165,3.74,-5.262799403256712,3,5.404121180161219,5.304252102067851,provo,222.32075471698113,5.404121180161219,provo:32:18,12.877337455749512,1585,[21409],1,17,17,17
32,19,228.93650793650792,236.91666666666663,years,years,5.96,-3.040005114051578,5,5.433444707191978,5.467708461862999,provo,228.93650793650792,5.433444707191978,provo:32:19,1.1528682708740234,1586,[812],1,18,18,18
32,20,198.7906976744186,120.1904761904762,ago,ago,5.42,-3.5800440863792917,3,5.292252500745476,4.789077785937681,provo,198.7906976744186,5.292252500745476,provo:32:20,0.03600570932030678,1587,[2084],1,19,19,19
32,21,227.87234042553192,156.41666666666666,by,by,6.66,-2.340083790426988,2,5.428785561731736,5.052523386798509,provo,227.87234042553192,5.428785561731736,provo:32:21,3.5691444873809814,1588,[416],1,20,20,20
32,22,233.11111111111111,475.6904761904762,Earthlings.,earthlings,2.53,-6.469672210221914,10,5.451515211620023,6.1647673826165805,provo,233.11111111111111,5.451515211620023,provo:32:22,18.75591468811035,1589,"[3668, 17783, 13]",3,21,23,23
32,23,251.53846153846155,147.02380952380952,As,as,6.77,-2.2298846978394775,2,5.527595906429762,4.99059454321281,provo,251.53846153846155,5.527595906429762,provo:32:23,7.1437225341796875,1590,[1081],1,24,24,24
32,24,225.83132530120483,599.25,Space.com,space.com,1.82,-7.1791420105603,9,5.419788372391034,6.395678873314494,provo,225.83132530120483,5.419788372391034,provo:32:24,11.132213592529297,1591,"[4687, 13, 785]",3,25,27,27
32,25,231.45945945945945,295.6904761904762,"notes,",notes,4.84,-4.159893277950514,5,5.444404737065349,5.689313218664664,provo,231.45945945945945,5.444404737065349,provo:32:25,4.555608749389648,1592,"[4710, 11]",2,28,29,29
32,26,182.44,64.23809523809524,the,the,7.73,-1.2700257134917023,3,5.2064213518435,4.162596418484333,provo,182.44,5.2064213518435,provo:32:26,1.8991132974624634,1593,[262],1,30,30,30
32,27,230.71153846153845,170.4404761904762,big,big,5.67,-3.32975405412792,3,5.4411681789335,5.138386122517014,provo,230.71153846153845,5.4411681789335,provo:32:27,9.788143157958984,1594,[1263],1,31,31,31
32,28,222.06493506493507,477.70238095238096,blue-green,blue-green,4.83,-4.171339459111327,10,5.402969839394909,6.168987904583581,provo,222.06493506493507,5.402969839394909,provo:32:28,18.60172462463379,1595,"[4171, 12, 14809]",3,32,34,34
32,29,227.69230769230768,184.6190476190476,gas,gas,5.01,-3.991399402459387,3,5.42799518985657,5.218294499947506,provo,227.69230769230768,5.42799518985657,provo:32:29,8.612900733947754,1596,[3623],1,35,35,35
32,30,239.2058823529412,250.6071428571429,bag,bag,4.79,-4.209714132086483,3,5.477324613550614,5.523886545077085,provo,239.2058823529412,5.477324613550614,provo:32:30,14.067096710205078,1597,[6131],1,36,36,36
32,31,244.41509433962264,198.3571428571429,is,is,7.07,-1.9318141345419195,2,5.49886798619074,5.290069157691541,provo,244.41509433962264,5.49886798619074,provo:32:31,2.9683895111083984,1598,[318],1,37,37,37
32,32,231.37254901960785,158.32142857142858,the,the,7.73,-1.2700257134917023,3,5.444029177729431,5.06462732456985,provo,231.37254901960785,5.444029177729431,provo:32:32,4.270177364349365,1599,[262],1,38,38,38
32,33,172.84745762711864,155.51190476190476,only,only,6.12,-2.8794260358930543,4,5.152409457709382,5.0467222866432495,provo,172.84745762711864,5.152409457709382,provo:32:33,4.590370178222656,1600,[691],1,39,39,39
32,34,190.04,255.51190476190476,planet,planet,4.68,-4.319663579917319,6,5.2472345763187205,5.543269002538351,provo,190.04,5.2472345763187205,provo:32:34,6.015742778778076,1601,[5440],1,40,40,40
32,35,191.0,78.88095238095238,in,in,7.27,-1.730487053447167,2,5.25227342804663,4.367939784016528,provo,191.0,5.25227342804663,provo:32:35,2.3718273639678955,1602,[287],1,41,41,41
32,36,166.2,125.8095238095238,our,our,6.14,-2.86012088212815,3,5.113191882421348,4.834769047358848,provo,166.2,5.113191882421348,provo:32:36,2.604597806930542,1603,[674],1,42,42,42
32,37,175.16666666666666,144.5952380952381,solar,solar,4.53,-4.469799020694141,5,5.165737901648896,4.973938377614207,provo,175.16666666666666,5.165737901648896,provo:32:37,0.35585150122642517,1604,[6591],1,43,43,43
32,38,173.91379310344828,143.8452380952381,system,system,5.56,-3.440093255323551,6,5.158559734508416,4.968737986183995,provo,173.91379310344828,5.158559734508416,provo:32:38,0.00431289104744792,1605,[1080],1,44,44,44
32,39,201.76,67.26190476190476,to,to,7.43,-1.5702477183831145,2,5.30707887221661,4.208594025297173,provo,201.76,5.30707887221661,provo:32:39,2.2402775287628174,1606,[284],1,45,45,45
32,40,206.71428571428572,91.02380952380952,be,be,6.79,-2.20971482892795,2,5.33133757757617,4.511121115413045,provo,206.71428571428572,5.33133757757617,provo:32:40,3.24717378616333,1607,[307],1,46,46,46
32,41,209.66265060240963,360.17857142857144,discovered,discovered,4.74,-4.259636520880143,10,5.345499813329372,5.886599940213109,provo,209.66265060240963,5.345499813329372,provo:32:41,5.865373611450195,1608,[5071],1,47,47,47
32,42,254.44444444444449,164.52380952380952,by,by,6.66,-2.340083790426988,2,5.539082519212066,5.103055298478347,provo,254.44444444444449,5.539082519212066,provo:32:42,3.3949248790740967,1609,[416],1,48,48,48
32,43,248.7051282051282,672.4761904761905,mathematics,mathematics,4.15,-4.850777807252834,11,5.516267970641514,6.510966706352869,provo,248.7051282051282,5.516267970641514,provo:32:43,15.767815589904785,1610,[19473],1,49,49,49
33,2,189.7051282051282,319.5833333333333,"attacked,",attacked,4.52,-4.480170694158342,8,5.245470909812942,5.767018064013357,provo,189.7051282051282,5.245470909812942,provo:33:2,,1611,"[1078, 6021, 11]",3,0,2,2
33,3,183.42105263157896,54.05952380952381,a,a,7.36,-1.6401645157636295,1,5.2117843440281835,3.9900857322546375,provo,183.42105263157896,5.2117843440281835,provo:33:3,6.9553141593933105,1612,[257],1,3,3,3
33,4,219.975,353.7857142857143,skunk's,skunk's,1.1,-7.896196279044043,7,5.393513903531624,5.868691402972979,provo,219.975,5.393513903531624,provo:33:4,24.976932525634766,1613,"[1341, 2954, 338]",3,4,6,6
33,5,232.96103896103895,332.2142857142857,natural,natural,5.11,-3.889409953038492,7,5.450871224824264,5.805780199608838,provo,232.96103896103895,5.450871224824264,provo:33:5,12.097908973693848,1614,[3288],1,7,7,7
33,6,222.8625,303.1190476190476,inclination,inclination,3.37,-5.630765583393175,11,5.406554989360889,5.714125624778277,provo,222.8625,5.406554989360889,provo:33:6,4.977387428283691,1615,[36793],1,8,8,8
33,7,199.53846153846155,65.32142857142857,is,is,7.07,-1.9318141345419195,2,5.296007007414852,4.179320138215662,provo,199.53846153846155,5.296007007414852,provo:33:7,3.0349833965301514,1616,[318],1,9,9,9
33,8,218.8421052631579,111.89285714285714,to,to,7.43,-1.5702477183831145,2,5.3883504892515175,4.717541780776988,provo,218.8421052631579,5.3883504892515175,provo:33:8,0.3234362006187439,1617,[284],1,10,10,10
33,9,204.984375,197.02380952380952,turn,turn,5.32,-3.6798535060925928,4,5.322933756721358,5.283324581961895,provo,204.984375,5.322933756721358,provo:33:9,7.507681846618652,1618,[1210],1,11,11,11
33,10,202.30645161290323,185.17857142857144,"around,",around,5.77,-3.229884631478697,6,5.309783634979583,5.221320610488424,provo,202.30645161290323,5.309783634979583,provo:33:10,6.768298149108887,1619,"[1088, 11]",2,12,13,13
33,11,213.91379310344828,190.6309523809524,lick,lick,3.77,-5.229877331854745,4,5.365573097896452,5.250339372479163,provo,213.91379310344828,5.365573097896452,provo:33:11,11.530116081237793,1620,[36728],1,14,14,14
33,12,215.8135593220339,207.22619047619048,its,its,6.14,-2.86012088212815,3,5.374414883667717,5.333810904309396,provo,215.8135593220339,5.374414883667717,provo:33:12,5.5885467529296875,1621,[663],1,15,15,15
33,13,222.8823529411765,235.9404761904762,tail,tail,4.34,-4.659553902084583,4,5.406644066962385,5.4635795536810345,provo,222.8823529411765,5.406644066962385,provo:33:13,2.958185911178589,1622,[7894],1,16,16,16
33,14,208.54166666666663,61.476190476190474,and,and,7.41,-1.5900668749788436,3,5.340138861401376,4.11864995312322,provo,208.54166666666663,5.340138861401376,provo:33:14,2.043949604034424,1623,[290],1,17,17,17
33,15,244.5142857142857,277.9166666666667,spray,spray,4.18,-4.821020176593957,5,5.499273735487348,5.627321308561724,provo,244.5142857142857,5.499273735487348,provo:33:15,10.239322662353516,1624,[11662],1,18,18,18
33,16,207.76,64.11904761904762,a,a,7.36,-1.6401645157636295,1,5.336383567354493,4.160741474528231,provo,207.76,5.336383567354493,provo:33:16,4.9517717361450195,1625,[257],1,19,19,19
33,17,194.06578947368425,292.98809523809524,noxious,noxious,2.91,-6.089856038935487,7,5.268197222573171,5.680131977604917,provo,194.06578947368425,5.268197222573171,provo:33:17,11.999716758728027,1626,"[645, 48392]",2,20,21,21
33,18,223.8961038961039,302.7261904761905,scent.,scent,3.82,-5.179791970299582,5,5.411182122364,5.712828735166154,provo,223.8961038961039,5.411182122364,provo:33:18,8.860718727111816,1627,"[21212, 13]",2,22,23,23
33,19,158.26865671641792,236.58333333333337,That,that,7.01,-1.9913998239802937,4,5.0642939480179505,5.466300506684971,provo,158.26865671641792,5.0642939480179505,provo:33:19,6.127000331878662,1628,[1320],1,24,24,24
33,20,206.9324324324324,297.48809523809524,works,works,5.29,-3.70996516592242,5,5.332392326611038,5.69537420817862,provo,206.9324324324324,5.332392326611038,provo:33:20,10.826774597167969,1629,[2499],1,25,25,25
33,21,205.24561403508773,214.82142857142856,when,when,6.37,-2.6307841240302645,4,5.3242073792130515,5.369807118233576,provo,205.24561403508773,5.3242073792130515,provo:33:21,7.292189121246338,1630,[618],1,26,26,26
33,22,209.06451612903223,92.28571428571428,a,a,7.36,-1.6401645157636295,1,5.342642893942569,4.524889354727288,provo,209.06451612903223,5.342642893942569,provo:33:22,5.044308185577393,1631,[257],1,27,27,27
33,23,208.43055555555551,254.8928571428571,skunk,skunk,3.1,-5.899594988434111,5,5.3396059188799345,5.540843288795863,provo,208.43055555555551,5.3396059188799345,provo:33:23,2.500708818435669,1632,"[1341, 2954]",2,28,29,29
33,24,212.08955223880596,219.5,faces,faces,4.59,-4.410049282237471,5,5.35700860170018,5.391352232515226,provo,212.08955223880596,5.35700860170018,provo:33:24,11.7866792678833,1633,[6698],1,30,30,30
33,25,192.46153846153845,66.13095238095238,a,a,7.36,-1.6401645157636295,1,5.25989633356532,4.191636903230417,provo,192.46153846153845,5.25989633356532,provo:33:25,2.199608325958252,1634,[257],1,31,31,31
33,26,233.9041095890411,277.0,natural,natural,5.11,-3.889409953038492,7,5.454911243290599,5.6240175061873385,provo,233.9041095890411,5.454911243290599,provo:33:26,6.47048807144165,1635,[3288],1,32,32,32
33,27,218.94117647058823,228.97619047619048,predator,predator,3.71,-5.289874169191321,8,5.38880309314598,5.433618026429113,provo,218.94117647058823,5.38880309314598,provo:33:27,1.7728886604309082,1636,[30135],1,33,33,33
33,28,197.95454545454547,55.88095238095238,in,in,7.27,-1.730487053447167,2,5.288037435928287,4.023223577567655,provo,197.95454545454547,5.288037435928287,provo:33:28,6.57940149307251,1637,[287],1,34,34,34
33,29,189.73809523809524,100.08333333333331,the,the,7.73,-1.2700257134917023,3,5.24564467511438,4.606003172291983,provo,189.73809523809524,5.24564467511438,provo:33:29,2.104419231414795,1638,[262],1,35,35,35
33,30,205.1176470588235,128.35714285714286,"wild,",wild,4.8,-4.199969952492573,4,5.323583702619435,4.8548165571683,provo,205.1176470588235,5.323583702619435,provo:33:30,4.068455219268799,1639,"[4295, 11]",2,36,37,37
33,31,195.70967741935485,74.27380952380952,but,but,6.63,-2.369572114804145,3,5.276632323457152,4.307758393267473,provo,195.70967741935485,5.276632323457152,provo:33:31,2.0500364303588867,1640,[475],1,38,38,38
33,32,194.52941176470588,133.51190476190476,it's,it's,6.33,-2.669586206356675,4,5.2705833689255766,4.894190648110995,provo,194.52941176470588,5.2705833689255766,provo:33:32,4.69066858291626,1641,"[340, 338]",2,39,40,40
33,33,196.54761904761904,104.1904761904762,not,not,6.69,-2.3098039111083337,3,5.28090473807086,4.6462207258184485,provo,196.54761904761904,5.28090473807086,provo:33:33,1.7381727695465088,1642,[407],1,41,41,41
33,34,209.21951219512195,107.11904761904762,as,as,6.77,-2.2298846978394775,2,5.343383998372518,4.673940810557804,provo,209.21951219512195,5.343383998372518,provo:33:34,4.604083061218262,1643,[355],1,42,42,42
33,35,196.39705882352945,187.9047619047619,helpful,helpful,4.43,-4.570246105522965,7,5.280138420367955,5.235935248859137,provo,196.39705882352945,5.280138420367955,provo:33:35,9.120356559753418,1644,[7613],1,43,43,43
33,36,150.09615384615384,95.75,when,when,6.37,-2.6307841240302645,4,5.011276114368105,4.561740628060756,provo,150.09615384615384,5.011276114368105,provo:33:36,1.078896403312683,1645,[618],1,44,44,44
33,37,215.5625,225.3571428571429,faced,faced,4.49,-4.5100401150936795,5,5.37325089069706,5.417686445360055,provo,215.5625,5.37325089069706,provo:33:37,6.822133541107178,1646,[7452],1,45,45,45
33,38,178.34782608695653,217.20238095238096,"with,",with,6.85,-2.149966736176128,4,5.183735722703176,5.380829550027235,provo,178.34782608695653,5.183735722703176,provo:33:38,10.753244400024414,1647,"[351, 11]",2,46,47,47
33,39,179.06153846153848,198.78571428571428,let's,let's,5.16,-3.838631698251693,5,5.187729537046339,5.292227431910632,provo,179.06153846153848,5.187729537046339,provo:33:39,9.534463882446289,1648,"[1309, 338]",2,48,49,49
33,40,194.94117647058823,159.17857142857142,"say,",say,5.89,-3.1101382227760315,3,5.272697853930292,5.070026662771352,provo,194.94117647058823,5.272697853930292,provo:33:40,0.3309820890426636,1649,"[910, 11]",2,50,51,51
33,41,232.5897435897436,151.45238095238096,an,an,6.53,-2.4698002889858715,2,5.449276144485298,5.020271258395436,provo,232.5897435897436,5.449276144485298,provo:33:41,3.155707359313965,1650,[281],1,52,52,52
33,42,258.87179487179486,552.4761904761905,oncoming,oncoming,3.07,-5.93177702065355,8,5.556332938651348,6.3144103383025865,provo,258.87179487179486,5.556332938651348,provo:33:42,9.526361465454102,1651,"[319, 4976]",2,53,54,54
33,43,256.5,191.46428571428572,car,car,5.45,-3.549750737675531,3,5.547128664610824,5.254701293652334,provo,256.5,5.547128664610824,provo:33:43,3.2081527709960938,1652,[1097],1,55,55,55
34,2,194.37662337662337,302.8452380952381,Gaga's,gaga's,2.72,-6.279757981712943,6,5.269797634675463,5.713221909662058,provo,194.37662337662337,5.269797634675463,provo:34:2,,1653,"[38, 8126, 338]",3,0,2,2
34,3,211.8170731707317,275.8809523809524,YouTube,youtube,4.66,-4.340082849615037,7,5.355723039789759,5.619969440713694,provo,211.8170731707317,5.355723039789759,provo:34:3,13.635966300964355,1654,[7444],1,3,3,3
34,4,217.3013698630137,236.17857142857144,account,account,5.21,-3.7904847173744383,7,5.381285191260064,5.464588177499459,provo,217.3013698630137,5.381285191260064,provo:34:4,4.119080066680908,1655,[1848],1,4,4,4
34,5,178.72222222222223,85.95238095238095,was,was,6.82,-2.1797985339440955,3,5.185832769342862,4.4537934330435585,provo,178.72222222222223,5.185832769342862,provo:34:5,4.754109859466553,1656,[373],1,5,5,5
34,6,225.08860759493672,368.57142857142856,suspended,suspended,4.32,-4.6798516359298885,9,5.416494136214063,5.90963452886035,provo,225.08860759493672,5.416494136214063,provo:34:6,4.6354546546936035,1657,[9951],1,6,6,6
34,7,219.8860759493671,247.51190476190476,Thursday.,thursday,4.62,-4.379862903553914,8,5.393109575634902,5.511458680900075,provo,219.8860759493671,5.393109575634902,provo:34:7,10.052809715270996,1658,"[3635, 13]",2,7,8,8
34,8,171.69230769230768,56.404761904761905,The,the,7.73,-1.2700257134917023,3,5.145703966039664,4.032553585875418,provo,171.69230769230768,5.145703966039664,provo:34:8,3.9718198776245117,1659,[383],1,9,9,9
34,9,213.93589743589743,291.9047619047619,notice,notice,4.9,-4.100178950602868,6,5.365676425457311,5.676427591206834,provo,213.93589743589743,5.365676425457311,provo:34:9,10.614912033081055,1660,[4003],1,10,10,10
34,10,237.3272727272727,195.1309523809524,read,read,5.54,-3.459670400052233,4,5.469440086156319,5.273670883846046,provo,237.3272727272727,5.469440086156319,provo:34:10,5.968894004821777,1661,[1100],1,11,11,11
34,11,209.3921568627451,132.71428571428572,that,that,7.01,-1.9913998239802937,4,5.34420884244722,4.888198589758526,provo,209.3921568627451,5.34420884244722,provo:34:11,4.054718017578125,1662,[326],1,12,12,12
34,12,195.25641025641025,96.13095238095238,the,the,7.73,-1.2700257134917023,3,5.274313619199615,4.565711349247544,provo,195.25641025641025,5.274313619199615,provo:34:12,2.1574912071228027,1663,[262],1,13,13,13
34,13,208.76543209876544,303.04761904761904,suspension,suspension,4.24,-4.759448255779274,10,5.341211287220188,5.713889951734254,provo,208.76543209876544,5.341211287220188,provo:34:13,7.339428424835205,1664,[11461],1,14,14,14
34,14,197.41666666666663,98.6904761904762,was,was,6.82,-2.1797985339440955,3,5.285316554370785,4.591988449286027,provo,197.41666666666663,5.285316554370785,provo:34:14,1.6132280826568604,1665,[373],1,15,15,15
34,15,197.23809523809524,161.27380952380952,due,due,5.35,-3.6497517877844152,3,5.2844116042321065,5.083103600737423,provo,197.23809523809524,5.2844116042321065,provo:34:15,3.2473819255828857,1666,[2233],1,16,16,16
34,16,131.2173913043478,35.92857142857143,to,to,7.43,-1.5702477183831145,2,4.876855423398644,3.581532840484481,provo,131.2173913043478,4.876855423398644,provo:34:16,0.08503993600606918,1667,[284],1,17,17,17
34,17,193.06024096385545,293.26190476190476,"""multiple",multiple,4.92,-4.07987615172103,8,5.263002269549056,5.681066082658116,provo,193.06024096385545,5.263002269549056,provo:34:17,10.205545425415039,1668,"[366, 48101]",2,18,19,19
34,18,171.41379310344828,63.785714285714285,or,or,6.54,-2.4596705126934353,2,5.144080476108199,4.155529251261241,provo,171.41379310344828,5.144080476108199,provo:34:18,9.743887901306152,1669,[393],1,20,20,20
34,19,206.27631578947367,296.0357142857143,severe,severe,4.56,-4.440092178562004,6,5.3292166087821995,5.690480103416323,provo,206.27631578947367,5.3292166087821995,provo:34:19,8.389015197753906,1670,[6049],1,21,21,21
34,20,231.12987012987017,314.4166666666667,violations,violations,3.99,-5.0101009911199235,10,5.442979760896302,5.75071907017631,provo,231.12987012987017,5.442979760896302,provo:34:20,3.645189046859741,1671,[11734],1,22,22,22
34,21,169.8,45.32142857142857,of,of,7.4,-1.600326276788705,2,5.134621273877247,3.813779957539184,provo,169.8,5.134621273877247,provo:34:21,0.6218547821044922,1672,[286],1,23,23,23
34,22,210.94871794871796,246.98809523809524,YouTube's,youtube's,2.7,-6.300075597257523,9,5.351615061039284,5.509340138049826,provo,210.94871794871796,5.351615061039284,provo:34:22,9.048439979553223,1673,"[7444, 338]",2,24,25,25
34,23,241.80246913580248,282.9166666666667,copyright,copyright,4.24,-4.759448255779274,9,5.488121149608301,5.645152390204796,provo,241.80246913580248,5.488121149608301,provo:34:23,7.3248066902160645,1674,[6634],1,26,26,26
34,24,186.9855072463768,199.6428571428571,"policy.""",policy,5.17,-3.829737991162924,6,5.231031112494928,5.296530055973941,provo,186.9855072463768,5.231031112494928,provo:34:24,3.3323493003845215,1675,"[2450, 526]",2,27,28,28
34,25,174.5,64.53571428571429,The,the,7.73,-1.2700257134917023,3,5.161924741642482,4.167218780417024,provo,174.5,5.161924741642482,provo:34:25,4.199573040008545,1676,[383],1,29,29,29
34,26,208.5921052631579,294.29761904761904,Google,google,4.86,-4.140260833949011,6,5.340380695556897,5.684591564984544,provo,208.5921052631579,5.340380695556897,provo:34:26,10.554910659790039,1677,[3012],1,30,30,30
34,27,227.4625,568.797619047619,Inc.-owned,inc.-owned,4.46,-4.536105518595757,10,5.426985389639361,6.343524692558363,provo,227.4625,5.426985389639361,provo:34:27,15.928802490234375,1678,"[3457, 7874, 11990]",3,31,33,33
34,28,215.73529411764707,275.70238095238096,YouTube,youtube,4.66,-4.340082849615037,7,5.37405216596092,5.619321954018507,provo,215.73529411764707,5.37405216596092,provo:34:28,1.7848025560379028,1679,[7444],1,34,34,34
34,29,216.1038961038961,337.0,declined,declined,4.21,-4.790482304635508,8,5.375759292521516,5.820082930352362,provo,216.1038961038961,5.375759292521516,provo:34:29,6.646501541137695,1680,[7392],1,35,35,35
34,30,174.27083333333334,134.97619047619048,to,to,7.43,-1.5702477183831145,2,5.160610602513033,4.905098396040936,provo,174.27083333333334,5.160610602513033,provo:34:30,0.4716373682022095,1681,[284],1,36,36,36
34,31,201.3717948717949,286.6547619047619,comment.,comment,4.88,-4.119757651911903,7,5.305152925153441,5.65827857147792,provo,201.3717948717949,5.305152925153441,provo:34:31,1.4152476787567139,1682,"[2912, 13]",2,37,38,38
34,32,208.8,168.79761904761904,It's,it's,6.33,-2.669586206356675,4,5.341376856008484,5.128700476894244,provo,208.8,5.341376856008484,provo:34:32,11.838821411132812,1683,"[632, 338]",2,39,40,40
34,33,207.7532467532467,299.9642857142857,YouTube,youtube,4.66,-4.340082849615037,7,5.336351061787912,5.7036634199504235,provo,207.7532467532467,5.336351061787912,provo:34:33,14.95612907409668,1684,[7444],1,41,41,41
34,34,201.25714285714287,248.16666666666663,policy,policy,5.17,-3.829737991162924,6,5.304583408126683,5.514100563455954,provo,201.25714285714287,5.304583408126683,provo:34:34,10.711941719055176,1685,[2450],1,42,42,42
34,35,190.93548387096777,74.14285714285714,to,to,7.43,-1.5702477183831145,2,5.251935590205579,4.305993734110575,provo,190.93548387096777,5.251935590205579,provo:34:35,0.8180636167526245,1686,[284],1,43,43,43
34,36,243.19736842105263,267.2857142857143,remove,remove,4.71,-4.289881788311072,6,5.493873329396349,5.588318177218777,provo,243.19736842105263,5.493873329396349,provo:34:36,2.8924059867858887,1687,[4781],1,44,44,44
34,37,218.16216216216216,253.48809523809524,accounts,accounts,4.73,-4.270024905559145,8,5.385238649389221,5.535316860343085,provo,218.16216216216216,5.385238649389221,provo:34:37,7.322472095489502,1688,[5504],1,45,45,45
34,38,209.47058823529412,167.25,after,after,6.11,-2.8894102560345134,5,5.344583339221562,5.119489699008338,provo,209.47058823529412,5.344583339221562,provo:34:38,5.82914400100708,1689,[706],1,46,46,46
34,39,220.69354838709677,229.22619047619048,three,three,5.78,-3.2196826158375527,5,5.396775080334718,5.434709247405696,provo,220.69354838709677,5.396775080334718,provo:34:39,7.701860427856445,1690,[1115],1,47,47,47
34,40,228.24657534246575,352.20238095238096,copyright,copyright,4.24,-4.759448255779274,9,5.430426515386463,5.86420595626748,provo,228.24657534246575,5.430426515386463,provo:34:40,11.579983711242676,1691,[6634],1,48,48,48
34,41,264.6714285714286,376.9642857142857,violations.,violations,3.99,-5.0101009911199235,10,5.578489164500653,5.932150450107217,provo,264.6714285714286,5.578489164500653,provo:34:41,2.4120068550109863,1692,"[11734, 13]",2,49,50,50
35,2,196.1772151898734,409.7261904761905,astronauts,astronauts,3.46,-5.540592432833052,10,5.2790184098568735,6.015489108494979,provo,196.1772151898734,5.2790184098568735,provo:35:2,,1693,"[459, 1313, 17712]",3,0,2,2
35,3,240.58823529411765,267.3333333333333,used,used,5.8,-3.1999705719294873,4,5.483086904980631,5.588496319198405,provo,240.58823529411765,5.483086904980631,provo:35:3,12.691279411315918,1694,[973],1,3,3,3
35,4,202.4102564102564,109.3452380952381,a,a,7.36,-1.6401645157636295,1,5.310296610093146,4.694510198805912,provo,202.4102564102564,5.310296610093146,provo:35:4,3.474952220916748,1695,[257],1,4,4,4
35,5,219.58823529411765,275.1666666666667,hefty,hefty,3.36,-5.640145553249642,5,5.391754134858368,5.617376974692073,provo,219.58823529411765,5.391754134858368,provo:35:5,13.8512601852417,1696,[29784],1,5,5,5
35,6,249.62337662337663,325.4404761904762,robotic,robotic,3.54,-5.459658009698343,7,5.519953288453447,5.7851795760796145,provo,249.62337662337663,5.519953288453447,provo:35:6,12.783308029174805,1697,[25810],1,6,6,6
35,7,222.05,172.5595238095238,arm,arm,4.73,-4.270024905559145,3,5.402902581738111,5.150742242512442,provo,222.05,5.402902581738111,provo:35:7,0.5900092124938965,1698,[3211],1,7,7,7
35,8,202.94736842105263,105.03571428571428,to,to,7.43,-1.5702477183831145,2,5.312946676563996,4.654300428378791,provo,202.94736842105263,5.312946676563996,provo:35:8,0.9638485908508301,1699,[284],1,8,8,8
35,9,208.61194029850745,212.1309523809524,move,move,5.35,-3.6497517877844152,4,5.34047578109394,5.357203783884101,provo,208.61194029850745,5.34047578109394,provo:35:9,5.757384300231934,1700,[1445],1,9,9,9
35,10,226.27272727272728,67.28571428571429,the,the,7.73,-1.2700257134917023,3,5.421741029569222,4.208947944961104,provo,226.27272727272728,5.421741029569222,provo:35:10,2.369943380355835,1701,[262],1,10,10,10
35,11,234.96296296296296,447.75,bus-size,bus-size,4.65,-4.34678652112688,8,5.459427897310355,6.1042350409408215,provo,234.96296296296296,5.459427897310355,provo:35:11,26.146224975585938,1702,"[1323, 12, 7857]",3,11,13,13
35,12,254.43835616438355,364.1071428571428,"canister,",canister,3.09,-5.910059581501365,8,5.539058591187563,5.897448172833352,provo,254.43835616438355,5.539058591187563,provo:35:12,15.778138160705566,1703,"[460, 1694, 11]",3,14,16,16
35,13,257.75342465753425,330.10714285714283,stuffed,stuffed,3.96,-5.040000399696793,7,5.552003409549962,5.7994172770895736,provo,257.75342465753425,5.552003409549962,provo:35:13,14.672019958496094,1704,[22259],1,17,17,17
35,14,213.23076923076923,158.0,with,with,6.85,-2.149966736176128,4,5.362375002848257,5.062595033026967,provo,213.23076923076923,5.362375002848257,provo:35:14,0.9867558479309082,1705,[351],1,18,18,18
35,15,230.8947368421053,306.20238095238096,nearly,nearly,5.0,-3.999999565705735,6,5.4419619219997735,5.724246259001259,provo,230.8947368421053,5.4419619219997735,provo:35:15,8.062352180480957,1706,[3016],1,19,19,19
35,16,154.2923076923077,138.08333333333334,three,three,5.78,-3.2196826158375527,5,5.038848905192571,4.927857367638563,provo,154.2923076923077,5.038848905192571,provo:35:16,5.638904094696045,1707,[1115],1,20,20,20
35,17,212.5686274509804,176.11904761904762,tons,tons,4.46,-4.5406060042764365,4,5.359264888936966,5.171160173304499,provo,212.5686274509804,5.359264888936966,provo:35:17,1.649155855178833,1708,[10860],1,21,21,21
35,18,192.84615384615384,133.13095238095238,of,of,7.4,-1.600326276788705,2,5.261892740696757,4.891333248184875,provo,192.84615384615384,5.261892740696757,provo:35:18,0.023461652919650078,1709,[286],1,22,22,22
35,19,183.2948717948718,324.54761904761904,packing,packing,4.06,-4.939298383189052,7,5.211096177339573,5.782432271287474,provo,183.2948717948718,5.211096177339573,provo:35:19,12.032525062561035,1710,[24157],1,23,23,23
35,20,229.94117647058823,155.13095238095238,foam,foam,3.78,-5.219675485689354,4,5.437823521736739,5.044269614301593,provo,229.94117647058823,5.437823521736739,provo:35:20,6.68046236038208,1711,[19828],1,24,24,24
35,21,201.0,113.02380952380952,and,and,7.41,-1.5900668749788436,3,5.303304908059076,4.727598500267949,provo,201.0,5.303304908059076,provo:35:21,3.025078535079956,1712,[290],1,25,25,25
35,22,233.15625,214.78571428571428,other,other,6.16,-2.8386319678136824,5,5.451708829671788,5.36964085337327,provo,233.15625,5.451708829671788,provo:35:22,5.617131233215332,1713,[584],1,26,26,26
35,23,226.94444444444449,306.35714285714283,space,space,5.23,-3.769550823154459,5,5.424705249397938,5.724751554901622,provo,226.94444444444449,5.424705249397938,provo:35:23,9.986173629760742,1714,[2272],1,27,27,27
35,24,226.01351351351352,342.6190476190476,station,station,5.01,-3.991399402459387,7,5.42059479179226,5.836619181598045,provo,226.01351351351352,5.42059479179226,provo:35:24,11.656319618225098,1715,[4429],1,28,28,28
35,25,209.77777777777777,290.10714285714283,refuse.,refuse,4.39,-4.610832143008547,6,5.346048769369227,5.6702503128757495,provo,209.77777777777777,5.346048769369227,provo:35:25,13.58582878112793,1716,"[11148, 13]",2,29,30,30
35,26,201.45454545454547,60.476190476190474,It,it,6.95,-2.0501222910888885,2,5.305563775068804,4.102249741729214,provo,201.45454545454547,5.305563775068804,provo:35:26,5.060708999633789,1717,[632],1,31,31,31
35,27,214.4821428571429,208.96428571428572,was,was,6.82,-2.1797985339440955,3,5.368226484819341,5.342163355613033,provo,214.4821428571429,5.368226484819341,provo:35:27,2.0033295154571533,1718,[373],1,32,32,32
35,28,182.5744680851064,123.48809523809524,the,the,7.73,-1.2700257134917023,3,5.207158134097062,4.816144756588514,provo,182.5744680851064,5.207158134097062,provo:35:28,3.3270769119262695,1719,[262],1,33,33,33
35,29,222.60655737704917,207.1309523809524,last,last,5.86,-3.140261373817431,4,5.405405896525483,5.333351213443403,provo,222.60655737704917,5.405405896525483,provo:35:29,6.222520351409912,1720,[938],1,34,34,34
35,30,220.125,142.5595238095238,job,job,5.5,-3.5003127799466554,3,5.394195566816371,4.959759623435803,provo,220.125,5.394195566816371,provo:35:30,10.009164810180664,1721,[1693],1,35,35,35
35,31,235.70149253731344,285.7261904761905,shared,shared,4.68,-4.319663579917319,6,5.462566142282297,5.655033976285404,provo,235.70149253731344,5.462566142282297,provo:35:31,13.294448852539062,1722,[4888],1,36,36,36
35,32,221.31428571428572,101.33333333333331,by,by,6.66,-2.340083790426988,2,5.399583798585284,4.618415412738112,provo,221.31428571428572,5.399583798585284,provo:35:32,0.7960318326950073,1723,[416],1,37,37,37
35,33,209.0487804878049,112.22619047619048,the,the,7.73,-1.2700257134917023,3,5.342567624194575,4.720516392552836,provo,209.0487804878049,5.342567624194575,provo:35:33,1.5526947975158691,1724,[262],1,38,38,38
35,34,209.92105263157896,252.72619047619048,shuttle,shuttle,3.9,-5.100174027903545,7,5.346731520184743,5.532306651588688,provo,209.92105263157896,5.346731520184743,provo:35:34,6.965334415435791,1725,[20992],1,39,39,39
35,35,135.61290322580646,50.04761904761905,and,and,7.41,-1.5900668749788436,3,4.909804527511696,3.912974933153528,provo,135.61290322580646,4.909804527511696,provo:35:35,3.9566361904144287,1726,[290],1,40,40,40
35,36,235.04109589041096,279.70238095238096,station,station,5.01,-3.991399402459387,7,5.459760374984519,5.633726112693602,provo,235.04109589041096,5.459760374984519,provo:35:36,12.201408386230469,1727,[4429],1,41,41,41
35,37,154.87878787878788,164.66666666666666,"crews,",crews,3.89,-5.110132682199497,5,5.0426427973017995,5.103923228519813,provo,154.87878787878788,5.0426427973017995,provo:35:37,6.175484657287598,1728,"[18936, 11]",2,42,43,43
35,38,208.9367088607595,384.4166666666667,numbering,numbering,3.27,-5.730463707244033,9,5.342031377685608,5.951727033769821,provo,208.9367088607595,5.342031377685608,provo:35:38,15.257380485534668,1729,[47622],1,44,44,44
35,39,196.2962962962963,153.57142857142858,ten,ten,5.05,-3.950781589567061,3,5.279625233535884,5.03416579150645,provo,196.2962962962963,5.279625233535884,provo:35:39,10.351642608642578,1730,[3478],1,45,45,45
35,40,249.26666666666668,443.0,astronauts,astronauts,3.46,-5.540592432833052,10,5.518523273874903,6.093569770045136,provo,249.26666666666668,5.518523273874903,provo:35:40,4.985787391662598,1731,[26835],1,46,46,46
35,41,271.4868421052632,471.6428571428572,altogether,altogether,4.07,-4.931810426351053,10,5.603913674498899,6.156222040579313,provo,271.4868421052632,5.603913674498899,provo:35:41,14.859955787658691,1732,[13318],1,47,47,47
36,2,214.14634146341464,527.0238095238095,investors,investors,4.34,-4.659553902084583,9,5.366659619924855,6.267245726882873,provo,214.14634146341464,5.366659619924855,provo:36:2,,1733,"[24859, 669]",2,0,1,1
36,3,220.2,219.32142857142856,with,with,6.85,-2.149966736176128,4,5.394536224288579,5.390538364154195,provo,220.2,5.394536224288579,provo:36:3,6.783936977386475,1734,[351],1,2,2,2
36,4,207.91666666666663,152.57142857142858,no,no,6.35,-2.649751962277691,2,5.3371373583976185,5.027632870464827,provo,207.91666666666663,5.3371373583976185,provo:36:4,6.327441215515137,1735,[645],1,3,3,3
36,5,203.70833333333337,262.10714285714283,ties,ties,4.35,-4.649750042855514,4,5.3166892322307,5.568753362369859,provo,203.70833333333337,5.3166892322307,provo:36:5,6.995316028594971,1736,[8470],1,4,4,4
36,6,200.41176470588235,90.79761904761904,to,to,7.43,-1.5702477183831145,2,5.30037407360475,4.508633063320925,provo,200.41176470588235,5.30037407360475,provo:36:6,0.04813145101070404,1737,[284],1,5,5,5
36,7,220.28395061728395,329.29761904761904,"farming,",farming,4.21,-4.790482304635508,7,5.39491739875899,5.79696195901187,provo,220.28395061728395,5.39491739875899,provo:36:7,18.911203384399414,1738,"[16035, 11]",2,6,7,7
36,8,228.35135135135135,122.03571428571428,no,no,6.35,-2.649751962277691,2,5.43088545750862,4.804313741940088,provo,228.35135135135135,5.43088545750862,provo:36:8,8.506501197814941,1739,[645],1,8,8,8
36,9,221.4848484848485,253.5,dirt,dirt,4.24,-4.759448255779274,4,5.400354183013912,5.535363823031238,provo,221.4848484848485,5.400354183013912,provo:36:9,14.077849388122559,1740,[13647],1,9,9,9
36,10,219.48333333333332,198.48809523809524,under,under,5.73,-3.2700256334262465,5,5.391276299488119,5.290729124717145,provo,219.48333333333332,5.391276299488119,provo:36:10,7.87200927734375,1741,[739],1,10,10,10
36,11,201.93333333333337,169.97619047619048,their,their,6.33,-2.669586206356675,5,5.307937609925027,5.135658371219092,provo,201.93333333333337,5.307937609925027,provo:36:11,0.9453540444374084,1742,[511],1,11,11,11
36,12,195.05084745762713,160.41666666666666,"nails,",nails,4.04,-4.958603366728068,5,5.273260280765719,5.077774596933884,provo,195.05084745762713,5.273260280765719,provo:36:12,9.18887710571289,1743,"[23361, 11]",2,12,13,13
36,13,208.94285714285715,112.39285714285714,are,are,6.74,-2.259637302609493,3,5.342060803781537,4.722000386889203,provo,208.94285714285715,5.342060803781537,provo:36:13,7.169209003448486,1744,[389],1,14,14,14
36,14,229.05194805194805,322.8095238095238,confident,confident,4.43,-4.570246105522965,9,5.433948825216681,5.777062439707542,provo,229.05194805194805,5.433948825216681,provo:36:14,11.53469181060791,1745,[6563],1,15,15,15
36,15,225.3181818181818,238.57142857142856,enough,enough,5.54,-3.459670400052233,6,5.417513544662258,5.474668756355488,provo,225.3181818181818,5.417513544662258,provo:36:15,6.006357669830322,1746,[1576],1,16,16,16
36,16,216.3793103448276,76.48809523809524,to,to,7.43,-1.5702477183831145,2,5.377032934013511,4.337135110920107,provo,216.3793103448276,5.377032934013511,provo:36:16,0.9697009325027466,1747,[284],1,17,17,17
36,17,180.52380952380952,174.5952380952381,wager,wager,3.43,-5.570231575521395,5,5.195862677792912,5.162470369810431,provo,180.52380952380952,5.195862677792912,provo:36:17,12.976643562316895,1748,"[266, 3536]",2,18,19,19
36,18,242.26415094339623,250.27380952380952,big,big,5.67,-3.32975405412792,3,5.49002866369183,5.522555556621812,provo,242.26415094339623,5.49002866369183,provo:36:18,6.894444465637207,1749,[1263],1,20,20,20
36,19,196.44230769230768,183.27380952380952,on,on,6.91,-2.089909449064056,2,5.280368788670295,5.210981261515287,provo,196.44230769230768,5.280368788670295,provo:36:19,2.4968855381011963,1750,[319],1,21,21,21
36,20,207.025,123.91666666666669,a,a,7.36,-1.6401645157636295,1,5.332839558919764,4.819609296672155,provo,207.025,5.332839558919764,provo:36:20,4.188936710357666,1751,[257],1,22,22,22
36,21,188.36986301369865,296.9047619047619,patch,patch,4.2,-4.8013401643550235,5,5.238407386574553,5.693411420390714,provo,188.36986301369865,5.238407386574553,provo:36:21,10.899007797241211,1752,[8529],1,23,23,23
36,22,188.74193548387095,86.38095238095238,of,of,7.4,-1.600326276788705,2,5.24038066130309,4.458767192951659,provo,188.74193548387095,5.24038066130309,provo:36:22,1.0404934883117676,1753,[286],1,24,24,24
36,23,239.38666666666663,465.4404761904762,earth,earth,5.06,-3.939301781999177,5,5.478080096780324,6.142984217843816,provo,239.38666666666663,5.478080096780324,provo:36:23,8.284098625183105,1754,[4534],1,25,25,25
36,24,243.89743589743588,684.2380952380952,betting,betting,4.0,-4.999995657076895,7,5.4967477922409715,6.528305949505784,provo,243.89743589743588,5.4967477922409715,provo:36:24,19.25145721435547,1755,[22908],1,26,26,26
36,25,237.11111111111111,202.27380952380952,that,that,7.01,-1.9913998239802937,4,5.468528854525479,5.309622272242445,provo,237.11111111111111,5.468528854525479,provo:36:25,2.714716911315918,1756,[326],1,27,27,27
36,26,224.0909090909091,279.2261904761905,it's,it's,6.33,-2.669586206356675,4,5.41205181367842,5.632022171919245,provo,224.0909090909091,5.41205181367842,provo:36:26,7.263669967651367,1757,"[340, 338]",2,28,29,29
36,27,208.94285714285715,100.48809523809524,a,a,7.36,-1.6401645157636295,1,5.342060803781537,4.610039265140406,provo,208.94285714285715,5.342060803781537,provo:36:27,4.043309211730957,1758,[257],1,30,30,30
36,28,212.8615384615385,231.32142857142856,smart,smart,4.83,-4.170052661611381,5,5.360641900161422,5.443808209007713,provo,212.8615384615385,5.360641900161422,provo:36:28,7.443116664886475,1759,[4451],1,31,31,31
36,29,227.4,308.6666666666667,investment,investment,4.84,-4.159893277950514,10,5.426710581316436,5.7322619459780695,provo,227.4,5.426710581316436,provo:36:29,2.108295202255249,1760,[4896],1,32,32,32
36,30,232.95652173913044,242.6071428571429,because,because,6.03,-2.970616181726523,7,5.450851834175404,5.491443439016098,provo,232.95652173913044,5.450851834175404,provo:36:30,6.267972946166992,1761,[780],1,33,33,33
36,31,200.85185185185185,158.13095238095238,food,food,5.4,-3.6003261054933065,4,5.302567580836731,5.06342350228919,provo,200.85185185185185,5.302567580836731,provo:36:31,13.123610496520996,1762,[2057],1,34,34,34
36,32,210.53846153846155,144.5952380952381,will,will,6.45,-2.5497508762801258,4,5.349668351579142,4.973938377614207,provo,210.53846153846155,5.349668351579142,provo:36:32,4.144477844238281,1763,[481],1,35,35,35
36,33,208.3548387096774,193.8095238095238,only,only,6.12,-2.8794260358930543,4,5.339242581547326,5.266875840713218,provo,208.3548387096774,5.339242581547326,provo:36:33,7.070028781890869,1764,[691],1,36,36,36
36,34,200.72549019607845,149.77380952380952,get,get,6.28,-2.718966610014342,3,5.301938254195445,5.0091262195078174,provo,200.72549019607845,5.301938254195445,provo:36:34,3.980041027069092,1765,[651],1,37,37,37
36,35,167.07692307692307,130.92857142857142,more,more,6.36,-2.6401644986952877,4,5.11845432359229,4.874651918224446,provo,167.07692307692307,5.11845432359229,provo:36:35,3.0529160499572754,1766,[517],1,38,38,38
36,36,196.25,345.4047619047619,expensive,expensive,4.69,-4.309803033657121,9,5.279389356662517,5.844716952255534,provo,196.25,5.279389356662517,provo:36:36,1.157037615776062,1767,[5789],1,39,39,39
36,37,221.72602739726028,313.60714285714283,around,around,5.77,-3.229884631478697,6,5.401442508907256,5.748141065184791,provo,221.72602739726028,5.401442508907256,provo:36:37,9.551170349121094,1768,[1088],1,40,40,40
36,38,230.25581395348837,154.9047619047619,the,the,7.73,-1.2700257134917023,3,5.439190925428952,5.042810488749929,provo,230.25581395348837,5.439190925428952,provo:36:38,0.625383198261261,1769,[262],1,41,41,41
36,39,299.1372549019608,258.2738095238095,world,world,5.89,-3.1101382227760315,5,5.70090251455593,5.554020299389138,provo,299.1372549019608,5.70090251455593,provo:36:39,1.8167076110839844,1770,[995],1,42,42,42
37,2,214.78481012658227,434.1904761904762,Thornton,thornton,3.51,-5.489441585849562,8,5.369636643777497,6.073483323049964,provo,214.78481012658227,5.369636643777497,provo:37:2,,1771,"[46765, 28936]",2,0,1,1
37,3,231.38888888888889,273.73809523809524,asked,asked,5.3,-3.698969787188832,5,5.444099796704778,5.612171792470372,provo,231.38888888888889,5.444099796704778,provo:37:3,9.675244331359863,1772,[1965],1,2,2,2
37,4,197.3783783783784,335.64285714285717,little,little,5.75,-3.2502636071543476,6,5.285122588975885,5.816047669487557,provo,197.3783783783784,5.285122588975885,provo:37:4,14.178611755371094,1773,[1310],1,3,3,3
37,5,226.3404255319149,172.38095238095238,of,of,7.4,-1.600326276788705,2,5.422040173592205,5.149706867096394,provo,226.3404255319149,5.422040173592205,provo:37:5,3.4828898906707764,1774,[286],1,4,4,4
37,6,223.0,260.5238095238095,man,man,5.82,-3.17979847481172,3,5.407171771460119,5.562694256340403,provo,223.0,5.407171771460119,provo:37:6,14.484807968139648,1775,[582],1,5,5,5
37,7,203.7678571428571,164.4047619047619,or,or,6.54,-2.4596705126934353,2,5.316981390699531,5.102331447560024,provo,203.7678571428571,5.316981390699531,provo:37:7,6.235156536102295,1776,[393],1,6,6,6
37,8,205.88888888888889,247.9404761904762,nature.,nature,4.98,-4.019996173657872,6,5.3273366489491405,5.513188701995703,provo,205.88888888888889,5.3273366489491405,provo:37:8,9.594436645507812,1777,"[3450, 13]",2,7,8,8
37,9,202.44444444444449,73.70238095238095,He,he,6.69,-2.3098039111083337,2,5.3104655004836845,4.300035104675919,provo,202.44444444444449,5.3104655004836845,provo:37:9,2.862435817718506,1778,[679],1,9,9,9
37,10,209.67241379310343,162.6547619047619,was,was,6.82,-2.1797985339440955,3,5.34554637843458,5.091629929495174,provo,209.67241379310343,5.34554637843458,provo:37:10,3.3593332767486572,1779,[373],1,10,10,10
37,11,216.1948051948052,332.6547619047619,unafraid,unafraid,2.71,-6.289797985344615,8,5.376179877140327,5.807105201145596,provo,216.1948051948052,5.376179877140327,provo:37:11,13.005878448486328,1780,"[555, 1878, 7086]",3,11,13,13
37,12,201.63636363636363,59.26190476190476,of,of,7.4,-1.600326276788705,2,5.306465895111942,4.0819666840842235,provo,201.63636363636363,5.306465895111942,provo:37:12,1.8496372699737549,1781,[286],1,14,14,14
37,13,200.0,131.4047619047619,the,the,7.73,-1.2700257134917023,3,5.298317366548036,4.878282345156133,provo,200.0,5.298317366548036,provo:37:13,3.3311972618103027,1782,[262],1,15,15,15
37,14,215.33333333333337,196.32142857142856,wild.,wild,4.8,-4.199969952492573,4,5.372187215114492,5.279753257685456,provo,215.33333333333337,5.372187215114492,provo:37:14,11.23602294921875,1783,"[4295, 13]",2,16,17,17
37,15,201.48979591836735,149.78571428571428,With,with,6.85,-2.149966736176128,4,5.305738739500823,5.009205701286661,provo,201.48979591836735,5.305738739500823,provo:37:15,8.559184074401855,1784,[2080],1,18,18,18
37,16,193.26666666666668,74.91666666666667,a,a,7.36,-1.6401645157636295,1,5.2640709278194455,4.31637638468362,provo,193.26666666666668,5.2640709278194455,provo:37:16,3.044185161590576,1785,[257],1,19,19,19
37,17,211.3896103896104,327.7738095238095,handful,handful,4.11,-4.8894069230899095,7,5.353702925537815,5.792323765386831,provo,211.3896103896104,5.353702925537815,provo:37:17,10.486054420471191,1786,[10089],1,20,20,20
37,18,190.69230769230768,62.714285714285715,of,of,7.4,-1.600326276788705,2,5.250661174573653,4.138589264019858,provo,190.69230769230768,5.250661174573653,provo:37:18,0.05526307225227356,1787,[286],1,21,21,21
37,19,187.36507936507937,172.9404761904762,salt,salt,4.6,-4.400115836735518,4,5.2330590096712974,5.15294746702957,provo,187.36507936507937,5.2330590096712974,provo:37:19,9.747791290283203,1788,[8268],1,22,22,22
37,20,198.7674418604651,133.96428571428572,and,and,7.41,-1.5900668749788436,3,5.292135507472455,4.897573239906683,provo,198.7674418604651,5.292135507472455,provo:37:20,2.7632434368133545,1789,[290],1,23,23,23
37,21,170.7173913043478,105.8452380952381,a,a,7.36,-1.6401645157636295,1,5.14000950688578,4.661978009277825,provo,170.7173913043478,5.14000950688578,provo:37:21,3.286862373352051,1790,[257],1,24,24,24
37,22,183.9324324324324,273.85714285714283,rifle,rifle,4.18,-4.821020176593957,5,5.214568475127904,5.612606593990331,provo,183.9324324324324,5.214568475127904,provo:37:22,11.779474258422852,1791,[11575],1,25,25,25
37,23,191.89743589743588,101.03571428571428,he,he,6.69,-2.3098039111083337,2,5.256961041264334,4.615474061126363,provo,191.89743589743588,5.256961041264334,provo:37:23,2.184835433959961,1792,[339],1,26,26,26
37,24,202.8955223880597,221.8571428571429,could,could,6.06,-2.9393021218816524,5,5.3126911785156175,5.402033674093373,provo,202.8955223880597,5.3126911785156175,provo:37:24,5.323659420013428,1793,[714],1,27,27,27
37,25,200.6056338028169,201.27380952380952,plunge,plunge,3.49,-5.510027465964983,6,5.30134095989327,5.3046662174936525,provo,200.6056338028169,5.30134095989327,provo:37:25,11.704254150390625,1794,[32669],1,28,28,28
37,26,203.83333333333337,128.57142857142858,into,into,6.11,-2.8894102560345134,4,5.317302666459117,4.8564846142689975,provo,203.83333333333337,5.317302666459117,provo:37:26,2.9678056240081787,1795,[656],1,29,29,29
37,27,202.29032258064515,78.48809523809524,the,the,7.73,-1.2700257134917023,3,5.309703906057875,4.362946960269986,provo,202.29032258064515,5.309703906057875,provo:37:27,0.8949781060218811,1796,[262],1,30,30,30
37,28,196.55128205128204,223.6071428571429,wilderness,wilderness,3.95,-5.0501174217538685,10,5.280923374620863,5.409890685570106,provo,196.55128205128204,5.280923374620863,provo:37:28,6.143314361572266,1797,[22775],1,31,31,31
37,29,203.13333333333333,40.5,and,and,7.41,-1.5900668749788436,3,5.313862577883499,3.7013019741124937,provo,203.13333333333333,5.313862577883499,provo:37:29,3.38317608833313,1798,[290],1,32,32,32
37,30,247.37878787878788,260.8809523809524,fare,fare,3.94,-5.059976858861581,4,5.510920716099739,5.564064182122025,provo,247.37878787878788,5.510920716099739,provo:37:30,14.534540176391602,1799,[14505],1,33,33,33
37,31,223.92307692307693,384.5952380952381,wherever,wherever,4.27,-4.730484720871791,8,5.411302586284086,5.95219145163039,provo,223.92307692307693,5.411302586284086,provo:37:31,11.654830932617188,1800,[14530],1,34,34,34
37,32,218.30434782608697,70.8452380952381,he,he,6.69,-2.3098039111083337,2,5.385890180105556,4.260497752801538,provo,218.30434782608697,5.385890180105556,provo:37:32,0.6239569187164307,1801,[339],1,35,35,35
37,33,252.73972602739727,282.3333333333333,pleased,pleased,4.44,-4.5606657269199475,7,5.5323602083202825,5.643088405983945,provo,252.73972602739727,5.5323602083202825,provo:37:33,0.5869724750518799,1802,[10607],1,36,36,36
37,34,187.55172413793105,78.67857142857143,and,and,7.41,-1.5900668749788436,3,5.234054669436487,4.3653708366271395,provo,187.55172413793105,5.234054669436487,provo:37:34,6.980338096618652,1803,[290],1,37,37,37
37,35,194.23529411764707,92.13095238095238,as,as,6.77,-2.2298846978394775,2,5.269070280423858,4.5232109604271455,provo,194.23529411764707,5.269070280423858,provo:37:35,7.9097723960876465,1804,[355],1,38,38,38
37,36,202.88333333333333,195.9404761904762,long,long,5.81,-3.1897674147766732,4,5.312631101187495,5.277810920200754,provo,202.88333333333333,5.312631101187495,provo:37:36,4.3615193367004395,1805,[890],1,39,39,39
37,37,204.4,117.51190476190476,as,as,6.77,-2.2298846978394775,2,5.320078858329549,4.766539645574574,provo,204.4,5.320078858329549,provo:37:37,0.027673695236444473,1806,[355],1,40,40,40
37,38,181.9512195121951,109.77380952380952,he,he,6.69,-2.3098039111083337,2,5.203738626493498,4.6984219716958275,provo,181.9512195121951,5.203738626493498,provo:37:38,0.612165093421936,1807,[339],1,41,41,41
37,39,227.5375,494.42857142857144,pleased.,pleased,4.44,-4.5606657269199475,7,5.427315059972017,6.203402694580031,provo,227.5375,5.427315059972017,provo:37:39,4.845630645751953,1808,"[10607, 13]",2,42,43,43
38,2,213.27272727272728,283.3690476190476,that,that,7.01,-1.9913998239802937,4,5.362571756415051,5.646750103292733,provo,213.27272727272728,5.362571756415051,provo:38:2,,1809,[5562],1,0,0,0
38,3,192.93846153846152,202.6071428571429,the,the,7.73,-1.2700257134917023,3,5.262371285928412,5.311268847151363,provo,192.93846153846152,5.262371285928412,provo:38:3,4.983213424682617,1810,[262],1,1,1,1
38,4,181.4857142857143,208.8095238095238,brain,brain,4.94,-4.059981346376685,5,5.201176941437558,5.34142246708286,provo,181.4857142857143,5.201176941437558,provo:38:4,11.097647666931152,1811,[3632],1,2,2,2
38,5,211.4,169.53571428571428,has,has,6.37,-2.6307841240302645,3,5.353752073436137,5.133063608376114,provo,211.4,5.353752073436137,provo:38:5,4.309038162231445,1812,[468],1,3,3,3
38,6,191.6530612244898,133.3095238095238,to,to,7.43,-1.5702477183831145,2,5.255686764693987,4.892673671065525,provo,191.6530612244898,5.255686764693987,provo:38:6,4.881777286529541,1813,[284],1,4,4,4
38,7,204.2063492063492,192.83333333333337,work,work,5.96,-3.040005114051578,4,5.319130998324312,5.261826257965621,provo,204.2063492063492,5.319130998324312,provo:38:7,4.288756370544434,1814,[670],1,5,5,5
38,8,206.07407407407408,175.32142857142858,with,with,6.85,-2.149966736176128,4,5.328235687039005,5.166621023882849,provo,206.07407407407408,5.328235687039005,provo:38:8,4.355061054229736,1815,[351],1,6,6,6
38,9,210.24489795918367,152.29761904761904,are,are,6.74,-2.259637302609493,3,5.348273032014904,5.025836626473721,provo,210.24489795918367,5.348273032014904,provo:38:9,13.566829681396484,1816,[389],1,7,7,7
38,10,215.58666666666667,311.1904761904762,imperfect,imperfect,3.45,-5.549735491440148,9,5.373362994203505,5.7404051883349,provo,215.58666666666667,5.373362994203505,provo:38:10,12.619353294372559,1817,[23162],1,8,8,8
38,11,279.8101265822785,446.2619047619048,incoming,incoming,3.93,-5.070065336602483,8,5.634111253793322,6.100906010075617,provo,279.8101265822785,5.634111253793322,provo:38:11,21.555187225341797,1818,[15619],1,9,9,9
38,12,259.05,382.6904761904762,electrical,electrical,4.42,-4.580042600203565,10,5.557021093260797,5.947226506285773,provo,259.05,5.557021093260797,provo:38:12,8.53879451751709,1819,[12278],1,10,10,10
38,13,217.95714285714288,217.3095238095238,impulses,impulses,3.29,-5.709943117696635,8,5.384298451063843,5.381322714233509,provo,217.95714285714288,5.384298451063843,provo:38:13,2.1895604133605957,1820,[37505],1,11,11,11
38,14,241.14666666666668,257.5,announcing,announcing,3.87,-5.130175931136036,10,5.485405323764115,5.551019720103791,provo,241.14666666666668,5.485405323764115,provo:38:14,21.415210723876953,1821,[16428],1,12,12,12
38,15,152.6,113.97619047619048,that,that,7.01,-1.9913998239802937,4,5.027820118850356,4.73598957110914,provo,152.6,5.027820118850356,provo:38:15,5.1073899269104,1822,[326],1,13,13,13
38,16,201.09859154929575,225.83333333333337,things,things,5.74,-3.25963723154313,6,5.30379529302109,5.419797264085746,provo,201.09859154929575,5.30379529302109,provo:38:16,6.36931848526001,1823,[1243],1,14,14,14
38,17,157.53846153846155,117.4047619047619,are,are,6.74,-2.259637302609493,3,5.059669628697861,4.7656274679407575,provo,157.53846153846155,5.059669628697861,provo:38:17,0.5655215382575989,1824,[389],1,15,15,15
38,18,196.34848484848484,210.3571428571429,happening.,happening,4.8,-4.199969952492573,9,5.2798910644089885,5.348806766470428,provo,196.34848484848484,5.2798910644089885,provo:38:18,5.149411201477051,1825,"[5836, 13]",2,16,17,17
38,19,216.13513513513513,123.6904761904762,It,it,6.95,-2.0501222910888885,2,5.375903837687665,4.81778228524996,provo,216.13513513513513,5.375903837687665,provo:38:19,4.412657260894775,1826,[632],1,18,18,18
38,20,212.75510204081633,167.82142857142858,is,is,7.07,-1.9318141345419195,2,5.360141748556376,5.122900488927612,provo,212.75510204081633,5.360141748556376,provo:38:20,3.3543853759765625,1827,[318],1,19,19,19
38,21,239.84615384615384,297.20238095238096,then,then,6.07,-2.9318141011346532,4,5.479997692156185,5.694413324091396,provo,239.84615384615384,5.479997692156185,provo:38:21,7.700168132781982,1828,[788],1,20,20,20
38,22,200.02702702702703,110.17857142857144,the,the,7.73,-1.2700257134917023,3,5.298452492553242,4.702102426164284,provo,200.02702702702703,5.298452492553242,provo:38:22,4.343911170959473,1829,[262],1,21,21,21
38,23,187.13725490196077,129.79761904761904,job,job,5.5,-3.5003127799466554,3,5.231842331053426,4.8659764608630685,provo,187.13725490196077,5.231842331053426,provo:38:23,7.866743564605713,1830,[1693],1,22,22,22
38,24,196.12,59.73809523809524,of,of,7.4,-1.600326276788705,2,5.278726716783033,4.089969928083054,provo,196.12,5.278726716783033,provo:38:24,0.03375014662742615,1831,[286],1,23,23,23
38,25,240.9367088607595,282.8333333333333,neurons,neurons,3.71,-5.289874169191321,7,5.484534280165267,5.644857796006171,provo,240.9367088607595,5.484534280165267,provo:38:25,7.555188179016113,1832,[16890],1,24,24,24
38,26,167.0,47.26190476190476,to,to,7.43,-1.5702477183831145,2,5.117993812416755,3.8557045748379224,provo,167.0,5.117993812416755,provo:38:26,0.22386029362678528,1833,[284],1,25,25,25
38,27,248.48717948717947,287.32142857142856,rapidly,rapidly,4.34,-4.659553902084583,7,5.515391252604903,5.66060154925128,provo,248.48717948717947,5.515391252604903,provo:38:27,11.192329406738281,1834,[8902],1,26,26,26
38,28,228.68,282.9404761904762,interpret,interpret,3.81,-5.189760759232152,9,5.432323646395771,5.645236544038053,provo,228.68,5.432323646395771,provo:38:28,7.081368923187256,1835,[6179],1,27,27,27
38,29,213.2340425531915,129.70238095238096,these,these,6.04,-2.95860727536046,5,5.362390353809611,4.865242448535406,provo,213.2340425531915,5.362390353809611,provo:38:29,2.5009257793426514,1836,[777],1,28,28,28
38,30,222.53846153846155,205.1547619047619,signals,signals,4.28,-4.718964358965126,7,5.405099947514598,5.323764630438263,provo,222.53846153846155,5.405099947514598,provo:38:30,1.0293761491775513,1837,[10425],1,29,29,29
38,31,202.96428571428572,69.5952380952381,as,as,6.77,-2.2298846978394775,2,5.313030031121918,4.242696146827877,provo,202.96428571428572,5.313030031121918,provo:38:31,3.93993878364563,1838,[355],1,30,30,30
38,32,210.5857142857143,217.91666666666663,well,well,6.03,-2.970616181726523,4,5.349892763997919,5.384112726711023,provo,210.5857142857143,5.349892763997919,provo:38:32,6.640722274780273,1839,[880],1,31,31,31
38,33,144.46153846153845,72.42857142857143,as,as,6.77,-2.2298846978394775,2,4.973013302306671,4.28260085453587,provo,144.46153846153845,4.973013302306671,provo:38:33,0.08748162537813187,1840,[355],1,32,32,32
38,34,228.31578947368425,195.72619047619048,they,they,6.5,-2.5003129036381,4,5.430729712220379,5.276716695167563,provo,228.31578947368425,5.430729712220379,provo:38:34,7.175324440002441,1841,[484],1,33,33,33
38,35,175.82456140350877,136.61904761904762,"can,",can,6.46,-2.5406074971611,3,5.1694866876851195,4.917196378257942,provo,175.82456140350877,5.1694866876851195,provo:38:35,4.908339023590088,1842,"[460, 11]",2,34,35,35
38,36,150.0681818181818,124.41666666666669,and,and,7.41,-1.5900668749788436,3,5.01108973627631,4.82363614775119,provo,150.0681818181818,5.01108973627631,provo:38:36,2.4015276432037354,1843,[290],1,36,36,36
38,37,219.02631578947367,340.6547619047619,suggest,suggest,4.75,-4.2502629116656445,7,5.389191886019709,5.830869535999889,provo,219.02631578947367,5.389191886019709,provo:38:37,14.099446296691895,1844,[1950],1,37,37,37
38,38,241.5818181818182,253.6904761904762,how,how,6.24,-2.759450726757948,3,5.487208207358837,5.53611492624935,provo,241.5818181818182,5.487208207358837,provo:38:38,5.003259181976318,1845,[703],1,38,38,38
38,39,247.6428571428571,210.6071428571429,to,to,7.43,-1.5702477183831145,2,5.5119876160697645,5.3499945158253,provo,247.6428571428571,5.5119876160697645,provo:38:39,1.2213134765625,1846,[284],1,39,39,39
38,40,284.41509433962267,300.9166666666667,react,react,4.16,-4.838629002640995,5,5.650434770851294,5.7068333714894575,provo,284.41509433962267,5.650434770851294,provo:38:40,7.831227779388428,1847,[6324],1,40,40,40
39,2,187.5211267605634,275.3095238095238,because,because,6.03,-2.970616181726523,7,5.233891515119334,5.617896005845593,provo,187.5211267605634,5.233891515119334,provo:39:2,,1848,[13893],1,0,0,0
39,3,185.14754098360655,194.1904761904762,when,when,6.37,-2.6307841240302645,4,5.22115302605947,5.268839513410978,provo,185.14754098360655,5.22115302605947,provo:39:3,8.561594009399414,1849,[618],1,1,1,1
39,4,195.6052631578947,318.6904761904762,immigrants,immigrants,4.37,-4.630782286634498,10,5.276098664998908,5.764220337671085,provo,195.6052631578947,5.276098664998908,provo:39:4,14.643255233764648,1850,[7971],1,2,2,2
39,5,210.9056603773585,170.6904761904762,from,from,6.63,-2.369572114804145,4,5.351410926277522,5.139851835569504,provo,210.9056603773585,5.351410926277522,provo:39:5,5.194258689880371,1851,[422],1,3,3,3
39,6,198.9375,85.22619047619048,a,a,7.36,-1.6401645157636295,1,5.292990705042311,4.4453087865528715,provo,198.9375,5.292990705042311,provo:39:6,6.662636756896973,1852,[257],1,4,4,4
39,7,212.36363636363637,274.9047619047619,particular,particular,5.0,-3.999999565705735,10,5.358300071149747,5.616424717337511,provo,212.36363636363637,5.358300071149747,provo:39:7,2.960329532623291,1853,[1948],1,5,5,5
39,8,243.90277777777777,273.1547619047619,cultural,cultural,4.75,-4.2502629116656445,8,5.496769694159799,5.61003852798562,provo,243.90277777777777,5.496769694159799,provo:39:8,9.349205017089844,1854,[6467],1,6,6,6
39,9,202.9,185.9047619047619,group,group,5.57,-3.4294569433722897,5,5.312713246831769,5.22523450980956,provo,202.9,5.312713246831769,provo:39:9,1.161905288696289,1855,[1448],1,7,7,7
39,10,202.6346153846154,163.52380952380952,move,move,5.35,-3.6497517877844152,4,5.3114044330181,5.096958603733998,provo,202.6346153846154,5.3114044330181,provo:39:10,6.7346906661987305,1856,[1445],1,8,8,8
39,11,215.19354838709677,186.22619047619048,into,into,6.11,-2.8894102560345134,4,5.371537848224369,5.226962012718457,provo,215.19354838709677,5.371537848224369,provo:39:11,2.350820541381836,1857,[656],1,9,9,9
39,12,204.11111111111111,71.9047619047619,a,a,7.36,-1.6401645157636295,1,5.318664507878906,4.275342492085547,provo,204.11111111111111,5.318664507878906,provo:39:12,2.5222270488739014,1858,[257],1,10,10,10
39,13,205.2127659574468,145.0595238095238,new,new,6.25,-2.74957997329254,3,5.324047323629771,4.977144167215993,provo,205.2127659574468,5.324047323629771,provo:39:13,1.8726155757904053,1859,[649],1,11,11,11
39,14,223.2051282051282,111.0,"one,",one,6.47,-2.5301779692999906,3,5.408091206072643,4.709530201312334,provo,223.2051282051282,5.408091206072643,provo:39:14,7.279511451721191,1860,"[530, 11]",2,12,13,13
39,15,198.5686274509804,141.5595238095238,they,they,6.5,-2.5003129036381,4,5.291134770607959,4.952720291594265,provo,198.5686274509804,5.291134770607959,provo:39:15,1.5426318645477295,1861,[484],1,14,14,14
39,16,196.015873015873,167.8452380952381,bring,bring,5.27,-3.7304868222904894,5,5.27819564072629,5.123042353022048,provo,196.015873015873,5.27819564072629,provo:39:16,8.57943058013916,1862,[2222],1,15,15,15
39,17,227.06493506493507,320.60714285714283,genetic,genetic,4.34,-4.659553902084583,7,5.425236034129521,5.770216519581484,provo,227.06493506493507,5.425236034129521,provo:39:17,11.566774368286133,1863,[8513],1,16,16,16
39,18,192.925,349.8809523809524,diversity,diversity,4.32,-4.6798516359298885,9,5.262301512343667,5.857592960569649,provo,192.925,5.262301512343667,provo:39:18,2.56434965133667,1864,[9573],1,17,17,17
39,19,230.05769230769232,172.89285714285714,"that,",that,7.01,-1.9913998239802937,4,5.438330113589477,5.15267207976449,provo,230.05769230769232,5.438330113589477,provo:39:19,13.821643829345703,1865,"[326, 11]",2,18,19,19
39,20,230.65116279069767,142.08333333333334,if,if,6.47,-2.5301779692999906,2,5.4409064513555165,4.956413739929617,provo,230.65116279069767,5.4409064513555165,provo:39:20,3.1431336402893066,1866,[611],1,20,20,20
39,21,199.2391304347826,141.83333333333334,the,the,7.73,-1.2700257134917023,3,5.29450576378471,4.954652659345319,provo,199.2391304347826,5.29450576378471,provo:39:21,6.212005138397217,1867,[262],1,21,21,21
39,22,193.9873417721519,280.76190476190476,immigrants,immigrants,4.37,-4.630782286634498,10,5.26779290833739,5.637506996145749,provo,193.9873417721519,5.26779290833739,provo:39:22,3.519324779510498,1868,[7971],1,22,22,22
39,23,219.0408163265306,159.04761904761904,have,have,6.71,-2.2898826264224046,4,5.389258088370898,5.069203648247323,provo,219.0408163265306,5.389258088370898,provo:39:23,4.592551231384277,1869,[423],1,23,23,23
39,24,202.3287671232877,239.8928571428571,"children,",children,5.47,-3.530177836803394,8,5.309893934377034,5.4801923950916605,provo,202.3287671232877,5.309893934377034,provo:39:24,10.1814546585083,1870,"[1751, 11]",2,24,25,25
39,25,203.44736842105263,119.33333333333331,get,get,6.28,-2.718966610014342,3,5.315407339594089,4.78192069773259,provo,203.44736842105263,5.315407339594089,provo:39:25,13.647310256958008,1871,[651],1,26,26,26
39,26,223.07142857142856,246.75,mixed,mixed,4.64,-4.359517569221832,5,5.4074920276678204,5.508375678313591,provo,223.07142857142856,5.4074920276678204,provo:39:26,4.892324447631836,1872,[7668],1,27,27,27
39,27,204.05,178.08333333333334,"around,",around,5.77,-3.229884631478697,6,5.318365061851814,5.182251605531147,provo,204.05,5.318365061851814,provo:39:27,16.052101135253906,1873,"[1088, 11]",2,28,29,29
39,28,231.96103896103895,283.9642857142857,changing,changing,4.76,-4.2403314000162755,8,5.4465694220508,5.64884847572628,provo,231.96103896103895,5.4465694220508,provo:39:28,8.671477317810059,1874,[5609],1,30,30,30
39,29,176.47058823529412,72.63095238095238,the,the,7.73,-1.2700257134917023,3,5.173154223594031,4.285391172308539,provo,176.47058823529412,5.173154223594031,provo:39:29,1.6397747993469238,1875,[262],1,31,31,31
39,30,167.30612244897958,115.82142857142856,new,new,6.25,-2.74957997329254,3,5.119825202953656,4.752049596132114,provo,167.30612244897958,5.119825202953656,provo:39:30,11.22717571258545,1876,[649],1,32,32,32
39,31,182.71604938271605,344.04761904761904,population's,population's,2.37,-6.630598586303376,12,5.207933305079767,5.84078007525721,provo,182.71604938271605,5.207933305079767,provo:39:31,7.014529705047607,1877,"[3265, 338]",2,33,34,34
39,32,234.1129032258065,194.98809523809524,gene,gene,4.36,-4.6401626211817995,4,5.455803491413639,5.272938506639066,provo,234.1129032258065,5.455803491413639,provo:39:32,6.674956798553467,1878,[9779],1,35,35,35
39,33,199.38888888888889,102.51190476190476,pool.,pool,4.67,-4.329753218947205,4,5.295257133251442,4.629978935852852,provo,199.38888888888889,5.295257133251442,provo:39:33,1.7598234415054321,1879,"[5933, 13]",2,36,37,37
39,34,206.76315789473685,108.75,But,but,6.63,-2.369572114804145,3,5.331573973449436,4.689051669968793,provo,206.76315789473685,5.331573973449436,provo:39:34,5.541367530822754,1880,[887],1,38,38,38
39,35,212.3,148.92857142857142,the,the,7.73,-1.2700257134917023,3,5.35800036870921,5.003466804617643,provo,212.3,5.35800036870921,provo:39:35,3.6737468242645264,1881,[262],1,39,39,39
39,36,219.14583333333337,139.39285714285714,new,new,6.25,-2.74957997329254,3,5.389737413831384,4.937296257005411,provo,219.14583333333337,5.389737413831384,provo:39:36,4.832132339477539,1882,[649],1,40,40,40
39,37,194.26923076923077,276.35714285714283,population's,population's,2.37,-6.630598586303376,12,5.269244984446571,5.6216940250852545,provo,194.26923076923077,5.269244984446571,provo:39:37,6.970533847808838,1883,"[3265, 338]",2,41,42,42
39,38,219.2467532467533,262.9404761904762,culture,culture,5.03,-3.9706158164322862,7,5.390197822689982,5.571927680290155,provo,219.2467532467533,5.390197822689982,provo:39:38,8.073542594909668,1884,[3968],1,43,43,43
39,39,207.5909090909091,213.57142857142856,doesn't,doesn't,5.53,-3.4698001736864703,7,5.335569359826684,5.363971336769474,provo,207.5909090909091,5.335569359826684,provo:39:39,3.6091384887695312,1885,"[1595, 470]",2,44,45,45
39,40,253.8918918918919,411.54761904761904,necessarily,necessarily,4.48,-4.519991618984032,11,5.536908553942716,6.019924734072356,provo,253.8918918918919,5.536908553942716,provo:39:40,3.867750883102417,1886,[6646],1,46,46,46
39,41,256.03076923076924,265.48809523809524,change.,change,5.54,-3.459670400052233,6,5.545297629564738,5.581570000648805,provo,256.03076923076924,5.545297629564738,provo:39:41,6.27394437789917,1887,"[1487, 13]",2,47,48,48
40,2,201.2765957446809,146.78571428571428,in,in,7.27,-1.730487053447167,2,5.3046800603358655,4.988973797315077,provo,201.2765957446809,5.3046800603358655,provo:40:2,,1888,[259],1,0,0,0
40,3,187.34722222222223,236.6547619047619,Georgia,georgia,4.46,-4.5406060042764365,7,5.2329636984536245,5.466602378291208,provo,187.34722222222223,5.2329636984536245,provo:40:3,14.986751556396484,1889,[7859],1,1,1,1
40,4,180.9322033898305,153.47619047619048,have,have,6.71,-2.2898826264224046,4,5.198122394191106,5.033545444092015,provo,180.9322033898305,5.198122394191106,provo:40:4,9.342072486877441,1890,[423],1,2,2,2
40,5,184.0909090909091,175.61904761904762,shut,shut,4.78,-4.219681967637425,4,5.215429706742269,5.168317146953061,provo,184.0909090909091,5.215429706742269,provo:40:5,11.760221481323242,1891,[4423],1,3,3,3
40,6,181.58620689655172,146.63095238095238,down,down,5.88,-3.119758166885224,4,5.201730510069781,4.987918902098171,provo,181.58620689655172,5.201730510069781,provo:40:6,0.6663795709609985,1892,[866],1,4,4,4
40,7,193.8695652173913,58.273809523809526,a,a,7.36,-1.6401645157636295,1,5.267185588698327,4.0651527561212975,provo,193.8695652173913,5.267185588698327,provo:40:7,4.287792205810547,1893,[257],1,5,5,5
40,8,220.6153846153846,293.2738095238095,lemonade,lemonade,3.44,-5.560651513930253,8,5.396420844257975,5.68110667613475,provo,220.6153846153846,5.396420844257975,provo:40:8,14.944032669067383,1894,"[18873, 671]",2,6,7,7
40,9,204.01470588235293,217.41666666666663,stand,stand,5.14,-3.860120598892731,5,5.318192078904619,5.381815635348728,provo,204.01470588235293,5.318192078904619,provo:40:9,0.06083444133400917,1895,[1302],1,8,8,8
40,10,206.12765957446808,131.0595238095238,run,run,5.49,-3.510041380026812,3,5.32849568352287,4.87565160022709,provo,206.12765957446808,5.32849568352287,provo:40:10,7.976877212524414,1896,[1057],1,9,9,9
40,11,205.52083333333337,129.9404761904762,by,by,6.66,-2.340083790426988,2,5.325547407548825,4.867076470140731,provo,205.52083333333337,5.325547407548825,provo:40:11,0.11335539817810059,1897,[416],1,10,10,10
40,12,217.77777777777777,200.3095238095238,three,three,5.78,-3.2196826158375527,5,5.383475174888344,5.299863789267445,provo,217.77777777777777,5.383475174888344,provo:40:12,8.084869384765625,1898,[1115],1,11,11,11
40,13,209.41379310344828,154.3452380952381,girls,girls,5.17,-3.829737991162924,5,5.344312165911101,5.0391918991294515,provo,209.41379310344828,5.344312165911101,provo:40:13,8.134759902954102,1899,[4813],1,12,12,12
40,14,205.0327868852459,177.07142857142858,trying,trying,5.47,-3.530177836803394,6,5.323169902375596,5.176553202419932,provo,205.0327868852459,5.323169902375596,provo:40:14,8.689752578735352,1900,[2111],1,13,13,13
40,15,190.32142857142856,66.64285714285714,to,to,7.43,-1.5702477183831145,2,5.2487143721215785,4.199347871232085,provo,190.32142857142856,5.2487143721215785,provo:40:15,0.006675174925476313,1901,[284],1,14,14,14
40,16,204.98333333333332,163.46428571428572,save,save,5.14,-3.860120598892731,4,5.32292867502031,5.096594530478439,provo,204.98333333333332,5.32292867502031,provo:40:16,7.0705742835998535,1902,[3613],1,15,15,15
40,17,215.08333333333337,93.97619047619048,up,up,6.39,-2.6108338979091625,2,5.371025549930613,4.543041457379479,provo,215.08333333333337,5.371025549930613,provo:40:17,8.008279800415039,1903,[510],1,16,16,16
40,18,208.04347826086956,125.67857142857144,for,for,7.01,-1.9913998239802937,3,5.337747087957905,4.833727627146382,provo,208.04347826086956,5.337747087957905,provo:40:18,1.698174238204956,1904,[329],1,17,17,17
40,19,181.9032258064516,67.13095238095238,a,a,7.36,-1.6401645157636295,1,5.203474819322036,4.206645224963869,provo,181.9032258064516,5.203474819322036,provo:40:19,1.7173597812652588,1905,[257],1,18,18,18
40,20,153.34883720930233,84.25,trip,trip,4.9,-4.100178950602868,4,5.032715307938114,4.433788569232471,provo,153.34883720930233,5.032715307938114,provo:40:20,5.246739864349365,1906,[5296],1,19,19,19
40,21,190.84615384615384,74.97619047619048,to,to,7.43,-1.5702477183831145,2,5.251467626230264,4.317170602817656,provo,190.84615384615384,5.251467626230264,provo:40:21,0.23521475493907928,1907,[284],1,20,20,20
40,22,192.7037037037037,64.21428571428571,a,a,7.36,-1.6401645157636295,1,5.261153795285974,4.162225704856362,provo,192.7037037037037,5.261153795285974,provo:40:22,3.399181604385376,1908,[257],1,21,21,21
40,23,171.53731343283582,204.3690476190476,water,water,5.52,-3.480171875017509,5,5.144800813977793,5.319927416427616,provo,171.53731343283582,5.144800813977793,provo:40:23,11.535916328430176,1909,[1660],1,22,22,22
40,24,181.70454545454547,106.76190476190476,"park,",park,5.16,-3.838631698251693,4,5.202381991349793,4.670601165908682,provo,181.70454545454547,5.202381991349793,provo:40:24,4.469724655151367,1910,"[3952, 11]",2,23,24,24
40,25,218.82857142857145,224.54761904761904,saying,saying,5.37,-3.630783956993964,6,5.38828864442018,5.4140877962605165,provo,218.82857142857145,5.38828864442018,provo:40:25,5.991967678070068,1911,[2282],1,25,25,25
40,26,188.66666666666663,109.76190476190476,they,they,6.5,-2.5003129036381,4,5.239981789535073,4.698313517707326,provo,188.66666666666663,5.239981789535073,provo:40:26,1.3092670440673828,1912,[484],1,26,26,26
40,27,201.3939393939394,185.73809523809524,didn't,didn't,5.68,-3.3196643959185397,6,5.30526288744806,5.224337591304945,provo,201.3939393939394,5.30526288744806,provo:40:27,5.362814426422119,1913,"[1422, 470]",2,27,28,28
40,28,187.6590909090909,113.0952380952381,have,have,6.71,-2.2898826264224046,4,5.234626970499168,4.728230278745318,provo,187.6590909090909,5.234626970499168,provo:40:28,3.098090410232544,1914,[423],1,29,29,29
40,29,213.12,68.51190476190476,a,a,7.36,-1.6401645157636295,1,5.3618553873520245,4.227007522312669,provo,213.12,5.3618553873520245,provo:40:29,4.360948085784912,1915,[257],1,30,30,30
40,30,188.1818181818182,201.0952380952381,business,business,5.56,-3.440093255323551,8,5.237408613461044,5.30377861721052,provo,188.1818181818182,5.237408613461044,provo:40:30,7.148541450500488,1916,[1597],1,31,31,31
40,31,207.26315789473685,210.3095238095238,license,license,4.52,-4.480170694158342,7,5.333989280032631,5.348580368461763,provo,207.26315789473685,5.333989280032631,provo:40:31,2.8205764293670654,1917,[5964],1,32,32,32
40,32,183.86666666666667,37.23809523809524,or,or,6.54,-2.4596705126934353,2,5.214210857251037,3.617332302821888,provo,183.86666666666667,5.214210857251037,provo:40:32,4.280288219451904,1918,[393],1,33,33,33
40,33,182.625,87.42857142857143,the,the,7.73,-1.2700257134917023,3,5.2074348700708635,4.470822133457013,provo,182.625,5.2074348700708635,provo:40:33,6.125993251800537,1919,[262],1,34,34,34
40,34,223.56410256410257,292.1190476190476,required,required,5.02,-3.978810287316467,8,5.4096981852981685,5.677161416507815,provo,223.56410256410257,5.4096981852981685,provo:40:34,4.156189918518066,1920,[2672],1,35,35,35
40,35,208.56521739130432,196.58333333333337,permits.,permits,3.94,-5.059976858861581,7,5.340251785572915,5.281086429619675,provo,208.56521739130432,5.340251785572915,provo:40:35,4.748846054077148,1921,"[13892, 13]",2,36,37,37
40,36,219.0126582278481,439.1904761904762,Morningstar,morningstar,2.63,-6.369470428573176,11,5.3891295282732985,6.084933205512296,provo,219.0126582278481,5.3891295282732985,provo:40:36,22.567670822143555,1922,"[14410, 7364]",2,38,39,39
40,37,235.46296296296296,212.5952380952381,says,says,5.49,-3.510041380026812,4,5.461553631291945,5.359390067233848,provo,235.46296296296296,5.461553631291945,provo:40:37,6.260035037994385,1923,[1139],1,40,40,40
40,38,171.73684210526315,318.4166666666667,police,police,5.33,-3.6695860237095097,6,5.14596331742688,5.763360797658899,provo,171.73684210526315,5.14596331742688,provo:40:38,7.586578369140625,1924,[1644],1,41,41,41
40,39,182.75,196.27380952380952,also,also,6.19,-2.8096682738107104,4,5.208119098629888,5.279510671717865,provo,182.75,5.208119098629888,provo:40:39,7.162143230438232,1925,[635],1,42,42,42
40,40,218.1052631578947,371.5595238095238,didn't,didn't,5.68,-3.3196643959185397,6,5.384977804772879,5.917709076920705,provo,218.1052631578947,5.384977804772879,provo:40:40,8.964630126953125,1926,"[1422, 470]",2,43,44,44
40,41,208.63492063492063,230.27380952380952,know,know,6.1,-2.8996294204146222,4,5.340585933325571,5.439269077058784,provo,208.63492063492063,5.340585933325571,provo:40:41,3.491875648498535,1927,[760],1,45,45,45
40,42,204.8840579710145,235.42857142857144,how,how,6.24,-2.759450726757948,3,5.322444248269774,5.461407561414104,provo,204.8840579710145,5.322444248269774,provo:40:42,4.290406703948975,1928,[703],1,46,46,46
40,43,196.5185185185185,162.8095238095238,the,the,7.73,-1.2700257134917023,3,5.280756668693356,5.0925809519158785,provo,196.5185185185185,5.280756668693356,provo:40:43,4.616324424743652,1929,[262],1,47,47,47
40,44,192.0,285.3452380952381,lemonade,lemonade,3.44,-5.560651513930253,8,5.2574953720277815,5.653699808899677,provo,192.0,5.2574953720277815,provo:40:44,4.451350688934326,1930,"[18873, 671]",2,48,49,49
40,45,234.10169491525423,221.8095238095238,was,was,6.82,-2.1797985339440955,3,5.455755614604163,5.401819012720863,provo,234.10169491525423,5.455755614604163,provo:40:45,5.927338123321533,1931,[373],1,50,50,50
40,46,232.7,244.52380952380952,made,made,5.92,-3.079876621510423,4,5.449750070308246,5.499312684639236,provo,232.7,5.449750070308246,provo:40:46,3.453263759613037,1932,[925],1,51,51,51
41,2,207.7594936708861,304.20238095238096,showing,showing,4.88,-4.119757651911903,7,5.336381130264914,5.717693206725466,provo,207.7594936708861,5.336381130264914,provo:41:2,,1933,"[1477, 7855]",2,0,1,1
41,3,204.3846153846154,168.1547619047619,that,that,7.01,-1.9913998239802937,4,5.320003588298277,5.124884757171328,provo,204.3846153846154,5.320003588298277,provo:41:3,4.317479133605957,1934,[326],1,2,2,2
41,4,215.67857142857144,73.66666666666667,a,a,7.36,-1.6401645157636295,1,5.373789204132697,4.299550412849643,provo,215.67857142857144,5.373789204132697,provo:41:4,5.733084678649902,1935,[257],1,3,3,3
41,5,207.453125,184.5595238095238,tiny,tiny,4.62,-4.379862903553914,4,5.33490541053623,5.217972033723049,provo,207.453125,5.33490541053623,provo:41:5,9.329269409179688,1936,[7009],1,4,4,4
41,6,228.1625,315.5952380952381,European,european,5.08,-3.9208183920404576,8,5.430058094388903,5.754460500439757,provo,228.1625,5.430058094388903,provo:41:6,13.102320671081543,1937,[3427],1,5,5,5
41,7,233.70422535211267,276.92857142857144,river,river,5.03,-3.9706158164322862,5,5.454056321621472,5.62375960805567,provo,233.70422535211267,5.454056321621472,provo:41:7,12.356287956237793,1938,[7850],1,6,6,6
41,8,230.9032258064516,193.45238095238096,bug,bug,4.2,-4.8013401643550235,3,5.441998686840825,5.26503138891457,provo,230.9032258064516,5.441998686840825,provo:41:8,16.40697479248047,1939,[5434],1,7,7,7
41,9,225.48529411764707,258.9642857142857,called,called,5.59,-3.4100502870304807,6,5.418254942260282,5.556690159196389,provo,225.48529411764707,5.418254942260282,provo:41:9,7.206676483154297,1940,[1444],1,8,8,8
41,10,188.3181818181818,102.38095238095238,the,the,7.73,-1.2700257134917023,3,5.2381329887190855,4.628700683398286,provo,188.3181818181818,5.2381329887190855,provo:41:10,3.1941375732421875,1941,[262],1,9,9,9
41,11,212.48529411764707,227.66666666666663,water,water,5.52,-3.480171875017509,5,5.358872781817505,5.42788257090268,provo,212.48529411764707,5.358872781817505,provo:41:11,9.384008407592773,1942,[1660],1,10,10,10
41,12,268.8666666666667,334.4404761904762,boatman,boatman,2.5,-6.500175504160421,7,5.594215593771158,5.812458915125109,provo,268.8666666666667,5.594215593771158,provo:41:12,23.04515838623047,1943,"[8848, 805]",2,11,12,12
41,13,223.97297297297297,112.71428571428572,may,may,5.98,-3.019996582940394,3,5.411525388204818,4.724856171790561,provo,223.97297297297297,5.411525388204818,provo:41:13,6.770874977111816,1944,[743],1,13,13,13
41,14,210.7826086956522,130.38095238095238,be,be,6.79,-2.20971482892795,2,5.350827311820001,4.8704605681249715,provo,210.7826086956522,5.350827311820001,provo:41:14,1.4163686037063599,1945,[307],1,14,14,14
41,15,182.46153846153845,106.29761904761904,the,the,7.73,-1.2700257134917023,3,5.206539402656079,4.666242886673903,provo,182.46153846153845,5.206539402656079,provo:41:15,3.2559962272644043,1946,[262],1,15,15,15
41,16,223.94520547945208,299.5238095238095,loudest,loudest,3.21,-5.7904581779834,7,5.411401403535777,5.702193911971063,provo,223.94520547945208,5.411401403535777,provo:41:16,14.752135276794434,1947,"[7812, 395]",2,16,17,17
41,17,166.07142857142858,168.4404761904762,animal,animal,4.81,-4.189766809722957,6,5.112417988406198,5.126582430352639,provo,166.07142857142858,5.112417988406198,provo:41:17,4.89224910736084,1948,[5044],1,18,18,18
41,18,201.7037037037037,76.27380952380952,on,on,6.91,-2.089909449064056,2,5.306799807229376,4.334329622795708,provo,201.7037037037037,5.306799807229376,provo:41:18,2.288257122039795,1949,[319],1,19,19,19
41,19,226.66666666666663,284.85714285714283,earth,earth,5.06,-3.939301781999177,5,5.423480509502043,5.65198780146647,provo,226.66666666666663,5.423480509502043,provo:41:19,2.5376763343811035,1950,[4534],1,20,20,20
41,20,173.9111111111111,111.47619047619048,for,for,7.01,-1.9913998239802937,3,5.158544313000038,4.713811029767488,provo,173.9111111111111,5.158544313000038,provo:41:20,8.194494247436523,1951,[329],1,21,21,21
41,21,198.2295081967213,177.57142857142858,its,its,6.14,-2.86012088212815,3,5.289425491726037,5.179372942455398,provo,198.2295081967213,5.289425491726037,provo:41:21,5.830447196960449,1952,[663],1,22,22,22
41,22,198.046875,180.0595238095238,size,size,5.13,-3.8696659098054966,4,5.288503745099712,5.193287484055729,provo,198.046875,5.288503745099712,provo:41:22,1.718098759651184,1953,[2546],1,23,23,23
41,23,197.4,152.60714285714286,has,has,6.37,-2.6307841240302645,3,5.285232126999381,5.027866925468821,provo,197.4,5.285232126999381,provo:41:23,11.263387680053711,1954,[468],1,24,24,24
41,24,209.68253968253967,201.07142857142856,some,some,6.2,-2.8013428855585856,4,5.3455946711248385,5.303660210958532,provo,209.68253968253967,5.3455946711248385,provo:41:24,7.530293941497803,1955,[617],1,25,25,25
41,25,206.44578313253012,361.4761904761905,interesting,interesting,5.0,-3.999999565705735,11,5.330037826512111,5.890196176293345,provo,206.44578313253012,5.330037826512111,provo:41:25,5.862300872802734,1956,[3499],1,26,26,26
41,26,242.0493827160494,375.8809523809524,sidebars.,sidebars,1.95,-7.049635145623877,8,5.489141766149233,5.929272477248358,provo,242.0493827160494,5.489141766149233,provo:41:26,19.361295700073242,1957,"[1735, 34046, 13]",3,27,29,29
41,27,202.7391304347826,74.20238095238095,The,the,7.73,-1.2700257134917023,3,5.311920080879171,4.306796237965537,provo,202.7391304347826,5.311920080879171,provo:41:27,3.8031535148620605,1958,[383],1,30,30,30
41,28,242.18421052631575,334.6666666666667,insect,insect,3.76,-5.240324602428535,6,5.489698637112471,5.813135011583565,provo,242.18421052631575,5.489698637112471,provo:41:28,8.519923210144043,1959,[12833],1,31,31,31
41,29,209.28,73.32142857142857,is,is,7.07,-1.9318141345419195,2,5.343673068268834,4.29485290684373,provo,209.28,5.343673068268834,provo:41:29,2.4346535205841064,1960,[318],1,32,32,32
41,30,214.29032258064515,195.27380952380952,just,just,6.43,-2.570247703852816,4,5.367331743180095,5.274402725069172,provo,214.29032258064515,5.367331743180095,provo:41:30,8.169794082641602,1961,[655],1,33,33,33
41,31,186.07692307692307,99.32142857142856,two,two,6.1,-2.8996294204146222,3,5.2261601531484905,4.598361344058761,provo,186.07692307692307,5.2261601531484905,provo:41:31,6.299790382385254,1962,[734],1,34,34,34
41,32,191.1012658227848,319.8095238095238,millimeters,millimeters,3.04,-5.958567835319735,11,5.252803475100714,5.767725580474008,provo,191.1012658227848,5.252803475100714,provo:41:32,5.331960201263428,1963,"[3939, 31551]",2,35,36,36
41,33,186.82758620689657,152.0,long,long,5.81,-3.1897674147766732,4,5.230186192658566,5.0238805208462765,provo,186.82758620689657,5.230186192658566,provo:41:33,0.9884313941001892,1964,[890],1,37,37,37
41,34,163.97142857142856,84.75,and,and,7.41,-1.5900668749788436,3,5.099692196618949,4.43970574626056,provo,163.97142857142856,5.099692196618949,provo:41:34,1.1095775365829468,1965,[290],1,38,38,38
41,35,201.5142857142857,105.1904761904762,yet,yet,5.54,-3.459670400052233,3,5.305860275718765,4.655772765696694,provo,201.5142857142857,5.305860275718765,provo:41:35,11.073176383972168,1966,[1865],1,39,39,39
41,36,197.85333333333332,322.3690476190476,produces,produces,4.19,-4.8096654999388635,8,5.287526015469816,5.775696999879195,provo,197.85333333333332,5.287526015469816,provo:41:36,9.795193672180176,1967,[11073],1,40,40,40
41,37,177.6764705882353,90.75,an,an,6.53,-2.4698002889858715,2,5.17996431552258,4.5081084731449605,provo,177.6764705882353,5.17996431552258,provo:41:37,4.764772891998291,1968,[281],1,41,41,41
41,38,229.1428571428571,375.4642857142857,underwater,underwater,3.92,-5.079871453855046,10,5.434345639371147,5.928163355400627,provo,229.1428571428571,5.434345639371147,provo:41:38,12.587023735046387,1969,[21258],1,42,42,42
41,39,210.953125,182.25,call,call,5.51,-3.4894548557519016,4,5.351635952397574,5.2053793708887675,provo,210.953125,5.351635952397574,provo:41:39,9.866530418395996,1970,[869],1,43,43,43
41,40,188.33333333333337,90.96428571428572,that,that,7.01,-1.9913998239802937,4,5.238213442478331,4.510466964804253,provo,188.33333333333337,5.238213442478331,provo:41:40,2.051361322402954,1971,[326],1,44,44,44
41,41,205.14583333333337,126.78571428571428,has,has,6.37,-2.6307841240302645,3,5.323721108339911,4.842498372294258,provo,205.14583333333337,5.323721108339911,provo:41:41,5.7747907638549805,1972,[468],1,45,45,45
41,42,179.71698113207546,128.29761904761904,been,been,6.27,-2.7304870324329187,4,5.19138328644278,4.854352713753518,provo,179.71698113207546,5.19138328644278,provo:41:42,2.7414772510528564,1973,[587],1,46,46,46
41,43,215.45205479452056,253.70238095238096,measured,measured,4.25,-4.749577557841319,8,5.372738401238556,5.536161851474012,provo,215.45205479452056,5.372738401238556,provo:41:43,8.879989624023438,1974,[8630],1,47,47,47
41,44,186.7391304347826,58.273809523809526,at,at,6.7,-2.300162265464202,2,5.229712618489206,4.0651527561212975,provo,186.7391304347826,5.229712618489206,provo:41:44,3.606194019317627,1975,[379],1,48,48,48
41,45,272.0933333333333,404.7857142857143,99.2,99.2,2.24,-6.76421912967244,4,5.606145144692775,6.00335782655436,provo,272.0933333333333,5.606145144692775,provo:41:45,15.453836441040039,1976,"[7388, 13, 17]",3,49,51,51
41,46,260.8493150684931,550.1666666666666,decibels,decibels,2.64,-6.359419193510347,8,5.563942903697246,6.310221262625138,provo,260.8493150684931,5.563942903697246,provo:41:46,6.02446985244751,1977,"[875, 571, 1424]",3,52,54,54
42,2,192.70833333333337,288.35714285714283,often,often,5.41,-3.5900667076825585,5,5.26117781959858,5.6641997912376825,provo,192.70833333333337,5.26117781959858,provo:42:2,,1978,[28950],1,0,0,0
42,3,195.0,249.46428571428572,seems,seems,5.24,-3.759450502122942,5,5.272999558563747,5.519315761515858,provo,195.0,5.272999558563747,provo:42:3,11.84796142578125,1979,[2331],1,1,1,1
42,4,193.6153846153846,89.89285714285714,to,to,7.43,-1.5702477183831145,2,5.265873637673779,4.498618484960112,provo,193.6153846153846,5.265873637673779,provo:42:4,1.089329719543457,1980,[284],1,2,2,2
42,5,203.3783783783784,106.96428571428572,be,be,6.79,-2.20971482892795,2,5.3150681769728525,4.6724950003743455,provo,203.3783783783784,5.3150681769728525,provo:42:5,1.8571730852127075,1981,[307],1,3,3,3
42,6,202.3823529411765,213.3928571428571,more,more,6.36,-2.6401644986952877,4,5.310158744586318,5.363134866624508,provo,202.3823529411765,5.310158744586318,provo:42:6,5.878256797790527,1982,[517],1,4,4,4
42,7,216.50632911392404,456.3809523809524,diving,diving,4.02,-4.978806564811835,6,5.377619780797805,6.123327882631807,provo,216.50632911392404,5.377619780797805,provo:42:7,21.424962997436523,1983,[23186],1,5,5,5
42,8,206.0731707317073,142.3095238095238,in,in,7.27,-1.730487053447167,2,5.328231303448537,4.9580044305408855,provo,206.0731707317073,5.328231303448537,provo:42:8,4.040244102478027,1984,[287],1,6,6,6
42,9,235.23376623376623,359.45238095238096,soccer,soccer,4.48,-4.519991618984032,6,5.460579769639232,5.884581709284368,provo,235.23376623376623,5.460579769639232,provo:42:9,17.148317337036133,1985,[11783],1,7,7,7
42,10,225.16071428571428,199.6309523809524,than,than,6.13,-2.8696661993350334,4,5.416814432938077,5.296470423903796,provo,225.16071428571428,5.416814432938077,provo:42:10,1.7913457155227661,1986,[621],1,8,8,8
42,11,206.82222222222225,151.3452380952381,in,in,7.27,-1.730487053447167,2,5.33185959441539,5.019563572106809,provo,206.82222222222225,5.33185959441539,provo:42:11,3.2932472229003906,1987,[287],1,9,9,9
42,12,185.55263157894737,111.29761904761904,the,the,7.73,-1.2700257134917023,3,5.223338569992655,4.712207865848002,provo,185.55263157894737,5.223338569992655,provo:42:12,4.634332180023193,1988,[262],1,10,10,10
42,13,229.3918918918919,286.6666666666667,Summer,summer,5.23,-3.769550823154459,6,5.435431859222727,5.658320100579444,provo,229.3918918918919,5.435431859222727,provo:42:13,15.106456756591797,1989,[10216],1,11,11,11
42,14,195.34782608695653,249.6309523809524,Olympics.,olympics,4.45,-4.549749351632015,8,5.27478169314101,5.519983636743432,provo,195.34782608695653,5.27478169314101,provo:42:14,2.564999580383301,1990,"[14935, 13]",2,12,13,13
42,15,266.27777777777777,412.6904761904762,Phantom,phantom,3.78,-5.219675485689354,7,5.584540041263467,6.022697859657942,provo,266.27777777777777,5.584540041263467,provo:42:15,20.20752716064453,1991,[14407],1,14,14,14
42,16,220.6447368421053,353.4166666666667,"contact,",contact,4.99,-4.01010499176305,7,5.396553882460778,5.86764771968659,provo,220.6447368421053,5.396553882460778,provo:42:16,18.99239158630371,1992,"[2800, 11]",2,15,16,16
42,17,248.52777777777777,116.5952380952381,or,or,6.54,-2.4596705126934353,2,5.515554621091486,4.758708433418949,provo,248.52777777777777,5.515554621091486,provo:42:17,6.468757152557373,1993,[393],1,17,17,17
42,18,206.0204081632653,142.0,the,the,7.73,-1.2700257134917023,3,5.3279752326363115,4.955827057601261,provo,206.0204081632653,5.3279752326363115,provo:42:18,4.649648189544678,1994,[262],1,18,18,18
42,19,199.5375,335.5357142857143,slightest,slightest,3.77,-5.229877331854745,9,5.296002188590597,5.815728401672362,provo,199.5375,5.296002188590597,provo:42:19,9.458605766296387,1995,[24917],1,19,19,19
42,20,191.84615384615384,271.0357142857143,"collision,",collision,3.95,-5.0501174217538685,9,5.256693768778445,5.602250599228709,provo,191.84615384615384,5.256693768778445,provo:42:20,11.485514640808105,1996,"[17661, 11]",2,20,21,21
42,21,210.69230769230768,115.1547619047619,can,can,6.46,-2.5406074971611,3,5.350398811801542,4.746276979339234,provo,210.69230769230768,5.350398811801542,provo:42:21,2.304033041000366,1997,[460],1,22,22,22
42,22,214.96610169491527,172.0595238095238,lead,lead,5.2,-3.801342638175739,4,5.37048034916171,5.147840485605529,provo,214.96610169491527,5.37048034916171,provo:42:22,4.372873783111572,1998,[1085],1,23,23,23
42,23,186.3703703703704,66.10714285714286,to,to,7.43,-1.5702477183831145,2,5.227735932375947,4.191276802398294,provo,186.3703703703704,5.227735932375947,provo:42:23,0.09467194229364395,1999,[284],1,24,24,24
42,24,235.91463414634143,443.7261904761905,theatrical,theatrical,3.68,-5.319655419989433,10,5.4634700198703605,6.095207684085207,provo,235.91463414634143,5.4634700198703605,provo:42:24,18.141759872436523,2000,[32010],1,25,25,25
42,25,231.16901408450704,257.7142857142857,belly,belly,4.1,-4.899626008114512,5,5.44314910569062,5.551851551567256,provo,231.16901408450704,5.44314910569062,provo:42:25,15.733689308166504,2001,[19921],1,26,26,26
42,26,211.06153846153848,187.92857142857144,flops,flops,3.3,-5.698948290154774,5,5.3521497424305275,5.236061951425034,provo,211.06153846153848,5.3521497424305275,provo:42:26,7.678989410400391,2002,"[781, 2840]",2,27,28,28
42,27,172.0,48.833333333333336,and,and,7.41,-1.5900668749788436,3,5.147494476813453,3.888413139789012,provo,172.0,5.147494476813453,provo:42:27,2.6450445652008057,2003,[290],1,29,29,29
42,28,253.93421052631575,379.0119047619048,exaggerated,exaggerated,3.68,-5.319655419989433,11,5.537075219792779,5.937567615570391,provo,253.93421052631575,5.537075219792779,provo:42:28,12.262674331665039,2004,[25291],1,30,30,30
42,29,249.0126582278481,393.5119047619048,somersaults,somersaults,2.19,-6.809388202186395,11,5.517503731429007,5.9751113209243645,provo,249.0126582278481,5.517503731429007,provo:42:29,11.881543159484863,2005,"[3870, 364, 13185]",3,31,33,33
42,30,173.1875,77.20238095238095,by,by,6.66,-2.340083790426988,2,5.154374822623197,4.34643029790723,provo,173.1875,5.154374822623197,provo:42:30,9.002110481262207,2006,[416],1,34,34,34
42,31,228.17391304347825,255.21428571428572,players,players,5.3,-3.698969787188832,7,5.430108114694775,5.542103528408151,provo,228.17391304347825,5.430108114694775,provo:42:31,4.194845199584961,2007,[1938],1,35,35,35
42,32,200.37974683544303,465.95238095238096,deceptively,deceptively,2.84,-6.159831150759244,11,5.300214300408037,6.144083442106754,provo,200.37974683544303,5.300214300408037,provo:42:32,18.118480682373047,2008,"[390, 984, 2280]",3,36,38,38
42,33,213.01388888888889,260.8095238095238,trying,trying,5.47,-3.530177836803394,6,5.3613573696347245,5.563790347060298,provo,213.01388888888889,5.3613573696347245,provo:42:33,5.026687145233154,2009,[2111],1,39,39,39
42,34,211.58333333333337,64.33333333333333,to,to,7.43,-1.5702477183831145,2,5.354618931916678,4.164077900236776,provo,211.58333333333337,5.354618931916678,provo:42:34,0.0684296265244484,2010,[284],1,40,40,40
42,35,240.31746031746033,225.6071428571429,draw,draw,4.81,-4.189766809722957,4,5.481960800599907,5.418795180723497,provo,240.31746031746033,5.481960800599907,provo:42:35,8.6170654296875,2011,[3197],1,41,41,41
42,36,217.9193548387097,215.57142857142856,fouls,fouls,3.15,-5.850750087409718,5,5.384125062414867,5.373292309712536,provo,217.9193548387097,5.384125062414867,provo:42:36,7.96582555770874,2012,"[15626, 82]",2,42,43,43
42,37,198.7,80.20238095238095,on,on,6.91,-2.089909449064056,2,5.291796149557771,4.384553202117346,provo,198.7,5.291796149557771,provo:42:37,5.101850986480713,2013,[319],1,44,44,44
42,38,215.56521739130432,145.22619047619048,their,their,6.33,-2.669586206356675,5,5.373263496665986,4.978292461305424,provo,215.56521739130432,5.373263496665986,provo:42:38,2.916890859603882,2014,[511],1,45,45,45
42,39,199.11111111111111,244.53571428571428,"opponents,",opponents,4.23,-4.769548523955817,9,5.293863016198657,5.499361368945859,provo,199.11111111111111,5.293863016198657,provo:42:39,4.2611589431762695,2015,"[7691, 11]",2,46,47,47
42,40,198.94230769230768,146.07142857142858,kill,kill,5.09,-3.910094535475801,4,5.293014871598216,4.984095738861644,provo,198.94230769230768,5.293014871598216,provo:42:40,15.695759773254395,2016,[1494],1,48,48,48
42,41,217.94736842105263,196.01190476190476,time,time,6.29,-2.709965366365971,4,5.3842536043791265,5.278175395967151,provo,217.94736842105263,5.3842536043791265,provo:42:41,6.639321327209473,2017,[640],1,49,49,49
42,42,197.84444444444443,120.9404761904762,or,or,6.54,-2.4596705126934353,2,5.287481087803352,4.795298492248231,provo,197.84444444444443,5.287481087803352,provo:42:42,4.707046985626221,2018,[393],1,50,50,50
42,43,207.82539682539684,218.1309523809524,catch,catch,4.87,-4.13018120592865,5,5.336698288836221,5.385095581436861,provo,207.82539682539684,5.336698288836221,provo:42:43,9.418618202209473,2019,[4929],1,51,51,51
42,44,217.19230769230768,69.0,a,a,7.36,-1.6401645157636295,1,5.380783171651355,4.23410650459726,provo,217.19230769230768,5.380783171651355,provo:42:44,3.665070056915283,2020,[257],1,52,52,52
42,45,234.97297297297297,368.2857142857143,breather,breather,3.02,-5.978769341520297,8,5.459470498904513,5.908859034443819,provo,234.97297297297297,5.459470498904513,provo:42:45,10.622830390930176,2021,"[4882, 372]",2,53,54,54
42,46,245.29787234042553,198.51190476190476,when,when,6.37,-2.6307841240302645,4,5.502473277522895,5.290849071940511,provo,245.29787234042553,5.502473277522895,provo:42:46,7.19785213470459,2022,[618],1,55,55,55
42,47,261.4516129032258,332.4047619047619,tired,tired,4.71,-4.289881788311072,5,5.56624922968463,5.80635338870528,provo,261.4516129032258,5.56624922968463,provo:42:47,11.058605194091797,2023,[10032],1,56,56,56
43,2,212.9125,502.4642857142857,ventilation,ventilation,3.6,-5.400106016141739,11,5.360881283186695,6.219524564202009,provo,212.9125,5.360881283186695,provo:43:2,,2024,"[1151, 10520]",2,0,1,1
43,3,201.03225806451613,192.1547619047619,will,will,6.45,-2.5497508762801258,4,5.303465383065438,5.258301098929966,provo,201.03225806451613,5.303465383065438,provo:43:3,8.56090259552002,2025,[481],1,2,2,2
43,4,196.0983606557377,230.5952380952381,make,make,6.08,-2.9208187177611697,4,5.278616373431191,5.440663957557728,provo,196.0983606557377,5.278616373431191,provo:43:4,6.914624214172363,2026,[787],1,3,3,3
43,5,174.925,95.6904761904762,a,a,7.36,-1.6401645157636295,1,5.164357310631961,4.5611187761658325,provo,174.925,5.164357310631961,provo:43:5,4.576117038726807,2027,[257],1,4,4,4
43,6,248.85897435897436,627.0952380952381,backdraft,backdraft,1.79,-7.209011524911184,9,5.5168863679815,6.441098423986797,provo,248.85897435897436,5.5168863679815,provo:43:6,18.10626220703125,2028,"[736, 35679]",2,5,6,6
43,7,233.13432835820896,267.85714285714283,less,less,5.49,-3.510041380026812,4,5.451614804002711,5.590453789349198,provo,233.13432835820896,5.451614804002711,provo:43:7,6.258855819702148,2029,[1342],1,7,7,7
43,8,192.90140845070425,221.78571428571428,likely.,likely,5.2,-3.801342638175739,6,5.262179221340208,5.4017116647523205,provo,192.90140845070425,5.262179221340208,provo:43:8,4.229395389556885,2030,"[1884, 13]",2,8,9,9
43,9,242.2716049382716,357.9404761904762,Opening,opening,4.94,-4.059981346376685,7,5.490059431265887,5.880366704952339,provo,242.2716049382716,5.490059431265887,provo:43:9,13.951935768127441,2031,[25522],1,10,10,10
43,10,235.45454545454547,73.92857142857143,a,a,7.36,-1.6401645157636295,1,5.461517881895213,4.3030993760842104,provo,235.45454545454547,5.461517881895213,provo:43:10,4.01934814453125,2032,[257],1,11,11,11
43,11,228.4516129032258,208.3452380952381,room,room,5.39,-3.61083373837245,4,5.431324428186703,5.339196502292844,provo,228.4516129032258,5.431324428186703,provo:43:11,9.51180362701416,2033,[2119],1,12,12,12
43,12,210.38888888888889,100.1904761904762,or,or,6.54,-2.4596705126934353,2,5.34895767000563,4.6070731361341775,provo,210.38888888888889,5.34895767000563,provo:43:12,5.25035285949707,2034,[393],1,13,13,13
43,13,232.91780821917808,311.98809523809524,building,building,5.29,-3.70996516592242,8,5.450685636909094,5.742965030793356,provo,232.91780821917808,5.450685636909094,provo:43:13,5.3557448387146,2035,[2615],1,14,14,14
43,14,215.85185185185185,82.89285714285714,at,at,6.7,-2.300162265464202,2,5.374592301310766,4.417548896099233,provo,215.85185185185185,5.374592301310766,provo:43:14,7.003693580627441,2036,[379],1,15,15,15
43,15,209.29090909090908,160.10714285714286,the,the,7.73,-1.2700257134917023,3,5.343725193682591,5.075843233980236,provo,209.29090909090908,5.343725193682591,provo:43:15,2.1139373779296875,2037,[262],1,16,16,16
43,16,176.9,180.8452380952381,highest,highest,4.86,-4.140260833949011,7,5.17558460116574,5.197641627364349,provo,176.9,5.17558460116574,provo:43:16,8.794595718383789,2038,[4511],1,17,17,17
43,17,215.8695652173913,244.47619047619048,point,point,5.54,-3.459670400052233,5,5.374674360550124,5.499117923707662,provo,215.8695652173913,5.374674360550124,provo:43:17,5.231706619262695,2039,[966],1,18,18,18
43,18,174.4805194805195,324.07142857142856,allows,allows,4.67,-4.329753218947205,6,5.161813099195908,5.780963950048705,provo,174.4805194805195,5.161813099195908,provo:43:18,8.34045124053955,2040,[3578],1,19,19,19
43,19,223.43835616438355,294.5357142857143,heated,heated,4.09,-4.910091357725508,6,5.40913556466564,5.685400266658151,provo,223.43835616438355,5.40913556466564,provo:43:19,17.243404388427734,2041,[16968],1,20,20,20
43,20,213.52941176470588,219.5952380952381,gases,gases,3.73,-5.270017626955226,5,5.36377458320268,5.391786024952351,provo,213.52941176470588,5.36377458320268,provo:43:20,9.472835540771484,2042,[21678],1,21,21,21
43,21,231.75,87.05952380952381,and,and,7.41,-1.5900668749788436,3,5.445659204445964,4.466592066427638,provo,231.75,5.445659204445964,provo:43:21,4.200120449066162,2043,[290],1,22,22,22
43,22,248.60294117647055,239.32142857142856,smoke,smoke,4.67,-4.329753218947205,5,5.515857009965879,5.4778075377979665,provo,248.60294117647055,5.515857009965879,provo:43:22,6.944857597351074,2044,[7523],1,23,23,23
43,23,195.0,59.04761904761905,to,to,7.43,-1.5702477183831145,2,5.272999558563747,4.0783442208756595,provo,195.0,5.272999558563747,provo:43:23,0.5923794507980347,2045,[284],1,24,24,24
43,24,190.72413793103448,68.77380952380952,be,be,6.79,-2.20971482892795,2,5.250828080008204,4.230822996937952,provo,190.72413793103448,5.250828080008204,provo:43:24,4.583296775817871,2046,[307],1,25,25,25
43,25,237.92307692307693,332.3690476190476,released,released,5.05,-3.950781589567061,8,5.471947415223533,5.806245940772653,provo,237.92307692307693,5.471947415223533,provo:43:25,4.371842861175537,2047,[2716],1,26,26,26
43,26,237.75641025641025,317.04761904761904,gradually.,gradually,4.21,-4.790482304635508,9,5.4712466632340995,5.759051980411547,provo,237.75641025641025,5.4712466632340995,provo:43:26,14.148483276367188,2048,"[11835, 13]",2,27,28,28
43,27,225.73684210526315,248.8452380952381,"However,",however,5.58,-3.4202162890951833,7,5.41936990535044,5.516831169478469,provo,225.73684210526315,5.41936990535044,provo:43:27,6.919780731201172,2049,"[2102, 11]",2,29,30,30
43,28,242.50666666666663,282.9642857142857,suddenly,suddenly,4.69,-4.309803033657121,8,5.49102920140859,5.645320690790038,provo,242.50666666666663,5.49102920140859,provo:43:28,15.072943687438965,2050,[6451],1,31,31,31
43,29,246.31578947368425,319.2142857142857,breaking,breaking,4.74,-4.259636520880143,8,5.506614409745252,5.7658626193181926,provo,246.31578947368425,5.506614409745252,provo:43:29,9.893790245056152,2051,[7163],1,32,32,32
43,30,202.9090909090909,26.571428571428573,a,a,7.36,-1.6401645157636295,1,5.312758050702831,3.279836524657888,provo,202.9090909090909,5.312758050702831,provo:43:30,3.369110584259033,2052,[257],1,33,33,33
43,31,193.52238805970148,198.54761904761904,window,window,4.8,-4.199969952492573,6,5.265393206343975,5.291028965803617,provo,193.52238805970148,5.265393206343975,provo:43:31,3.3497731685638428,2053,[4324],1,34,34,34
43,32,221.5185185185185,108.41666666666669,or,or,6.54,-2.4596705126934353,2,5.400506191040228,4.685981828724505,provo,221.5185185185185,5.400506191040228,provo:43:32,2.3161587715148926,2054,[393],1,35,35,35
43,33,190.8571428571429,337.6666666666667,opening,opening,4.94,-4.059981346376685,7,5.251525205041278,5.822059215580574,provo,190.8571428571429,5.251525205041278,provo:43:33,3.15218186378479,2055,[4756],1,36,36,36
43,34,177.5625,38.25,a,a,7.36,-1.6401645157636295,1,5.179322659614407,3.644143560272545,provo,177.5625,5.179322659614407,provo:43:34,1.0772329568862915,2056,[257],1,37,37,37
43,35,197.6851851851852,147.61904761904762,door,door,5.08,-3.9208183920404576,4,5.286675791532551,4.994634952749815,provo,197.6851851851852,5.286675791532551,provo:43:35,1.743961215019226,2057,[3420],1,38,38,38
43,36,202.8918918918919,106.16666666666669,is,is,7.07,-1.9318141345419195,2,5.312673284928778,4.665010186344109,provo,202.8918918918919,5.312673284928778,provo:43:36,4.21975040435791,2058,[318],1,39,39,39
43,37,205.30769230769232,70.86904761904762,a,a,7.36,-1.6401645157636295,1,5.324509791942988,4.260833774310076,provo,205.30769230769232,5.324509791942988,provo:43:37,3.10437273979187,2059,[257],1,40,40,40
43,38,220.3230769230769,215.70238095238096,"mistake,",mistake,4.67,-4.329753218947205,7,5.395095000583066,5.373899591592794,provo,220.3230769230769,5.395095000583066,provo:43:38,11.573015213012695,2060,"[7457, 11]",2,41,42,42
43,39,202.22857142857143,208.8571428571429,because,because,6.03,-2.970616181726523,7,5.309398599415995,5.341650491254411,provo,202.22857142857143,5.309398599415995,provo:43:39,3.808570146560669,2061,[780],1,43,43,43
43,40,210.375,60.107142857142854,it,it,6.95,-2.0501222910888885,2,5.34889165251097,4.096128684015602,provo,210.375,5.34889165251097,provo:43:40,3.347234010696411,2062,[340],1,44,44,44
43,41,223.6338028169014,226.47619047619048,allows,allows,4.67,-4.329753218947205,6,5.410009905243744,5.42263982008725,provo,223.6338028169014,5.410009905243744,provo:43:41,5.9195556640625,2063,[3578],1,45,45,45
43,42,202.171875,182.82142857142856,oxygen,oxygen,4.25,-4.749577557841319,6,5.309118201956281,5.208509876282379,provo,202.171875,5.309118201956281,provo:43:42,8.607895851135254,2064,[11863],1,46,46,46
43,43,194.17391304347825,53.166666666666664,to,to,7.43,-1.5702477183831145,2,5.2687542164709535,3.9734316335567894,provo,194.17391304347825,5.2687542164709535,provo:43:43,0.5537671446800232,2065,[284],1,47,47,47
43,44,231.57894736842104,162.8095238095238,rush,rush,4.48,-4.519991618984032,4,5.444920840739912,5.0925809519158785,provo,231.57894736842104,5.444920840739912,provo:43:44,9.337069511413574,2066,[10484],1,48,48,48
43,45,183.35135135135135,85.95238095238095,"in,",in,7.27,-1.730487053447167,2,5.2114042648275145,4.4537934330435585,provo,183.35135135135135,5.2114042648275145,provo:43:45,5.909474849700928,2067,"[287, 11]",2,49,50,50
43,46,213.15151515151516,309.39285714285717,causing,causing,4.53,-4.469799020694141,7,5.362003251567447,5.734611851714936,provo,213.15151515151516,5.362003251567447,provo:43:46,4.058265209197998,2068,[6666],1,51,51,51
43,47,240.05128205128204,138.70238095238096,an,an,6.53,-2.4698002889858715,2,5.48085257573037,4.932330493376628,provo,240.05128205128204,5.48085257573037,provo:43:47,4.7208356857299805,2069,[281],1,52,52,52
43,48,274.3835616438356,400.2261904761905,explosion,explosion,4.22,-4.779889295736006,9,5.614526987511473,5.992029863477044,provo,274.3835616438356,5.614526987511473,provo:43:48,2.7386674880981445,2070,[11278],1,53,53,53
44,2,192.21428571428572,229.33333333333337,first,first,6.11,-2.8894102560345134,5,5.258610821111647,5.435176549265234,provo,192.21428571428572,5.258610821111647,provo:44:2,,2071,[11085],1,0,0,0
44,3,187.8125,209.20238095238096,step,step,5.13,-3.8696659098054966,4,5.2354441247295265,5.343302113351532,provo,187.8125,5.2354441247295265,provo:44:3,11.705161094665527,2072,[2239],1,1,1,1
44,4,212.6190476190476,121.45238095238096,to,to,7.43,-1.5702477183831145,2,5.359502055587177,4.799522259639558,provo,212.6190476190476,5.359502055587177,provo:44:4,3.7410309314727783,2073,[284],1,2,2,2
44,5,198.1578947368421,111.52380952380952,be,be,6.79,-2.20971482892795,2,5.289064161067554,4.71423810643424,provo,198.1578947368421,5.289064161067554,provo:44:5,7.003868103027344,2074,[307],1,3,3,3
44,6,185.88059701492537,209.27380952380952,taken,taken,5.33,-3.6695860237095097,5,5.225104516041431,5.3436434879565775,provo,185.88059701492537,5.225104516041431,provo:44:6,4.613896369934082,2075,[2077],1,4,4,4
44,7,194.40540540540545,103.0595238095238,in,in,7.27,-1.730487053447167,2,5.2699456972231316,4.63530672237246,provo,194.40540540540545,5.2699456972231316,provo:44:7,3.0223329067230225,2076,[287],1,5,5,5
44,8,207.3835616438356,283.26190476190476,studying,studying,4.42,-4.580042600203565,8,5.334570033463487,5.646371928193158,provo,207.3835616438356,5.334570033463487,provo:44:8,10.195574760437012,2077,[11065],1,6,6,6
44,9,210.875,100.89285714285714,the,the,7.73,-1.2700257134917023,3,5.351265540866132,4.614059133405338,provo,210.875,5.351265540866132,provo:44:9,2.0708580017089844,2078,[262],1,7,7,7
44,10,209.77333333333337,249.03571428571428,history,history,5.39,-3.61083373837245,7,5.346027582704113,5.517596317045807,provo,209.77333333333337,5.346027582704113,provo:44:10,6.895968914031982,2079,[2106],1,8,8,8
44,11,213.73684210526315,53.63095238095238,of,of,7.4,-1.600326276788705,2,5.364745548519857,3.982126371199125,provo,213.73684210526315,5.364745548519857,provo:44:11,0.16498775780200958,2080,[286],1,9,9,9
44,12,197.5,139.27380952380952,our,our,6.14,-2.86012088212815,3,5.285738584341177,4.936441848204288,provo,197.5,5.285738584341177,provo:44:12,6.798647403717041,2081,[674],1,10,10,10
44,13,192.6231884057971,211.6428571428571,country,country,5.48,-3.519992913236753,7,5.260735888824073,5.354900217958306,provo,192.6231884057971,5.260735888824073,provo:44:13,3.2053654193878174,2082,[1499],1,11,11,11
44,14,195.44444444444449,65.88095238095238,is,is,7.07,-1.9318141345419195,2,5.275276167401339,4.187849361503558,provo,195.44444444444449,5.275276167401339,provo:44:14,2.715768575668335,2083,[318],1,12,12,12
44,15,222.7872340425532,148.28571428571428,to,to,7.43,-1.5702477183831145,2,5.406217208577403,4.99914091467052,provo,222.7872340425532,5.406217208577403,provo:44:15,0.5760383605957031,2084,[284],1,13,13,13
44,16,223.625,212.73809523809524,form,form,5.31,-3.690369619684702,4,5.4099705418288835,5.36006180931016,provo,223.625,5.4099705418288835,provo:44:16,10.007466316223145,2085,[1296],1,14,14,14
44,17,223.0,209.3452380952381,some,some,6.2,-2.8013428855585856,4,5.407171771460119,5.343984746064769,provo,223.0,5.407171771460119,provo:44:17,7.4546284675598145,2086,[617],1,15,15,15
44,18,208.8840579710145,210.27380952380952,clear,clear,5.25,-3.74957975370551,5,5.341779351485844,5.34841053631213,provo,208.8840579710145,5.341779351485844,provo:44:18,7.118475914001465,2087,[1598],1,16,16,16
44,19,177.16666666666666,67.6547619047619,and,and,7.41,-1.5900668749788436,3,5.177090909113893,4.214417742453808,provo,177.16666666666666,5.177090909113893,provo:44:19,2.6598401069641113,2088,[290],1,17,17,17
44,20,181.04615384615383,161.58333333333334,proper,proper,4.72,-4.279839869367247,6,5.1987519923856365,5.085021005454651,provo,181.04615384615383,5.1987519923856365,provo:44:20,10.185035705566406,2089,[1774],1,18,18,18
44,21,219.78048780487805,400.0,conception,conception,3.75,-5.250255956839869,10,5.392629265530729,5.991464547107982,provo,219.78048780487805,5.392629265530729,provo:44:21,11.043901443481445,2090,[19759],1,19,19,19
44,22,170.25806451612902,68.73809523809524,of,of,7.4,-1.600326276788705,2,5.1373153125781235,4.230303561379567,provo,170.25806451612902,5.1373153125781235,provo:44:22,0.04870304837822914,2091,[286],1,20,20,20
44,23,191.0,92.38095238095238,the,the,7.73,-1.2700257134917023,3,5.25227342804663,4.525920814333951,provo,191.0,5.25227342804663,provo:44:23,2.111938238143921,2092,[262],1,21,21,21
44,24,218.475,409.29761904761904,characteristics,characteristics,4.28,-4.718964358965126,15,5.386671591513608,6.014442566348818,provo,218.475,5.386671591513608,provo:44:24,9.814476013183594,2093,[9695],1,22,22,22
44,25,207.7,49.45238095238095,and,and,7.41,-1.5900668749788436,3,5.336094730882067,3.901010205592744,provo,207.7,5.336094730882067,provo:44:25,3.1256051063537598,2094,[290],1,23,23,23
44,26,245.8658536585366,384.1190476190476,condition,condition,4.86,-4.140260833949011,9,5.504786076865458,5.950952524382775,provo,245.8658536585366,5.504786076865458,provo:44:26,9.971331596374512,2095,[4006],1,24,24,24
44,27,191.9,50.857142857142854,of,of,7.4,-1.600326276788705,2,5.256974403013654,3.929020581796717,provo,191.9,5.256974403013654,provo:44:27,0.061870183795690536,2096,[286],1,25,25,25
44,28,196.6875,81.77380952380952,the,the,7.73,-1.2700257134917023,3,5.2816161748246255,4.403957015370568,provo,196.6875,5.2816161748246255,provo:44:28,1.6719183921813965,2097,[262],1,26,26,26
44,29,234.3037974683544,326.1190476190476,territory,territory,4.6,-4.400115836735518,9,5.456618553100522,5.787262491451453,provo,234.3037974683544,5.456618553100522,provo:44:29,10.524969100952148,2098,[7674],1,27,27,27
44,30,221.82926829268297,118.5,which,which,6.3,-2.6989699826212954,5,5.4019080242479145,4.774912960575186,provo,221.82926829268297,5.4019080242479145,provo:44:30,3.9487264156341553,2099,[543],1,28,28,28
44,31,204.93023255813952,110.88095238095238,is,is,7.07,-1.9318141345419195,2,5.322669592228671,4.708457124699009,provo,204.93023255813952,5.322669592228671,provo:44:31,3.565934658050537,2100,[318],1,29,29,29
44,32,197.56521739130432,118.97619047619048,now,now,6.18,-2.8210230239456076,3,5.286068744471837,4.778923393060837,provo,197.56521739130432,5.286068744471837,provo:44:32,3.1501784324645996,2101,[783],1,30,30,30
44,33,196.88311688311688,240.03571428571428,occupied,occupied,4.32,-4.6798516359298885,8,5.282610237342679,5.480787721794762,provo,196.88311688311688,5.282610237342679,provo:44:33,5.096066951751709,2102,[12030],1,31,31,31
44,34,180.83333333333337,64.58333333333333,by,by,6.66,-2.340083790426988,2,5.197575796746505,4.1679563795653465,provo,180.83333333333337,5.197575796746505,provo:44:34,0.31205934286117554,2103,[416],1,32,32,32
44,35,174.60526315789474,90.26190476190476,the,the,7.73,-1.2700257134917023,3,5.162527787039922,4.502715497232966,provo,174.60526315789474,5.162527787039922,provo:44:35,1.3391953706741333,2104,[262],1,33,33,33
44,36,188.40506329113924,253.3571428571429,American,american,5.49,-3.510041380026812,8,5.238594236999492,5.534800125158363,provo,188.40506329113924,5.238594236999492,provo:44:36,6.15895414352417,2105,[1605],1,34,34,34
44,37,168.0,175.78571428571428,"people,",people,6.25,-2.74957997329254,6,5.123963979403259,5.1692657207757975,provo,168.0,5.123963979403259,provo:44:37,4.725892066955566,2106,"[661, 11]",2,35,36,36
44,38,211.02941176470588,126.78571428571428,as,as,6.77,-2.2298846978394775,2,5.351997516011661,4.842498372294258,provo,211.02941176470588,5.351997516011661,provo:44:38,4.456058979034424,2107,[355],1,37,37,37
44,39,244.6046511627907,149.5952380952381,it,it,6.95,-2.0501222910888885,2,5.499643238455727,5.007933234119578,provo,244.6046511627907,5.499643238455727,provo:44:39,4.7664384841918945,2108,[340],1,38,38,38
44,40,223.88888888888889,323.5238095238095,existed,existed,4.29,-4.709963161492003,7,5.411149897044564,5.779272710997106,provo,223.88888888888889,5.411149897044564,provo:44:40,4.49506139755249,2109,[11196],1,39,39,39
44,41,226.91666666666663,172.6904761904762,when,when,6.37,-2.6307841240302645,4,5.424582842885759,5.151500837080044,provo,226.91666666666663,5.424582842885759,provo:44:41,4.12932825088501,2110,[618],1,40,40,40
44,42,220.72222222222223,257.2857142857143,first,first,6.11,-2.8894102560345134,5,5.396904997918434,5.550187196120643,provo,220.72222222222223,5.396904997918434,provo:44:42,8.70434856414795,2111,[717],1,41,41,41
44,43,220.873417721519,279.82142857142856,discovered,discovered,4.74,-4.259636520880143,10,5.397589766931208,5.634151644614917,provo,220.873417721519,5.397589766931208,provo:44:43,6.147893905639648,2112,[5071],1,42,42,42
44,44,192.0,54.86904761904762,and,and,7.41,-1.5900668749788436,3,5.2574953720277815,4.004949393877195,provo,192.0,5.2574953720277815,provo:44:44,2.8565175533294678,2113,[290],1,43,43,43
44,45,251.47435897435895,400.17857142857144,explored,explored,3.9,-5.100174027903545,8,5.5273410319540615,5.991910876059824,provo,251.47435897435895,5.5273410319540615,provo:44:45,8.856110572814941,2114,[18782],1,44,44,44
44,46,218.9,106.73809523809524,by,by,6.66,-2.340083790426988,2,5.388615004528817,4.670378125872071,provo,218.9,5.388615004528817,provo:44:46,1.4870049953460693,2115,[416],1,45,45,45
44,47,254.5072463768116,439.9761904761905,Europeans.,europeans,3.87,-5.130175931136036,9,5.539329308578595,6.086720612894057,provo,254.5072463768116,5.539329308578595,provo:44:47,7.216368198394775,2116,"[20006, 13]",2,46,47,47
45,2,188.5909090909091,106.85714285714286,B.,b,5.35,-3.6497517877844152,1,5.239580166974552,4.671492828919164,provo,188.5909090909091,5.239580166974552,provo:45:2,,2117,"[33, 13]",2,0,1,1
45,3,177.0,245.4047619047619,Anthony,anthony,4.41,-4.590065186810196,7,5.176149732573829,5.502908936753425,provo,177.0,5.176149732573829,provo:45:3,13.347768783569336,2118,[9953],1,2,2,2
45,4,224.8507462686567,240.75,spent,spent,5.02,-3.978810287316467,5,5.415436832173436,5.483759050678235,provo,224.8507462686567,5.415436832173436,provo:45:4,12.889370918273926,2119,[3377],1,3,3,3
45,5,209.94285714285715,220.0,nearly,nearly,5.0,-3.999999565705735,6,5.346835384845603,5.393627546352362,provo,209.94285714285715,5.346835384845603,provo:45:5,5.161159992218018,2120,[3016],1,4,4,4
45,6,224.109375,209.1547619047619,sixty,sixty,3.93,-5.070065336602483,5,5.412134213934541,5.343074465521741,provo,224.109375,5.412134213934541,provo:45:6,11.758445739746094,2121,[24742],1,5,5,5
45,7,195.27450980392155,153.46428571428572,years,years,5.96,-3.040005114051578,5,5.274406311207314,5.0334678735997915,provo,195.27450980392155,5.274406311207314,provo:45:7,0.6691994071006775,2122,[812],1,6,6,6
45,8,204.66666666666663,60.92857142857143,of,of,7.4,-1.600326276788705,2,5.321382639479033,4.10970221787642,provo,204.66666666666663,5.321382639479033,provo:45:8,5.141659259796143,2123,[286],1,7,7,7
45,9,190.73333333333332,114.36904761904762,her,her,6.3,-2.6989699826212954,3,5.2508762919479,4.739430479566425,provo,190.73333333333332,5.2508762919479,provo:45:9,6.409214019775391,2124,[607],1,8,8,8
45,10,194.9591836734694,122.9404761904762,life,life,5.89,-3.1101382227760315,4,5.272790222159382,4.81170030482809,provo,194.9591836734694,5.272790222159382,provo:45:10,0.2393457591533661,2125,[1204],1,9,9,9
45,11,226.45945945945945,233.71428571428572,devoted,devoted,4.18,-4.821020176593957,7,5.422565941969062,5.4540993681073795,provo,226.45945945945945,5.422565941969062,provo:45:11,7.4191718101501465,2126,[13378],1,10,10,10
45,12,190.19230769230768,60.88095238095238,to,to,7.43,-1.5702477183831145,2,5.24803570603533,4.108920357007818,provo,190.19230769230768,5.24803570603533,provo:45:12,0.09311237186193466,2127,[284],1,11,11,11
45,13,195.28571428571428,89.14285714285714,the,the,7.73,-1.2700257134917023,3,5.274463687668637,4.490240219314114,provo,195.28571428571428,5.274463687668637,provo:45:13,2.378140926361084,2128,[262],1,12,12,12
45,14,206.74193548387095,199.1904761904762,cause,cause,5.35,-3.6497517877844152,5,5.331471327019081,5.2942615337187755,provo,206.74193548387095,5.331471327019081,provo:45:14,4.072059631347656,2129,[2728],1,13,13,13
45,15,194.88888888888889,62.642857142857146,of,of,7.4,-1.600326276788705,2,5.272429595595909,4.137449662756924,provo,194.88888888888889,5.272429595595909,provo:45:15,0.21366001665592194,2130,[286],1,14,14,14
45,16,230.43283582089552,246.8571428571429,social,social,5.42,-3.5800440863792917,6,5.439959435250961,5.508809800308688,provo,230.43283582089552,5.439959435250961,provo:45:16,6.730703353881836,2131,[1919],1,15,15,15
45,17,201.5921052631579,233.26190476190476,justice,justice,4.97,-4.03011789077199,7,5.306246375029422,5.452161877061274,provo,201.5921052631579,5.306246375029422,provo:45:17,0.9002761244773865,2132,[5316],1,16,16,16
45,18,157.55,92.91666666666669,and,and,7.41,-1.5900668749788436,3,5.0597428682032835,4.5317030341062186,provo,157.55,5.0597428682032835,provo:45:18,2.5390279293060303,2133,[290],1,17,17,17
45,19,206.575,353.2261904761905,equality,equality,4.26,-4.739926225788063,8,5.330663542587248,5.867108617951778,provo,206.575,5.330663542587248,provo:45:19,4.419121265411377,2134,[10537],1,18,18,18
45,20,152.51162790697674,98.66666666666669,for,for,7.01,-1.9913998239802937,3,5.0272408417110315,4.591747165655951,provo,152.51162790697674,5.0272408417110315,provo:45:20,2.5267646312713623,2135,[329],1,19,19,19
45,21,173.6078431372549,135.4047619047619,all.,all,6.52,-2.4801719931036024,3,5.1567989805677605,4.908268529023431,provo,173.6078431372549,5.1567989805677605,provo:45:21,2.426060676574707,2136,"[477, 13]",2,20,21,21
45,22,206.875,88.53571428571429,Her,her,6.3,-2.6989699826212954,3,5.332114746131327,4.483406021859986,provo,206.875,5.332114746131327,provo:45:22,3.7623684406280518,2137,[2332],1,22,22,22
45,23,220.33802816901408,252.45238095238096,major,major,5.3,-3.698969787188832,5,5.395162858834089,5.53122264064243,provo,220.33802816901408,5.395162858834089,provo:45:23,10.364054679870605,2138,[1688],1,23,23,23
45,24,215.65432098765433,398.1071428571428,contributions,contributions,4.34,-4.659553902084583,13,5.373676759933013,5.98672117221442,provo,215.65432098765433,5.373676759933013,provo:45:24,3.4090380668640137,2139,[9284],1,24,24,24
45,25,194.97619047619048,115.41666666666669,were,were,6.34,-2.6595558653290836,4,5.27287745098682,4.748548768833438,provo,194.97619047619048,5.27287745098682,provo:45:25,2.9303460121154785,2140,[547],1,25,25,25
45,26,204.8082191780822,253.6904761904762,focused,focused,4.65,-4.349691505293128,7,5.322074025065537,5.53611492624935,provo,204.8082191780822,5.322074025065537,provo:45:26,10.160921096801758,2141,[5670],1,26,26,26
45,27,175.14285714285714,51.083333333333336,on,on,6.91,-2.089909449064056,2,5.1656019674408435,3.9334582861482112,provo,175.14285714285714,5.1656019674408435,provo:45:27,0.26849988102912903,2142,[319],1,27,27,27
45,28,229.2051282051282,630.047619047619,women?s,women?s,5.39,-3.609064716354185,7,5.4346173589582065,6.445795402318988,provo,229.2051282051282,5.4346173589582065,provo:45:28,23.437999725341797,2143,"[1466, 30, 82]",3,28,30,30
45,29,211.28,382.5119047619048,rights.,rights,5.19,-3.80966802163981,6,5.353184267988877,5.946759776342798,provo,211.28,5.353184267988877,provo:45:29,4.313316822052002,2144,"[2489, 13]",2,31,32,32
45,30,201.3421052631579,118.88095238095238,Her,her,6.3,-2.6989699826212954,3,5.305005477505466,4.778122592217241,provo,201.3421052631579,5.305005477505466,provo:45:30,3.3495936393737793,2145,[2332],1,33,33,33
45,31,229.94736842105263,388.42857142857144,primary,primary,4.88,-4.119757651911903,7,5.437850449784995,5.962109295577157,provo,229.94736842105263,5.437850449784995,provo:45:31,8.144696235656738,2146,[4165],1,34,34,34
45,32,227.0,350.6309523809524,achievement,achievement,4.36,-4.6401626211817995,11,5.424950017481403,5.859734252620426,provo,227.0,5.424950017481403,provo:45:32,6.701502799987793,2147,[13293],1,35,35,35
45,33,209.3913043478261,150.82142857142858,lay,lay,4.64,-4.359517569221832,3,5.344204771059507,5.01609654475874,provo,209.3913043478261,5.344204771059507,provo:45:33,10.148658752441406,2148,[3830],1,36,36,36
45,34,203.5625,136.4404761904762,in,in,7.27,-1.730487053447167,2,5.315973083036452,4.915888447653385,provo,203.5625,5.315973083036452,provo:45:34,0.12991812825202942,2149,[287],1,37,37,37
45,35,171.41071428571428,149.91666666666666,her,her,6.3,-2.6989699826212954,3,5.144062514628388,5.010079584162533,provo,171.41071428571428,5.144062514628388,provo:45:35,3.592329978942871,2150,[607],1,38,38,38
45,36,216.5844155844156,365.29761904761904,inspiration,inspiration,4.41,-4.590065186810196,11,5.3779803817678955,5.900712415979884,provo,216.5844155844156,5.3779803817678955,provo:45:36,13.894427299499512,2151,[12141],1,39,39,39
45,37,209.1904761904762,55.80952380952381,and,and,7.41,-1.5900668749788436,3,5.343245206252357,4.021944532413535,provo,209.1904761904762,5.343245206252357,provo:45:37,3.084254264831543,2152,[290],1,40,40,40
45,38,246.36,360.5595238095238,influence,influence,4.78,-4.219681967637425,9,5.506793880818843,5.887657057684615,provo,246.36,5.506793880818843,provo:45:38,6.412986755371094,2153,[4588],1,41,41,41
45,39,203.23076923076923,64.78571428571429,of,of,7.4,-1.600326276788705,2,5.314342127620733,4.171085120499878,provo,203.23076923076923,5.314342127620733,provo:45:39,7.187314510345459,2154,[286],1,42,42,42
45,40,242.1282051282051,285.45238095238096,thousands,thousands,4.77,-4.22988396787145,9,5.489467359133423,5.654075223424285,provo,242.1282051282051,5.489467359133423,provo:45:40,11.429546356201172,2155,[4138],1,43,43,43
45,41,183.6875,34.98809523809524,of,of,7.4,-1.600326276788705,2,5.213235944179136,3.5550078675756036,provo,183.6875,5.213235944179136,provo:45:41,0.2344294935464859,2156,[286],1,44,44,44
45,42,219.34848484848484,209.3809523809524,people,people,6.25,-2.74957997329254,6,5.390661720127618,5.3441553314573875,provo,219.34848484848484,5.390661720127618,provo:45:42,4.522085189819336,2157,[661],1,45,45,45
45,43,240.44285714285715,263.42857142857144,promoting,promoting,4.28,-4.718964358965126,9,5.482482461076807,5.573782255061226,provo,240.44285714285715,5.482482461076807,provo:45:43,13.722210884094238,2158,[11560],1,46,46,46
45,44,172.45833333333334,49.273809523809526,the,the,7.73,-1.2700257134917023,3,5.150155661400786,3.897392692905419,provo,172.45833333333334,5.150155661400786,provo:45:44,2.8867685794830322,2159,[262],1,47,47,47
45,45,228.7962962962963,184.73809523809524,right,right,5.96,-3.040005114051578,5,5.432832071858436,5.218939120610581,provo,228.7962962962963,5.432832071858436,provo:45:45,5.464083671569824,2160,[826],1,48,48,48
45,46,215.71428571428572,78.95238095238095,of,of,7.4,-1.600326276788705,2,5.373954780753657,4.368844897971817,provo,215.71428571428572,5.373954780753657,provo:45:46,1.3736971616744995,2161,[286],1,49,49,49
45,47,233.6875,243.6547619047619,women,women,5.57,-3.4294569433722897,5,5.453984752737332,5.495752313136136,provo,233.6875,5.453984752737332,provo:45:47,0.7222459316253662,2162,[1466],1,50,50,50
45,48,262.8529411764706,130.02380952380952,to,to,7.43,-1.5702477183831145,2,5.57159471676523,4.867717583868785,provo,262.8529411764706,5.57159471676523,provo:45:48,0.25919342041015625,2163,[284],1,51,51,51
45,49,273.59615384615387,284.48809523809524,vote,vote,5.11,-3.889409953038492,4,5.61165312806974,5.650691408185064,provo,273.59615384615387,5.61165312806974,provo:45:49,2.044764757156372,2164,[3015],1,52,52,52
46,2,207.47435897435895,322.60714285714283,Earth,earth,5.06,-3.939301781999177,5,5.335007760827294,5.77643530697464,provo,207.47435897435895,5.335007760827294,provo:46:2,,2165,[22840],1,0,0,0
46,3,223.0540540540541,332.25,warms,warms,3.19,-5.809640283734676,5,5.40741413694846,5.805887697593355,provo,223.0540540540541,5.40741413694846,provo:46:3,20.979650497436523,2166,"[1175, 907]",2,1,2,2
46,4,231.859649122807,217.47619047619048,due,due,5.35,-3.6497517877844152,3,5.446132227926209,5.382089375461576,provo,231.859649122807,5.446132227926209,provo:46:4,11.7816743850708,2167,[2233],1,3,3,3
46,5,169.25641025641025,101.01190476190476,to,to,7.43,-1.5702477183831145,2,5.131414785559124,4.615238378825013,provo,169.25641025641025,5.131414785559124,provo:46:5,0.021283311769366264,2168,[284],1,4,4,4
46,6,178.83673469387756,114.58333333333331,the,the,7.73,-1.2700257134917023,3,5.186473292945224,4.741302360312671,provo,178.83673469387756,5.186473292945224,provo:46:6,2.0847926139831543,2169,[262],1,5,5,5
46,7,222.4625,534.3095238095239,human-caused,human-caused,4.75,-4.246416175156302,12,5.404758548076104,6.280975303640209,provo,222.4625,5.404758548076104,provo:46:7,15.686943054199219,2170,"[1692, 12, 6888, 1484]",4,6,9,9
46,8,232.675,346.26190476190476,release,release,5.09,-3.910094535475801,7,5.449642630071774,5.8471954388943415,provo,232.675,5.449642630071774,provo:46:8,7.870245456695557,2171,[2650],1,10,10,10
46,9,195.73333333333332,45.845238095238095,of,of,7.4,-1.600326276788705,2,5.276753188632196,3.825271334971595,provo,195.73333333333332,5.276753188632196,provo:46:9,0.07638601958751678,2172,[286],1,11,11,11
46,10,226.92592592592592,513.7380952380952,heat-trapping,heat-trapping,3.37,-5.634493295922791,13,5.424623646721326,6.241713593256017,provo,226.92592592592592,5.424623646721326,provo:46:10,11.073258399963379,2173,"[4894, 12, 9535, 2105]",4,12,15,15
46,11,221.42105263157896,179.57142857142858,gases,gases,3.73,-5.270017626955226,5,5.400066104424081,5.190573059534934,provo,221.42105263157896,5.400066104424081,provo:46:11,1.0693951845169067,2174,[21678],1,16,16,16
46,12,186.72727272727272,79.75,into,into,6.11,-2.8894102560345134,4,5.2296491176901325,4.378896741664954,provo,186.72727272727272,5.2296491176901325,provo:46:12,2.9355812072753906,2175,[656],1,17,17,17
46,13,217.03333333333333,81.25,the,the,7.73,-1.2700257134917023,3,5.380050951574707,4.3975308212098465,provo,217.03333333333333,5.380050951574707,provo:46:13,0.4356917440891266,2176,[262],1,18,18,18
46,14,202.47368421052633,236.96428571428572,"atmosphere,",atmosphere,4.46,-4.5406060042764365,10,5.310609923585854,5.467909436591104,provo,202.47368421052633,5.310609923585854,provo:46:14,2.1998167037963867,2177,"[8137, 11]",2,19,20,20
46,15,204.92857142857144,184.5952380952381,frozen,frozen,4.32,-4.6798516359298885,6,5.322661486366106,5.218165525935591,provo,204.92857142857144,5.322661486366106,provo:46:15,15.143416404724121,2178,[12912],1,21,21,21
46,16,257.7435897435897,410.79761904761904,Arctic,arctic,4.03,-4.970612163506823,6,5.5519652525338365,6.018100682145735,provo,257.7435897435897,5.5519652525338365,provo:46:16,8.114643096923828,2179,[15723],1,22,22,22
46,17,193.5068493150685,324.5357142857143,soils,soils,3.57,-5.429445385692169,5,5.265312908820476,5.782395589520143,provo,193.5068493150685,5.265312908820476,provo:46:17,9.383974075317383,2180,[38750],1,23,23,23
46,18,213.1044776119403,273.26190476190476,also,also,6.19,-2.8096682738107104,4,5.36178255067144,5.6104306933973,provo,213.1044776119403,5.36178255067144,provo:46:18,9.085792541503906,2181,[635],1,24,24,24
46,19,205.56896551724137,200.95238095238096,"warm,",warm,4.71,-4.289881788311072,4,5.325781576259713,5.3030679693066345,provo,205.56896551724137,5.325781576259713,provo:46:19,9.308252334594727,2182,"[5814, 11]",2,25,26,26
46,20,228.93650793650792,270.2142857142857,thaw,thaw,3.18,-5.82099429243518,4,5.433444707191978,5.59921529501777,provo,228.93650793650792,5.433444707191978,provo:46:20,12.20580005645752,2183,"[294, 707]",2,27,28,28
46,21,201.66666666666663,111.04761904761904,and,and,7.41,-1.5900668749788436,3,5.306616169362732,4.70995910974696,provo,201.66666666666663,5.306616169362732,provo:46:21,6.124324798583984,2184,[290],1,29,29,29
46,22,230.05333333333337,303.2261904761905,release,release,5.09,-3.910094535475801,7,5.438311166100213,5.71447903023618,provo,230.05333333333337,5.438311166100213,provo:46:22,6.052132606506348,2185,[2650],1,30,30,30
46,23,239.25,164.88095238095238,more,more,6.36,-2.6401644986952877,4,5.477509030333064,5.105223712772171,provo,239.25,5.477509030333064,provo:46:23,3.891906499862671,2186,[517],1,31,31,31
46,24,208.9154929577465,209.42857142857144,carbon,carbon,4.55,-4.449770423581891,6,5.341929830282297,5.344382733391283,provo,208.9154929577465,5.341929830282297,provo:46:24,2.1751275062561035,2187,[6588],1,32,32,32
46,25,184.2258064516129,164.6904761904762,dioxide.,dioxide,3.81,-5.189760759232152,7,5.216162214179716,5.104067810317217,provo,184.2258064516129,5.216162214179716,provo:46:25,3.1303091049194336,2188,"[17556, 13]",2,33,34,34
46,26,182.86666666666667,71.64285714285714,The,the,7.73,-1.2700257134917023,3,5.208757289835393,4.271693458346677,provo,182.86666666666667,5.208757289835393,provo:46:26,3.695967435836792,2189,[383],1,35,35,35
46,27,244.09859154929575,332.79761904761904,added,added,5.16,-3.838631698251693,5,5.4975722074080595,5.807534554617432,provo,244.09859154929575,5.4975722074080595,provo:46:27,11.727005958557129,2190,[2087],1,36,36,36
46,28,228.43283582089552,231.95238095238096,carbon,carbon,4.55,-4.449770423581891,6,5.431242231988547,5.44653209608312,provo,228.43283582089552,5.431242231988547,provo:46:28,2.8812150955200195,2191,[6588],1,37,37,37
46,29,198.2295081967213,169.72619047619048,dioxide,dioxide,3.81,-5.189760759232152,7,5.289425491726037,5.134186494310647,provo,198.2295081967213,5.289425491726037,provo:46:29,0.7267003655433655,2192,[17556],1,38,38,38
46,30,222.9240506329114,339.14285714285717,accelerates,accelerates,2.97,-6.030071810571884,11,5.406831133328064,5.8264214261143,provo,222.9240506329114,5.406831133328064,provo:46:30,9.234478950500488,2193,"[8320, 689]",2,39,40,40
46,31,204.9625,321.7738095238095,Earth's,earth's,3.83,-5.170046879631298,7,5.322827035575987,5.773848843812366,provo,204.9625,5.322827035575987,provo:46:31,7.179927825927734,2194,"[3668, 338]",2,41,42,42
46,32,173.125,261.14285714285717,"warming,",warming,4.05,-4.950778099717827,7,5.154013876941603,5.5650676029587824,provo,173.125,5.154013876941603,provo:46:32,5.778602600097656,2195,"[9917, 11]",2,43,44,44
46,33,211.62295081967213,223.3690476190476,which,which,6.3,-2.6989699826212954,5,5.354806157333398,5.408825325644061,provo,211.62295081967213,5.354806157333398,provo:46:33,3.3043456077575684,2196,[543],1,45,45,45
46,34,207.43421052631575,279.5357142857143,further,further,5.31,-3.690369619684702,7,5.33481423169283,5.633130063629634,provo,207.43421052631575,5.33481423169283,provo:46:34,7.941973686218262,2197,[2252],1,46,46,46
46,35,223.21794871794873,270.04761904761904,accelerates,accelerates,2.97,-6.030071810571884,11,5.4081486426770065,5.598598310290605,provo,223.21794871794873,5.4081486426770065,provo:46:35,3.8098137378692627,2198,"[8320, 689]",2,47,48,48
46,36,176.88888888888889,43.76190476190476,the,the,7.73,-1.2700257134917023,3,5.175521789068109,3.778763684632264,provo,176.88888888888889,5.175521789068109,provo:46:36,1.5546215772628784,2199,[262],1,49,49,49
46,37,242.7605633802817,242.4404761904762,thawing,thawing,2.67,-6.329661358872558,7,5.492075621694413,5.4907562212392,provo,242.7605633802817,5.492075621694413,provo:46:37,10.053154945373535,2200,"[294, 707, 278]",3,50,52,52
46,38,175.0952380952381,45.75,of,of,7.4,-1.600326276788705,2,5.165330043577849,3.82319179172153,provo,175.0952380952381,5.165330043577849,provo:46:38,0.7685703635215759,2201,[286],1,53,53,53
46,39,212.68115942028984,238.33333333333337,Arctic,arctic,4.03,-4.970612163506823,6,5.359794140099038,5.473670254025898,provo,212.68115942028984,5.359794140099038,provo:46:39,4.7248077392578125,2202,[15723],1,54,54,54
46,40,209.9056603773585,148.1547619047619,soils,soils,3.57,-5.429445385692169,5,5.346658193482319,4.998257415958379,provo,209.9056603773585,5.346658193482319,provo:46:40,1.2330257892608643,2203,[38750],1,55,55,55
46,41,208.45,51.86904761904762,and,and,7.41,-1.5900668749788436,3,5.339699204326806,3.948722227274129,provo,208.45,5.339699204326806,provo:46:41,2.7441530227661133,2204,[290],1,56,56,56
46,42,187.91666666666663,57.38095238095238,the,the,7.73,-1.2700257134917023,3,5.235998602148778,4.049712408201333,provo,187.91666666666663,5.235998602148778,provo:46:42,4.169127941131592,2205,[262],1,57,57,57
46,43,217.3846153846154,237.0595238095238,release,release,5.09,-3.910094535475801,7,5.381668205782936,5.468311264915362,provo,217.3846153846154,5.381668205782936,provo:46:43,3.206458568572998,2206,[2650],1,58,58,58
46,44,197.57142857142856,49.392857142857146,of,of,7.4,-1.600326276788705,2,5.286100182609445,3.8998058214895543,provo,197.57142857142856,5.286100182609445,provo:46:44,0.027835482731461525,2207,[286],1,59,59,59
46,45,206.71929824561403,159.08333333333334,even,even,5.99,-3.0101053918293887,4,5.3313618258787905,5.069428173937747,provo,206.71929824561403,5.3313618258787905,provo:46:45,10.435007095336914,2208,[772],1,60,60,60
46,46,170.0,108.5,more,more,6.36,-2.6401644986952877,4,5.135798437050262,4.686750172980514,provo,170.0,5.135798437050262,provo:46:46,0.09594519436359406,2209,[517],1,61,61,61
46,47,240.47297297297297,351.57142857142856,carbon,carbon,4.55,-4.449770423581891,6,5.482607704740123,5.862412901335743,provo,240.47297297297297,5.482607704740123,provo:46:47,1.445157527923584,2210,[6588],1,62,62,62
46,48,206.22222222222223,332.1904761904762,dioxide.,dioxide,3.81,-5.189760759232152,7,5.328954336009927,5.805708527865392,provo,206.22222222222223,5.328954336009927,provo:46:48,1.717330813407898,2211,"[17556, 13]",2,63,64,64
47,2,199.77966101694915,183.66666666666663,for,for,7.01,-1.9913998239802937,3,5.2972150643208495,5.213122520484805,provo,199.77966101694915,5.2972150643208495,provo:47:2,,2212,[1640],1,0,0,0
47,3,186.57142857142856,266.20238095238096,every,every,5.79,-3.2097147655786795,5,5.228814160781063,5.584256850144833,provo,186.57142857142856,5.228814160781063,provo:47:3,10.466257095336914,2213,[790],1,1,1,1
47,4,209.09259259259255,155.14285714285714,six,six,5.29,-3.70996516592242,3,5.342777180616248,5.044346351438567,provo,209.09259259259255,5.342777180616248,provo:47:4,8.737711906433105,2214,[2237],1,2,2,2
47,5,212.08955223880596,254.83333333333337,water,water,5.52,-3.480171875017509,5,5.35700860170018,5.540609736701008,provo,212.08955223880596,5.35700860170018,provo:47:5,14.237680435180664,2215,[1660],1,3,3,3
47,6,206.83333333333337,248.23809523809524,bottles,bottles,4.19,-4.8096654999388635,7,5.331913315976553,5.514388347044683,provo,206.83333333333337,5.331913315976553,provo:47:6,3.6516408920288086,2216,[14096],1,4,4,4
47,7,186.48275862068965,74.01190476190476,we,we,6.54,-2.4596705126934353,2,5.228338787736326,4.304225955426024,provo,186.48275862068965,5.228338787736326,provo:47:7,5.642459869384766,2217,[356],1,5,5,5
47,8,222.8032786885246,180.8571428571429,"use,",use,5.81,-3.1897674147766732,3,5.406289223782036,5.197707453648809,provo,222.8032786885246,5.406289223782036,provo:47:8,6.17084264755249,2218,"[779, 11]",2,6,7,7
47,9,229.86666666666667,148.42857142857142,only,only,6.12,-2.8794260358930543,4,5.437499430681374,5.000103842043914,provo,229.86666666666667,5.437499430681374,provo:47:9,8.59537410736084,2219,[691],1,8,8,8
47,10,215.43103448275863,189.32142857142856,one,one,6.47,-2.5301779692999906,3,5.372640832722634,5.243446250812602,provo,215.43103448275863,5.372640832722634,provo:47:10,2.7326765060424805,2220,[530],1,9,9,9
47,11,232.8923076923077,267.1904761904762,makes,makes,5.46,-3.5406073614441,5,5.450576147973476,5.587961798027549,provo,232.8923076923077,5.450576147973476,provo:47:11,9.299304962158203,2221,[1838],1,10,10,10
47,12,205.2325581395349,119.21428571428572,it,it,6.95,-2.0501222910888885,2,5.324143766107935,4.780922594046577,provo,205.2325581395349,5.324143766107935,provo:47:12,0.9461259841918945,2222,[340],1,11,11,11
47,13,213.7073170731707,132.54761904761904,to,to,7.43,-1.5702477183831145,2,5.364607401669536,4.886941969900139,provo,213.7073170731707,5.364607401669536,provo:47:13,1.1894317865371704,2223,[284],1,12,12,12
47,14,164.7948717948718,87.03571428571429,the,the,7.73,-1.2700257134917023,3,5.1047014992416395,4.466318543450003,provo,164.7948717948718,5.1047014992416395,provo:47:14,1.0501675605773926,2224,[262],1,13,13,13
47,15,224.0675675675676,275.10714285714283,recycling,recycling,3.76,-5.240324602428535,9,5.411947647297203,5.617160632177762,provo,224.0675675675676,5.411947647297203,provo:47:15,7.0359320640563965,2225,[25914],1,14,14,14
47,16,176.775,94.3452380952381,bin.,bin,4.22,-4.779889295736006,3,5.174877737490305,4.546960799902168,provo,176.775,5.174877737490305,provo:47:16,4.110228538513184,2226,"[9874, 13]",2,15,16,16
47,17,190.53658536585365,109.98809523809524,The,the,7.73,-1.2700257134917023,3,5.249844225292262,4.700372134827432,provo,190.53658536585365,5.249844225292262,provo:47:17,4.138507843017578,2227,[383],1,17,17,17
47,18,186.5,173.66666666666666,rest,rest,5.23,-3.769550823154459,4,5.2284312390838705,5.157137753085257,provo,186.5,5.2284312390838705,provo:47:18,4.162271022796631,2228,[1334],1,18,18,18
47,19,214.08333333333337,116.3452380952381,are,are,6.74,-2.259637302609493,3,5.366365347321883,4.756561961495522,provo,214.08333333333337,5.366365347321883,provo:47:19,2.2589268684387207,2229,[389],1,19,19,19
47,20,178.97101449275362,208.17857142857144,sent,sent,5.16,-3.838631698251693,4,5.187223862520563,5.338396227870346,provo,178.97101449275362,5.187223862520563,provo:47:20,5.67438268661499,2230,[1908],1,20,20,20
47,21,173.75,79.80952380952381,to,to,7.43,-1.5702477183831145,2,5.157617484444901,4.379642843318606,provo,173.75,5.157617484444901,provo:47:21,0.8835139870643616,2231,[284],1,21,21,21
47,22,184.6075949367089,287.5952380952381,landfills,landfills,2.8,-6.199901819825224,9,5.218232463891478,5.66155406832191,provo,184.6075949367089,5.218232463891478,provo:47:22,9.73788070678711,2232,"[1956, 69, 2171]",3,22,24,24
47,23,204.67741935483872,87.38095238095238,"or,",or,6.54,-2.4596705126934353,2,5.321435175663342,4.470277322765248,provo,204.67741935483872,5.321435175663342,provo:47:23,12.13995361328125,2233,"[393, 11]",2,25,26,26
47,24,207.9516129032258,183.83333333333337,even,even,5.99,-3.0101053918293887,4,5.337305422365746,5.214029550025447,provo,207.9516129032258,5.337305422365746,provo:47:24,6.21659517288208,2234,[772],1,27,27,27
47,25,194.0677966101695,157.78571428571428,"worse,",worse,4.89,-4.110137719084335,5,5.268207565076667,5.061237873804859,provo,194.0677966101695,5.268207565076667,provo:47:25,1.0996648073196411,2235,"[4785, 11]",2,28,29,29
47,26,231.2,108.54761904761904,they,they,6.5,-2.5003129036381,4,5.443283136798223,4.687188961930073,provo,231.2,5.443283136798223,provo:47:26,10.240565299987793,2236,[484],1,30,30,30
47,27,216.25925925925927,150.20238095238096,end,end,5.68,-3.3196643959185397,3,5.376477962279209,5.0119835910844275,provo,216.25925925925927,5.376477962279209,provo:47:27,4.720271587371826,2237,[886],1,31,31,31
47,28,189.27777777777777,87.5952380952381,up,up,6.39,-2.6108338979091625,2,5.243215659764802,4.472726636821406,provo,189.27777777777777,5.243215659764802,provo:47:28,0.0049267918802797794,2238,[510],1,32,32,32
47,29,216.23076923076923,105.95238095238096,as,as,6.77,-2.2298846978394775,2,5.376346213444995,4.662989756876917,provo,216.23076923076923,5.376346213444995,provo:47:29,7.072389125823975,2239,[355],1,33,33,33
47,30,197.48611111111111,208.98809523809524,trash,trash,4.42,-4.580042600203565,5,5.285668258380319,5.3422772897592194,provo,197.48611111111111,5.285668258380319,provo:47:30,3.925356149673462,2240,[13913],1,34,34,34
47,31,191.8709677419355,80.25,on,on,6.91,-2.089909449064056,2,5.2568231030948995,4.385146762010125,provo,191.8709677419355,5.2568231030948995,provo:47:31,5.343131065368652,2241,[319],1,35,35,35
47,32,202.16216216216216,116.33333333333331,the,the,7.73,-1.2700257134917023,3,5.309070158324299,4.756459633534317,provo,202.16216216216216,5.309070158324299,provo:47:32,1.220788836479187,2242,[262],1,36,36,36
47,33,208.015625,190.1071428571429,land,land,5.22,-3.779891650336842,4,5.337613197072245,5.247587822997554,provo,208.015625,5.337613197072245,provo:47:33,5.486403942108154,2243,[1956],1,37,37,37
47,34,201.77777777777777,92.89285714285714,and,and,7.41,-1.5900668749788436,3,5.307166981825019,4.531446755273447,provo,201.77777777777777,5.307166981825019,provo:47:34,5.815143585205078,2244,[290],1,38,38,38
47,35,238.28947368421052,123.58333333333331,in,in,7.27,-1.730487053447167,2,5.473486210591128,4.816915692349932,provo,238.28947368421052,5.473486210591128,provo:47:35,3.7420663833618164,2245,[287],1,39,39,39
47,36,196.8695652173913,235.6904761904762,"rivers,",rivers,4.3,-4.698967832869038,6,5.28254140395387,5.462519402636439,provo,196.8695652173913,5.28254140395387,provo:47:36,10.693009376525879,2246,"[18180, 11]",2,40,41,41
47,37,196.74242424242425,195.71428571428572,"lakes,",lakes,4.14,-4.8601177665487025,5,5.281895382070424,5.2766558697668575,provo,196.74242424242425,5.281895382070424,provo:47:37,2.502347230911255,2247,"[24768, 11]",2,42,43,43
47,38,177.3181818181818,103.04761904761904,and,and,7.41,-1.5900668749788436,3,5.177945756148341,4.635191202242949,provo,177.3181818181818,5.177945756148341,provo:47:38,1.2929831743240356,2248,[290],1,44,44,44
47,39,205.6206896551724,76.60714285714286,the,the,7.73,-1.2700257134917023,3,5.326033159136632,4.338690321186913,provo,205.6206896551724,5.326033159136632,provo:47:39,5.352666854858398,2249,[262],1,45,45,45
47,40,199.5205479452055,212.0952380952381,ocean.,ocean,4.7,-4.300161407278366,5,5.295917228245144,5.35703541009389,provo,199.5205479452055,5.295917228245144,provo:47:40,4.517126083374023,2250,"[9151, 13]",2,46,47,47
47,41,215.71604938271605,291.95238095238096,Plastic,plastic,4.51,-4.489453649380389,7,5.3739629566666,5.676590710039265,provo,215.71604938271605,5.3739629566666,provo:47:41,11.9780855178833,2251,[33731],1,48,48,48
47,42,186.25,196.8690476190476,bottles,bottles,4.19,-4.8096654999388635,7,5.227089857259669,5.282538774806882,provo,186.25,5.227089857259669,provo:47:42,1.3007586002349854,2252,[14096],1,49,49,49
47,43,218.1428571428571,183.58333333333337,take,take,5.92,-3.079876621510423,4,5.385150156163319,5.212668697014343,provo,218.1428571428571,5.385150156163319,provo:47:43,9.093597412109375,2253,[1011],1,50,50,50
47,44,211.57142857142856,258.8452380952381,many,many,5.91,-3.0899094009871795,4,5.354562665212486,5.556230346791745,provo,211.57142857142856,5.354562665212486,provo:47:44,8.147540092468262,2254,[867],1,51,51,51
47,45,200.62337662337663,275.04761904761904,hundreds,hundreds,4.61,-4.390404523713482,8,5.301429402254667,5.6169442428492395,provo,200.62337662337663,5.301429402254667,provo:47:45,7.95742130279541,2255,[5179],1,52,52,52
47,46,185.65384615384616,63.535714285714285,of,of,7.4,-1.600326276788705,2,5.223883897639011,4.1516021774906315,provo,185.65384615384616,5.223883897639011,provo:47:46,0.08184244483709335,2256,[286],1,53,53,53
47,47,216.25,226.23809523809524,years,years,5.96,-3.040005114051578,5,5.376435145811989,5.421587963463498,provo,216.25,5.376435145811989,provo:47:47,0.8051784038543701,2257,[812],1,54,54,54
47,48,192.15384615384616,67.57142857142857,to,to,7.43,-1.5702477183831145,2,5.258296333223987,4.21318523943662,provo,192.15384615384616,5.258296333223987,provo:47:48,0.08190808445215225,2258,[284],1,55,55,55
47,49,259.5810810810811,484.67857142857144,disintegrate.,disintegrate,2.88,-6.119701008574247,12,5.5590691049827425,6.183485931906167,provo,259.5810810810811,5.5590691049827425,provo:47:49,13.148476600646973,2259,"[29930, 4873, 13]",3,56,58,58
48,2,211.27272727272728,186.45238095238096,in,in,7.27,-1.730487053447167,2,5.353149845173431,5.22817587646757,provo,211.27272727272728,5.353149845173431,provo:48:2,,2260,[259],1,0,0,0
48,3,184.1153846153846,172.66666666666666,the,the,7.73,-1.2700257134917023,3,5.215562651371027,5.151362953591374,provo,184.1153846153846,5.215562651371027,provo:48:3,5.385766506195068,2261,[262],1,1,1,1
48,4,163.9193548387097,161.1904761904762,United,united,5.47,-3.530177836803394,6,5.099374568092675,5.082586747622952,provo,163.9193548387097,5.099374568092675,provo:48:4,7.2608513832092285,2262,[1578],1,2,2,2
48,5,170.43589743589743,102.07142857142856,"States,",states,5.52,-3.480171875017509,6,5.138359257911936,4.625672848314609,provo,170.43589743589743,5.138359257911936,provo:48:5,2.483510971069336,2263,"[1829, 11]",2,3,4,4
48,6,227.0121951219512,394.4880952380952,Colombian,colombian,3.57,-5.429445385692169,9,5.425003739042564,5.977588962994338,provo,227.0121951219512,5.425003739042564,provo:48:6,16.28777313232422,2264,[40351],1,5,5,5
48,7,237.2911392405063,408.2857142857143,legislation,legislation,4.55,-4.449770423581891,11,5.4692878228394095,6.011967209434499,provo,237.2911392405063,5.4692878228394095,provo:48:7,13.594537734985352,2265,[5520],1,6,6,6
48,8,267.44444444444446,410.82142857142856,requires,requires,4.67,-4.329753218947205,8,5.588911860446853,6.018158639720807,provo,267.44444444444446,5.588911860446853,provo:48:8,6.2277984619140625,2266,[4433],1,7,7,7
48,9,249.67567567567568,303.17857142857144,travelers,travelers,3.84,-5.159887629656769,9,5.520162778346326,5.714321976562764,provo,249.67567567567568,5.520162778346326,provo:48:9,10.825157165527344,2267,[23325],1,8,8,8
48,10,256.07894736842104,333.67857142857144,entering,entering,4.42,-4.580042600203565,8,5.545485785095603,5.810178168617751,provo,256.07894736842104,5.545485785095603,provo:48:10,7.595590591430664,2268,[8218],1,9,9,9
48,11,194.26923076923077,61.142857142857146,the,the,7.73,-1.2700257134917023,3,5.269244984446571,4.113213046526483,provo,194.26923076923077,5.269244984446571,provo:48:11,0.6696448922157288,2269,[262],1,10,10,10
48,12,221.768115942029,237.3928571428571,country,country,5.48,-3.519992913236753,7,5.401632313194538,5.469716393866378,provo,221.768115942029,5.401632313194538,provo:48:12,1.7497246265411377,2270,[1499],1,11,11,11
48,13,182.2258064516129,82.89285714285714,to,to,7.43,-1.5702477183831145,2,5.205246612840116,4.417548896099233,provo,182.2258064516129,5.205246612840116,provo:48:13,1.0017098188400269,2271,[284],1,12,12,12
48,14,208.46376811594203,221.92857142857144,declare,declare,4.05,-4.950778099717827,7,5.339765252114142,5.4023555797777885,provo,208.46376811594203,5.339765252114142,provo:48:14,8.469566345214844,2272,[13627],1,13,13,13
48,15,246.8870967741935,269.57142857142856,cash,cash,4.92,-4.07987615172103,4,5.508931134046615,5.596833396313237,provo,246.8870967741935,5.508931134046615,provo:48:15,14.495924949645996,2273,[5003],1,14,14,14
48,16,202.44642857142856,191.9404761904762,in,in,7.27,-1.730487053447167,2,5.310475301282449,5.257185304120426,provo,202.44642857142856,5.310475301282449,provo:48:16,3.2965009212493896,2274,[287],1,15,15,15
48,17,197.23376623376623,389.9047619047619,excess,excess,4.21,-4.790482304635508,6,5.284389655876586,5.9659025090577575,provo,197.23376623376623,5.284389655876586,provo:48:17,10.888190269470215,2275,[6992],1,16,16,16
48,18,178.88571428571427,113.21428571428572,of,of,7.4,-1.600326276788705,2,5.186747134255897,4.729282356696122,provo,178.88571428571427,5.186747134255897,provo:48:18,0.030265359207987785,2276,[286],1,17,17,17
48,19,220.0754716981132,167.9047619047619,ten,ten,5.05,-3.950781589567061,3,5.393970540696317,5.123396925234393,provo,220.0754716981132,5.393970540696317,provo:48:19,8.952581405639648,2277,[3478],1,18,18,18
48,20,209.84722222222223,301.5833333333333,thousand,thousand,4.64,-4.359517569221832,8,5.346379752723785,5.709046373775742,provo,209.84722222222223,5.346379752723785,provo:48:20,0.9907069206237793,2278,[7319],1,19,19,19
48,21,205.01612903225808,205.6547619047619,dollars.,dollars,4.78,-4.219681967637425,7,5.3230886542495774,5.326198849792557,provo,205.01612903225808,5.3230886542495774,provo:48:21,2.857246160507202,2279,"[5054, 13]",2,20,21,21
48,22,236.11111111111111,367.9880952380952,Concealing,concealing,3.1,-5.899594988434111,10,5.464302504022298,5.908050587749181,provo,236.11111111111111,5.464302504022298,provo:48:22,19.025985717773438,2280,"[44530, 4272]",2,22,23,23
48,23,209.20689655172413,172.39285714285714,more,more,6.36,-2.6401644986952877,4,5.343323697955824,5.149775925485289,provo,209.20689655172413,5.343323697955824,provo:48:23,7.386229038238525,2281,[517],1,24,24,24
48,24,207.98076923076923,150.04761904761904,than,than,6.13,-2.8696661993350334,4,5.337445619805732,5.010952704033851,provo,207.98076923076923,5.337445619805732,provo:48:24,0.11425086110830307,2282,[621],1,25,25,25
48,25,212.57142857142856,177.66666666666666,that,that,7.01,-1.9913998239802937,4,5.3592780663377235,5.179909135497735,provo,212.57142857142856,5.3592780663377235,provo:48:25,7.5265583992004395,2283,[326],1,26,26,26
48,26,221.5217391304348,254.4047619047619,amount,amount,5.13,-3.8696659098054966,6,5.400520729727676,5.538926549469879,provo,221.5217391304348,5.400520729727676,provo:48:26,1.6694674491882324,2284,[2033],1,27,27,27
48,27,215.41176470588235,97.77380952380952,to,to,7.43,-1.5702477183831145,2,5.37255138117824,4.5826567448968785,provo,215.41176470588235,5.37255138117824,provo:48:27,7.847447872161865,2285,[284],1,28,28,28
48,28,211.88311688311688,325.39285714285717,transport,transport,4.68,-4.319663579917319,9,5.356034787173737,5.7850332435386544,provo,211.88311688311688,5.356034787173737,provo:48:28,11.450332641601562,2286,[4839],1,29,29,29
48,29,211.13793103448276,82.96428571428571,it,it,6.95,-2.0501222910888885,2,5.35251162149148,4.418410222595205,provo,211.13793103448276,5.35251162149148,provo:48:29,7.419106483459473,2287,[340],1,30,30,30
48,30,235.26027397260273,279.1904761904762,into,into,6.11,-2.8894102560345134,4,5.460692450084039,5.631894259240792,provo,235.26027397260273,5.460692450084039,provo:48:30,6.689337253570557,2288,[656],1,31,31,31
48,31,182.02325581395348,108.29761904761904,or,or,6.54,-2.4596705126934353,2,5.204134458111276,4.6848831689787485,provo,182.02325581395348,5.204134458111276,provo:48:31,5.372055530548096,2289,[393],1,32,32,32
48,32,228.0,145.6904761904762,out,out,6.38,-2.619788740192791,3,5.429345628954441,4.981484345179172,provo,228.0,5.429345628954441,provo:48:32,0.41096317768096924,2290,[503],1,33,33,33
48,33,217.7111111111111,136.21428571428572,of,of,7.4,-1.600326276788705,2,5.383169005574323,4.914229275985161,provo,217.7111111111111,5.383169005574323,provo:48:33,0.018384767696261406,2291,[286],1,34,34,34
48,34,162.63636363636363,95.26190476190476,the,the,7.73,-1.2700257134917023,3,5.091516810710348,4.5566299905738665,provo,162.63636363636363,5.091516810710348,provo:48:34,0.5825875997543335,2292,[262],1,35,35,35
48,35,178.30612244897958,143.10714285714286,country,country,5.48,-3.519992913236753,7,5.183501862187468,4.963593600460941,provo,178.30612244897958,5.183501862187468,provo:48:35,0.18541279435157776,2293,[1499],1,36,36,36
48,36,189.44444444444449,62.892857142857146,is,is,7.07,-1.9318141345419195,2,5.244095812381397,4.1414325983210025,provo,189.44444444444449,5.244095812381397,provo:48:36,1.7296154499053955,2294,[318],1,37,37,37
48,37,229.57692307692307,71.05952380952381,a,a,7.36,-1.6401645157636295,1,5.436238150147168,4.263517889325336,provo,229.57692307692307,5.436238150147168,provo:48:37,2.5901453495025635,2295,[257],1,38,38,38
48,38,211.22222222222223,165.13095238095238,crime,crime,4.89,-4.110137719084335,5,5.35291076515221,5.106738809919976,provo,211.22222222222223,5.35291076515221,provo:48:38,2.85850191116333,2296,[4065],1,39,39,39
48,39,222.55,263.01190476190476,punishable,punishable,3.3,-5.698948290154774,10,5.4051517954618635,5.572199296407715,provo,222.55,5.4051517954618635,provo:48:39,1.8165013790130615,2297,[30124],1,40,40,40
48,40,188.92857142857144,71.01190476190476,by,by,6.66,-2.340083790426988,2,5.241369014677141,4.262847535688703,provo,188.92857142857144,5.241369014677141,provo:48:40,0.20117433369159698,2298,[416],1,41,41,41
48,41,218.02325581395348,127.33333333333331,up,up,6.39,-2.6108338979091625,2,5.384601735145049,4.846808319938465,provo,218.02325581395348,5.384601735145049,provo:48:41,0.9486593008041382,2299,[510],1,42,42,42
48,42,217.3,83.4047619047619,to,to,7.43,-1.5702477183831145,2,5.381278887262384,4.423705404914118,provo,217.3,5.381278887262384,provo:48:42,0.00039997618296183646,2300,[284],1,43,43,43
48,43,205.6315789473684,159.04761904761904,five,five,5.45,-3.549750737675531,4,5.32608611588863,5.069203648247323,provo,205.6315789473684,5.32608611588863,provo:48:43,2.3406782150268555,2301,[1936],1,44,44,44
48,44,176.67441860465115,108.33333333333331,years,years,5.96,-3.040005114051578,5,5.174308595809659,4.685212893661628,provo,176.67441860465115,5.174308595809659,provo:48:44,0.029435690492391586,2302,[812],1,45,45,45
48,45,180.55555555555551,58.035714285714285,in,in,7.27,-1.730487053447167,2,5.196038517427619,4.061058584588634,provo,180.55555555555551,5.196038517427619,provo:48:45,0.14709247648715973,2303,[287],1,46,46,46
48,46,209.34246575342465,225.1309523809524,prison,prison,4.8,-4.199969952492573,6,5.343971503059121,5.416682243483959,provo,209.34246575342465,5.343971503059121,provo:48:46,0.19109490513801575,2304,[3770],1,47,47,47
48,47,239.76,78.16666666666667,in,in,7.27,-1.730487053447167,2,5.479638423008407,4.358843299218225,provo,239.76,5.479638423008407,provo:48:47,7.206080436706543,2305,[287],1,48,48,48
48,48,234.42857142857144,83.82142857142857,the,the,7.73,-1.2700257134917023,3,5.457150942034778,4.428688685675819,provo,234.42857142857144,5.457150942034778,provo:48:48,1.909005045890808,2306,[262],1,49,49,49
48,49,248.83870967741936,296.5238095238095,United,united,5.47,-3.530177836803394,6,5.5168049342830265,5.692127517149029,provo,248.83870967741936,5.5168049342830265,provo:48:49,1.1010628938674927,2307,[1578],1,50,50,50
48,50,263.0625,138.4404761904762,States,states,5.52,-3.480171875017509,6,5.5723916465307894,4.93044045844973,provo,263.0625,5.5723916465307894,provo:48:50,0.0040505193173885345,2308,[1829],1,51,51,51
49,2,193.11688311688312,343.25,"centuries,",centuries,4.32,-4.6798516359298885,9,5.263295617600517,5.83845904464808,provo,193.11688311688312,5.263295617600517,provo:49:2,,2309,"[1087, 4740, 11]",3,0,2,2
49,3,204.40625,209.07142857142856,time,time,6.29,-2.709965366365971,4,5.320109435161486,5.342675957076628,provo,204.40625,5.320109435161486,provo:49:3,11.47545337677002,2310,[640],1,3,3,3
49,4,199.8703703703704,152.0595238095238,was,was,6.82,-2.1797985339440955,3,5.297669008261072,5.024272048199463,provo,199.8703703703704,5.297669008261072,provo:49:4,5.873860836029053,2311,[373],1,4,4,4
49,5,199.2054794520548,254.5595238095238,measured,measured,4.25,-4.749577557841319,8,5.294336852061611,5.5395346939463215,provo,199.2054794520548,5.294336852061611,provo:49:5,7.769990921020508,2312,[8630],1,5,5,5
49,6,188.66666666666663,75.32142857142857,by,by,6.66,-2.340083790426988,2,5.239981789535073,4.321764670303571,provo,188.66666666666663,5.239981789535073,provo:49:6,2.571237325668335,2313,[416],1,6,6,6
49,7,193.2173913043478,125.60714285714286,the,the,7.73,-1.2700257134917023,3,5.263815934830371,4.833159122298778,provo,193.2173913043478,5.263815934830371,provo:49:7,2.2756898403167725,2314,[262],1,7,7,7
49,8,205.57971014492753,228.53571428571428,position,position,5.21,-3.7904847173744383,8,5.325833842645692,5.431692496964256,provo,205.57971014492753,5.325833842645692,provo:49:8,10.78888988494873,2315,[2292],1,8,8,8
49,9,206.1176470588235,44.44047619047619,of,of,7.4,-1.600326276788705,2,5.328447108000066,3.79415068007127,provo,206.1176470588235,5.328447108000066,provo:49:9,0.253292053937912,2316,[286],1,9,9,9
49,10,215.1818181818182,129.04761904761904,the,the,7.73,-1.2700257134917023,3,5.371483336715613,4.8601814761503235,provo,215.1818181818182,5.371483336715613,provo:49:10,0.7623547315597534,2317,[262],1,10,10,10
49,11,211.2391304347826,128.63095238095238,sun,sun,4.97,-4.03011789077199,3,5.3529908113503435,4.856947470097673,provo,211.2391304347826,5.3529908113503435,provo:49:11,5.692209720611572,2318,[4252],1,11,11,11
49,12,196.6122448979592,137.07142857142858,with,with,6.85,-2.149966736176128,4,5.28123348907954,4.920502166392441,provo,196.6122448979592,5.28123348907954,provo:49:12,7.412399768829346,2319,[351],1,12,12,12
49,13,208.9268292682927,114.46428571428572,the,the,7.73,-1.2700257134917023,3,5.341984091471009,4.740262859179566,provo,208.9268292682927,5.341984091471009,provo:49:13,2.5860211849212646,2320,[262],1,13,13,13
49,14,216.2542372881356,175.95238095238096,use,use,5.81,-3.1897674147766732,3,5.376454740016023,5.170213395658879,provo,216.2542372881356,5.376454740016023,provo:49:14,9.201986312866211,2321,[779],1,14,14,14
49,15,182.3939393939394,79.5952380952381,of,of,7.4,-1.600326276788705,2,5.206168850081291,4.37695426813673,provo,182.3939393939394,5.206168850081291,provo:49:15,0.010936780832707882,2322,[286],1,15,15,15
49,16,236.19736842105263,344.0833333333333,sundials.,sundials,1.8,-7.199282921717615,8,5.464667762384739,5.84088387609809,provo,236.19736842105263,5.464667762384739,provo:49:16,17.066524505615234,2323,"[37437, 8231, 13]",3,16,18,18
49,17,211.44444444444449,167.46428571428572,Noon,noon,4.11,-4.8894069230899095,4,5.35396228995993,5.120770108914383,provo,211.44444444444449,5.35396228995993,provo:49:17,13.99070930480957,2324,[41035],1,19,19,19
49,18,228.6875,161.96428571428572,was,was,6.82,-2.1797985339440955,3,5.432356442779426,5.087375852374033,provo,228.6875,5.432356442779426,provo:49:18,1.5543781518936157,2325,[373],1,20,20,20
49,19,200.9878048780488,336.3452380952381,recognized,recognized,4.52,-4.480170694158342,10,5.303244233969927,5.818138126783282,provo,200.9878048780488,5.303244233969927,provo:49:19,10.786077499389648,2326,[8018],1,21,21,21
49,20,177.9811320754717,145.46428571428572,when,when,6.37,-2.6307841240302645,4,5.181677545097731,4.979930597473209,provo,177.9811320754717,5.181677545097731,provo:49:20,6.72377872467041,2327,[618],1,22,22,22
49,21,201.44444444444449,122.67857142857144,the,the,7.73,-1.2700257134917023,3,5.305513633418632,4.809567694481246,provo,201.44444444444449,5.305513633418632,provo:49:21,1.309283971786499,2328,[262],1,23,23,23
49,22,186.10416666666663,116.13095238095238,sun,sun,4.97,-4.03011789077199,3,5.2263065527939485,4.754718454213898,provo,186.10416666666663,5.2263065527939485,provo:49:22,1.9927345514297485,2329,[4252],1,24,24,24
49,23,184.29166666666663,120.33333333333331,was,was,6.82,-2.1797985339440955,3,5.216519647520381,4.790265669664771,provo,184.29166666666663,5.216519647520381,provo:49:23,1.4261999130249023,2330,[373],1,25,25,25
49,24,199.45238095238096,101.95238095238096,the,the,7.73,-1.2700257134917023,3,5.295575515870441,4.62450585086626,provo,199.45238095238096,5.295575515870441,provo:49:24,7.051790237426758,2331,[262],1,26,26,26
49,25,207.88059701492537,211.4047619047619,highest,highest,4.86,-4.140260833949011,7,5.3369638620570585,5.3537745987489584,provo,207.88059701492537,5.3369638620570585,provo:49:25,4.361658096313477,2332,[4511],1,27,27,27
49,26,201.66666666666663,47.29761904761905,in,in,7.27,-1.730487053447167,2,5.306616169362732,3.8564599569712854,provo,201.66666666666663,5.306616169362732,provo:49:26,2.257416009902954,2333,[287],1,28,28,28
49,27,205.85365853658536,110.28571428571428,the,the,7.73,-1.2700257134917023,3,5.327165520885695,4.703074400969463,provo,205.85365853658536,5.327165520885695,provo:49:27,0.2982674539089203,2334,[262],1,29,29,29
49,28,198.97435897435895,101.61904761904762,"sky,",sky,4.72,-4.279839869367247,3,5.293175967047618,4.621230994138275,provo,198.97435897435895,5.293175967047618,provo:49:28,2.7791738510131836,2335,"[6766, 11]",2,30,31,31
49,29,194.96666666666667,84.88095238095238,and,and,7.41,-1.5900668749788436,3,5.27282860378087,4.441249714565028,provo,194.96666666666667,5.27282860378087,provo:49:29,1.5692336559295654,2336,[290],1,32,32,32
49,30,241.57534246575344,270.4642857142857,cities,cities,4.84,-4.159893277950514,6,5.487181401521761,5.600140058938619,provo,241.57534246575344,5.487181401521761,provo:49:30,15.82023811340332,2337,[4736],1,33,33,33
49,31,214.06521739130432,139.61904761904762,would,would,6.27,-2.7304870324329187,5,5.366280722758707,4.9389176252831195,provo,214.06521739130432,5.366280722758707,provo:49:31,7.986660480499268,2338,[561],1,34,34,34
49,32,228.2173913043478,143.20238095238096,set,set,5.59,-3.4100502870304807,3,5.43029864532315,4.964258881150759,provo,228.2173913043478,5.43029864532315,provo:49:32,6.854737281799316,2339,[900],1,35,35,35
49,33,199.78688524590163,186.4404761904762,their,their,6.33,-2.669586206356675,5,5.297251224650191,5.22811202562312,provo,199.78688524590163,5.297251224650191,provo:49:33,4.353015899658203,2340,[511],1,36,36,36
49,34,183.42372881355936,139.10714285714286,clock,clock,4.43,-4.570246105522965,5,5.2117989342969615,4.9352444481296445,provo,183.42372881355936,5.2117989342969615,provo:49:34,7.45255708694458,2341,[8801],1,37,37,37
49,35,175.91176470588235,77.02380952380952,by,by,6.66,-2.340083790426988,2,5.169982532428396,4.344114588651633,provo,175.91176470588235,5.169982532428396,provo:49:35,5.1646246910095215,2342,[416],1,38,38,38
49,36,188.0188679245283,142.0952380952381,this,this,6.82,-2.1797985339440955,4,5.236542319094773,4.956497523600229,provo,188.0188679245283,5.236542319094773,provo:49:36,8.20139217376709,2343,[428],1,39,39,39
49,37,218.1948051948052,318.2738095238095,apparent,apparent,4.32,-4.6798516359298885,8,5.385388265575719,5.762912048539518,provo,218.1948051948052,5.385388265575719,provo:49:37,10.678295135498047,2344,[4156],1,40,40,40
49,38,187.31884057971016,230.08333333333337,solar,solar,4.53,-4.469799020694141,5,5.23281219477937,5.438441562142154,provo,187.31884057971016,5.23281219477937,provo:49:38,11.41525650024414,2345,[6591],1,41,41,41
49,39,197.97619047619048,127.0,"time,",time,6.29,-2.709965366365971,4,5.28814677334366,4.844187086458591,provo,197.97619047619048,5.28814677334366,provo:49:39,7.770505905151367,2346,"[640, 11]",2,42,43,43
49,40,209.1,166.3095238095238,even,even,5.99,-3.0101053918293887,4,5.342812606434588,5.1138506534076935,provo,209.1,5.342812606434588,provo:49:40,7.518265724182129,2347,[772],1,44,44,44
49,41,207.1267605633803,222.3928571428571,though,though,5.5,-3.5003127799466554,6,5.333330975714852,5.404445444697248,provo,207.1267605633803,5.333330975714852,provo:49:41,2.0006160736083984,2348,[996],1,45,45,45
49,42,202.54545454545453,161.35714285714286,some,some,6.2,-2.8013428855585856,4,5.310964328248804,5.083620186852745,provo,202.54545454545453,5.310964328248804,provo:49:42,7.684109210968018,2349,[617],1,46,46,46
49,43,194.5,196.72619047619048,cities,cities,4.84,-4.159893277950514,6,5.270432163058501,5.2818128658765735,provo,194.5,5.270432163058501,provo:49:43,3.93389892578125,2350,[4736],1,47,47,47
49,44,195.34615384615384,138.20238095238096,would,would,6.27,-2.7304870324329187,5,5.274773132779763,4.9287191394947225,provo,195.34615384615384,5.274773132779763,provo:49:44,3.622720241546631,2351,[561],1,48,48,48
49,45,219.51612903225808,220.6190476190476,often,often,5.41,-3.5900667076825585,5,5.39142571060042,5.396437447693225,provo,219.51612903225808,5.39142571060042,provo:49:45,9.655323028564453,2352,[1690],1,49,49,49
49,46,220.32258064516128,83.02380952380952,be,be,6.79,-2.20971482892795,2,5.39509274807969,4.419127428392283,provo,220.32258064516128,5.39509274807969,provo:49:46,3.6122310161590576,2353,[307],1,50,50,50
49,47,207.8235294117647,108.95238095238096,on,on,6.91,-2.089909449064056,2,5.336689303302929,4.690910914776265,provo,207.8235294117647,5.336689303302929,provo:49:47,6.164815902709961,2354,[319],1,51,51,51
49,48,205.0,99.23809523809524,a,a,7.36,-1.6401645157636295,1,5.3230099791384085,4.597521965149834,provo,205.0,5.3230099791384085,provo:49:48,3.395206928253174,2355,[257],1,52,52,52
49,49,213.8421052631579,334.2142857142857,slightly,slightly,4.75,-4.2502629116656445,8,5.365237916821286,5.811782361250958,provo,213.8421052631579,5.365237916821286,provo:49:49,9.256572723388672,2356,[4622],1,53,53,53
49,50,227.07142857142856,361.8928571428572,different,different,5.59,-3.4100502870304807,9,5.425264631295544,5.891348193273114,provo,227.07142857142856,5.425264631295544,provo:49:50,2.5585100650787354,2357,[1180],1,54,54,54
49,51,291.7,267.45238095238096,time.,time,6.29,-2.709965366365971,4,5.675725876873676,5.588941535358201,provo,291.7,5.675725876873676,provo:49:51,4.231184482574463,2358,"[640, 13]",2,55,56,56
50,2,183.24074074074073,168.04761904761904,the,the,7.73,-1.2700257134917023,3,5.210800811472391,5.124247385951847,provo,183.24074074074073,5.210800811472391,provo:50:2,,2359,[1169],1,0,0,0
50,3,204.7843137254902,202.83333333333337,new,new,6.25,-2.74957997329254,3,5.321957297094694,5.312384623759472,provo,204.7843137254902,5.321957297094694,provo:50:3,8.727477073669434,2360,[649],1,1,1,1
50,4,206.51470588235293,240.0595238095238,world,world,5.89,-3.1101382227760315,5,5.330371624792074,5.4808869084641545,provo,206.51470588235293,5.330371624792074,provo:50:4,6.875387668609619,2361,[995],1,2,2,2
50,5,212.18867924528303,165.78571428571428,was,was,6.82,-2.1797985339440955,3,5.357475875300025,5.1106960766591785,provo,212.18867924528303,5.357475875300025,provo:50:5,6.654484272003174,2362,[373],1,3,3,3
50,6,202.16666666666663,218.1309523809524,first,first,6.11,-2.8894102560345134,5,5.309092439715995,5.385095581436861,provo,202.16666666666663,5.309092439715995,provo:50:6,9.05357551574707,2363,[717],1,4,4,4
50,7,196.0,264.5238095238095,discovered,discovered,4.74,-4.259636520880143,10,5.278114659230517,5.577931264350307,provo,196.0,5.278114659230517,provo:50:7,5.944349765777588,2364,[5071],1,5,5,5
50,8,229.83333333333337,89.64285714285714,it,it,6.95,-2.0501222910888885,2,5.4373544085652465,4.495833521950626,provo,229.83333333333337,5.4373544085652465,provo:50:8,12.026200294494629,2365,[340],1,6,6,6
50,9,207.8421052631579,178.52380952380952,was,was,6.82,-2.1797985339440955,3,5.336778682120209,5.184721979012489,provo,207.8421052631579,5.336778682120209,provo:50:9,1.4926129579544067,2366,[373],1,7,7,7
50,10,212.52238805970148,228.6904761904762,found,found,5.68,-3.3196643959185397,5,5.359047338390028,5.432369456919289,provo,212.52238805970148,5.359047338390028,provo:50:10,7.919674396514893,2367,[1043],1,8,8,8
50,11,199.5483870967742,86.61904761904762,to,to,7.43,-1.5702477183831145,2,5.296056748759868,4.461519740794699,provo,199.5483870967742,5.296056748759868,provo:50:11,5.055741786956787,2368,[284],1,9,9,9
50,12,198.4255319148936,128.26190476190476,"be,",be,6.79,-2.20971482892795,2,5.290413875658207,4.854074304397165,provo,198.4255319148936,5.290413875658207,provo:50:12,8.566972732543945,2369,"[307, 11]",2,10,11,11
50,13,203.40384615384616,169.61904761904762,like,like,6.41,-2.590066859770088,4,5.315193392746625,5.133555026126184,provo,203.40384615384616,5.315193392746625,provo:50:13,6.18534517288208,2370,[588],1,12,12,12
50,14,203.1176470588235,135.76190476190476,the,the,7.73,-1.2700257134917023,3,5.313785353333777,4.910902651189249,provo,203.1176470588235,5.313785353333777,provo:50:14,2.33713960647583,2371,[262],1,13,13,13
50,15,189.7037037037037,140.0595238095238,"old,",old,5.75,-3.2502636071543476,3,5.245463400755141,4.9420675023181495,provo,189.7037037037037,5.245463400755141,provo:50:15,9.470338821411133,2372,"[1468, 11]",2,14,15,15
50,16,221.22413793103448,202.75,well,well,6.03,-2.970616181726523,4,5.399176386348599,5.311973692995522,provo,221.22413793103448,5.399176386348599,provo:50:16,9.199987411499023,2373,[880],1,16,16,16
50,17,206.15277777777777,288.8333333333333,stocked,stocked,3.44,-5.560651513930253,7,5.32861753360871,5.665849820487551,provo,206.15277777777777,5.32861753360871,provo:50:17,10.273642539978027,2374,[42070],1,17,17,17
50,18,215.29545454545453,133.76190476190476,with,with,6.85,-2.149966736176128,4,5.372011291957273,4.8960613893808205,provo,215.29545454545453,5.372011291957273,provo:50:18,2.841259241104126,2375,[351],1,18,18,18
50,19,180.8870967741935,177.3452380952381,plants,plants,4.71,-4.289881788311072,6,5.197873061909217,5.1780983305362795,provo,180.8870967741935,5.197873061909217,provo:50:19,7.181334972381592,2376,[6134],1,19,19,19
50,20,191.0,76.4047619047619,and,and,7.41,-1.5900668749788436,3,5.25227342804663,4.336045022826489,provo,191.0,5.25227342804663,provo:50:20,1.527423620223999,2377,[290],1,20,20,20
50,21,191.97368421052633,276.1547619047619,"animals,",animals,4.84,-4.159893277950514,7,5.2573583012305,5.620961440104956,provo,191.97368421052633,5.2573583012305,provo:50:21,3.309784412384033,2378,"[4695, 11]",2,21,22,22
50,22,203.71428571428572,85.96428571428571,and,and,7.41,-1.5900668749788436,3,5.316718451918928,4.453931927607868,provo,203.71428571428572,5.316718451918928,provo:50:22,3.3516509532928467,2379,[290],1,23,23,23
50,23,244.43589743589743,360.82142857142856,inhabited,inhabited,3.52,-5.480158885743263,9,5.498953096363931,5.888383178252528,provo,244.43589743589743,5.498953096363931,provo:50:23,8.248834609985352,2380,[30671],1,24,24,24
50,24,215.52,67.04761904761905,by,by,6.66,-2.340083790426988,2,5.373053712662054,4.205403098994565,provo,215.52,5.373053712662054,provo:50:24,0.7715249061584473,2381,[416],1,25,25,25
50,25,214.54545454545453,84.28571428571429,a,a,7.36,-1.6401645157636295,1,5.368521625221285,4.434212387844452,provo,214.54545454545453,5.368521625221285,provo:50:25,3.649017572402954,2382,[257],1,26,26,26
50,26,208.8153846153846,220.03571428571428,great,great,5.88,-3.119758166885224,5,5.341450534402328,5.393789870839367,provo,208.8153846153846,5.341450534402328,provo:50:26,4.205964088439941,2383,[1049],1,27,27,27
50,27,209.98076923076923,152.01190476190476,many,many,5.91,-3.0899094009871795,4,5.347015951432639,5.023958838581367,provo,209.98076923076923,5.347015951432639,provo:50:27,1.4878607988357544,2384,[867],1,28,28,28
50,28,218.09459459459455,231.16666666666663,tribes,tribes,4.03,-4.970612163506823,6,5.384928888831652,5.443138951086777,provo,218.09459459459455,5.384928888831652,provo:50:28,6.3888163566589355,2385,[15663],1,29,29,29
50,29,192.0,34.75,and,and,7.41,-1.5900668749788436,3,5.2574953720277815,3.548179572010801,provo,192.0,5.2574953720277815,provo:50:29,3.091597318649292,2386,[290],1,30,30,30
50,30,232.97260273972603,260.7857142857143,nations,nations,4.8,-4.199969952492573,7,5.450920861844022,5.563699052040378,provo,232.97260273972603,5.450920861844022,provo:50:30,3.717313528060913,2387,[7027],1,31,31,31
50,31,172.94444444444446,37.05952380952381,of,of,7.4,-1.600326276788705,2,5.152970412545444,3.6125253715982946,provo,172.94444444444446,5.152970412545444,provo:50:31,3.904127836227417,2388,[286],1,32,32,32
50,32,204.01612903225808,163.3095238095238,men;,men,5.51,-3.4894548557519016,3,5.3181990546024505,5.095647319215953,provo,204.01612903225808,5.3181990546024505,provo:50:32,7.192255020141602,2389,"[1450, 26]",2,33,34,34
50,33,177.17857142857142,63.26190476190476,and,and,7.41,-1.5900668749788436,3,5.177158102125845,4.147283327476445,provo,177.17857142857142,5.177158102125845,provo:50:33,1.5762403011322021,2390,[290],1,35,35,35
50,34,215.46153846153845,159.41666666666666,yet,yet,5.54,-3.459670400052233,3,5.372782417798572,5.071521319652253,provo,215.46153846153845,5.372782417798572,provo:50:34,5.433036804199219,2391,[1865],1,36,36,36
50,35,223.54761904761904,125.58333333333331,the,the,7.73,-1.2700257134917023,3,5.409624451975179,4.832969548838495,provo,223.54761904761904,5.409624451975179,provo:50:35,3.3624022006988525,2392,[262],1,37,37,37
50,36,192.2253521126761,214.96428571428572,plants,plants,4.71,-4.289881788311072,6,5.258668392690145,5.370471901372567,provo,192.2253521126761,5.258668392690145,provo:50:36,8.84181022644043,2393,[6134],1,38,38,38
50,37,161.609756097561,90.57142857142856,and,and,7.41,-1.5900668749788436,3,5.085184516155533,4.506138805381912,provo,161.609756097561,5.085184516155533,provo:50:37,2.239755153656006,2394,[290],1,39,39,39
50,38,195.4675324675325,247.71428571428572,"animals,",animals,4.84,-4.159893277950514,7,5.275394291298679,5.512276008285174,provo,195.4675324675325,5.275394291298679,provo:50:38,3.730013132095337,2395,"[4695, 11]",2,40,41,41
50,39,189.72093023255815,132.14285714285714,if,if,6.47,-2.5301779692999906,2,5.245554204183941,4.8838835884571115,provo,189.72093023255815,5.245554204183941,provo:50:39,7.097166061401367,2396,[611],1,42,42,42
50,40,206.66129032258064,226.3928571428571,not,not,6.69,-2.3098039111083337,3,5.331081174464485,5.422271796108962,provo,206.66129032258064,5.331081174464485,provo:50:40,4.396972179412842,2397,[407],1,43,43,43
50,41,226.86274509803923,159.36904761904762,the,the,7.73,-1.2700257134917023,3,5.424345187463397,5.071222566942584,provo,226.86274509803923,5.424345187463397,provo:50:41,3.8220860958099365,2398,[262],1,44,44,44
50,42,184.65116279069767,107.76190476190476,"men,",men,5.51,-3.4894548557519016,3,5.218468438547619,4.679924207910115,provo,184.65116279069767,5.218468438547619,provo:50:42,4.9946465492248535,2399,"[1450, 11]",2,45,46,46
50,43,205.0909090909091,155.95238095238096,were,were,6.34,-2.6595558653290836,4,5.323453339819579,5.04955071034593,provo,205.0909090909091,5.323453339819579,provo:50:43,1.7953250408172607,2400,[547],1,47,47,47
50,44,214.57692307692307,138.1547619047619,all,all,6.52,-2.4801719931036024,3,5.368668289824046,4.928374519865224,provo,214.57692307692307,5.368668289824046,provo:50:44,6.334473133087158,2401,[477],1,48,48,48
50,45,209.2467532467533,274.64285714285717,essentially,essentially,4.42,-4.580042600203565,11,5.34351419310466,5.615471552324486,provo,209.2467532467533,5.34351419310466,provo:50:45,12.184510231018066,2402,[6986],1,49,49,49
50,46,234.52631578947367,250.83333333333337,different,different,5.59,-3.4100502870304807,9,5.457567802440679,5.524788707954921,provo,234.52631578947367,5.457567802440679,provo:50:46,4.962264060974121,2403,[1180],1,50,50,50
50,47,182.9393939393939,75.95238095238095,from,from,6.63,-2.369572114804145,4,5.209154917329946,4.330106577495522,provo,182.9393939393939,5.209154917329946,provo:50:47,1.335047960281372,2404,[422],1,51,51,51
50,48,209.60294117647055,207.95238095238096,those,those,5.9,-3.100179442875869,5,5.3452149846789245,5.337309115762138,provo,209.60294117647055,5.3452149846789245,provo:50:48,4.004047870635986,2405,[883],1,52,52,52
50,49,199.9298245614035,178.9404761904762,known,known,5.39,-3.61083373837245,5,5.2979664277832486,5.187053215289913,provo,199.9298245614035,5.2979664277832486,provo:50:49,8.731431007385254,2406,[1900],1,53,53,53
50,50,231.11111111111111,81.61904761904762,in,in,7.27,-1.730487053447167,2,5.442898595359145,4.402062661434302,provo,231.11111111111111,5.442898595359145,provo:50:50,2.6775693893432617,2407,[287],1,54,54,54
50,51,230.25641025641025,139.71428571428572,the,the,7.73,-1.2700257134917023,3,5.439193515166599,4.939599520979504,provo,230.25641025641025,5.439193515166599,provo:50:51,1.0141592025756836,2408,[262],1,55,55,55
50,52,221.4878048780488,149.73809523809524,old,old,5.75,-3.2502636071543476,3,5.400367530985521,5.008887736260135,provo,221.4878048780488,5.400367530985521,provo:50:52,2.655977964401245,2409,[1468],1,56,56,56
50,53,266.3061224489796,264.8690476190476,world.,world,5.89,-3.1101382227760315,5,5.58464648335162,5.579235543920844,provo,266.3061224489796,5.58464648335162,provo:50:53,1.7330669164657593,2410,"[995, 13]",2,57,58,58
51,2,219.8815789473684,324.4761904761905,industry,industry,5.19,-3.80966802163981,8,5.3930891239170515,5.7822121604974885,provo,219.8815789473684,5.3930891239170515,provo:51:2,,2411,"[23213, 563]",2,0,1,1
51,3,224.07142857142856,194.07142857142856,may,may,5.98,-3.019996582940394,3,5.41196487857542,5.268226279811089,provo,224.07142857142856,5.41196487857542,provo:51:3,10.527063369750977,2412,[743],1,2,2,2
51,4,193.0754716981132,154.6904761904762,not,not,6.69,-2.3098039111083337,3,5.263081157534634,5.041426192597163,provo,193.0754716981132,5.263081157534634,provo:51:4,3.345811128616333,2413,[407],1,3,3,3
51,5,209.1034482758621,182.23809523809524,know,know,6.1,-2.8996294204146222,4,5.342829097335733,5.205314047702279,provo,209.1034482758621,5.342829097335733,provo:51:5,4.673645973205566,2414,[760],1,4,4,4
51,6,175.0,94.0952380952381,"it,",it,6.95,-2.0501222910888885,2,5.1647859739235145,4.54430744058439,provo,175.0,5.1647859739235145,provo:51:6,5.962050437927246,2415,"[340, 11]",2,5,6,6
51,7,180.1,139.8452380952381,but,but,6.63,-2.369572114804145,3,5.19351225218191,4.940536368980572,provo,180.1,5.19351225218191,provo:51:7,0.7113639712333679,2416,[475],1,7,7,7
51,8,227.36,350.9642857142857,debate,debate,4.64,-4.359517569221832,6,5.42653466434879,5.860684468187223,provo,227.36,5.42653466434879,provo:51:8,16.831829071044922,2417,[4384],1,8,8,8
51,9,193.03333333333333,89.5952380952381,in,in,7.27,-1.730487053447167,2,5.262862885563634,4.495302172310069,provo,193.03333333333333,5.262862885563634,provo:51:9,5.098735809326172,2418,[287],1,9,9,9
51,10,207.55714285714285,248.08333333333337,Congress,congress,4.9,-4.100178950602868,8,5.33540668902198,5.513764711227776,provo,207.55714285714285,5.33540668902198,provo:51:10,3.320009469985962,2419,[3162],1,10,10,10
51,11,228.4754098360656,190.1428571428571,over,over,6.08,-2.9208187177611697,4,5.431428588946198,5.2477756693397986,provo,228.4754098360656,5.431428588946198,provo:51:11,2.4373440742492676,2420,[625],1,11,11,11
51,12,236.66666666666663,364.6071428571428,reforming,reforming,3.26,-5.739904750336289,9,5.466652681367251,5.898820452993811,provo,236.66666666666663,5.466652681367251,provo:51:12,10.052589416503906,2421,[40446],1,12,12,12
51,13,195.58333333333337,61.75,the,the,7.73,-1.2700257134917023,3,5.275986546063023,4.123093975508087,provo,195.58333333333337,5.275986546063023,provo:51:13,1.1376700401306152,2422,[262],1,13,13,13
51,14,238.82894736842104,284.3095238095238,federal,federal,5.13,-3.8696659098054966,7,5.475747594307647,5.650063517250016,provo,238.82894736842104,5.475747594307647,provo:51:14,4.2301459312438965,2423,[2717],1,14,14,14
51,15,185.97333333333333,219.8095238095238,government's,government's,3.98,-5.019992080853865,12,5.225603294259232,5.3927613704645125,provo,185.97333333333333,5.225603294259232,provo:51:15,5.465943336486816,2424,"[1230, 338]",2,15,16,16
51,16,225.1875,377.2261904761905,regulatory,regulatory,4.23,-4.769548523955817,10,5.416933388508312,5.932844982273032,provo,225.1875,5.416933388508312,provo:51:16,6.402587413787842,2425,[11344],1,17,17,17
51,17,227.2962962962963,403.9404761904762,apparatus,apparatus,3.78,-5.219675485689354,9,5.426254436384768,6.001267530943924,provo,227.2962962962963,5.426254436384768,provo:51:17,5.380399703979492,2426,[21152],1,18,18,18
51,18,207.5897435897436,110.16666666666669,may,may,5.98,-3.019996582940394,3,5.3355637453976,4.701994370623631,provo,207.5897435897436,5.3355637453976,provo:51:18,4.554544925689697,2427,[743],1,19,19,19
51,19,236.15384615384616,389.1666666666667,profoundly,profoundly,3.51,-5.489441585849562,10,5.464483483119706,5.964007700874943,provo,236.15384615384616,5.464483483119706,provo:51:19,14.476326942443848,2428,[27377],1,20,20,20
51,20,241.38666666666663,314.3452380952381,improve,improve,4.79,-4.209714132086483,7,5.486400073777062,5.75049186629772,provo,241.38666666666663,5.486400073777062,provo:51:20,8.937222480773926,2429,[2987],1,21,21,21
51,21,239.78048780487805,370.75,companies',companies',5.18,-3.821022765094686,10,5.479723870662617,5.915527981018042,provo,239.78048780487805,5.479723870662617,provo:51:21,12.15485668182373,2430,"[2706, 6]",2,22,23,23
51,22,214.41333333333333,252.82142857142856,ability,ability,4.96,-4.0400046854717555,7,5.367905616317715,5.532683423598986,provo,214.41333333333333,5.367905616317715,provo:51:22,1.8825432062149048,2431,[2694],1,24,24,24
51,23,190.1875,39.32142857142857,to,to,7.43,-1.5702477183831145,2,5.2480104276571895,3.671769626547476,provo,190.1875,5.2480104276571895,provo:51:23,0.02306971326470375,2432,[284],1,25,25,25
51,24,223.23529411764707,250.5595238095238,survive.,survive,4.52,-4.480170694158342,7,5.408226345773515,5.523696512295858,provo,223.23529411764707,5.408226345773515,provo:51:24,8.005146026611328,2433,"[7866, 13]",2,26,27,27
51,25,189.82926829268297,105.63095238095238,This,this,6.82,-2.1797985339440955,4,5.24612508025508,4.659951437992024,provo,189.82926829268297,5.24612508025508,provo:51:25,6.8892645835876465,2434,[770],1,28,28,28
51,26,216.68115942028984,239.6904761904762,week,week,5.56,-3.440093255323551,4,5.378426961616668,5.479348408446055,provo,216.68115942028984,5.378426961616668,provo:51:26,5.2522501945495605,2435,[1285],1,29,29,29
51,27,204.91666666666663,127.07142857142856,the,the,7.73,-1.2700257134917023,3,5.322603392428192,4.844749358050577,provo,204.91666666666663,5.322603392428192,provo:51:27,4.748706817626953,2436,[262],1,30,30,30
51,28,188.5873015873016,178.36904761904762,Senate,senate,4.8,-4.199969952492573,6,5.239561038066754,5.18385470519983,provo,188.5873015873016,5.239561038066754,provo:51:28,2.8575150966644287,2437,[3845],1,31,31,31
51,29,245.82258064516128,240.47619047619048,seems,seems,5.24,-3.759450502122942,5,5.504610058840758,5.482621084545983,provo,245.82258064516128,5.504610058840758,provo:51:29,12.046841621398926,2438,[2331],1,32,32,32
51,30,182.19277108433735,426.3809523809524,poised,poised,3.43,-5.570231575521395,6,5.205065308321617,6.055333201077488,provo,182.19277108433735,5.205065308321617,provo:51:30,1.187859058380127,2439,[24357],1,33,33,33
51,31,209.70967741935485,88.64285714285714,to,to,7.43,-1.5702477183831145,2,5.345724085719323,4.484615455589348,provo,209.70967741935485,5.345724085719323,provo:51:31,0.03110498934984207,2440,[284],1,34,34,34
51,32,233.26865671641792,234.58333333333337,join,join,5.0,-3.999999565705735,4,5.452190822451228,5.45781089078579,provo,233.26865671641792,5.452190822451228,provo:51:32,8.30980396270752,2441,[4654],1,35,35,35
51,33,213.97142857142856,93.95238095238096,the,the,7.73,-1.2700257134917023,3,5.365842494759954,4.542788068299192,provo,213.97142857142856,5.365842494759954,provo:51:33,1.2921700477600098,2442,[262],1,36,36,36
51,34,207.768115942029,183.5952380952381,House,house,5.71,-3.289882550230398,5,5.336422630617452,5.212733541549593,provo,207.768115942029,5.336422630617452,provo:51:34,8.233654975891113,2443,[2097],1,37,37,37
51,35,195.08,64.8452380952381,in,in,7.27,-1.730487053447167,2,5.273409730841852,4.172003478540361,provo,195.08,5.273409730841852,provo:51:35,0.9207473993301392,2444,[287],1,38,38,38
51,36,211.04,68.91666666666667,a,a,7.36,-1.6401645157636295,1,5.352047688969004,4.232898045235691,provo,211.04,5.352047688969004,provo:51:36,3.1047797203063965,2445,[257],1,39,39,39
51,37,214.33333333333337,259.6190476190476,massive,massive,4.72,-4.279839869367247,7,5.36753243556951,5.559215355093,provo,214.33333333333337,5.36753243556951,provo:51:37,7.9508466720581055,2446,[4858],1,40,40,40
51,38,224.14666666666668,277.39285714285717,overhaul,overhaul,3.59,-5.410039234435223,8,5.412300599496748,5.6254347582444435,provo,224.14666666666668,5.412300599496748,provo:51:38,5.1139445304870605,2447,[18708],1,41,41,41
51,39,195.27777777777777,55.107142857142854,of,of,7.4,-1.600326276788705,2,5.2744230463486,4.0092793421879565,provo,195.27777777777777,5.2744230463486,provo:51:39,0.2328009009361267,2448,[286],1,42,42,42
51,40,231.0,124.25,the,the,7.73,-1.2700257134917023,3,5.442417710521793,4.822295664976738,provo,231.0,5.442417710521793,provo:51:40,0.4944590926170349,2449,[262],1,43,43,43
51,41,235.95555555555555,135.28571428571428,way,way,6.01,-2.991399785660194,3,5.463643463373297,4.907388944130765,provo,235.95555555555555,5.463643463373297,provo:51:41,6.820025444030762,2450,[835],1,44,44,44
51,42,201.95652173913044,59.523809523809526,in,in,7.27,-1.730487053447167,2,5.308052435318789,4.086376392572924,provo,201.95652173913044,5.308052435318789,provo:51:42,5.0053606033325195,2451,[287],1,45,45,45
51,43,210.03636363636363,169.36904761904762,which,which,6.3,-2.6989699826212954,5,5.347280675900136,5.132080047807853,provo,210.03636363636363,5.347280675900136,provo:51:43,0.021336860954761505,2452,[543],1,46,46,46
51,44,244.0958904109589,373.5,bureaucrats,bureaucrats,3.18,-5.82099429243518,11,5.497561141579023,5.922918004572872,provo,244.0958904109589,5.497561141579023,provo:51:44,10.31519889831543,2453,[34025],1,47,47,47
51,45,191.37313432835825,183.6904761904762,enact,enact,3.43,-5.570231575521395,5,5.2542251051562365,5.213252146513893,provo,191.37313432835825,5.2542251051562365,provo:51:45,11.271807670593262,2454,[10865],1,48,48,48
51,46,222.22222222222223,400.42857142857144,regulations,regulations,4.5,-4.500311543034145,11,5.403677882205863,5.992535402109475,provo,222.22222222222223,5.403677882205863,provo:51:46,1.9252039194107056,2455,[6647],1,49,49,49
51,47,199.58695652173913,136.4047619047619,that,that,7.01,-1.9913998239802937,4,5.296250013654605,4.91562665612521,provo,199.58695652173913,5.296250013654605,provo:51:47,4.829866409301758,2456,[326],1,50,50,50
51,48,212.0754716981132,158.0,are,are,6.74,-2.259637302609493,3,5.356942209895561,5.062595033026967,provo,212.0754716981132,5.356942209895561,provo:51:48,3.6910204887390137,2457,[389],1,51,51,51
51,49,226.51898734177217,376.7261904761905,strangling,strangling,2.86,-6.140201452519435,10,5.422828770733105,5.931518638366092,provo,226.51898734177217,5.422828770733105,provo:51:49,15.393302917480469,2458,"[965, 27499]",2,52,53,53
51,50,211.76315789473685,119.32142857142856,the,the,7.73,-1.2700257134917023,3,5.355468470419747,4.781820932181553,provo,211.76315789473685,5.355468470419747,provo:51:50,2.0095481872558594,2459,[262],1,54,54,54
51,51,233.8235294117647,265.54761904761904,life,life,5.89,-3.1101382227760315,4,5.454566683032216,5.581794180711168,provo,233.8235294117647,5.454566683032216,provo:51:51,10.589177131652832,2460,[1204],1,55,55,55
51,52,222.0909090909091,144.54761904761904,out,out,6.38,-2.619788740192791,3,5.40308679845937,4.973608996847066,provo,222.0909090909091,5.40308679845937,provo:51:52,3.961341142654419,2461,[503],1,56,56,56
51,53,219.41666666666663,119.39285714285714,of,of,7.4,-1.600326276788705,2,5.390972509708309,4.782419376244895,provo,219.41666666666663,5.390972509708309,provo:51:53,0.018648961558938026,2462,[286],1,57,57,57
51,54,245.45333333333335,427.7738095238095,companies,companies,5.18,-3.821022765094686,9,5.5031068409102515,6.058594573464736,provo,245.45333333333335,5.5031068409102515,provo:51:54,6.0765886306762695,2463,[2706],1,58,58,58
52,2,210.11111111111111,134.67857142857142,is,is,7.07,-1.9318141345419195,2,5.3476364913222385,4.902890987083153,provo,210.11111111111111,5.3476364913222385,provo:52:2,,2464,[271],1,0,0,0
52,3,200.775,110.76190476190476,a,a,7.36,-1.6401645157636295,1,5.3021848780745255,4.707382895355186,provo,200.775,5.3021848780745255,provo:52:3,6.295958995819092,2465,[257],1,1,1,1
52,4,210.13333333333333,189.29761904761904,risk,risk,5.05,-3.950781589567061,4,5.34774224987556,5.243320480469083,provo,210.13333333333333,5.34774224987556,provo:52:4,10.579207420349121,2466,[2526],1,2,2,2
52,5,188.7391304347826,197.20238095238096,factor,factor,4.67,-4.329753218947205,6,5.240365799370444,5.284230515890683,provo,188.7391304347826,5.240365799370444,provo:52:5,2.795118570327759,2467,[5766],1,3,3,3
52,6,179.47058823529412,116.8095238095238,for,for,7.01,-1.9913998239802937,3,5.190011340660454,4.760544606535066,provo,179.47058823529412,5.190011340660454,provo:52:6,0.3156723976135254,2468,[329],1,4,4,4
52,7,212.6140350877193,172.45238095238096,both,both,5.79,-3.2097147655786795,4,5.359478480133937,5.150121145911958,provo,212.6140350877193,5.359478480133937,provo:52:7,7.372027397155762,2469,[1111],1,5,5,5
52,8,197.1428571428571,272.64285714285717,depression,depression,4.56,-4.440092178562004,10,5.283928629095937,5.608162723129971,provo,197.1428571428571,5.283928629095937,provo:52:8,5.324841499328613,2470,[8862],1,6,6,6
52,9,181.53846153846155,29.833333333333332,and,and,7.41,-1.5900668749788436,3,5.201467540558119,3.3956263366127,provo,181.53846153846155,5.201467540558119,provo:52:9,0.09481673687696457,2471,[290],1,7,7,7
52,10,211.9090909090909,241.20238095238096,"anxiety,",anxiety,4.45,-4.549749351632015,7,5.356157366237387,5.4856363360828375,provo,211.9090909090909,5.356157366237387,provo:52:10,6.574955940246582,2472,"[9751, 11]",2,8,9,9
52,11,206.9090909090909,78.51190476190476,he,he,6.69,-2.3098039111083337,2,5.332279522447851,4.363250266308102,provo,206.9090909090909,5.332279522447851,provo:52:11,6.5786309242248535,2473,[339],1,10,10,10
52,12,210.13636363636363,229.22619047619048,says.,says,5.49,-3.510041380026812,4,5.347756670629909,5.434709247405696,provo,210.13636363636363,5.347756670629909,provo:52:12,2.7194089889526367,2474,"[1139, 13]",2,11,12,12
52,13,203.5,76.28571428571429,"""We",we,6.54,-2.4596705126934353,2,5.31566600488265,4.334485689904882,provo,203.5,5.31566600488265,provo:52:13,6.289291858673096,2475,"[366, 1135]",2,13,14,14
52,14,220.52702702702703,245.82142857142856,don't,don't,6.2,-2.8013428855585856,5,5.3960202589267645,5.5046053722231605,provo,220.52702702702703,5.3960202589267645,provo:52:14,4.390806674957275,2476,"[836, 470]",2,15,16,16
52,15,190.7872340425532,138.29761904761904,have,have,6.71,-2.2898826264224046,4,5.251158849241989,4.929408022670161,provo,190.7872340425532,5.251158849241989,provo:52:15,3.5544748306274414,2477,[423],1,17,17,17
52,16,203.54794520547944,240.16666666666663,data,data,5.34,-3.659555686851944,4,5.3159015801079565,5.481333126771467,provo,203.54794520547944,5.3159015801079565,provo:52:16,6.080957889556885,2478,[1366],1,18,18,18
52,17,174.56521739130434,110.29761904761904,on,on,6.91,-2.089909449064056,2,5.162298410451712,4.703182339876147,provo,174.56521739130434,5.162298410451712,provo:52:17,1.629312515258789,2479,[319],1,19,19,19
52,18,182.47619047619048,110.29761904761904,the,the,7.73,-1.2700257134917023,3,5.2066197013673285,4.703182339876147,provo,182.47619047619048,5.2066197013673285,provo:52:18,2.5363364219665527,2480,[262],1,20,20,20
52,19,198.4025974025974,300.3333333333333,specific,specific,5.03,-3.9706158164322862,8,5.290298286512039,5.704892968940229,provo,198.4025974025974,5.290298286512039,provo:52:19,6.430644512176514,2481,[2176],1,21,21,21
52,20,179.96103896103895,264.04761904761904,causes,causes,4.63,-4.369571107893071,6,5.192740377245031,5.576129462061044,provo,179.96103896103895,5.192740377245031,provo:52:20,5.208799839019775,2482,[5640],1,22,22,22
52,21,185.96,61.5,of,of,7.4,-1.600326276788705,2,5.225531596822384,4.119037174812473,provo,185.96,5.225531596822384,provo:52:21,0.614072859287262,2483,[286],1,23,23,23
52,22,220.5897435897436,256.9404761904762,depression,depression,4.56,-4.440092178562004,10,5.396304612491702,5.5488444479156565,provo,220.5897435897436,5.396304612491702,provo:52:22,1.3678826093673706,2484,[8862],1,24,24,24
52,23,185.0952380952381,53.51190476190476,and,and,7.41,-1.5900668749788436,3,5.220870493128801,3.979904148062407,provo,185.0952380952381,5.220870493128801,provo:52:23,2.563241481781006,2485,[290],1,25,25,25
52,24,222.96,212.0,anxiety,anxiety,4.45,-4.549749351632015,7,5.406992383173693,5.356586274672012,provo,222.96,5.406992383173693,provo:52:24,0.24319781363010406,2486,[9751],1,26,26,26
52,25,203.86363636363637,59.75,in,in,7.27,-1.730487053447167,2,5.31745132113458,4.09016919081162,provo,203.86363636363637,5.31745132113458,provo:52:25,3.5837512016296387,2487,[287],1,27,27,27
52,26,202.29090909090908,166.47619047619048,this,this,6.82,-2.1797985339440955,4,5.309706805402768,5.114852299052004,provo,202.29090909090908,5.309706805402768,provo:52:26,4.660396575927734,2488,[428],1,28,28,28
52,27,193.32758620689657,173.5952380952381,"sample,",sample,4.53,-4.469799020694141,6,5.2643860879144615,5.156726371523062,provo,193.32758620689657,5.2643860879144615,provo:52:27,6.742068290710449,2489,"[6291, 11]",2,29,30,30
52,28,200.24242424242425,89.98809523809524,but,but,6.63,-2.369572114804145,3,5.299528753734334,4.499677386448863,provo,200.24242424242425,5.299528753734334,provo:52:28,0.37320393323898315,2490,[475],1,31,31,31
52,29,210.81578947368425,102.71428571428572,it,it,6.95,-2.0501222910888885,2,5.350984716488731,4.6319512086657335,provo,210.81578947368425,5.350984716488731,provo:52:29,2.4417784214019775,2491,[340],1,32,32,32
52,30,191.1551724137931,147.23809523809524,does,does,5.74,-3.25963723154313,4,5.253085519225932,4.99205097198389,provo,191.1551724137931,5.253085519225932,provo:52:30,4.158196926116943,2492,[857],1,33,33,33
52,31,211.53061224489795,152.36904761904762,make,make,6.08,-2.9208187177611697,4,5.354369726759253,5.0263055230124785,provo,211.53061224489795,5.354369726759253,provo:52:31,5.866415500640869,2493,[787],1,34,34,34
52,32,217.6031746031746,252.76190476190476,sense,sense,5.19,-3.80966802163981,5,5.382673104044367,5.532447957728675,provo,217.6031746031746,5.382673104044367,provo:52:32,1.1277903318405151,2494,[2565],1,35,35,35
52,33,216.86486486486487,360.1666666666667,scientifically,scientifically,3.45,-5.549735491440148,14,5.379274416997547,5.886566887278831,provo,216.86486486486487,5.379274416997547,provo:52:33,15.859142303466797,2495,[32627],1,36,36,36
52,34,220.6153846153846,186.25,that,that,7.01,-1.9913998239802937,4,5.396420844257975,5.227089857259669,provo,220.6153846153846,5.396420844257975,provo:52:34,1.0435618162155151,2496,[326],1,37,37,37
52,35,192.37254901960785,142.4404761904762,the,the,7.73,-1.2700257134917023,3,5.259433851439065,4.95892420149916,provo,192.37254901960785,5.259433851439065,provo:52:35,3.646045207977295,2497,[262],1,38,38,38
52,36,185.58536585365857,469.6666666666667,Millennials,millennials,3.51,-5.489441585849562,11,5.223514969472215,6.152023223230571,provo,185.58536585365857,5.223514969472215,provo:52:36,21.7528076171875,2498,[42828],1,39,39,39
52,37,207.29545454545453,160.63095238095238,who,who,6.34,-2.6595558653290836,3,5.334145092261897,5.079109512587474,provo,207.29545454545453,5.334145092261897,provo:52:37,4.027012825012207,2499,[508],1,40,40,40
52,38,239.05333333333337,325.23809523809524,report,report,5.32,-3.6798535060925928,6,5.476686679059116,5.784557514841413,provo,239.05333333333337,5.476686679059116,provo:52:38,9.109591484069824,2500,[989],1,41,41,41
52,39,203.5211267605634,241.5595238095238,higher,higher,5.18,-3.821022765094686,6,5.315769816499263,5.487115918124311,provo,203.5211267605634,5.315769816499263,provo:52:39,5.210869312286377,2501,[2440],1,42,42,42
52,40,191.6153846153846,186.27380952380952,levels,levels,4.97,-4.03011789077199,6,5.255490157800644,5.2272176854587435,provo,191.6153846153846,5.255490157800644,provo:52:40,0.72841876745224,2502,[2974],1,43,43,43
52,41,155.75,40.69047619047619,of,of,7.4,-1.600326276788705,2,5.048252157667562,3.7059940648322223,provo,155.75,5.048252157667562,provo:52:41,0.025137366726994514,2503,[286],1,44,44,44
52,42,213.6769230769231,199.6547619047619,stress,stress,4.73,-4.270024905559145,6,5.364465169020582,5.296589684488314,provo,213.6769230769231,5.364465169020582,provo:52:42,3.897998571395874,2504,[5503],1,45,45,45
52,43,205.70833333333337,60.75,in,in,7.27,-1.730487053447167,2,5.326459307910917,4.1067670822206574,provo,205.70833333333337,5.326459307910917,provo:52:43,3.969153881072998,2505,[287],1,46,46,46
52,44,210.80392156862743,152.16666666666666,their,their,6.33,-2.669586206356675,5,5.350928419760902,5.0249764113669135,provo,210.80392156862743,5.350928419760902,provo:52:44,1.4611512422561646,2506,[511],1,47,47,47
52,45,191.80851063829783,123.33333333333331,lives,lives,5.14,-3.860120598892731,5,5.256497533927359,4.814890716970161,provo,191.80851063829783,5.256497533927359,provo:52:45,1.1368930339813232,2507,[3160],1,48,48,48
52,46,184.16,58.86904761904762,are,are,6.74,-2.259637302609493,3,5.215804944973573,4.075315445213499,provo,184.16,5.215804944973573,provo:52:46,1.5316381454467773,2508,[389],1,49,49,49
52,47,207.91304347826087,132.8452380952381,also,also,6.19,-2.8096682738107104,4,5.33711993208912,4.889184827342388,provo,207.91304347826087,5.33711993208912,provo:52:47,4.944025039672852,2509,[635],1,50,50,50
52,48,199.28378378378375,243.73809523809524,reporting,reporting,4.54,-4.4596692736418175,9,5.294729858046771,5.496094268636402,provo,199.28378378378375,5.294729858046771,provo:52:48,9.753437042236328,2510,[6447],1,51,51,51
52,49,157.4516129032258,123.78571428571428,higher,higher,5.18,-3.821022765094686,6,5.059118191402002,4.818551960100348,provo,157.4516129032258,5.059118191402002,provo:52:49,1.6395270824432373,2511,[2440],1,52,52,52
52,50,211.74666666666667,236.33333333333337,levels,levels,4.97,-4.03011789077199,6,5.355390591574336,5.4652432378640174,provo,211.74666666666667,5.355390591574336,provo:52:50,0.2113947719335556,2512,[2974],1,53,53,53
52,51,177.75862068965515,65.88095238095238,of,of,7.4,-1.600326276788705,2,5.180426566464586,4.187849361503558,provo,177.75862068965515,5.180426566464586,provo:52:51,0.013769908808171749,2513,[286],1,54,54,54
52,52,158.79012345679013,340.8809523809524,depression,depression,4.56,-4.440092178562004,10,5.067583352022369,5.831533303076959,provo,158.79012345679013,5.067583352022369,provo:52:52,1.8491036891937256,2514,[8862],1,55,55,55
52,53,235.04166666666663,74.63095238095238,and,and,7.41,-1.5900668749788436,3,5.459762803392031,4.312555332430655,provo,235.04166666666663,5.459762803392031,provo:52:53,1.4229742288589478,2515,[290],1,56,56,56
52,54,311.1044776119403,399.4404761904762,anxiety.,anxiety,4.45,-4.549749351632015,7,5.740128796638139,5.990064758336837,provo,311.1044776119403,5.740128796638139,provo:52:54,3.414846897125244,2516,"[9751, 13]",2,57,58,58
53,2,191.2093023255814,113.60714285714286,it,it,6.95,-2.0501222910888885,2,5.253368651764261,4.73274638157394,provo,191.2093023255814,5.253368651764261,provo:53:2,,2517,[270],1,0,0,0
53,3,183.4393939393939,223.1547619047619,comes,comes,5.36,-3.640164328011908,5,5.211884334681315,5.407865530326699,provo,183.4393939393939,5.211884334681315,provo:53:3,11.31775188446045,2518,[2058],1,1,1,1
53,4,187.53125,72.96428571428571,to,to,7.43,-1.5702477183831145,2,5.233945498189787,4.289970084642418,provo,187.53125,5.233945498189787,provo:53:4,1.4910351037979126,2519,[284],1,2,2,2
53,5,196.6,232.6071428571429,having,having,5.59,-3.4100502870304807,6,5.281171207713066,5.4493509483711975,provo,196.6,5.281171207713066,provo:53:5,9.41579818725586,2520,[1719],1,3,3,3
53,6,206.8235294117647,41.857142857142854,a,a,7.36,-1.6401645157636295,1,5.331865914748851,3.7342624599617538,provo,206.8235294117647,5.331865914748851,provo:53:6,1.9930956363677979,2521,[257],1,4,4,4
53,7,222.41333333333333,299.9761904761905,lasting,lasting,4.11,-4.8894069230899095,7,5.404537512617745,5.703703106427262,provo,222.41333333333333,5.404537512617745,provo:53:7,13.12625789642334,2522,[15727],1,5,5,5
53,8,186.65217391304347,55.773809523809526,and,and,7.41,-1.5900668749788436,3,5.229246852295411,4.021304395829209,provo,186.65217391304347,5.229246852295411,provo:53:8,5.710960865020752,2523,[290],1,6,6,6
53,9,218.0506329113924,321.75,fulfilling,fulfilling,3.71,-5.289874169191321,10,5.384727296882097,5.773774846476236,provo,218.0506329113924,5.384727296882097,provo:53:9,7.225461483001709,2524,[26187],1,7,7,7
53,10,217.98717948717947,262.0238095238095,"relationship,",relationship,5.15,-3.8507805793344585,12,5.384436251367894,5.568435375677193,provo,217.98717948717947,5.384436251367894,provo:53:10,7.330560684204102,2525,"[2776, 11]",2,8,9,9
53,11,237.56451612903223,271.3690476190476,common,common,5.2,-3.801342638175739,6,5.470439233444451,5.603479693804228,provo,237.56451612903223,5.470439233444451,provo:53:11,14.566014289855957,2526,[2219],1,10,10,10
53,12,230.8846153846154,317.57142857142856,wisdom,wisdom,4.3,-4.698967832869038,6,5.441918085230361,5.760702764908883,provo,230.8846153846154,5.441918085230361,provo:53:12,6.85064697265625,2527,[11501],1,11,11,11
53,13,228.0943396226415,164.77380952380952,says,says,5.49,-3.510041380026812,4,5.42975931364987,5.104573682053388,provo,228.0943396226415,5.42975931364987,provo:53:13,1.3651238679885864,2528,[1139],1,12,12,12
53,14,209.1904761904762,189.54761904761904,that,that,7.01,-1.9913998239802937,4,5.343245206252357,5.24464028080521,provo,209.1904761904762,5.343245206252357,provo:53:14,4.212401390075684,2529,[326],1,13,13,13
53,15,179.11940298507463,187.78571428571428,feeling,feeling,5.13,-3.8696659098054966,7,5.1880526392404755,5.235301495114623,provo,179.11940298507463,5.1880526392404755,provo:53:15,10.865518569946289,2530,[4203],1,14,14,14
53,16,225.79710144927537,260.89285714285717,close,close,5.36,-3.640164328011908,5,5.41963681482748,5.564109814009596,provo,225.79710144927537,5.41963681482748,provo:53:16,9.24449634552002,2531,[1969],1,15,15,15
53,17,174.81632653061226,126.54761904761904,to,to,7.43,-1.5702477183831145,2,5.16373586006469,4.84061867249268,provo,174.81632653061226,5.16373586006469,provo:53:17,0.3123418986797333,2532,[284],1,16,16,16
53,18,166.03636363636363,142.91666666666666,your,your,6.53,-2.4698002889858715,4,5.112206822417215,4.96226170981204,provo,166.03636363636363,5.112206822417215,provo:53:18,2.9908666610717773,2533,[534],1,17,17,17
53,19,197.91139240506328,244.33333333333337,romantic,romantic,4.43,-4.570246105522965,8,5.28781941742492,5.498533413218542,provo,197.91139240506328,5.28781941742492,provo:53:19,8.433144569396973,2534,[14348],1,18,18,18
53,20,208.64383561643837,216.3928571428571,partner,partner,4.84,-4.159893277950514,7,5.340628662467113,5.377095538769785,provo,208.64383561643837,5.340628662467113,provo:53:20,0.33013126254081726,2535,[5212],1,19,19,19
53,21,224.3571428571429,78.45238095238095,is,is,7.07,-1.9318141345419195,2,5.413239169923388,4.362491828653239,provo,224.3571428571429,5.413239169923388,provo:53:21,1.443342924118042,2536,[318],1,20,20,20
53,22,232.78481012658227,365.4404761904762,paramount.,paramount,3.73,-5.270017626955226,9,5.450114465131345,5.90110341008737,provo,232.78481012658227,5.450114465131345,provo:53:22,11.898273468017578,2537,"[37352, 13]",2,21,22,22
53,23,210.0810810810811,111.11904761904762,But,but,6.63,-2.369572114804145,3,5.347493556585995,4.710602127666447,provo,210.0810810810811,5.347493556585995,provo:53:23,5.433505058288574,2538,[887],1,23,23,23
53,24,198.2258064516129,86.54761904761905,a,a,7.36,-1.6401645157636295,1,5.289406817514989,4.460694771684252,provo,198.2258064516129,5.289406817514989,provo:53:24,6.3687238693237305,2539,[257],1,24,24,24
53,25,222.34426229508196,188.8928571428571,new,new,6.25,-2.74957997329254,3,5.4042269117894035,5.241179960890776,provo,222.34426229508196,5.4042269117894035,provo:53:25,5.413234233856201,2540,[649],1,25,25,25
53,26,203.78125,181.1190476190476,study,study,5.26,-3.739928373391649,5,5.317047114593476,5.199154536713933,provo,203.78125,5.317047114593476,provo:53:26,0.42000463604927063,2541,[2050],1,26,26,26
53,27,187.74603174603175,147.60714285714286,finds,finds,4.61,-4.390404523713482,5,5.235090154580835,4.994554304336528,provo,187.74603174603175,5.235090154580835,provo:53:27,4.055749416351318,2542,[7228],1,27,27,27
53,28,190.9375,72.73809523809524,that,that,7.01,-1.9913998239802937,4,5.2519461493659145,4.286865253322327,provo,190.9375,5.2519461493659145,provo:53:28,0.5025272369384766,2543,[326],1,28,28,28
53,29,190.0,119.02380952380952,it's,it's,6.33,-2.669586206356675,4,5.247024072160486,4.779323553130202,provo,190.0,5.247024072160486,provo:53:29,5.846691131591797,2544,"[340, 338]",2,29,30,30
53,30,213.03636363636363,156.4404761904762,not,not,6.69,-2.3098039111083337,3,5.361462872435685,5.052675593800324,provo,213.03636363636363,5.361462872435685,provo:53:30,1.3987632989883423,2545,[407],1,31,31,31
53,31,226.84,158.13095238095238,how,how,6.24,-2.759450726757948,3,5.424244923145827,5.06342350228919,provo,226.84,5.424244923145827,provo:53:31,11.6583890914917,2546,[703],1,32,32,32
53,32,212.82608695652175,221.9404761904762,close,close,5.36,-3.640164328011908,5,5.360475339035461,5.402409220652148,provo,212.82608695652175,5.360475339035461,provo:53:32,3.3349268436431885,2547,[1969],1,33,33,33
53,33,180.15217391304347,101.8095238095238,you,you,6.98,-2.0199966238686677,3,5.1938019043599475,4.623103653861568,provo,180.15217391304347,5.1938019043599475,provo:53:33,0.8427988886833191,2548,[345],1,34,34,34
53,34,156.81632653061226,100.9404761904762,feel,feel,5.67,-3.32975405412792,4,5.055075225777821,4.6145309984606895,provo,156.81632653061226,5.055075225777821,provo:53:34,2.295600414276123,2549,[1254],1,35,35,35
53,35,213.22727272727272,146.9047619047619,that,that,7.01,-1.9913998239802937,4,5.362358604970142,4.989784498616065,provo,213.22727272727272,5.362358604970142,provo:53:35,3.2017605304718018,2550,[326],1,36,36,36
53,36,178.63636363636363,236.57142857142856,matters,matters,4.72,-4.279839869367247,7,5.185352251504991,5.4662501858898915,provo,178.63636363636363,5.185352251504991,provo:53:36,1.1724659204483032,2551,[6067],1,37,37,37
53,37,179.39622641509433,144.38095238095238,"most,",most,6.0,-2.9999999565705537,4,5.189596914927963,4.972455309038839,provo,179.39622641509433,5.189596914927963,provo:53:37,7.4706525802612305,2552,"[749, 11]",2,38,39,39
53,38,192.4,119.9404761904762,it's,it's,6.33,-2.669586206356675,4,5.259576538231606,4.78699558797157,provo,192.4,5.259576538231606,provo:53:38,3.745708465576172,2553,"[340, 338]",2,40,41,41
53,39,207.7323943661972,248.02380952380952,whether,whether,5.32,-3.6798535060925928,7,5.336250685818187,5.51352474770108,provo,207.7323943661972,5.336250685818187,provo:53:39,5.120297908782959,2554,[1771],1,42,42,42
53,40,203.36111111111111,110.27380952380952,you,you,6.98,-2.0199966238686677,3,5.314983271190533,4.702966450410714,provo,203.36111111111111,5.314983271190533,provo:53:40,0.990605354309082,2555,[345],1,43,43,43
53,41,217.3921568627451,162.38095238095238,are,are,6.74,-2.259637302609493,3,5.381702897048026,5.089945132554139,provo,217.3921568627451,5.381702897048026,provo:53:41,4.672596454620361,2556,[389],1,44,44,44
53,42,203.0487804878049,133.78571428571428,as,as,6.77,-2.2298846978394775,2,5.313446248144337,4.89623937282883,provo,203.0487804878049,5.313446248144337,provo:53:42,8.450526237487793,2557,[355],1,45,45,45
53,43,197.97014925373136,194.67857142857144,close,close,5.36,-3.640164328011908,5,5.28811625798411,5.271349846889077,provo,197.97014925373136,5.28811625798411,provo:53:43,1.9449571371078491,2558,[1969],1,46,46,46
53,44,197.83333333333337,58.845238095238095,as,as,6.77,-2.2298846978394775,2,5.287424925381613,4.074910914463645,provo,197.83333333333337,5.287424925381613,provo:53:44,0.8673908710479736,2559,[355],1,47,47,47
53,45,207.9090909090909,127.97619047619048,you,you,6.98,-2.0199966238686677,3,5.337100921224411,4.8518442347124955,provo,207.9090909090909,5.337100921224411,provo:53:45,1.037183403968811,2560,[345],1,48,48,48
53,46,203.89830508474577,179.54761904761904,want,want,6.04,-2.95860727536046,4,5.3176213650630055,5.190440459919278,provo,203.89830508474577,5.3176213650630055,provo:53:46,3.5165293216705322,2561,[765],1,49,49,49
53,47,201.6296296296296,64.80952380952381,to,to,7.43,-1.5702477183831145,2,5.306432497767028,4.171452564928043,provo,201.6296296296296,5.306432497767028,provo:53:47,0.28162726759910583,2562,[284],1,50,50,50
53,48,176.2,76.29761904761905,"be,",be,6.79,-2.20971482892795,2,5.171619713502079,4.334641732660914,provo,176.2,5.171619713502079,provo:53:48,4.903136730194092,2563,"[307, 11]",2,51,52,52
53,49,189.0,89.76190476190476,even,even,5.99,-3.0101053918293887,4,5.241747015059643,4.497160662158688,provo,189.0,5.241747015059643,provo:53:49,5.107180118560791,2564,[772],1,53,53,53
53,50,189.625,92.28571428571428,if,if,6.47,-2.5301779692999906,2,5.2450484376686966,4.524889354727288,provo,189.625,5.2450484376686966,provo:53:50,0.7555216550827026,2565,[611],1,54,54,54
53,51,193.55555555555551,209.8690476190476,that's,that's,5.86,-3.140261373817431,6,5.265564580076228,5.346483753442429,provo,193.55555555555551,5.265564580076228,provo:53:51,5.82032585144043,2566,"[326, 338]",2,55,56,56
53,52,206.8939393939394,194.3928571428571,really,really,5.97,-3.0301183097053266,6,5.33220629188138,5.269881148258996,provo,206.8939393939394,5.33220629188138,provo:53:52,8.436690330505371,2567,[1107],1,57,57,57
53,53,220.7608695652174,152.42857142857142,not,not,6.69,-2.3098039111083337,3,5.39708007752539,5.02669610224644,provo,220.7608695652174,5.39708007752539,provo:53:53,2.6325979232788086,2568,[407],1,58,58,58
53,54,186.13793103448276,169.86904761904762,close,close,5.36,-3.640164328011908,5,5.226487963591476,5.135027832087261,provo,186.13793103448276,5.226487963591476,provo:53:54,9.828125953674316,2569,[1969],1,59,59,59
53,55,250.7,170.46428571428572,at,at,6.7,-2.300162265464202,2,5.524257005164247,5.1385258068306925,provo,250.7,5.524257005164247,provo:53:55,0.5834028720855713,2570,[379],1,60,60,60
53,56,215.45070422535213,303.51190476190476,all,all,6.52,-2.4801719931036024,3,5.37273213268195,5.7154208346459425,provo,215.45070422535213,5.37273213268195,provo:53:56,0.02224470116198063,2571,[477],1,61,61,61
54,2,184.61016949152545,182.1904761904762,the,the,7.73,-1.2700257134917023,3,5.21824640988793,5.205052712276776,provo,184.61016949152545,5.21824640988793,provo:54:2,,2572,[1169],1,0,0,0
54,3,195.7384615384615,203.5595238095238,time,time,6.29,-2.709965366365971,4,5.276779388247063,5.31595846240528,provo,195.7384615384615,5.276779388247063,provo:54:3,8.673611640930176,2573,[640],1,1,1,1
54,4,177.46511627906978,117.29761904761904,the,the,7.73,-1.2700257134917023,3,5.178774061596071,4.764714457479161,provo,177.46511627906978,5.178774061596071,provo:54:4,4.387877941131592,2574,[262],1,2,2,2
54,5,193.70422535211267,213.42857142857144,French,french,5.09,-3.910094535475801,6,5.266332384073392,5.363302216637449,provo,193.70422535211267,5.266332384073392,provo:54:5,10.959297180175781,2575,[4141],1,3,3,3
54,6,210.15277777777777,242.98809523809524,crown,crown,4.56,-4.440092178562004,5,5.347834779435515,5.493012451350729,provo,210.15277777777777,5.347834779435515,provo:54:6,13.7354097366333,2576,[12389],1,4,4,4
54,7,245.62337662337663,378.9047619047619,secured,secured,4.23,-4.769548523955817,7,5.503799373434771,5.937284885654112,provo,245.62337662337663,5.503799373434771,provo:54:7,11.466798782348633,2577,[13659],1,5,5,5
54,8,216.72307692307692,197.1428571428571,much,much,6.0,-2.9999999565705537,4,5.37862039536467,5.283928629095937,provo,216.72307692307692,5.37862039536467,provo:54:8,10.188501358032227,2578,[881],1,6,6,6
54,9,197.17241379310343,70.54761904761905,of,of,7.4,-1.600326276788705,2,5.2840785428957835,4.256287929290197,provo,197.17241379310343,5.2840785428957835,provo:54:9,0.6997331380844116,2579,[286],1,7,7,7
54,10,201.56603773584905,144.08333333333334,its,its,6.14,-2.86012088212815,3,5.306117058393766,4.97039183589529,provo,201.56603773584905,5.306117058393766,provo:54:10,2.3572607040405273,2580,[663],1,8,8,8
54,11,218.5185185185185,269.9642857142857,revenue,revenue,4.64,-4.359517569221832,7,5.3868707638894815,5.598289675116972,provo,218.5185185185185,5.3868707638894815,provo:54:11,8.26551342010498,2581,[6426],1,9,9,9
54,12,197.6,77.57142857142857,by,by,6.66,-2.340083790426988,2,5.286244785313768,4.351199170878622,provo,197.6,5.286244785313768,provo:54:12,4.414061546325684,2582,[416],1,10,10,10
54,13,229.67532467532467,320.7857142857143,issuing,issuing,3.76,-5.240324602428535,7,5.436666679785898,5.770773343472479,provo,229.67532467532467,5.436666679785898,provo:54:13,6.598635673522949,2583,[19089],1,11,11,11
54,14,245.5324675324675,317.9166666666667,government,government,5.57,-3.4294569433722897,10,5.503429189131646,5.7617892939305575,provo,245.5324675324675,5.503429189131646,provo:54:14,9.137266159057617,2584,[1230],1,12,12,12
54,15,210.41176470588235,201.32142857142856,bonds.,bonds,4.27,-4.730484720871791,5,5.349066395202802,5.3049027779063715,provo,210.41176470588235,5.349066395202802,provo:54:15,4.631608486175537,2585,"[13100, 13]",2,13,14,14
54,16,213.91304347826087,67.20238095238095,In,in,7.27,-1.730487053447167,2,5.365569593557204,4.207708677740449,provo,213.91304347826087,5.365569593557204,provo:54:16,3.992582321166992,2586,[554],1,15,15,15
54,17,250.5205479452055,396.5119047619048,"1727,",1727,2.51,-6.492009275180308,4,5.523540944886201,5.982706065244361,provo,250.5205479452055,5.523540944886201,provo:54:17,11.78943920135498,2587,"[1596, 1983, 11]",3,16,18,18
54,18,192.84375,185.8452380952381,in,in,7.27,-1.730487053447167,2,5.2618802755213405,5.224914274113353,provo,192.84375,5.2618802755213405,provo:54:18,5.652507781982422,2588,[287],1,19,19,19
54,19,235.69565217391303,247.1309523809524,order,order,5.49,-3.510041380026812,5,5.462541363331188,5.5099183677194805,provo,235.69565217391303,5.462541363331188,provo:54:19,3.6590635776519775,2589,[1502],1,20,20,20
54,20,166.7,94.45238095238096,to,to,7.43,-1.5702477183831145,2,5.116195789756748,4.548095802230962,provo,166.7,5.116195789756748,provo:54:20,0.056984275579452515,2590,[284],1,21,21,21
54,21,180.3965517241379,162.07142857142858,save,save,5.14,-3.860120598892731,4,5.195157492834628,5.088037155164583,provo,180.3965517241379,5.195157492834628,provo:54:21,6.819324016571045,2591,[3613],1,22,22,22
54,22,159.10638297872342,105.3452380952381,"money,",money,5.64,-3.359518463648701,5,5.069573053827001,4.657242938424036,provo,159.10638297872342,5.069573053827001,provo:54:22,3.1218643188476562,2592,"[1637, 11]",2,23,24,24
54,23,187.51724137931035,74.45238095238095,the,the,7.73,-1.2700257134917023,3,5.2338707952059424,4.310159739174473,provo,187.51724137931035,5.2338707952059424,provo:54:23,1.2713372707366943,2593,[262],1,25,25,25
54,24,244.77027027027023,309.7738095238095,state,state,5.78,-3.2196826158375527,5,5.500320098288747,5.7358423844600965,provo,244.77027027027023,5.500320098288747,provo:54:24,6.5922465324401855,2594,[1181],1,26,26,26
54,25,208.0754716981132,177.76190476190476,cut,cut,5.24,-3.759450502122942,3,5.337900858591565,5.18044504119116,provo,208.0754716981132,5.337900858591565,provo:54:25,7.706930637359619,2595,[2005],1,27,27,27
54,26,199.8125,145.0952380952381,the,the,7.73,-1.2700257134917023,3,5.2973794268200605,4.977390341262286,provo,199.8125,5.2973794268200605,provo:54:26,3.0553529262542725,2596,[262],1,28,28,28
54,27,242.27710843373495,632.8928571428571,bonds?,bonds,4.27,-4.730484720871791,5,5.49008214722947,6.450301145800141,provo,242.27710843373495,5.49008214722947,provo:54:27,21.233383178710938,2597,"[13100, 30]",2,29,30,30
54,28,250.88888888888889,498.5,interest,interest,5.17,-3.829737991162924,8,5.525010167373388,6.211603589401893,provo,250.88888888888889,5.525010167373388,provo:54:28,15.541180610656738,2598,[1393],1,31,31,31
54,29,228.1818181818182,166.03571428571428,rate.,rate,5.14,-3.860120598892731,4,5.430142759327459,5.11220291151538,provo,228.1818181818182,5.430142759327459,provo:54:29,6.795683860778809,2599,"[2494, 13]",2,32,33,33
54,30,183.5,91.03571428571428,The,the,7.73,-1.2700257134917023,3,5.212214667494625,4.511251894200911,provo,183.5,5.212214667494625,provo:54:30,2.3911404609680176,2600,[383],1,34,34,34
54,31,230.25,357.5595238095238,market,market,5.29,-3.70996516592242,6,5.439165675135416,5.8793018484409485,provo,230.25,5.439165675135416,provo:54:31,9.364144325256348,2601,[1910],1,35,35,35
54,32,208.0983606557377,207.29761904761904,value,value,5.15,-3.8507805793344585,5,5.3380108556931045,5.334155533836069,provo,208.0983606557377,5.3380108556931045,provo:54:32,8.110804557800293,2602,[1988],1,36,36,36
54,33,188.93333333333337,74.92857142857143,of,of,7.4,-1.600326276788705,2,5.2413942191484155,4.316535278781038,provo,188.93333333333337,5.2413942191484155,provo:54:33,0.2887062728404999,2603,[286],1,37,37,37
54,34,216.23076923076923,184.08333333333337,these,these,6.04,-2.95860727536046,5,5.376346213444995,5.215388553632117,provo,216.23076923076923,5.376346213444995,provo:54:34,5.05848503112793,2604,[777],1,38,38,38
54,35,183.28571428571428,139.5,bonds,bonds,4.27,-4.730484720871791,5,5.211046215560323,4.93806460126142,provo,183.28571428571428,5.211046215560323,provo:54:35,0.44020357728004456,2605,[13100],1,39,39,39
54,36,185.7710843373494,376.79761904761904,"plummeted,",plummeted,2.91,-6.089856038935487,9,5.224515186374755,5.931708223806498,provo,185.7710843373494,5.224515186374755,provo:54:36,8.173274993896484,2606,"[44282, 11]",2,40,41,41
54,37,157.51282051282053,86.03571428571429,and,and,7.41,-1.5900668749788436,3,5.059506855034281,4.454762492439667,provo,157.51282051282053,5.059506855034281,provo:54:37,1.0662901401519775,2607,[290],1,42,42,42
54,38,194.4047619047619,110.22619047619048,the,the,7.73,-1.2700257134917023,3,5.269942387121197,4.702534531604734,provo,194.4047619047619,5.269942387121197,provo:54:38,1.7301398515701294,2608,[262],1,43,43,43
54,39,223.24657534246575,271.8333333333333,market,market,5.29,-3.70996516592242,6,5.408276879627597,5.605189133392959,provo,223.24657534246575,5.408276879627597,provo:54:39,6.3584113121032715,2609,[1910],1,44,44,44
54,40,212.97222222222223,272.32142857142856,became,became,5.15,-3.8507805793344585,6,5.361161745102785,5.606983091300409,provo,212.97222222222223,5.361161745102785,provo:54:40,6.348647594451904,2610,[2627],1,45,45,45
54,41,211.3,254.8690476190476,wary,wary,3.57,-5.429445385692169,4,5.353278924622011,5.540749874503409,provo,211.3,5.353278924622011,provo:54:41,12.710246086120605,2611,[23300],1,46,46,46
54,42,207.5,97.29761904761904,of,of,7.4,-1.600326276788705,2,5.335131339670753,4.5777745186728165,provo,207.5,5.335131339670753,provo:54:42,0.593027651309967,2612,[286],1,47,47,47
54,43,197.4923076923077,218.25,French,french,5.09,-3.910094535475801,6,5.28569963518929,5.385641194719711,provo,197.4923076923077,5.28569963518929,provo:54:43,8.113607406616211,2613,[4141],1,48,48,48
54,44,202.21428571428572,209.53571428571428,credit.,credit,5.0,-3.999999565705735,6,5.309327955496641,5.344894198750656,provo,202.21428571428572,5.309327955496641,provo:54:44,8.019482612609863,2614,"[3884, 13]",2,49,50,50
54,45,186.92307692307693,40.01190476190476,The,the,7.73,-1.2700257134917023,3,5.230697178873058,3.689177028881792,provo,186.92307692307693,5.230697178873058,provo:54:45,2.429734706878662,2615,[383],1,51,51,51
54,46,217.04347826086956,255.26190476190476,French,french,5.09,-3.910094535475801,6,5.3800976941201135,5.542290095572872,provo,217.04347826086956,5.3800976941201135,provo:54:46,2.093296766281128,2616,[4141],1,52,52,52
54,47,230.1428571428571,202.9047619047619,state,state,5.78,-3.2196826158375527,5,5.4387002341216615,5.312736715776489,provo,230.1428571428571,5.4387002341216615,provo:54:47,6.23150634765625,2617,[1181],1,53,53,53
54,48,207.6279069767442,129.8452380952381,was,was,6.82,-2.1797985339440955,3,5.3357475689275295,4.86634326508543,provo,207.6279069767442,5.3357475689275295,provo:54:48,4.279052257537842,2618,[373],1,54,54,54
54,49,224.61111111111111,168.5,left,left,5.62,-3.379863840878897,4,5.414370511744607,5.126935749792416,provo,224.61111111111111,5.414370511744607,provo:54:49,8.312183380126953,2619,[1364],1,55,55,55
54,50,209.2,208.04761904761904,without,without,5.69,-3.3098038313399685,7,5.343290732190768,5.337766991228013,provo,209.2,5.343290732190768,provo:54:50,5.002621173858643,2620,[1231],1,56,56,56
54,51,191.67857142857144,70.58333333333333,an,an,6.53,-2.4698002889858715,2,5.2558198620016245,4.256794044864054,provo,191.67857142857144,5.2558198620016245,provo:54:51,4.654319763183594,2621,[281],1,57,57,57
54,52,157.74074074074073,117.96428571428572,easy,easy,5.29,-3.70996516592242,4,5.060952803918885,4.7703819152155855,provo,157.74074074074073,5.060952803918885,provo:54:52,5.8757171630859375,2622,[2562],1,58,58,58
54,53,254.6206896551724,228.82142857142856,way,way,6.01,-2.991399785660194,3,5.539774946196214,5.432941911463818,provo,254.6206896551724,5.539774946196214,provo:54:53,1.1605826616287231,2623,[835],1,59,59,59
54,54,209.41176470588235,156.8095238095238,of,of,7.4,-1.600326276788705,2,5.34430247978986,5.055031844652941,provo,209.41176470588235,5.34430247978986,provo:54:54,2.81404709815979,2624,[286],1,60,60,60
54,55,193.6875,384.0952380952381,raising,raising,4.43,-4.570246105522965,7,5.266246035547967,5.95089053770989,provo,193.6875,5.266246035547967,provo:54:55,5.044493675231934,2625,[8620],1,61,61,61
54,56,260.13953488372096,154.25,money,money,5.64,-3.359518463648701,5,5.561218159687971,5.038574662785497,provo,260.13953488372096,5.561218159687971,provo:54:56,2.04794979095459,2626,[1637],1,62,62,62
55,2,204.27631578947367,321.6666666666667,himself,himself,5.25,-3.74957975370551,7,5.319473566515349,5.773515812670876,provo,204.27631578947367,5.319473566515349,provo:55:2,,2627,"[38400, 944]",2,0,1,1
55,3,209.47368421052633,303.4404761904762,probably,probably,5.37,-3.630783956993964,8,5.344598119112043,5.715185466686281,provo,209.47368421052633,5.344598119112043,provo:55:3,12.658021926879883,2628,[2192],1,2,2,2
55,4,200.78333333333333,191.25,won,won,5.2,-3.801342638175739,3,5.3022263830447525,5.253581472706645,provo,200.78333333333333,5.3022263830447525,provo:55:4,6.010257244110107,2629,[1839],1,3,3,3
55,5,223.86666666666667,335.4166666666667,around,around,5.77,-3.229884631478697,6,5.411050636535276,5.815373540064663,provo,223.86666666666667,5.411050636535276,provo:55:5,15.693943977355957,2630,[1088],1,4,4,4
55,6,208.578125,194.66666666666663,half,half,5.41,-3.5900667076825585,4,5.340313671296061,5.271288694160117,provo,208.578125,5.340313671296061,provo:55:6,5.448513031005859,2631,[2063],1,5,5,5
55,7,191.22222222222223,40.976190476190474,a,a,7.36,-1.6401645157636295,1,5.25343621887532,3.712991177928171,provo,191.22222222222223,5.25343621887532,provo:55:7,1.874575138092041,2632,[257],1,6,6,6
55,8,203.65217391304347,212.5952380952381,million,million,5.33,-3.6695860237095097,7,5.316413508788458,5.359390067233848,provo,203.65217391304347,5.316413508788458,provo:55:8,1.250710368156433,2633,[1510],1,7,7,7
55,9,248.78048780487805,662.3452380952381,"livres,",livres,2.48,-6.519849274726719,6,5.5165709325680545,6.495786927695863,provo,248.78048780487805,5.5165709325680545,provo:55:9,20.43268585205078,2634,"[17717, 411, 11]",3,8,10,10
55,11,288.2567567567568,381.2738095238095,large,large,5.39,-3.61083373837245,5,5.663851599487648,5.943517777181618,provo,288.2567567567568,5.663851599487648,provo:55:11,14.288835525512695,2635,[1588],1,11,11,11
55,12,224.72,261.7142857142857,"fortune,",fortune,4.3,-4.698967832869038,7,5.414855182795988,5.567253396178763,provo,224.72,5.414855182795988,provo:55:12,14.185766220092773,2636,"[15807, 11]",2,12,13,13
55,13,232.13725490196077,178.70238095238096,which,which,6.3,-2.6989699826212954,5,5.44732881268731,5.1857217458168625,provo,232.13725490196077,5.44732881268731,provo:55:13,6.754249095916748,2637,[543],1,14,14,14
55,14,209.8,146.60714285714286,he,he,6.69,-2.3098039111083337,2,5.346154695962197,4.987756511711325,provo,209.8,5.346154695962197,provo:55:14,2.6906588077545166,2638,[339],1,15,15,15
55,15,218.95833333333337,257.4642857142857,then,then,6.07,-2.9318141011346532,4,5.388881452963106,5.5508810142293745,provo,218.95833333333337,5.388881452963106,provo:55:15,6.204947471618652,2639,[788],1,16,16,16
55,16,183.4406779661017,152.45238095238096,made,made,5.92,-3.079876621510423,4,5.211891334389427,5.026852291235434,provo,183.4406779661017,5.211891334389427,provo:55:16,5.585305213928223,2640,[925],1,17,17,17
55,17,227.41379310344828,240.48809523809524,even,even,5.99,-3.0101053918293887,4,5.426771235164941,5.482670588271148,provo,227.41379310344828,5.426771235164941,provo:55:17,9.632198333740234,2641,[772],1,18,18,18
55,18,179.22857142857143,229.07142857142856,larger,larger,4.82,-4.179797883488409,6,5.188661926607329,5.434033870077896,provo,179.22857142857143,5.188661926607329,provo:55:18,5.597201824188232,2642,[4025],1,19,19,19
55,19,155.70731707317074,98.32142857142856,in,in,7.27,-1.730487053447167,2,5.047978072425337,4.588241994967404,provo,155.70731707317074,5.047978072425337,provo:55:19,3.912623882293701,2643,[287],1,20,20,20
55,20,173.72413793103448,67.11904761904762,a,a,7.36,-1.6401645157636295,1,5.157468626926081,4.2064678728307445,provo,173.72413793103448,5.157468626926081,provo:55:20,4.229005813598633,2644,[257],1,21,21,21
55,21,210.02777777777777,240.26190476190476,series,series,5.35,-3.6497517877844152,6,5.3472397971021595,5.48172959818116,provo,210.02777777777777,5.3472397971021595,provo:55:21,7.806947231292725,2645,[2168],1,22,22,22
55,22,202.82608695652175,60.88095238095238,of,of,7.4,-1.600326276788705,2,5.312348897352295,4.108920357007818,provo,202.82608695652175,5.312348897352295,provo:55:22,0.041169170290231705,2646,[286],1,23,23,23
55,23,239.32394366197184,300.57142857142856,canny,canny,2.89,-6.110082316563794,5,5.47781804700035,5.7056854248022875,provo,239.32394366197184,5.47781804700035,provo:55:23,17.51555061340332,2647,"[460, 3281]",2,24,25,25
55,24,220.9873417721519,407.2619047619048,investments.,investments,4.27,-4.730484720871791,11,5.398105422828274,6.009456479128337,provo,220.9873417721519,5.398105422828274,provo:55:24,8.225167274475098,2648,"[11115, 13]",2,26,27,27
55,25,219.65573770491804,200.8690476190476,Soon,soon,5.32,-3.6798535060925928,4,5.392061492115297,5.302653191355024,provo,219.65573770491804,5.392061492115297,provo:55:25,10.683749198913574,2649,[15894],1,28,28,28
55,26,222.73170731707316,321.42857142857144,Voltaire,voltaire,3.05,-5.9507432027677725,8,5.405967940945378,5.772775346143153,provo,222.73170731707316,5.405967940945378,provo:55:26,21.05878257751465,2650,"[22702, 7626]",2,29,30,30
55,27,223.5581395348837,129.1547619047619,was,was,6.82,-2.1797985339440955,3,5.409671512372253,4.861011389979137,provo,223.5581395348837,5.409671512372253,provo:55:27,2.3509247303009033,2651,[373],1,31,31,31
55,28,179.76,55.04761904761905,a,a,7.36,-1.6401645157636295,1,5.191622627877074,4.0081986115089,provo,179.76,5.191622627877074,provo:55:28,4.459010601043701,2652,[257],1,32,32,32
55,29,220.08955223880596,219.29761904761904,very,very,6.0,-2.9999999565705537,4,5.394034519158629,5.390429798308904,provo,220.08955223880596,5.394034519158629,provo:55:29,6.395864009857178,2653,[845],1,33,33,33
55,30,220.5967741935484,184.79761904761904,rich,rich,4.91,-4.089908920218706,4,5.39633648383646,5.21926127518313,provo,220.5967741935484,5.39633648383646,provo:55:30,2.9622373580932617,2654,[5527],1,34,34,34
55,31,185.25641025641025,96.0952380952381,"man,",man,5.82,-3.17979847481172,3,5.221740866850986,4.565339763190131,provo,185.25641025641025,5.221740866850986,provo:55:31,1.6144229173660278,2655,"[582, 11]",2,35,36,36
55,32,233.19565217391303,140.73809523809524,rich,rich,4.91,-4.089908920218706,4,5.451877810108334,4.946900682541001,provo,233.19565217391303,5.451877810108334,provo:55:32,7.4778828620910645,2656,[5527],1,37,37,37
55,33,218.70666666666668,277.14285714285717,enough,enough,5.54,-3.459670400052233,6,5.387731410376175,5.624533103002061,provo,218.70666666666668,5.387731410376175,provo:55:33,1.7403892278671265,2657,[1576],1,38,38,38
55,34,176.56,61.5,to,to,7.43,-1.5702477183831145,2,5.173660761948481,4.119037174812473,provo,176.56,5.173660761948481,provo:55:34,0.3087247908115387,2658,[284],1,39,39,39
55,35,207.21621621621625,243.83333333333337,become,become,5.4,-3.6003261054933065,6,5.33376277091467,5.496484931792069,provo,207.21621621621625,5.33376277091467,provo:55:35,7.471330165863037,2659,[1716],1,40,40,40
55,36,152.88888888888889,52.285714285714285,a,a,7.36,-1.6401645157636295,1,5.02971144115707,3.956723184346053,provo,152.88888888888889,5.02971144115707,provo:55:36,1.9817997217178345,2660,[257],1,41,41,41
55,37,187.9277108433735,428.2261904761905,moneylender,moneylender,2.05,-6.9503943874050265,11,5.236057372093845,6.0596515384051495,provo,187.9277108433735,5.236057372093845,provo:55:37,14.592856407165527,2661,"[1637, 75, 2194]",3,42,44,44
55,38,199.08,67.91666666666667,to,to,7.43,-1.5702477183831145,2,5.293706753990353,4.218281463452862,provo,199.08,5.293706753990353,provo:55:38,7.001351833343506,2662,[284],1,45,45,45
55,39,209.48979591836735,142.5595238095238,the,the,7.73,-1.2700257134917023,3,5.344675031342407,4.959759623435803,provo,209.48979591836735,5.344675031342407,provo:55:39,2.5586953163146973,2663,[262],1,46,46,46
55,40,210.0704225352113,293.8452380952381,powerful,powerful,4.85,-4.149966128900379,8,5.347442819907534,5.68305322770441,provo,210.0704225352113,5.347442819907534,provo:55:40,9.444809913635254,2664,[3665],1,47,47,47
55,41,207.83333333333337,83.78571428571429,and,and,7.41,-1.5900668749788436,3,5.336736476451981,4.428262519038217,provo,207.83333333333337,5.336736476451981,provo:55:41,2.9797329902648926,2665,[290],1,48,48,48
55,42,214.55714285714285,219.8095238095238,"famous,",famous,4.84,-4.159893277950514,6,5.368576103156221,5.3927613704645125,provo,214.55714285714285,5.368576103156221,provo:55:42,7.944091796875,2666,"[5863, 11]",2,49,50,50
55,43,242.6,212.6428571428571,rich,rich,4.91,-4.089908920218706,4,5.49141399650995,5.359614031400517,provo,242.6,5.49141399650995,provo:55:43,6.680283069610596,2667,[5527],1,51,51,51
55,44,233.6769230769231,244.5595238095238,enough,enough,5.54,-3.459670400052233,6,5.453939490742382,5.499458730449198,provo,233.6769230769231,5.453939490742382,provo:55:44,0.03068026900291443,2668,[1576],1,52,52,52
55,45,186.65217391304347,121.60714285714286,that,that,7.01,-1.9913998239802937,4,5.229246852295411,4.800795708408409,provo,186.65217391304347,5.229246852295411,provo:55:45,5.534156322479248,2669,[326],1,53,53,53
55,46,216.69444444444449,106.52380952380952,he,he,6.69,-2.3098039111083337,2,5.378488271132203,4.6683685237667065,provo,216.69444444444449,5.378488271132203,provo:55:46,0.8168187737464905,2670,[339],1,54,54,54
55,47,220.73684210526315,121.6904761904762,no,no,6.35,-2.649751962277691,2,5.396971232295424,4.801480740484911,provo,220.73684210526315,5.396971232295424,provo:55:47,9.617022514343262,2671,[645],1,55,55,55
55,48,220.36206896551724,214.07142857142856,longer,longer,5.16,-3.838631698251693,6,5.395271961585295,5.366309737701405,provo,220.36206896551724,5.395271961585295,provo:55:48,0.15151286125183105,2672,[2392],1,56,56,56
55,49,205.6071428571429,79.32142857142857,had,had,6.33,-2.669586206356675,3,5.325967274500606,4.373508313719223,provo,205.6071428571429,5.325967274500606,provo:55:49,2.3024392127990723,2673,[550],1,57,57,57
55,50,201.575,109.03571428571428,to,to,7.43,-1.5702477183831145,2,5.306161520571085,4.691675482559674,provo,201.575,5.306161520571085,provo:55:50,0.43986472487449646,2674,[284],1,58,58,58
55,51,210.04166666666663,228.6309523809524,stake,stake,4.15,-4.850777807252834,5,5.347305923734686,5.432109141936691,provo,210.04166666666663,5.347305923734686,provo:55:51,14.730907440185547,2675,[10171],1,59,59,59
55,52,183.5681818181818,111.01190476190476,his,his,6.51,-2.4894549763892373,3,5.212586161524035,4.709637445668703,provo,183.5681818181818,5.212586161524035,provo:55:52,1.1433985233306885,2676,[465],1,60,60,60
55,53,208.76923076923077,297.5238095238095,financial,financial,5.08,-3.9208183920404576,9,5.341229482933278,5.695494253796099,provo,208.76923076923077,5.341229482933278,provo:55:53,8.40470027923584,2677,[3176],1,61,61,61
55,54,183.7,297.1190476190476,well-being,well-being,5.69,-3.3124709496078633,10,5.21330399222108,5.694132892224486,provo,183.7,5.21330399222108,provo:55:54,9.849435806274414,2678,"[880, 12, 11873]",3,62,64,64
55,55,192.68965517241375,77.61904761904762,on,on,6.91,-2.089909449064056,2,5.261080890390378,4.351812856077385,provo,192.68965517241375,5.261080890390378,provo:55:55,1.920548439025879,2679,[319],1,65,65,65
55,56,218.8928571428571,175.1547619047619,that,that,7.01,-1.9913998239802937,4,5.388582373310528,5.165669936854633,provo,218.8928571428571,5.388582373310528,provo:55:56,7.197826862335205,2680,[326],1,66,66,66
55,57,214.5,158.42857142857142,most,most,6.0,-2.9999999565705537,4,5.368309738368072,5.065303838295054,provo,214.5,5.368309738368072,provo:55:57,10.731630325317383,2681,[749],1,67,67,67
55,58,220.74358974358975,299.04761904761904,unreliable,unreliable,3.53,-5.469787490939204,10,5.397001800528308,5.700602821738821,provo,220.74358974358975,5.397001800528308,provo:55:58,15.298511505126953,2682,[29954],1,68,68,68
55,59,196.63636363636363,55.63095238095238,and,and,7.41,-1.5900668749788436,3,5.281356153154688,4.018739743857113,provo,196.63636363636363,5.281356153154688,provo:55:59,4.005863189697266,2683,[290],1,69,69,69
55,60,250.9367088607595,451.6190476190476,detestable,detestable,2.47,-6.5300307905000405,10,5.525200751401902,6.112839009461873,provo,250.9367088607595,5.525200751401902,provo:55:60,10.905539512634277,2684,"[1062, 395, 540]",3,70,72,72
